shipment_id,order_id,customer_id,product_id,carrier_id,origin_location_id,destination_location_id,order_date_key,ship_date_key,promised_delivery_date_key,actual_delivery_date_key,order_date,ship_date,promised_delivery_date,actual_delivery_date,service_level_key,quantity,distance_miles,revenue,product_cost,shipping_cost,gross_profit,profit_margin,delivery_days,late_days,on_time_flag,damage_flag,delivery_risk_score
SHP000143,ORD000143,CUS0152,SKU0009,CAR002,LOC007,LOC015,20250101,20250102,20250107,20250105,2025-01-01,2025-01-02,2025-01-07,2025-01-05,1,3,103,1704.99,1021.62,39.71,643.66,0.3775,3,0,True,False,5
SHP000208,ORD000208,CUS0178,SKU0015,CAR003,LOC010,LOC020,20250101,20250101,20250104,20250104,2025-01-01,2025-01-01,2025-01-04,2025-01-04,2,8,1348,2682.16,2071.68,751.13,-140.65,-0.0524,3,0,True,False,12
SHP000247,ORD000247,CUS0141,SKU0035,CAR001,LOC009,LOC015,20250101,20250101,20250107,20250106,2025-01-01,2025-01-01,2025-01-07,2025-01-06,1,13,1478,1859.78,1386.45,351.36,121.97,0.0656,5,0,True,False,5
SHP000486,ORD000486,CUS0244,SKU0040,CAR004,LOC010,LOC015,20250101,20250101,20250107,20250107,2025-01-01,2025-01-01,2025-01-07,2025-01-07,1,2,1400,561.96,344.76,202.4,14.8,0.0263,6,0,True,False,5
SHP000551,ORD000551,CUS0008,SKU0023,CAR005,LOC006,LOC012,20250101,20250101,20250107,20250108,2025-01-01,2025-01-01,2025-01-07,2025-01-08,1,3,866,871.29,471.42,158.08,241.79,0.2775,7,1,False,False,48
SHP000640,ORD000640,CUS0121,SKU0015,CAR004,LOC003,LOC028,20250101,20250102,20250107,20250107,2025-01-01,2025-01-02,2025-01-07,2025-01-07,1,9,1603,3017.43,2330.64,251.76,435.03,0.1442,5,0,True,False,5
SHP000749,ORD000749,CUS0215,SKU0030,CAR001,LOC005,LOC029,20250101,20250102,20250107,20250108,2025-01-01,2025-01-02,2025-01-07,2025-01-08,1,17,508,11737.48,6943.14,157.09,4637.25,0.3951,6,1,False,False,48
SHP000796,ORD000796,CUS0098,SKU0030,CAR003,LOC005,LOC014,20250101,20250101,20250107,20250105,2025-01-01,2025-01-01,2025-01-07,2025-01-05,1,12,1866,8285.28,4901.04,960.7,2423.54,0.2925,4,0,True,False,5
SHP000829,ORD000829,CUS0131,SKU0009,CAR004,LOC009,LOC023,20250101,20250102,20250107,20250106,2025-01-01,2025-01-02,2025-01-07,2025-01-06,1,2,1309,1136.66,681.08,150.9,304.68,0.268,4,0,True,False,5
SHP000838,ORD000838,CUS0031,SKU0023,CAR003,LOC010,LOC025,20250101,20250101,20250107,20250108,2025-01-01,2025-01-01,2025-01-07,2025-01-08,1,18,1979,5227.74,2828.52,985.87,1413.35,0.2704,7,1,False,False,48
SHP000896,ORD000896,CUS0248,SKU0004,CAR004,LOC008,LOC019,20250101,20250101,20250104,20250105,2025-01-01,2025-01-01,2025-01-04,2025-01-05,2,13,1518,323.18,246.09,295.04,-217.95,-0.6744,4,1,False,False,55
SHP001138,ORD001138,CUS0197,SKU0021,CAR006,LOC008,LOC017,20250101,20250101,20250107,20250108,2025-01-01,2025-01-01,2025-01-07,2025-01-08,1,1,2338,85.15,66.86,289.14,-270.85,-3.1809,7,1,False,False,48
SHP001215,ORD001215,CUS0095,SKU0016,CAR001,LOC010,LOC021,20250101,20250102,20250107,20250106,2025-01-01,2025-01-02,2025-01-07,2025-01-06,1,6,1546,1620.36,1190.7,329.94,99.72,0.0615,4,0,True,False,5
SHP001226,ORD001226,CUS0217,SKU0016,CAR005,LOC007,LOC016,20250101,20250101,20250107,20250105,2025-01-01,2025-01-01,2025-01-07,2025-01-05,1,5,2227,1350.3,992.25,438.75,-80.7,-0.0598,4,0,True,False,5
SHP001230,ORD001230,CUS0206,SKU0010,CAR003,LOC004,LOC013,20250101,20250101,20250104,20250106,2025-01-01,2025-01-01,2025-01-04,2025-01-06,2,2,1595,111.4,80.94,896.1,-865.64,-7.7706,5,2,False,False,73
SHP001293,ORD001293,CUS0038,SKU0036,CAR001,LOC004,LOC021,20250101,20250101,20250104,20250104,2025-01-01,2025-01-01,2025-01-04,2025-01-04,2,15,1764,977.7,649.35,411.67,-83.32,-0.0852,3,0,True,False,12
SHP001298,ORD001298,CUS0077,SKU0009,CAR005,LOC007,LOC023,20250101,20250102,20250107,20250108,2025-01-01,2025-01-02,2025-01-07,2025-01-08,1,10,2447,5683.3,3405.4,384.31,1893.59,0.3332,6,1,False,False,48
SHP001409,ORD001409,CUS0220,SKU0015,CAR005,LOC002,LOC018,20250101,20250102,20250107,20250109,2025-01-01,2025-01-02,2025-01-07,2025-01-09,1,11,2370,3687.97,2848.56,396.98,442.43,0.12,7,2,False,False,66
SHP001551,ORD001551,CUS0016,SKU0001,CAR001,LOC007,LOC025,20250101,20250101,20250104,20250106,2025-01-01,2025-01-01,2025-01-04,2025-01-06,2,7,1088,174.79,128.1,254.97,-208.28,-1.1916,5,2,False,False,73
SHP001616,ORD001616,CUS0193,SKU0024,CAR004,LOC002,LOC029,20250101,20250101,20250107,20250106,2025-01-01,2025-01-01,2025-01-07,2025-01-06,1,16,158,881.12,727.2,35.82,118.1,0.134,5,0,True,False,5
SHP001630,ORD001630,CUS0127,SKU0031,CAR001,LOC010,LOC017,20250101,20250101,20250107,20250107,2025-01-01,2025-01-01,2025-01-07,2025-01-07,1,18,1837,9107.28,6599.7,432.51,2075.07,0.2278,6,0,True,False,5
SHP001649,ORD001649,CUS0224,SKU0033,CAR003,LOC005,LOC018,20250101,20250102,20250107,20250106,2025-01-01,2025-01-02,2025-01-07,2025-01-06,1,8,1167,4888.32,3091.36,551.0,1245.96,0.2549,4,0,True,False,5
SHP001750,ORD001750,CUS0136,SKU0013,CAR004,LOC004,LOC021,20250101,20250102,20250107,20250108,2025-01-01,2025-01-02,2025-01-07,2025-01-08,1,7,2258,1709.75,1152.27,318.74,238.74,0.1396,6,1,False,False,48
SHP001784,ORD001784,CUS0020,SKU0011,CAR005,LOC005,LOC014,20250101,20250101,20250107,20250108,2025-01-01,2025-01-01,2025-01-07,2025-01-08,1,6,455,2437.14,1475.22,76.35,885.57,0.3634,7,1,False,False,48
SHP001840,ORD001840,CUS0139,SKU0027,CAR005,LOC002,LOC026,20250101,20250101,20250102,20250102,2025-01-01,2025-01-01,2025-01-02,2025-01-02,3,14,311,6029.8,5076.96,235.96,716.88,0.1189,1,0,True,False,20
SHP001841,ORD001841,CUS0129,SKU0013,CAR006,LOC003,LOC016,20250101,20250101,20250107,20250108,2025-01-01,2025-01-01,2025-01-07,2025-01-08,1,6,730,1465.5,987.66,121.78,356.06,0.243,7,1,False,False,48
SHP002085,ORD002085,CUS0220,SKU0040,CAR001,LOC004,LOC022,20250101,20250102,20250104,20250102,2025-01-01,2025-01-02,2025-01-04,2025-01-02,2,9,1057,2528.82,1551.42,218.25,759.15,0.3002,0,0,True,False,12
SHP002124,ORD002124,CUS0220,SKU0035,CAR001,LOC008,LOC017,20250101,20250101,20250107,20250105,2025-01-01,2025-01-01,2025-01-07,2025-01-05,1,9,2472,1287.54,959.85,513.72,-186.03,-0.1445,4,0,True,False,5
SHP002270,ORD002270,CUS0100,SKU0014,CAR005,LOC009,LOC021,20250101,20250102,20250107,20250105,2025-01-01,2025-01-02,2025-01-07,2025-01-05,1,18,711,3814.74,2889.18,142.08,783.48,0.2054,3,0,True,True,35
SHP002315,ORD002315,CUS0179,SKU0012,CAR004,LOC004,LOC027,20250101,20250101,20250104,20250102,2025-01-01,2025-01-01,2025-01-04,2025-01-02,2,14,2451,8411.06,4571.0,438.82,3401.24,0.4044,1,0,True,False,12
SHP002362,ORD002362,CUS0037,SKU0012,CAR005,LOC003,LOC032,20250101,20250102,20250104,20250103,2025-01-01,2025-01-02,2025-01-04,2025-01-03,2,16,1401,9612.64,5224.0,524.27,3864.37,0.402,1,0,True,False,12
SHP000294,ORD000294,CUS0077,SKU0031,CAR001,LOC001,LOC028,20250102,20250103,20250105,20250105,2025-01-02,2025-01-03,2025-01-05,2025-01-05,2,16,1833,8095.36,5866.4,529.68,1699.28,0.2099,2,0,True,False,12
SHP000298,ORD000298,CUS0080,SKU0027,CAR004,LOC006,LOC013,20250102,20250102,20250108,20250108,2025-01-02,2025-01-02,2025-01-08,2025-01-08,1,11,1591,4737.7,3989.04,303.91,444.75,0.0939,6,0,True,False,5
SHP000434,ORD000434,CUS0200,SKU0024,CAR004,LOC002,LOC017,20250102,20250102,20250108,20250106,2025-01-02,2025-01-02,2025-01-08,2025-01-06,1,10,1757,550.7,454.5,245.05,-148.85,-0.2703,4,0,True,False,5
SHP000496,ORD000496,CUS0220,SKU0013,CAR001,LOC004,LOC024,20250102,20250102,20250108,20250110,2025-01-02,2025-01-02,2025-01-08,2025-01-10,1,1,927,244.25,164.61,149.59,-69.95,-0.2864,8,2,False,False,66
SHP000548,ORD000548,CUS0061,SKU0004,CAR005,LOC004,LOC017,20250102,20250102,20250108,20250107,2025-01-02,2025-01-02,2025-01-08,2025-01-07,1,5,2361,124.3,94.65,413.82,-384.17,-3.0907,5,0,True,False,5
SHP000577,ORD000577,CUS0092,SKU0029,CAR002,LOC009,LOC031,20250102,20250102,20250105,20250105,2025-01-02,2025-01-02,2025-01-05,2025-01-05,2,5,2250,1388.45,935.6,426.26,26.59,0.0192,3,0,True,False,12
SHP000584,ORD000584,CUS0061,SKU0020,CAR006,LOC001,LOC015,20250102,20250103,20250108,20250108,2025-01-02,2025-01-03,2025-01-08,2025-01-08,1,4,1825,579.12,382.4,289.77,-93.05,-0.1607,5,0,True,False,5
SHP000772,ORD000772,CUS0020,SKU0004,CAR001,LOC006,LOC022,20250102,20250102,20250105,20250105,2025-01-02,2025-01-02,2025-01-05,2025-01-05,2,8,589,198.88,151.44,166.14,-118.7,-0.5968,3,0,True,False,12
SHP000855,ORD000855,CUS0130,SKU0037,CAR004,LOC007,LOC019,20250102,20250102,20250108,20250108,2025-01-02,2025-01-02,2025-01-08,2025-01-08,1,5,1715,2047.9,1617.6,202.83,227.47,0.1111,6,0,True,False,5
SHP000884,ORD000884,CUS0058,SKU0022,CAR003,LOC002,LOC031,20250102,20250102,20250105,20250106,2025-01-02,2025-01-02,2025-01-05,2025-01-06,2,3,915,548.13,348.75,487.1,-287.72,-0.5249,4,1,False,False,55
SHP001254,ORD001254,CUS0199,SKU0020,CAR005,LOC003,LOC014,20250102,20250102,20250105,20250107,2025-01-02,2025-01-02,2025-01-05,2025-01-07,2,15,494,2171.7,1434.0,223.09,514.61,0.237,5,2,False,False,73
SHP001306,ORD001306,CUS0035,SKU0029,CAR006,LOC007,LOC013,20250102,20250102,20250103,20250103,2025-01-02,2025-01-02,2025-01-03,2025-01-03,3,9,1743,2499.21,1684.08,480.32,334.81,0.134,1,0,True,False,20
SHP001389,ORD001389,CUS0023,SKU0033,CAR003,LOC010,LOC023,20250102,20250103,20250108,20250109,2025-01-02,2025-01-03,2025-01-08,2025-01-09,1,10,654,6110.4,3864.2,390.87,1855.33,0.3036,6,1,False,False,48
SHP001439,ORD001439,CUS0065,SKU0013,CAR004,LOC008,LOC022,20250102,20250102,20250108,20250107,2025-01-02,2025-01-02,2025-01-08,2025-01-07,1,8,573,1954.0,1316.88,156.46,480.66,0.246,5,0,True,False,5
SHP001579,ORD001579,CUS0062,SKU0008,CAR001,LOC009,LOC024,20250102,20250102,20250108,20250108,2025-01-02,2025-01-02,2025-01-08,2025-01-08,1,16,475,3739.52,2632.48,150.63,956.41,0.2558,6,0,True,False,5
SHP001608,ORD001608,CUS0008,SKU0012,CAR002,LOC009,LOC011,20250102,20250102,20250108,20250110,2025-01-02,2025-01-02,2025-01-08,2025-01-10,1,6,1762,3604.74,1959.0,368.12,1277.62,0.3544,8,2,False,False,66
SHP001699,ORD001699,CUS0031,SKU0020,CAR005,LOC009,LOC015,20250102,20250102,20250105,20250105,2025-01-02,2025-01-02,2025-01-05,2025-01-05,2,11,1088,1592.58,1051.6,355.21,185.77,0.1166,3,0,True,False,12
SHP001718,ORD001718,CUS0231,SKU0027,CAR004,LOC002,LOC022,20250102,20250103,20250108,20250109,2025-01-02,2025-01-03,2025-01-08,2025-01-09,1,5,135,2153.5,1813.2,44.9,295.4,0.1372,6,1,False,False,48
SHP002114,ORD002114,CUS0246,SKU0008,CAR003,LOC007,LOC015,20250102,20250103,20250108,20250107,2025-01-02,2025-01-03,2025-01-08,2025-01-07,1,6,1080,1402.32,987.18,474.92,-59.78,-0.0426,4,0,True,False,5
SHP002119,ORD002119,CUS0117,SKU0039,CAR001,LOC006,LOC024,20250102,20250103,20250103,20250103,2025-01-02,2025-01-03,2025-01-03,2025-01-03,3,11,2060,7246.25,4297.81,547.64,2400.8,0.3313,0,0,True,False,20
SHP002122,ORD002122,CUS0084,SKU0020,CAR006,LOC004,LOC013,20250102,20250103,20250108,20250109,2025-01-02,2025-01-03,2025-01-08,2025-01-09,1,8,2474,1158.24,764.8,411.57,-18.13,-0.0157,6,1,False,False,48
SHP002403,ORD002403,CUS0228,SKU0015,CAR002,LOC009,LOC019,20250102,20250103,20250108,20250107,2025-01-02,2025-01-03,2025-01-08,2025-01-07,1,7,2271,2346.89,1812.72,390.65,143.52,0.0612,4,0,True,False,5
SHP002410,ORD002410,CUS0104,SKU0034,CAR006,LOC005,LOC026,20250102,20250103,20250108,20250109,2025-01-02,2025-01-03,2025-01-08,2025-01-09,1,14,220,9676.94,5471.06,155.66,4050.22,0.4185,6,1,False,False,48
SHP002474,ORD002474,CUS0215,SKU0038,CAR004,LOC007,LOC023,20250102,20250103,20250103,20250105,2025-01-02,2025-01-03,2025-01-03,2025-01-05,3,12,2404,1399.2,912.36,502.37,-15.53,-0.0111,2,2,False,False,81
SHP000015,ORD000015,CUS0190,SKU0009,CAR004,LOC010,LOC014,20250103,20250104,20250109,20250107,2025-01-03,2025-01-04,2025-01-09,2025-01-07,1,2,2020,1136.66,681.08,242.63,212.95,0.1873,3,0,True,False,5
SHP000244,ORD000244,CUS0002,SKU0035,CAR006,LOC001,LOC013,20250103,20250104,20250109,20250108,2025-01-03,2025-01-04,2025-01-09,2025-01-08,1,4,2602,572.24,426.6,367.51,-221.87,-0.3877,4,0,True,False,5
SHP000529,ORD000529,CUS0196,SKU0016,CAR005,LOC009,LOC017,20250103,20250103,20250109,20250109,2025-01-03,2025-01-03,2025-01-09,2025-01-09,1,4,2397,1080.24,793.8,372.08,-85.64,-0.0793,6,0,True,False,5
SHP000709,ORD000709,CUS0054,SKU0005,CAR006,LOC003,LOC020,20250103,20250103,20250109,20250106,2025-01-03,2025-01-03,2025-01-09,2025-01-06,1,16,2665,4285.12,2893.44,441.37,950.31,0.2218,3,0,True,False,5
SHP000735,ORD000735,CUS0044,SKU0005,CAR006,LOC008,LOC018,20250103,20250104,20250109,20250109,2025-01-03,2025-01-04,2025-01-09,2025-01-09,1,9,1512,2410.38,1627.56,237.57,545.25,0.2262,5,0,True,False,5
SHP000736,ORD000736,CUS0135,SKU0015,CAR005,LOC002,LOC020,20250103,20250104,20250109,20250109,2025-01-03,2025-01-04,2025-01-09,2025-01-09,1,10,755,3352.7,2589.6,241.88,521.22,0.1555,5,0,True,False,5
SHP000770,ORD000770,CUS0197,SKU0025,CAR004,LOC003,LOC014,20250103,20250104,20250109,20250110,2025-01-03,2025-01-04,2025-01-09,2025-01-10,1,2,582,978.18,668.68,69.24,240.26,0.2456,6,1,False,False,48
SHP000782,ORD000782,CUS0248,SKU0003,CAR003,LOC007,LOC012,20250103,20250103,20250109,20250111,2025-01-03,2025-01-03,2025-01-09,2025-01-11,1,15,2036,393.15,316.35,992.0,-915.2,-2.3279,8,2,False,False,66
SHP000859,ORD000859,CUS0153,SKU0003,CAR001,LOC002,LOC015,20250103,20250103,20250109,20250109,2025-01-03,2025-01-03,2025-01-09,2025-01-09,1,10,1692,262.1,210.9,272.45,-221.25,-0.8441,6,0,True,False,5
SHP001029,ORD001029,CUS0078,SKU0008,CAR002,LOC001,LOC026,20250103,20250103,20250109,20250109,2025-01-03,2025-01-03,2025-01-09,2025-01-09,1,2,908,467.44,329.06,133.86,4.52,0.0097,6,0,True,True,35
SHP001137,ORD001137,CUS0231,SKU0016,CAR003,LOC009,LOC016,20250103,20250104,20250109,20250109,2025-01-03,2025-01-04,2025-01-09,2025-01-09,1,4,2347,1080.24,793.8,1150.95,-864.51,-0.8003,5,0,True,False,5
SHP001161,ORD001161,CUS0033,SKU0012,CAR001,LOC009,LOC014,20250103,20250103,20250106,20250108,2025-01-03,2025-01-03,2025-01-06,2025-01-08,2,17,571,10213.43,5550.5,317.37,4345.56,0.4255,5,2,False,False,73
SHP001166,ORD001166,CUS0079,SKU0025,CAR004,LOC009,LOC027,20250103,20250103,20250106,20250104,2025-01-03,2025-01-03,2025-01-06,2025-01-04,2,16,1216,7825.44,5349.44,188.6,2287.4,0.2923,1,0,True,False,12
SHP001330,ORD001330,CUS0006,SKU0009,CAR001,LOC006,LOC025,20250103,20250103,20250106,20250106,2025-01-03,2025-01-03,2025-01-06,2025-01-06,2,8,613,4546.64,2724.32,179.84,1642.48,0.3613,3,0,True,False,12
SHP001466,ORD001466,CUS0016,SKU0001,CAR001,LOC009,LOC021,20250103,20250103,20250106,20250106,2025-01-03,2025-01-03,2025-01-06,2025-01-06,2,6,1494,149.82,109.8,339.32,-299.3,-1.9977,3,0,True,False,12
SHP001486,ORD001486,CUS0075,SKU0025,CAR001,LOC008,LOC028,20250103,20250104,20250104,20250104,2025-01-03,2025-01-04,2025-01-04,2025-01-04,3,12,2355,5869.08,4012.08,579.2,1277.8,0.2177,0,0,True,False,20
SHP001543,ORD001543,CUS0165,SKU0027,CAR006,LOC008,LOC030,20250103,20250104,20250109,20250109,2025-01-03,2025-01-04,2025-01-09,2025-01-09,1,6,604,2584.2,2175.84,112.56,295.8,0.1145,5,0,True,False,5
SHP001582,ORD001582,CUS0136,SKU0036,CAR006,LOC003,LOC025,20250103,20250103,20250109,20250108,2025-01-03,2025-01-03,2025-01-09,2025-01-08,1,6,1887,391.08,259.74,210.22,-78.88,-0.2017,5,0,True,False,5
SHP001703,ORD001703,CUS0196,SKU0004,CAR004,LOC001,LOC030,20250103,20250103,20250109,20250107,2025-01-03,2025-01-03,2025-01-09,2025-01-07,1,17,2548,422.62,321.81,500.88,-400.07,-0.9466,4,0,True,False,5
SHP001768,ORD001768,CUS0103,SKU0031,CAR001,LOC002,LOC016,20250103,20250103,20250106,20250105,2025-01-03,2025-01-03,2025-01-06,2025-01-05,2,1,688,505.96,366.65,138.4,0.91,0.0018,2,0,True,False,12
SHP001830,ORD001830,CUS0172,SKU0030,CAR001,LOC002,LOC020,20250103,20250103,20250104,20250105,2025-01-03,2025-01-03,2025-01-04,2025-01-05,3,10,731,6904.4,4084.2,260.53,2559.67,0.3707,2,1,False,False,63
SHP002005,ORD002005,CUS0033,SKU0020,CAR003,LOC003,LOC027,20250103,20250103,20250106,20250104,2025-01-03,2025-01-03,2025-01-06,2025-01-04,2,8,1274,1158.24,764.8,722.44,-329.0,-0.2841,1,0,True,False,12
SHP002142,ORD002142,CUS0022,SKU0001,CAR006,LOC005,LOC013,20250103,20250104,20250109,20250109,2025-01-03,2025-01-04,2025-01-09,2025-01-09,1,6,2073,149.82,109.8,265.23,-225.21,-1.5032,5,0,True,False,5
SHP000370,ORD000370,CUS0183,SKU0021,CAR004,LOC003,LOC026,20250104,20250104,20250110,20250110,2025-01-04,2025-01-04,2025-01-10,2025-01-10,1,13,1733,1106.95,869.18,315.34,-77.57,-0.0701,6,0,True,False,5
SHP000485,ORD000485,CUS0096,SKU0026,CAR005,LOC008,LOC025,20250104,20250105,20250110,20250111,2025-01-04,2025-01-05,2025-01-10,2025-01-11,1,4,1395,1514.56,1014.04,202.99,297.53,0.1964,6,1,False,False,48
SHP000579,ORD000579,CUS0175,SKU0013,CAR006,LOC003,LOC016,20250104,20250104,20250105,20250108,2025-01-04,2025-01-04,2025-01-05,2025-01-08,3,11,465,2686.75,1810.71,239.72,636.32,0.2368,4,3,False,False,99
SHP000607,ORD000607,CUS0197,SKU0025,CAR003,LOC003,LOC028,20250104,20250105,20250110,20250110,2025-01-04,2025-01-05,2025-01-10,2025-01-10,1,11,2020,5379.99,3677.74,977.58,724.67,0.1347,5,0,True,False,5
SHP000706,ORD000706,CUS0163,SKU0030,CAR006,LOC004,LOC020,20250104,20250104,20250107,20250108,2025-01-04,2025-01-04,2025-01-07,2025-01-08,2,5,1536,3452.2,2042.1,261.04,1149.06,0.3328,4,1,False,False,55
SHP000759,ORD000759,CUS0025,SKU0015,CAR006,LOC004,LOC014,20250104,20250104,20250107,20250110,2025-01-04,2025-01-04,2025-01-07,2025-01-10,2,6,2021,2011.62,1553.76,320.02,137.84,0.0685,6,3,False,False,91
SHP000761,ORD000761,CUS0179,SKU0007,CAR004,LOC008,LOC025,20250104,20250105,20250105,20250105,2025-01-04,2025-01-05,2025-01-05,2025-01-05,3,11,2420,1443.75,792.66,417.62,233.47,0.1617,0,0,True,False,20
SHP000800,ORD000800,CUS0110,SKU0037,CAR006,LOC005,LOC014,20250104,20250104,20250110,20250111,2025-01-04,2025-01-04,2025-01-10,2025-01-11,1,10,1892,4095.8,3235.2,322.87,537.73,0.1313,7,1,False,False,48
SHP000808,ORD000808,CUS0228,SKU0014,CAR004,LOC006,LOC024,20250104,20250105,20250110,20250109,2025-01-04,2025-01-05,2025-01-10,2025-01-09,1,17,319,3602.81,2728.67,92.06,782.08,0.2171,4,0,True,False,5
SHP000813,ORD000813,CUS0070,SKU0003,CAR006,LOC005,LOC013,20250104,20250104,20250110,20250112,2025-01-04,2025-01-04,2025-01-10,2025-01-12,1,8,1711,209.68,168.72,246.12,-205.16,-0.9784,8,2,False,False,66
SHP000834,ORD000834,CUS0162,SKU0039,CAR004,LOC009,LOC014,20250104,20250104,20250107,20250105,2025-01-04,2025-01-04,2025-01-07,2025-01-05,2,16,2078,10540.0,6251.36,415.72,3872.92,0.3674,1,0,True,False,12
SHP000875,ORD000875,CUS0063,SKU0030,CAR006,LOC002,LOC030,20250104,20250105,20250110,20250107,2025-01-04,2025-01-05,2025-01-10,2025-01-07,1,15,794,10356.6,6126.3,227.39,4002.91,0.3865,2,0,True,False,5
SHP000916,ORD000916,CUS0161,SKU0026,CAR003,LOC001,LOC021,20250104,20250104,20250110,20250109,2025-01-04,2025-01-04,2025-01-10,2025-01-09,1,10,1156,3786.4,2535.1,490.34,760.96,0.201,5,0,True,False,5
SHP001014,ORD001014,CUS0095,SKU0006,CAR004,LOC003,LOC030,20250104,20250105,20250110,20250112,2025-01-04,2025-01-05,2025-01-10,2025-01-12,1,14,674,5776.96,4488.82,144.31,1143.83,0.198,7,2,False,False,66
SHP001216,ORD001216,CUS0231,SKU0018,CAR005,LOC006,LOC019,20250104,20250105,20250107,20250105,2025-01-04,2025-01-05,2025-01-07,2025-01-05,2,6,790,738.0,614.22,167.89,-44.11,-0.0598,0,0,True,False,12
SHP001491,ORD001491,CUS0231,SKU0031,CAR004,LOC007,LOC021,20250104,20250104,20250110,20250110,2025-01-04,2025-01-04,2025-01-10,2025-01-10,1,10,1403,5059.6,3666.5,218.29,1174.81,0.2322,6,0,True,False,5
SHP001544,ORD001544,CUS0243,SKU0018,CAR003,LOC007,LOC012,20250104,20250104,20250105,20250105,2025-01-04,2025-01-04,2025-01-05,2025-01-05,3,5,1540,615.0,511.85,977.6,-874.45,-1.4219,1,0,True,False,20
SHP001733,ORD001733,CUS0054,SKU0001,CAR005,LOC010,LOC027,20250104,20250105,20250105,20250105,2025-01-04,2025-01-05,2025-01-05,2025-01-05,3,15,211,374.55,274.5,79.12,20.93,0.0559,0,0,True,False,20
SHP001770,ORD001770,CUS0235,SKU0001,CAR004,LOC010,LOC012,20250104,20250104,20250107,20250109,2025-01-04,2025-01-04,2025-01-07,2025-01-09,2,16,1659,399.52,292.8,310.85,-204.13,-0.5109,5,2,False,False,73
SHP001909,ORD001909,CUS0090,SKU0026,CAR005,LOC010,LOC025,20250104,20250104,20250110,20250109,2025-01-04,2025-01-04,2025-01-10,2025-01-09,1,5,1141,1893.2,1267.55,221.65,404.0,0.2134,5,0,True,False,5
SHP001940,ORD001940,CUS0094,SKU0031,CAR005,LOC010,LOC020,20250104,20250104,20250107,20250105,2025-01-04,2025-01-04,2025-01-07,2025-01-05,2,15,1999,7589.4,5499.75,442.73,1646.92,0.217,1,0,True,False,12
SHP001962,ORD001962,CUS0125,SKU0029,CAR001,LOC010,LOC030,20250104,20250104,20250110,20250110,2025-01-04,2025-01-04,2025-01-10,2025-01-10,1,17,1880,4720.73,3181.04,511.34,1028.35,0.2178,6,0,True,False,5
SHP001971,ORD001971,CUS0083,SKU0039,CAR001,LOC010,LOC013,20250104,20250105,20250107,20250108,2025-01-04,2025-01-05,2025-01-07,2025-01-08,2,18,2237,11857.5,7032.78,618.75,4205.97,0.3547,3,1,False,False,55
SHP002027,ORD002027,CUS0100,SKU0031,CAR004,LOC008,LOC024,20250104,20250105,20250105,20250105,2025-01-04,2025-01-05,2025-01-05,2025-01-05,3,8,172,4047.68,2933.2,71.82,1042.66,0.2576,0,0,True,False,20
SHP002137,ORD002137,CUS0136,SKU0036,CAR006,LOC010,LOC015,20250104,20250104,20250110,20250112,2025-01-04,2025-01-04,2025-01-10,2025-01-12,1,14,182,912.52,606.06,33.11,273.35,0.2996,8,2,False,False,66
SHP002169,ORD002169,CUS0243,SKU0024,CAR003,LOC005,LOC031,20250104,20250104,20250110,20250109,2025-01-04,2025-01-04,2025-01-10,2025-01-09,1,3,291,165.21,136.35,155.01,-126.15,-0.7636,5,0,True,False,5
SHP002188,ORD002188,CUS0152,SKU0019,CAR001,LOC010,LOC029,20250104,20250104,20250107,20250107,2025-01-04,2025-01-04,2025-01-07,2025-01-07,2,11,2147,695.2,387.97,561.94,-254.71,-0.3664,3,0,True,False,12
SHP002212,ORD002212,CUS0074,SKU0018,CAR003,LOC006,LOC029,20250104,20250105,20250110,20250112,2025-01-04,2025-01-05,2025-01-10,2025-01-12,1,3,422,369.0,307.11,225.73,-163.84,-0.444,7,2,False,False,66
SHP002214,ORD002214,CUS0063,SKU0024,CAR001,LOC010,LOC029,20250104,20250104,20250107,20250105,2025-01-04,2025-01-04,2025-01-07,2025-01-05,2,8,296,440.56,363.6,71.75,5.21,0.0118,1,0,True,False,12
SHP002369,ORD002369,CUS0023,SKU0005,CAR005,LOC005,LOC023,20250104,20250105,20250107,20250106,2025-01-04,2025-01-05,2025-01-07,2025-01-06,2,13,160,3481.66,2350.92,80.85,1049.89,0.3015,1,0,True,False,12
SHP002372,ORD002372,CUS0024,SKU0006,CAR005,LOC008,LOC015,20250104,20250104,20250110,20250112,2025-01-04,2025-01-04,2025-01-10,2025-01-12,1,1,1764,412.64,320.63,256.01,-164.0,-0.3974,8,2,False,False,66
SHP002430,ORD002430,CUS0050,SKU0031,CAR005,LOC001,LOC013,20250104,20250104,20250110,20250109,2025-01-04,2025-01-04,2025-01-10,2025-01-09,1,11,117,5565.56,4033.15,84.55,1447.86,0.2601,5,0,True,False,5
SHP000243,ORD000243,CUS0204,SKU0012,CAR003,LOC008,LOC031,20250105,20250106,20250111,20250109,2025-01-05,2025-01-06,2025-01-11,2025-01-09,1,2,1002,1201.58,653.0,472.62,75.96,0.0632,3,0,True,False,5
SHP000300,ORD000300,CUS0171,SKU0034,CAR002,LOC006,LOC016,20250105,20250105,20250111,20250109,2025-01-05,2025-01-05,2025-01-11,2025-01-09,1,4,2006,2764.84,1563.16,347.25,854.43,0.309,4,0,True,False,5
SHP000357,ORD000357,CUS0002,SKU0008,CAR003,LOC001,LOC014,20250105,20250106,20250111,20250113,2025-01-05,2025-01-06,2025-01-11,2025-01-13,1,17,2504,3973.24,2797.01,1180.16,-3.93,-0.001,7,2,False,True,96
SHP000374,ORD000374,CUS0149,SKU0008,CAR004,LOC005,LOC025,20250105,20250105,20250111,20250111,2025-01-05,2025-01-05,2025-01-11,2025-01-11,1,12,397,2804.64,1974.36,88.37,741.91,0.2645,6,0,True,False,5
SHP000594,ORD000594,CUS0179,SKU0002,CAR006,LOC003,LOC019,20250105,20250105,20250106,20250108,2025-01-05,2025-01-05,2025-01-06,2025-01-08,3,12,675,6118.32,3441.6,129.9,2546.82,0.4163,3,2,False,False,81
SHP000642,ORD000642,CUS0246,SKU0031,CAR006,LOC008,LOC032,20250105,20250105,20250111,20250111,2025-01-05,2025-01-05,2025-01-11,2025-01-11,1,7,1158,3541.72,2566.55,182.57,792.6,0.2238,6,0,True,False,5
SHP000682,ORD000682,CUS0021,SKU0030,CAR006,LOC004,LOC032,20250105,20250105,20250111,20250112,2025-01-05,2025-01-05,2025-01-11,2025-01-12,1,5,452,3452.2,2042.1,91.68,1318.42,0.3819,7,1,False,False,48
SHP000805,ORD000805,CUS0098,SKU0040,CAR006,LOC005,LOC018,20250105,20250106,20250111,20250109,2025-01-05,2025-01-06,2025-01-11,2025-01-09,1,9,2053,2528.82,1551.42,336.64,640.76,0.2534,3,0,True,False,5
SHP000917,ORD000917,CUS0012,SKU0027,CAR005,LOC006,LOC018,20250105,20250105,20250108,20250107,2025-01-05,2025-01-05,2025-01-08,2025-01-07,2,5,2221,2153.5,1813.2,397.11,-56.81,-0.0264,2,0,True,False,12
SHP000991,ORD000991,CUS0005,SKU0037,CAR003,LOC005,LOC023,20250105,20250106,20250111,20250109,2025-01-05,2025-01-06,2025-01-11,2025-01-09,1,1,1626,409.58,323.52,786.5,-700.44,-1.7101,3,0,True,False,5
SHP001210,ORD001210,CUS0178,SKU0039,CAR006,LOC010,LOC019,20250105,20250106,20250108,20250107,2025-01-05,2025-01-06,2025-01-08,2025-01-07,2,2,1011,1317.5,781.42,170.62,365.46,0.2774,1,0,True,False,12
SHP001612,ORD001612,CUS0016,SKU0017,CAR002,LOC009,LOC021,20250105,20250105,20250108,20250109,2025-01-05,2025-01-05,2025-01-08,2025-01-09,2,11,1502,1513.6,1083.28,362.93,67.39,0.0445,4,1,False,False,55
SHP001655,ORD001655,CUS0069,SKU0029,CAR004,LOC004,LOC011,20250105,20250106,20250111,20250110,2025-01-05,2025-01-06,2025-01-11,2025-01-10,1,8,180,2221.52,1496.96,109.91,614.65,0.2767,4,0,True,False,5
SHP001789,ORD001789,CUS0175,SKU0009,CAR006,LOC004,LOC025,20250105,20250106,20250111,20250112,2025-01-05,2025-01-06,2025-01-11,2025-01-12,1,5,2480,2841.65,1702.7,305.43,833.52,0.2933,6,1,False,False,48
SHP001827,ORD001827,CUS0155,SKU0040,CAR001,LOC006,LOC020,20250105,20250106,20250108,20250108,2025-01-05,2025-01-06,2025-01-08,2025-01-08,2,3,891,842.94,517.14,207.31,118.49,0.1406,2,0,True,False,12
SHP001964,ORD001964,CUS0226,SKU0023,CAR001,LOC008,LOC023,20250105,20250105,20250108,20250107,2025-01-05,2025-01-05,2025-01-08,2025-01-07,2,10,766,2904.3,1571.4,170.62,1162.28,0.4002,2,0,True,False,12
SHP002259,ORD002259,CUS0169,SKU0023,CAR002,LOC007,LOC012,20250105,20250105,20250108,20250109,2025-01-05,2025-01-05,2025-01-08,2025-01-09,2,4,895,1161.72,628.56,150.56,382.6,0.3293,4,1,False,False,55
SHP002417,ORD002417,CUS0133,SKU0036,CAR004,LOC003,LOC024,20250105,20250106,20250111,20250108,2025-01-05,2025-01-06,2025-01-11,2025-01-08,1,10,163,651.8,432.9,28.09,190.81,0.2927,2,0,True,False,5
SHP000053,ORD000053,CUS0112,SKU0040,CAR003,LOC006,LOC027,20250106,20250106,20250109,20250107,2025-01-06,2025-01-06,2025-01-09,2025-01-07,2,12,304,3371.76,2068.56,207.28,1095.92,0.325,1,0,True,False,12
SHP000157,ORD000157,CUS0222,SKU0030,CAR003,LOC004,LOC020,20250106,20250107,20250107,20250107,2025-01-06,2025-01-07,2025-01-07,2025-01-07,3,3,423,2071.32,1225.26,254.53,591.53,0.2856,0,0,True,False,20
SHP000209,ORD000209,CUS0187,SKU0030,CAR005,LOC006,LOC017,20250106,20250106,20250112,20250111,2025-01-06,2025-01-06,2025-01-12,2025-01-11,1,10,618,6904.4,4084.2,167.71,2652.49,0.3842,5,0,True,False,5
SHP000337,ORD000337,CUS0138,SKU0034,CAR004,LOC001,LOC017,20250106,20250107,20250109,20250109,2025-01-06,2025-01-07,2025-01-09,2025-01-09,2,8,1656,5529.68,3126.32,324.13,2079.23,0.376,2,0,True,False,12
SHP000408,ORD000408,CUS0009,SKU0033,CAR004,LOC002,LOC025,20250106,20250107,20250112,20250113,2025-01-06,2025-01-07,2025-01-12,2025-01-13,1,16,2245,9776.64,6182.72,382.73,3211.19,0.3285,6,1,False,False,48
SHP000423,ORD000423,CUS0079,SKU0008,CAR001,LOC010,LOC031,20250106,20250106,20250112,20250110,2025-01-06,2025-01-06,2025-01-12,2025-01-10,1,18,1896,4206.96,2961.54,367.22,878.2,0.2087,4,0,True,False,5
SHP000550,ORD000550,CUS0178,SKU0015,CAR002,LOC006,LOC023,20250106,20250106,20250112,20250114,2025-01-06,2025-01-06,2025-01-12,2025-01-14,1,1,1980,335.27,258.96,258.86,-182.55,-0.5445,8,2,False,False,66
SHP000624,ORD000624,CUS0169,SKU0019,CAR005,LOC006,LOC027,20250106,20250107,20250107,20250107,2025-01-06,2025-01-07,2025-01-07,2025-01-07,3,17,1892,1074.4,599.59,505.35,-30.54,-0.0284,0,0,True,False,20
SHP000656,ORD000656,CUS0164,SKU0003,CAR002,LOC001,LOC031,20250106,20250106,20250112,20250110,2025-01-06,2025-01-06,2025-01-12,2025-01-10,1,10,1207,262.1,210.9,190.03,-138.83,-0.5297,4,0,True,False,5
SHP000769,ORD000769,CUS0058,SKU0033,CAR006,LOC004,LOC028,20250106,20250107,20250112,20250111,2025-01-06,2025-01-07,2025-01-12,2025-01-11,1,16,1002,9776.64,6182.72,162.46,3431.46,0.351,4,0,True,False,5
SHP000795,ORD000795,CUS0234,SKU0029,CAR004,LOC003,LOC016,20250106,20250106,20250112,20250110,2025-01-06,2025-01-06,2025-01-12,2025-01-10,1,12,1854,3332.28,2245.44,332.59,754.25,0.2263,4,0,True,False,5
SHP000964,ORD000964,CUS0244,SKU0030,CAR002,LOC004,LOC026,20250106,20250106,20250107,20250108,2025-01-06,2025-01-06,2025-01-07,2025-01-08,3,4,977,2761.76,1633.68,192.22,935.86,0.3389,2,1,False,False,63
SHP001108,ORD001108,CUS0138,SKU0019,CAR004,LOC010,LOC031,20250106,20250106,20250112,20250114,2025-01-06,2025-01-06,2025-01-12,2025-01-14,1,18,252,1137.6,634.86,115.27,387.47,0.3406,8,2,False,False,66
SHP001146,ORD001146,CUS0051,SKU0014,CAR002,LOC004,LOC030,20250106,20250106,20250109,20250109,2025-01-06,2025-01-06,2025-01-09,2025-01-09,2,7,1278,1483.51,1123.57,236.91,123.03,0.0829,3,0,True,False,12
SHP001177,ORD001177,CUS0061,SKU0022,CAR004,LOC003,LOC024,20250106,20250106,20250109,20250110,2025-01-06,2025-01-06,2025-01-09,2025-01-10,2,1,259,182.71,116.25,42.1,24.36,0.1333,4,1,False,False,55
SHP001246,ORD001246,CUS0156,SKU0032,CAR006,LOC010,LOC025,20250106,20250107,20250112,20250114,2025-01-06,2025-01-07,2025-01-12,2025-01-14,1,18,1977,2316.24,1619.1,285.93,411.21,0.1775,7,2,False,False,66
SHP001353,ORD001353,CUS0196,SKU0007,CAR004,LOC006,LOC029,20250106,20250107,20250107,20250107,2025-01-06,2025-01-07,2025-01-07,2025-01-07,3,16,1969,2100.0,1152.96,353.75,593.29,0.2825,0,0,True,False,20
SHP001365,ORD001365,CUS0172,SKU0027,CAR002,LOC003,LOC013,20250106,20250107,20250112,20250113,2025-01-06,2025-01-07,2025-01-12,2025-01-13,1,8,649,3445.6,2901.12,149.38,395.1,0.1147,6,1,False,False,48
SHP001397,ORD001397,CUS0209,SKU0010,CAR004,LOC001,LOC012,20250106,20250106,20250107,20250107,2025-01-06,2025-01-06,2025-01-07,2025-01-07,3,12,1575,668.4,485.64,345.64,-162.88,-0.2437,1,0,True,False,20
SHP001645,ORD001645,CUS0122,SKU0005,CAR003,LOC008,LOC030,20250106,20250106,20250109,20250109,2025-01-06,2025-01-06,2025-01-09,2025-01-09,2,14,2324,3749.48,2531.76,1471.03,-253.31,-0.0676,3,0,True,False,12
SHP001669,ORD001669,CUS0008,SKU0014,CAR005,LOC002,LOC025,20250106,20250106,20250112,20250112,2025-01-06,2025-01-06,2025-01-12,2025-01-12,1,2,2693,423.86,321.02,486.74,-383.9,-0.9057,6,0,True,False,5
SHP002017,ORD002017,CUS0204,SKU0012,CAR005,LOC008,LOC014,20250106,20250107,20250112,20250111,2025-01-06,2025-01-07,2025-01-12,2025-01-11,1,9,2269,5407.11,2938.5,506.2,1962.41,0.3629,4,0,True,False,5
SHP002108,ORD002108,CUS0170,SKU0027,CAR006,LOC004,LOC025,20250106,20250107,20250109,20250109,2025-01-06,2025-01-07,2025-01-09,2025-01-09,2,1,2049,430.7,362.64,351.48,-283.42,-0.658,2,0,True,False,12
SHP002123,ORD002123,CUS0149,SKU0017,CAR004,LOC008,LOC019,20250106,20250107,20250112,20250112,2025-01-06,2025-01-07,2025-01-12,2025-01-12,1,6,1918,825.6,590.88,294.65,-59.93,-0.0726,5,0,True,False,5
SHP002253,ORD002253,CUS0235,SKU0008,CAR003,LOC003,LOC025,20250106,20250107,20250109,20250109,2025-01-06,2025-01-07,2025-01-09,2025-01-09,2,3,1378,701.16,493.59,741.56,-533.99,-0.7616,2,0,True,False,12
SHP002274,ORD002274,CUS0011,SKU0003,CAR004,LOC007,LOC020,20250106,20250107,20250107,20250108,2025-01-06,2025-01-07,2025-01-07,2025-01-08,3,5,535,131.05,105.45,92.21,-66.61,-0.5083,1,1,False,False,63
SHP002302,ORD002302,CUS0231,SKU0006,CAR002,LOC010,LOC018,20250106,20250107,20250107,20250109,2025-01-06,2025-01-07,2025-01-07,2025-01-09,3,12,1046,4951.68,3847.56,281.21,822.91,0.1662,2,2,False,False,81
SHP002309,ORD002309,CUS0068,SKU0027,CAR002,LOC006,LOC021,20250106,20250107,20250109,20250107,2025-01-06,2025-01-07,2025-01-09,2025-01-07,2,5,2098,2153.5,1813.2,347.35,-7.05,-0.0033,0,0,True,False,12
SHP000069,ORD000069,CUS0142,SKU0024,CAR003,LOC010,LOC014,20250107,20250107,20250113,20250114,2025-01-07,2025-01-07,2025-01-13,2025-01-14,1,7,2322,385.49,318.15,1208.28,-1140.94,-2.9597,7,1,False,False,48
SHP000197,ORD000197,CUS0166,SKU0015,CAR002,LOC001,LOC026,20250107,20250107,20250113,20250113,2025-01-07,2025-01-07,2025-01-13,2025-01-13,1,7,1747,2346.89,1812.72,328.93,205.24,0.0875,6,0,True,False,5
SHP000228,ORD000228,CUS0124,SKU0038,CAR005,LOC003,LOC014,20250107,20250108,20250113,20250111,2025-01-07,2025-01-08,2025-01-13,2025-01-11,1,14,795,1632.4,1064.42,222.65,345.33,0.2115,3,0,True,False,5
SHP000342,ORD000342,CUS0074,SKU0029,CAR006,LOC004,LOC011,20250107,20250108,20250113,20250114,2025-01-07,2025-01-08,2025-01-13,2025-01-14,1,10,810,2776.9,1871.2,163.59,742.11,0.2672,6,1,False,True,78
SHP000432,ORD000432,CUS0013,SKU0023,CAR003,LOC009,LOC017,20250107,20250107,20250113,20250113,2025-01-07,2025-01-07,2025-01-13,2025-01-13,1,14,1264,4066.02,2199.96,672.66,1193.4,0.2935,6,0,True,False,5
SHP000456,ORD000456,CUS0160,SKU0015,CAR006,LOC010,LOC021,20250107,20250108,20250113,20250114,2025-01-07,2025-01-08,2025-01-13,2025-01-14,1,13,446,4358.51,3366.48,194.7,797.33,0.1829,6,1,False,False,48
SHP000503,ORD000503,CUS0092,SKU0017,CAR006,LOC007,LOC014,20250107,20250107,20250108,20250109,2025-01-07,2025-01-07,2025-01-08,2025-01-09,3,12,2132,1651.2,1181.76,397.09,72.35,0.0438,2,1,False,False,63
SHP000648,ORD000648,CUS0170,SKU0004,CAR006,LOC010,LOC014,20250107,20250108,20250113,20250113,2025-01-07,2025-01-08,2025-01-13,2025-01-13,1,1,1387,24.86,18.93,178.89,-172.96,-6.9574,5,0,True,False,5
SHP000858,ORD000858,CUS0109,SKU0017,CAR003,LOC005,LOC016,20250107,20250108,20250110,20250110,2025-01-07,2025-01-08,2025-01-10,2025-01-10,2,12,1283,1651.2,1181.76,720.16,-250.72,-0.1518,2,0,True,False,12
SHP000863,ORD000863,CUS0195,SKU0014,CAR004,LOC010,LOC023,20250107,20250107,20250113,20250113,2025-01-07,2025-01-07,2025-01-13,2025-01-13,1,16,830,3390.88,2568.16,148.28,674.44,0.1989,6,0,True,False,5
SHP000949,ORD000949,CUS0152,SKU0032,CAR004,LOC001,LOC022,20250107,20250108,20250113,20250117,2025-01-07,2025-01-08,2025-01-13,2025-01-17,1,15,160,1930.2,1349.25,51.79,529.16,0.2741,9,4,False,False,100
SHP000963,ORD000963,CUS0099,SKU0020,CAR002,LOC003,LOC027,20250107,20250108,20250113,20250112,2025-01-07,2025-01-08,2025-01-13,2025-01-12,1,2,1846,289.56,191.2,277.77,-179.41,-0.6196,4,0,True,False,5
SHP001065,ORD001065,CUS0028,SKU0018,CAR005,LOC004,LOC012,20250107,20250107,20250113,20250112,2025-01-07,2025-01-07,2025-01-13,2025-01-12,1,3,462,369.0,307.11,92.83,-30.94,-0.0838,5,0,True,True,35
SHP001087,ORD001087,CUS0195,SKU0029,CAR004,LOC002,LOC015,20250107,20250108,20250110,20250108,2025-01-07,2025-01-08,2025-01-10,2025-01-08,2,4,2314,1110.76,748.48,384.95,-22.67,-0.0204,0,0,True,False,12
SHP001158,ORD001158,CUS0097,SKU0016,CAR003,LOC009,LOC019,20250107,20250107,20250113,20250113,2025-01-07,2025-01-07,2025-01-13,2025-01-13,1,9,2677,2430.54,1786.05,1260.48,-615.99,-0.2534,6,0,True,False,5
SHP001201,ORD001201,CUS0083,SKU0038,CAR001,LOC007,LOC019,20250107,20250108,20250110,20250111,2025-01-07,2025-01-08,2025-01-10,2025-01-11,2,6,2160,699.6,456.18,494.37,-250.95,-0.3587,3,1,False,False,55
SHP001302,ORD001302,CUS0156,SKU0039,CAR003,LOC007,LOC016,20250107,20250107,20250113,20250114,2025-01-07,2025-01-07,2025-01-13,2025-01-14,1,11,1007,7246.25,4297.81,505.68,2442.76,0.3371,7,1,False,False,48
SHP001374,ORD001374,CUS0219,SKU0015,CAR002,LOC003,LOC014,20250107,20250107,20250113,20250112,2025-01-07,2025-01-07,2025-01-13,2025-01-12,1,5,604,1676.35,1294.8,133.68,247.87,0.1479,5,0,True,False,5
SHP001436,ORD001436,CUS0113,SKU0032,CAR003,LOC001,LOC020,20250107,20250107,20250113,20250114,2025-01-07,2025-01-07,2025-01-13,2025-01-14,1,3,333,386.04,269.85,144.64,-28.45,-0.0737,7,1,False,False,48
SHP001448,ORD001448,CUS0178,SKU0019,CAR001,LOC006,LOC014,20250107,20250108,20250110,20250111,2025-01-07,2025-01-08,2025-01-10,2025-01-11,2,16,2647,1011.2,564.32,689.9,-243.02,-0.2403,3,1,False,False,55
SHP001802,ORD001802,CUS0224,SKU0028,CAR003,LOC006,LOC015,20250107,20250107,20250113,20250114,2025-01-07,2025-01-07,2025-01-13,2025-01-14,1,17,1442,9144.47,5395.12,654.75,3094.6,0.3384,7,1,False,False,48
SHP001809,ORD001809,CUS0112,SKU0016,CAR004,LOC006,LOC016,20250107,20250108,20250110,20250109,2025-01-07,2025-01-08,2025-01-10,2025-01-09,2,12,1063,3240.72,2381.4,263.91,595.41,0.1837,1,0,True,False,12
SHP001826,ORD001826,CUS0039,SKU0003,CAR005,LOC007,LOC014,20250107,20250108,20250110,20250111,2025-01-07,2025-01-08,2025-01-10,2025-01-11,2,6,2371,157.26,126.54,452.41,-421.69,-2.6815,3,1,False,False,55
SHP001851,ORD001851,CUS0134,SKU0010,CAR005,LOC006,LOC024,20250107,20250108,20250110,20250110,2025-01-07,2025-01-08,2025-01-10,2025-01-10,2,12,1615,668.4,485.64,316.26,-133.5,-0.1997,2,0,True,False,12
SHP001882,ORD001882,CUS0167,SKU0015,CAR005,LOC009,LOC032,20250107,20250107,20250113,20250113,2025-01-07,2025-01-07,2025-01-13,2025-01-13,1,7,2239,2346.89,1812.72,374.32,159.85,0.0681,6,0,True,False,5
SHP001888,ORD001888,CUS0067,SKU0010,CAR005,LOC010,LOC017,20250107,20250108,20250113,20250111,2025-01-07,2025-01-08,2025-01-13,2025-01-11,1,7,1583,389.9,283.29,279.67,-173.06,-0.4439,3,0,True,False,5
SHP001904,ORD001904,CUS0121,SKU0029,CAR001,LOC007,LOC014,20250107,20250108,20250113,20250113,2025-01-07,2025-01-08,2025-01-13,2025-01-13,1,16,2605,4443.04,2993.92,721.47,727.65,0.1638,5,0,True,False,5
SHP001918,ORD001918,CUS0237,SKU0004,CAR003,LOC002,LOC018,20250107,20250108,20250110,20250108,2025-01-07,2025-01-08,2025-01-10,2025-01-08,2,8,973,198.88,151.44,580.39,-532.95,-2.6798,0,0,True,False,12
SHP001965,ORD001965,CUS0105,SKU0018,CAR006,LOC003,LOC018,20250107,20250108,20250113,20250112,2025-01-07,2025-01-08,2025-01-13,2025-01-12,1,7,1288,861.0,716.59,193.49,-49.08,-0.057,4,0,True,False,5
SHP002022,ORD002022,CUS0065,SKU0014,CAR003,LOC007,LOC027,20250107,20250108,20250108,20250108,2025-01-07,2025-01-08,2025-01-08,2025-01-08,3,14,1222,2967.02,2247.14,848.47,-128.59,-0.0433,0,0,True,False,20
SHP002074,ORD002074,CUS0071,SKU0003,CAR001,LOC001,LOC013,20250107,20250108,20250108,20250108,2025-01-07,2025-01-08,2025-01-08,2025-01-08,3,17,905,445.57,358.53,239.07,-152.03,-0.3412,0,0,True,False,20
SHP002086,ORD002086,CUS0244,SKU0008,CAR003,LOC005,LOC030,20250107,20250108,20250110,20250110,2025-01-07,2025-01-08,2025-01-10,2025-01-10,2,4,1103,934.88,658.12,669.21,-392.45,-0.4198,2,0,True,False,12
SHP002210,ORD002210,CUS0002,SKU0030,CAR001,LOC004,LOC031,20250107,20250108,20250108,20250108,2025-01-07,2025-01-08,2025-01-08,2025-01-08,3,15,1890,10356.6,6126.3,608.16,3622.14,0.3497,0,0,True,False,20
SHP002234,ORD002234,CUS0026,SKU0037,CAR006,LOC007,LOC018,20250107,20250108,20250113,20250112,2025-01-07,2025-01-08,2025-01-13,2025-01-12,1,12,692,4914.96,3882.24,137.47,895.25,0.1821,4,0,True,False,5
SHP002336,ORD002336,CUS0131,SKU0037,CAR001,LOC008,LOC013,20250107,20250108,20250113,20250113,2025-01-07,2025-01-08,2025-01-13,2025-01-13,1,8,550,3276.64,2588.16,144.42,544.06,0.166,5,0,True,False,5
SHP002384,ORD002384,CUS0097,SKU0021,CAR003,LOC002,LOC013,20250107,20250108,20250108,20250108,2025-01-07,2025-01-08,2025-01-08,2025-01-08,3,14,2680,1192.1,936.04,1963.85,-1707.79,-1.4326,0,0,True,False,20
SHP000026,ORD000026,CUS0197,SKU0014,CAR002,LOC008,LOC024,20250108,20250108,20250114,20250114,2025-01-08,2025-01-08,2025-01-14,2025-01-14,1,10,1116,2119.3,1605.1,160.58,353.62,0.1669,6,0,True,False,5
SHP000034,ORD000034,CUS0130,SKU0006,CAR006,LOC008,LOC027,20250108,20250108,20250114,20250115,2025-01-08,2025-01-08,2025-01-14,2025-01-15,1,11,776,4539.04,3526.93,140.72,871.39,0.192,7,1,False,False,48
SHP000075,ORD000075,CUS0144,SKU0014,CAR003,LOC009,LOC021,20250108,20250109,20250111,20250113,2025-01-08,2025-01-09,2025-01-11,2025-01-13,2,17,1613,3602.81,2728.67,835.57,38.57,0.0107,4,2,False,False,73
SHP000089,ORD000089,CUS0102,SKU0002,CAR003,LOC002,LOC028,20250108,20250108,20250114,20250115,2025-01-08,2025-01-08,2025-01-14,2025-01-15,1,10,2438,5098.6,2868.0,1096.98,1133.62,0.2223,7,1,False,False,48
SHP000387,ORD000387,CUS0113,SKU0012,CAR001,LOC002,LOC015,20250108,20250109,20250114,20250111,2025-01-08,2025-01-09,2025-01-14,2025-01-11,1,9,2569,5407.11,2938.5,536.04,1932.57,0.3574,2,0,True,False,5
SHP000510,ORD000510,CUS0108,SKU0019,CAR004,LOC006,LOC022,20250108,20250108,20250109,20250110,2025-01-08,2025-01-08,2025-01-09,2025-01-10,3,17,2337,1074.4,599.59,578.05,-103.24,-0.0961,2,1,False,False,63
SHP000527,ORD000527,CUS0037,SKU0021,CAR004,LOC010,LOC029,20250108,20250108,20250114,20250115,2025-01-08,2025-01-08,2025-01-14,2025-01-15,1,4,565,340.6,267.44,83.8,-10.64,-0.0312,7,1,False,False,48
SHP000547,ORD000547,CUS0246,SKU0033,CAR006,LOC005,LOC030,20250108,20250109,20250114,20250114,2025-01-08,2025-01-09,2025-01-14,2025-01-14,1,14,2286,8554.56,5409.88,351.78,2792.9,0.3265,5,0,True,False,5
SHP000634,ORD000634,CUS0238,SKU0036,CAR004,LOC009,LOC015,20250108,20250109,20250114,20250114,2025-01-08,2025-01-09,2025-01-14,2025-01-14,1,10,113,651.8,432.9,25.63,193.27,0.2965,5,0,True,False,5
SHP000750,ORD000750,CUS0180,SKU0004,CAR002,LOC008,LOC015,20250108,20250108,20250114,20250115,2025-01-08,2025-01-08,2025-01-14,2025-01-15,1,17,2184,422.62,321.81,417.59,-316.78,-0.7496,7,1,False,False,48
SHP000779,ORD000779,CUS0244,SKU0025,CAR006,LOC010,LOC027,20250108,20250109,20250111,20250112,2025-01-08,2025-01-09,2025-01-11,2025-01-12,2,18,2260,8803.62,6018.12,356.82,2428.68,0.2759,3,1,False,False,55
SHP001000,ORD001000,CUS0173,SKU0006,CAR006,LOC002,LOC021,20250108,20250109,20250114,20250113,2025-01-08,2025-01-09,2025-01-14,2025-01-13,1,14,1896,5776.96,4488.82,300.68,987.46,0.1709,4,0,True,False,5
SHP001013,ORD001013,CUS0205,SKU0034,CAR005,LOC005,LOC019,20250108,20250108,20250111,20250110,2025-01-08,2025-01-08,2025-01-11,2025-01-10,2,7,1802,4838.47,2735.53,456.24,1646.7,0.3403,2,0,True,False,12
SHP001078,ORD001078,CUS0121,SKU0004,CAR002,LOC006,LOC029,20250108,20250109,20250114,20250114,2025-01-08,2025-01-09,2025-01-14,2025-01-14,1,6,611,149.16,113.58,123.96,-88.38,-0.5925,5,0,True,False,5
SHP001121,ORD001121,CUS0209,SKU0017,CAR004,LOC006,LOC013,20250108,20250109,20250109,20250110,2025-01-08,2025-01-09,2025-01-09,2025-01-10,3,5,1757,688.0,492.4,406.23,-210.63,-0.3061,1,1,False,False,63
SHP001194,ORD001194,CUS0076,SKU0006,CAR006,LOC001,LOC025,20250108,20250109,20250114,20250114,2025-01-08,2025-01-09,2025-01-14,2025-01-14,1,9,2554,3713.76,2885.67,373.79,454.3,0.1223,5,0,True,False,5
SHP001345,ORD001345,CUS0112,SKU0035,CAR001,LOC005,LOC020,20250108,20250108,20250114,20250114,2025-01-08,2025-01-08,2025-01-14,2025-01-14,1,9,2479,1287.54,959.85,543.41,-215.72,-0.1675,6,0,True,False,5
SHP001437,ORD001437,CUS0243,SKU0024,CAR001,LOC006,LOC016,20250108,20250109,20250114,20250115,2025-01-08,2025-01-09,2025-01-14,2025-01-15,1,18,2566,991.26,818.1,455.08,-281.92,-0.2844,6,1,False,False,48
SHP001443,ORD001443,CUS0170,SKU0017,CAR005,LOC008,LOC021,20250108,20250109,20250114,20250112,2025-01-08,2025-01-09,2025-01-14,2025-01-12,1,14,486,1926.4,1378.72,239.67,308.01,0.1599,3,0,True,False,5
SHP001588,ORD001588,CUS0211,SKU0020,CAR002,LOC001,LOC017,20250108,20250108,20250111,20250110,2025-01-08,2025-01-08,2025-01-11,2025-01-10,2,14,1660,2026.92,1338.4,362.37,326.15,0.1609,2,0,True,False,12
SHP001676,ORD001676,CUS0001,SKU0029,CAR002,LOC005,LOC012,20250108,20250109,20250114,20250114,2025-01-08,2025-01-09,2025-01-14,2025-01-14,1,13,1272,3609.97,2432.56,277.16,900.25,0.2494,5,0,True,False,5
SHP001721,ORD001721,CUS0055,SKU0024,CAR001,LOC008,LOC014,20250108,20250108,20250111,20250110,2025-01-08,2025-01-08,2025-01-11,2025-01-10,2,9,1985,495.63,409.05,386.62,-300.04,-0.6054,2,0,True,False,12
SHP001749,ORD001749,CUS0091,SKU0025,CAR003,LOC009,LOC029,20250108,20250109,20250114,20250114,2025-01-08,2025-01-09,2025-01-14,2025-01-14,1,14,1121,6847.26,4680.76,493.04,1673.46,0.2444,5,0,True,False,5
SHP001825,ORD001825,CUS0154,SKU0032,CAR002,LOC005,LOC029,20250108,20250108,20250109,20250113,2025-01-08,2025-01-08,2025-01-09,2025-01-13,3,14,2299,1801.52,1259.3,449.86,92.36,0.0513,5,4,False,False,100
SHP001828,ORD001828,CUS0109,SKU0005,CAR001,LOC008,LOC029,20250108,20250108,20250114,20250115,2025-01-08,2025-01-08,2025-01-14,2025-01-15,1,7,2028,1874.74,1265.88,382.23,226.63,0.1209,7,1,False,False,48
SHP001863,ORD001863,CUS0182,SKU0012,CAR005,LOC007,LOC032,20250108,20250109,20250114,20250113,2025-01-08,2025-01-09,2025-01-14,2025-01-13,1,1,1613,600.79,326.5,285.61,-11.32,-0.0188,4,0,True,False,5
SHP001916,ORD001916,CUS0211,SKU0034,CAR005,LOC009,LOC014,20250108,20250108,20250111,20250109,2025-01-08,2025-01-08,2025-01-11,2025-01-09,2,2,2481,1382.42,781.58,483.92,116.92,0.0846,1,0,True,False,12
SHP001998,ORD001998,CUS0188,SKU0012,CAR002,LOC002,LOC028,20250108,20250108,20250114,20250116,2025-01-08,2025-01-08,2025-01-14,2025-01-16,1,8,1847,4806.32,2612.0,355.67,1838.65,0.3825,8,2,False,False,66
SHP002050,ORD002050,CUS0235,SKU0040,CAR006,LOC007,LOC031,20250108,20250109,20250114,20250113,2025-01-08,2025-01-09,2025-01-14,2025-01-13,1,3,491,842.94,517.14,79.04,246.76,0.2927,4,0,True,False,5
SHP002097,ORD002097,CUS0138,SKU0035,CAR002,LOC002,LOC017,20250108,20250108,20250114,20250114,2025-01-08,2025-01-08,2025-01-14,2025-01-14,1,5,945,715.3,533.25,148.81,33.24,0.0465,6,0,True,False,5
SHP002190,ORD002190,CUS0058,SKU0019,CAR003,LOC004,LOC011,20250108,20250109,20250114,20250114,2025-01-08,2025-01-09,2025-01-14,2025-01-14,1,3,714,189.6,105.81,359.47,-275.68,-1.454,5,0,True,False,5
SHP002296,ORD002296,CUS0073,SKU0004,CAR002,LOC006,LOC025,20250108,20250109,20250114,20250113,2025-01-08,2025-01-09,2025-01-14,2025-01-13,1,10,991,248.6,189.3,211.21,-151.91,-0.6111,4,0,True,False,5
SHP002421,ORD002421,CUS0129,SKU0009,CAR005,LOC009,LOC017,20250108,20250109,20250111,20250112,2025-01-08,2025-01-09,2025-01-11,2025-01-12,2,11,1858,6251.63,3745.94,461.79,2043.9,0.3269,3,1,False,False,55
SHP000032,ORD000032,CUS0152,SKU0018,CAR001,LOC008,LOC012,20250109,20250109,20250115,20250113,2025-01-09,2025-01-09,2025-01-15,2025-01-13,1,10,1511,1230.0,1023.7,277.47,-71.17,-0.0579,4,0,True,False,5
SHP000048,ORD000048,CUS0189,SKU0038,CAR003,LOC003,LOC032,20250109,20250110,20250115,20250115,2025-01-09,2025-01-10,2025-01-15,2025-01-15,1,4,616,466.4,304.12,303.5,-141.22,-0.3028,5,0,True,False,5
SHP000090,ORD000090,CUS0074,SKU0003,CAR004,LOC007,LOC022,20250109,20250110,20250110,20250110,2025-01-09,2025-01-10,2025-01-10,2025-01-10,3,16,807,419.36,337.44,205.74,-123.82,-0.2953,0,0,True,False,20
SHP000128,ORD000128,CUS0094,SKU0012,CAR003,LOC008,LOC027,20250109,20250110,20250115,20250114,2025-01-09,2025-01-10,2025-01-15,2025-01-14,1,18,877,10814.22,5877.0,542.76,4394.46,0.4064,4,0,True,False,5
SHP000179,ORD000179,CUS0013,SKU0001,CAR004,LOC007,LOC022,20250109,20250110,20250115,20250114,2025-01-09,2025-01-10,2025-01-15,2025-01-14,1,4,751,99.88,73.2,103.35,-76.67,-0.7676,4,0,True,False,5
SHP000189,ORD000189,CUS0142,SKU0026,CAR003,LOC009,LOC024,20250109,20250109,20250115,20250116,2025-01-09,2025-01-09,2025-01-15,2025-01-16,1,18,120,6815.52,4563.18,127.7,2124.64,0.3117,7,1,False,False,48
SHP000249,ORD000249,CUS0125,SKU0038,CAR003,LOC004,LOC021,20250109,20250110,20250115,20250114,2025-01-09,2025-01-10,2025-01-15,2025-01-14,1,7,1030,816.2,532.21,521.27,-237.28,-0.2907,4,0,True,False,5
SHP000367,ORD000367,CUS0127,SKU0021,CAR006,LOC001,LOC015,20250109,20250109,20250115,20250115,2025-01-09,2025-01-09,2025-01-15,2025-01-15,1,13,639,1106.95,869.18,259.12,-21.35,-0.0193,6,0,True,False,5
SHP000390,ORD000390,CUS0245,SKU0025,CAR006,LOC006,LOC021,20250109,20250110,20250115,20250112,2025-01-09,2025-01-10,2025-01-15,2025-01-12,1,1,2044,489.09,334.34,259.73,-104.98,-0.2146,2,0,True,False,5
SHP000393,ORD000393,CUS0137,SKU0032,CAR004,LOC001,LOC023,20250109,20250109,20250112,20250112,2025-01-09,2025-01-09,2025-01-12,2025-01-12,2,10,1459,1286.8,899.5,234.08,153.22,0.1191,3,0,True,False,12
SHP000414,ORD000414,CUS0129,SKU0032,CAR005,LOC009,LOC020,20250109,20250110,20250115,20250113,2025-01-09,2025-01-10,2025-01-15,2025-01-13,1,15,572,1930.2,1349.25,120.97,459.98,0.2383,3,0,True,False,5
SHP000440,ORD000440,CUS0056,SKU0034,CAR006,LOC009,LOC011,20250109,20250109,20250115,20250112,2025-01-09,2025-01-09,2025-01-15,2025-01-12,1,1,854,691.21,390.79,110.33,190.09,0.275,3,0,True,False,5
SHP000600,ORD000600,CUS0125,SKU0031,CAR006,LOC001,LOC032,20250109,20250109,20250115,20250116,2025-01-09,2025-01-09,2025-01-15,2025-01-16,1,8,482,4047.68,2933.2,92.0,1022.48,0.2526,7,1,False,False,48
SHP000621,ORD000621,CUS0104,SKU0012,CAR006,LOC002,LOC027,20250109,20250109,20250112,20250114,2025-01-09,2025-01-09,2025-01-12,2025-01-14,2,18,2267,10814.22,5877.0,568.69,4368.53,0.404,5,2,False,False,73
SHP000690,ORD000690,CUS0180,SKU0014,CAR006,LOC009,LOC015,20250109,20250110,20250115,20250114,2025-01-09,2025-01-10,2025-01-15,2025-01-14,1,16,2020,3390.88,2568.16,286.6,536.12,0.1581,4,0,True,False,5
SHP000918,ORD000918,CUS0107,SKU0030,CAR005,LOC001,LOC020,20250109,20250110,20250115,20250116,2025-01-09,2025-01-10,2025-01-15,2025-01-16,1,16,1873,11047.04,6534.72,375.17,4137.15,0.3745,6,1,False,False,48
SHP001163,ORD001163,CUS0173,SKU0010,CAR001,LOC005,LOC024,20250109,20250110,20250115,20250116,2025-01-09,2025-01-10,2025-01-15,2025-01-16,1,8,1278,445.6,323.76,288.01,-166.17,-0.3729,6,1,False,False,48
SHP001234,ORD001234,CUS0207,SKU0035,CAR001,LOC004,LOC030,20250109,20250109,20250115,20250115,2025-01-09,2025-01-09,2025-01-15,2025-01-15,1,6,617,858.36,639.9,118.73,99.73,0.1162,6,0,True,False,5
SHP001292,ORD001292,CUS0198,SKU0005,CAR005,LOC010,LOC028,20250109,20250109,20250115,20250114,2025-01-09,2025-01-09,2025-01-15,2025-01-14,1,16,589,4285.12,2893.44,160.49,1231.19,0.2873,5,0,True,False,5
SHP001596,ORD001596,CUS0053,SKU0030,CAR001,LOC005,LOC031,20250109,20250110,20250115,20250116,2025-01-09,2025-01-10,2025-01-15,2025-01-16,1,1,2118,690.44,408.42,347.73,-65.71,-0.0952,6,1,False,False,48
SHP001638,ORD001638,CUS0005,SKU0003,CAR006,LOC002,LOC029,20250109,20250109,20250115,20250118,2025-01-09,2025-01-09,2025-01-15,2025-01-18,1,10,1018,262.1,210.9,140.05,-88.85,-0.339,9,3,False,False,84
SHP001695,ORD001695,CUS0106,SKU0031,CAR003,LOC009,LOC022,20250109,20250109,20250110,20250112,2025-01-09,2025-01-09,2025-01-10,2025-01-12,3,1,362,505.96,366.65,252.61,-113.3,-0.2239,3,2,False,False,81
SHP001708,ORD001708,CUS0147,SKU0040,CAR003,LOC008,LOC023,20250109,20250110,20250115,20250113,2025-01-09,2025-01-10,2025-01-15,2025-01-13,1,3,1068,842.94,517.14,491.23,-165.43,-0.1963,3,0,True,False,5
SHP001751,ORD001751,CUS0050,SKU0027,CAR001,LOC007,LOC012,20250109,20250109,20250115,20250116,2025-01-09,2025-01-09,2025-01-15,2025-01-16,1,8,1166,3445.6,2901.12,226.94,317.54,0.0922,7,1,False,False,48
SHP001779,ORD001779,CUS0082,SKU0040,CAR004,LOC008,LOC022,20250109,20250110,20250115,20250115,2025-01-09,2025-01-10,2025-01-15,2025-01-15,1,5,923,1404.9,861.9,133.59,409.41,0.2914,5,0,True,False,5
SHP001799,ORD001799,CUS0137,SKU0031,CAR004,LOC009,LOC025,20250109,20250109,20250115,20250115,2025-01-09,2025-01-09,2025-01-15,2025-01-15,1,14,130,7083.44,5133.1,124.23,1826.11,0.2578,6,0,True,False,5
SHP001864,ORD001864,CUS0249,SKU0023,CAR005,LOC010,LOC015,20250109,20250109,20250115,20250114,2025-01-09,2025-01-09,2025-01-15,2025-01-14,1,12,1336,3485.16,1885.68,220.16,1379.32,0.3958,5,0,True,True,35
SHP001869,ORD001869,CUS0161,SKU0031,CAR005,LOC007,LOC017,20250109,20250110,20250112,20250111,2025-01-09,2025-01-10,2025-01-12,2025-01-11,2,13,1652,6577.48,4766.45,415.75,1395.28,0.2121,1,0,True,False,12
SHP001900,ORD001900,CUS0082,SKU0011,CAR002,LOC002,LOC018,20250109,20250109,20250112,20250113,2025-01-09,2025-01-09,2025-01-12,2025-01-13,2,2,2191,812.38,491.74,333.08,-12.44,-0.0153,4,1,False,False,55
SHP002037,ORD002037,CUS0100,SKU0035,CAR004,LOC010,LOC013,20250109,20250110,20250115,20250117,2025-01-09,2025-01-10,2025-01-15,2025-01-17,1,3,1917,429.18,319.95,234.41,-125.18,-0.2917,7,2,False,False,66
SHP002159,ORD002159,CUS0147,SKU0027,CAR001,LOC004,LOC017,20250109,20250110,20250115,20250116,2025-01-09,2025-01-10,2025-01-15,2025-01-16,1,11,2206,4737.7,3989.04,498.39,250.27,0.0528,6,1,False,False,48
SHP002317,ORD002317,CUS0206,SKU0036,CAR004,LOC008,LOC011,20250109,20250110,20250110,20250110,2025-01-09,2025-01-10,2025-01-10,2025-01-10,3,14,1053,912.52,606.06,171.27,135.19,0.1482,0,0,True,False,20
SHP002379,ORD002379,CUS0070,SKU0014,CAR003,LOC003,LOC018,20250109,20250110,20250112,20250110,2025-01-09,2025-01-10,2025-01-12,2025-01-10,2,15,1235,3178.95,2407.65,687.01,84.29,0.0265,0,0,True,False,12
SHP002452,ORD002452,CUS0245,SKU0024,CAR001,LOC006,LOC018,20250109,20250110,20250115,20250116,2025-01-09,2025-01-10,2025-01-15,2025-01-16,1,4,1460,220.28,181.8,218.41,-179.93,-0.8168,6,1,False,False,48
SHP000057,ORD000057,CUS0208,SKU0006,CAR006,LOC005,LOC020,20250110,20250110,20250116,20250120,2025-01-10,2025-01-10,2025-01-16,2025-01-20,1,15,1493,6189.6,4809.45,281.58,1098.57,0.1775,10,4,False,False,100
SHP000104,ORD000104,CUS0106,SKU0001,CAR002,LOC001,LOC017,20250110,20250111,20250111,20250113,2025-01-10,2025-01-11,2025-01-11,2025-01-13,3,2,2653,49.94,36.6,544.41,-531.07,-10.6342,2,2,False,False,81
SHP000404,ORD000404,CUS0228,SKU0004,CAR004,LOC003,LOC023,20250110,20250111,20250116,20250115,2025-01-10,2025-01-11,2025-01-16,2025-01-15,1,16,663,397.76,302.88,181.2,-86.32,-0.217,4,0,True,False,5
SHP000561,ORD000561,CUS0086,SKU0013,CAR002,LOC003,LOC028,20250110,20250111,20250116,20250116,2025-01-10,2025-01-11,2025-01-16,2025-01-16,1,18,1194,4396.5,2962.98,306.94,1126.58,0.2562,5,0,True,True,35
SHP000668,ORD000668,CUS0082,SKU0010,CAR002,LOC008,LOC013,20250110,20250110,20250113,20250111,2025-01-10,2025-01-10,2025-01-13,2025-01-11,2,5,1669,278.5,202.35,328.06,-251.91,-0.9045,1,0,True,False,12
SHP000768,ORD000768,CUS0019,SKU0023,CAR004,LOC009,LOC026,20250110,20250110,20250113,20250113,2025-01-10,2025-01-10,2025-01-13,2025-01-13,2,2,2520,580.86,314.28,397.98,-131.4,-0.2262,3,0,True,False,12
SHP000791,ORD000791,CUS0059,SKU0039,CAR004,LOC007,LOC032,20250110,20250110,20250111,20250111,2025-01-10,2025-01-10,2025-01-11,2025-01-11,3,16,583,10540.0,6251.36,258.32,4030.32,0.3824,1,0,True,False,20
SHP000998,ORD000998,CUS0042,SKU0015,CAR004,LOC007,LOC027,20250110,20250111,20250116,20250116,2025-01-10,2025-01-11,2025-01-16,2025-01-16,1,11,2672,3687.97,2848.56,415.86,423.55,0.1148,5,0,True,False,5
SHP001071,ORD001071,CUS0202,SKU0011,CAR004,LOC004,LOC023,20250110,20250111,20250116,20250116,2025-01-10,2025-01-11,2025-01-16,2025-01-16,1,13,1729,5280.47,3196.31,224.19,1859.97,0.3522,5,0,True,False,5
SHP001171,ORD001171,CUS0195,SKU0032,CAR003,LOC009,LOC011,20250110,20250110,20250111,20250112,2025-01-10,2025-01-10,2025-01-11,2025-01-12,3,17,2120,2187.56,1529.15,1524.68,-866.27,-0.396,2,1,False,False,63
SHP001203,ORD001203,CUS0225,SKU0006,CAR004,LOC009,LOC024,20250110,20250110,20250116,20250117,2025-01-10,2025-01-10,2025-01-16,2025-01-17,1,6,817,2475.84,1923.78,108.23,443.83,0.1793,7,1,False,False,48
SHP001312,ORD001312,CUS0168,SKU0001,CAR005,LOC007,LOC018,20250110,20250110,20250113,20250112,2025-01-10,2025-01-10,2025-01-13,2025-01-12,2,12,318,299.64,219.6,88.71,-8.67,-0.0289,2,0,True,False,12
SHP001325,ORD001325,CUS0111,SKU0028,CAR006,LOC006,LOC020,20250110,20250110,20250116,20250115,2025-01-10,2025-01-10,2025-01-16,2025-01-15,1,2,372,1075.82,634.72,53.86,387.24,0.3599,5,0,True,False,5
SHP001660,ORD001660,CUS0008,SKU0029,CAR004,LOC002,LOC023,20250110,20250110,20250116,20250115,2025-01-10,2025-01-10,2025-01-16,2025-01-15,1,13,1670,3609.97,2432.56,340.94,836.47,0.2317,5,0,True,False,5
SHP001880,ORD001880,CUS0112,SKU0020,CAR006,LOC004,LOC020,20250110,20250111,20250116,20250114,2025-01-10,2025-01-11,2025-01-16,2025-01-14,1,4,1590,579.12,382.4,234.48,-37.76,-0.0652,3,0,True,False,5
SHP001968,ORD001968,CUS0032,SKU0034,CAR006,LOC001,LOC018,20250110,20250110,20250113,20250113,2025-01-10,2025-01-10,2025-01-13,2025-01-13,2,13,2679,8985.73,5080.27,506.53,3398.93,0.3783,3,0,True,False,12
SHP002032,ORD002032,CUS0152,SKU0037,CAR006,LOC002,LOC028,20250110,20250110,20250116,20250117,2025-01-10,2025-01-10,2025-01-16,2025-01-17,1,17,1704,6962.86,5499.84,383.66,1079.36,0.155,7,1,False,False,48
SHP002087,ORD002087,CUS0124,SKU0035,CAR002,LOC005,LOC014,20250110,20250110,20250113,20250115,2025-01-10,2025-01-10,2025-01-13,2025-01-15,2,9,1988,1287.54,959.85,385.57,-57.88,-0.045,5,2,False,False,73
SHP002138,ORD002138,CUS0160,SKU0006,CAR006,LOC004,LOC029,20250110,20250110,20250111,20250111,2025-01-10,2025-01-10,2025-01-11,2025-01-11,3,2,1405,825.28,641.26,294.04,-110.02,-0.1333,1,0,True,False,20
SHP002307,ORD002307,CUS0174,SKU0027,CAR004,LOC002,LOC018,20250110,20250111,20250111,20250113,2025-01-10,2025-01-11,2025-01-11,2025-01-13,3,9,1386,3876.3,3263.76,345.17,267.37,0.069,2,2,False,False,81
SHP002382,ORD002382,CUS0220,SKU0003,CAR003,LOC005,LOC016,20250110,20250110,20250113,20250114,2025-01-10,2025-01-10,2025-01-13,2025-01-14,2,8,2389,209.68,168.72,1229.06,-1188.1,-5.6663,4,1,False,False,55
SHP000078,ORD000078,CUS0192,SKU0017,CAR004,LOC009,LOC019,20250111,20250111,20250117,20250118,2025-01-11,2025-01-11,2025-01-17,2025-01-18,1,15,946,2064.0,1477.2,220.6,366.2,0.1774,7,1,False,False,48
SHP000184,ORD000184,CUS0201,SKU0020,CAR004,LOC002,LOC031,20250111,20250112,20250117,20250118,2025-01-11,2025-01-12,2025-01-17,2025-01-18,1,4,1998,579.12,382.4,291.36,-94.64,-0.1634,6,1,False,False,48
SHP000187,ORD000187,CUS0147,SKU0033,CAR005,LOC008,LOC016,20250111,20250111,20250117,20250118,2025-01-11,2025-01-11,2025-01-17,2025-01-18,1,2,2610,1222.08,772.84,470.54,-21.3,-0.0174,7,1,False,False,48
SHP000252,ORD000252,CUS0051,SKU0035,CAR003,LOC001,LOC027,20250111,20250111,20250114,20250115,2025-01-11,2025-01-11,2025-01-14,2025-01-15,2,5,2636,715.3,533.25,1277.23,-1095.18,-1.5311,4,1,False,False,55
SHP000463,ORD000463,CUS0231,SKU0005,CAR004,LOC003,LOC018,20250111,20250111,20250117,20250119,2025-01-11,2025-01-11,2025-01-17,2025-01-19,1,10,439,2678.2,1808.4,91.18,778.62,0.2907,8,2,False,False,66
SHP000712,ORD000712,CUS0071,SKU0018,CAR004,LOC009,LOC031,20250111,20250112,20250114,20250114,2025-01-11,2025-01-12,2025-01-14,2025-01-14,2,5,886,615.0,511.85,144.24,-41.09,-0.0668,2,0,True,False,12
SHP000857,ORD000857,CUS0067,SKU0038,CAR002,LOC001,LOC014,20250111,20250112,20250117,20250115,2025-01-11,2025-01-12,2025-01-17,2025-01-15,1,11,1933,1282.6,836.33,335.86,110.41,0.0861,3,0,True,False,5
SHP000926,ORD000926,CUS0102,SKU0012,CAR005,LOC001,LOC017,20250111,20250112,20250112,20250112,2025-01-11,2025-01-12,2025-01-12,2025-01-12,3,17,868,10213.43,5550.5,335.05,4327.88,0.4237,0,0,True,False,20
SHP000993,ORD000993,CUS0221,SKU0021,CAR005,LOC002,LOC016,20250111,20250112,20250112,20250112,2025-01-11,2025-01-12,2025-01-12,2025-01-12,3,3,596,255.45,200.58,149.35,-94.48,-0.3699,0,0,True,False,20
SHP001057,ORD001057,CUS0095,SKU0003,CAR003,LOC006,LOC020,20250111,20250112,20250114,20250113,2025-01-11,2025-01-12,2025-01-14,2025-01-13,2,5,1468,131.05,105.45,810.21,-784.61,-5.9871,1,0,True,False,12
SHP001349,ORD001349,CUS0241,SKU0033,CAR004,LOC008,LOC032,20250111,20250112,20250112,20250115,2025-01-11,2025-01-12,2025-01-12,2025-01-15,3,15,148,9165.6,5796.3,95.88,3273.42,0.3571,3,3,False,False,99
SHP001351,ORD001351,CUS0231,SKU0029,CAR003,LOC003,LOC024,20250111,20250111,20250114,20250115,2025-01-11,2025-01-11,2025-01-14,2025-01-15,2,6,1533,1666.14,1122.72,806.52,-263.1,-0.1579,4,1,False,False,55
SHP001441,ORD001441,CUS0189,SKU0015,CAR005,LOC005,LOC015,20250111,20250111,20250112,20250112,2025-01-11,2025-01-11,2025-01-12,2025-01-12,3,6,2067,2011.62,1553.76,437.87,19.99,0.0099,1,0,True,False,20
SHP001470,ORD001470,CUS0234,SKU0035,CAR004,LOC007,LOC028,20250111,20250112,20250117,20250116,2025-01-11,2025-01-12,2025-01-17,2025-01-16,1,4,795,572.24,426.6,106.83,38.81,0.0678,4,0,True,False,5
SHP001556,ORD001556,CUS0178,SKU0024,CAR003,LOC005,LOC015,20250111,20250111,20250117,20250118,2025-01-11,2025-01-11,2025-01-17,2025-01-18,1,18,1420,991.26,818.1,720.43,-547.27,-0.5521,7,1,False,False,48
SHP001634,ORD001634,CUS0143,SKU0011,CAR002,LOC002,LOC028,20250111,20250111,20250114,20250116,2025-01-11,2025-01-11,2025-01-14,2025-01-16,2,13,777,5280.47,3196.31,125.49,1958.67,0.3709,5,2,False,False,73
SHP001949,ORD001949,CUS0205,SKU0003,CAR005,LOC008,LOC032,20250111,20250112,20250117,20250118,2025-01-11,2025-01-12,2025-01-17,2025-01-18,1,14,2464,366.94,295.26,374.05,-302.37,-0.824,6,1,False,False,48
SHP001959,ORD001959,CUS0124,SKU0038,CAR004,LOC010,LOC014,20250111,20250112,20250114,20250115,2025-01-11,2025-01-12,2025-01-14,2025-01-15,2,6,1383,699.6,456.18,199.58,43.84,0.0627,3,1,False,False,55
SHP002020,ORD002020,CUS0113,SKU0010,CAR005,LOC010,LOC031,20250111,20250111,20250117,20250118,2025-01-11,2025-01-11,2025-01-17,2025-01-18,1,3,2437,167.1,121.41,386.46,-340.77,-2.0393,7,1,False,True,78
SHP002118,ORD002118,CUS0234,SKU0010,CAR005,LOC006,LOC027,20250111,20250112,20250117,20250118,2025-01-11,2025-01-12,2025-01-17,2025-01-18,1,3,1071,167.1,121.41,189.51,-143.82,-0.8607,6,1,False,False,48
SHP002131,ORD002131,CUS0092,SKU0016,CAR001,LOC007,LOC028,20250111,20250111,20250117,20250118,2025-01-11,2025-01-11,2025-01-17,2025-01-18,1,15,776,4050.9,2976.75,275.98,798.17,0.197,7,1,False,False,48
SHP002184,ORD002184,CUS0012,SKU0028,CAR003,LOC004,LOC020,20250111,20250111,20250117,20250118,2025-01-11,2025-01-11,2025-01-17,2025-01-18,1,12,2558,6454.92,3808.32,1335.36,1311.24,0.2031,7,1,False,False,48
SHP002378,ORD002378,CUS0217,SKU0023,CAR004,LOC001,LOC011,20250111,20250111,20250112,20250112,2025-01-11,2025-01-11,2025-01-12,2025-01-12,3,16,604,4646.88,2514.24,117.71,2014.93,0.4336,1,0,True,False,20
SHP002404,ORD002404,CUS0161,SKU0036,CAR001,LOC010,LOC027,20250111,20250112,20250117,20250115,2025-01-11,2025-01-12,2025-01-17,2025-01-15,1,16,1173,1042.88,692.64,207.78,142.46,0.1366,3,0,True,False,5
SHP002433,ORD002433,CUS0124,SKU0005,CAR001,LOC004,LOC016,20250111,20250112,20250117,20250115,2025-01-11,2025-01-12,2025-01-17,2025-01-15,1,16,2569,4285.12,2893.44,518.67,873.01,0.2037,3,0,True,True,35
SHP000135,ORD000135,CUS0054,SKU0016,CAR006,LOC003,LOC017,20250112,20250112,20250118,20250117,2025-01-12,2025-01-12,2025-01-18,2025-01-17,1,4,2569,1080.24,793.8,338.59,-52.15,-0.0483,5,0,True,False,5
SHP000139,ORD000139,CUS0218,SKU0023,CAR001,LOC006,LOC020,20250112,20250113,20250115,20250115,2025-01-12,2025-01-13,2025-01-15,2025-01-15,2,15,1829,4356.45,2357.1,394.59,1604.76,0.3684,2,0,True,False,12
SHP000215,ORD000215,CUS0232,SKU0007,CAR003,LOC003,LOC012,20250112,20250113,20250115,20250114,2025-01-12,2025-01-13,2025-01-15,2025-01-14,2,3,1282,393.75,216.18,615.49,-437.92,-1.1122,1,0,True,False,12
SHP000345,ORD000345,CUS0042,SKU0012,CAR006,LOC008,LOC029,20250112,20250113,20250118,20250118,2025-01-12,2025-01-13,2025-01-18,2025-01-18,1,14,2506,8411.06,4571.0,475.57,3364.49,0.4,5,0,True,False,5
SHP000346,ORD000346,CUS0230,SKU0024,CAR004,LOC002,LOC020,20250112,20250113,20250115,20250117,2025-01-12,2025-01-13,2025-01-15,2025-01-17,2,11,347,605.77,499.95,73.54,32.28,0.0533,4,2,False,False,73
SHP000502,ORD000502,CUS0052,SKU0012,CAR002,LOC008,LOC020,20250112,20250112,20250115,20250113,2025-01-12,2025-01-12,2025-01-15,2025-01-13,2,5,2551,3003.95,1632.5,496.22,875.23,0.2914,1,0,True,False,12
SHP000739,ORD000739,CUS0248,SKU0007,CAR003,LOC003,LOC019,20250112,20250113,20250118,20250120,2025-01-12,2025-01-13,2025-01-18,2025-01-20,1,13,1910,1706.25,936.78,1041.93,-272.46,-0.1597,7,2,False,False,66
SHP000839,ORD000839,CUS0082,SKU0012,CAR005,LOC006,LOC025,20250112,20250112,20250118,20250118,2025-01-12,2025-01-12,2025-01-18,2025-01-18,1,3,763,1802.37,979.5,146.33,676.54,0.3754,6,0,True,False,5
SHP000934,ORD000934,CUS0223,SKU0016,CAR006,LOC007,LOC012,20250112,20250112,20250113,20250114,2025-01-12,2025-01-12,2025-01-13,2025-01-14,3,12,2095,3240.72,2381.4,611.58,247.74,0.0764,2,1,False,False,63
SHP001030,ORD001030,CUS0178,SKU0038,CAR005,LOC008,LOC013,20250112,20250112,20250115,20250118,2025-01-12,2025-01-12,2025-01-15,2025-01-18,2,15,1188,1749.0,1140.45,327.94,280.61,0.1604,6,3,False,False,91
SHP001044,ORD001044,CUS0098,SKU0030,CAR006,LOC001,LOC021,20250112,20250113,20250118,20250117,2025-01-12,2025-01-13,2025-01-18,2025-01-17,1,4,1451,2761.76,1633.68,228.11,899.97,0.3259,4,0,True,False,5
SHP001050,ORD001050,CUS0103,SKU0031,CAR005,LOC002,LOC011,20250112,20250112,20250118,20250117,2025-01-12,2025-01-12,2025-01-18,2025-01-17,1,12,1066,6071.52,4399.8,320.58,1351.14,0.2225,5,0,True,False,5
SHP001097,ORD001097,CUS0001,SKU0004,CAR004,LOC006,LOC032,20250112,20250112,20250113,20250113,2025-01-12,2025-01-12,2025-01-13,2025-01-13,3,5,1572,124.3,94.65,344.53,-314.88,-2.5332,1,0,True,False,20
SHP001225,ORD001225,CUS0117,SKU0012,CAR004,LOC009,LOC012,20250112,20250112,20250118,20250115,2025-01-12,2025-01-12,2025-01-18,2025-01-15,1,12,569,7209.48,3918.0,212.26,3079.22,0.4271,3,0,True,False,5
SHP001414,ORD001414,CUS0147,SKU0013,CAR002,LOC008,LOC028,20250112,20250113,20250118,20250121,2025-01-12,2025-01-13,2025-01-18,2025-01-21,1,3,1831,732.75,493.83,297.91,-58.99,-0.0805,8,3,False,False,84
SHP001447,ORD001447,CUS0118,SKU0034,CAR005,LOC010,LOC012,20250112,20250112,20250113,20250115,2025-01-12,2025-01-12,2025-01-13,2025-01-15,3,4,2334,2764.84,1563.16,622.72,578.96,0.2094,3,2,False,False,81
SHP001539,ORD001539,CUS0145,SKU0025,CAR001,LOC003,LOC014,20250112,20250112,20250118,20250118,2025-01-12,2025-01-12,2025-01-18,2025-01-18,1,18,379,8803.62,6018.12,80.93,2704.57,0.3072,6,0,True,False,5
SHP001781,ORD001781,CUS0165,SKU0020,CAR002,LOC006,LOC013,20250112,20250113,20250118,20250119,2025-01-12,2025-01-13,2025-01-18,2025-01-19,1,12,787,1737.36,1147.2,207.36,382.8,0.2203,6,1,False,False,48
SHP001956,ORD001956,CUS0038,SKU0004,CAR003,LOC006,LOC012,20250112,20250112,20250115,20250116,2025-01-12,2025-01-12,2025-01-15,2025-01-16,2,5,2559,124.3,94.65,1389.05,-1359.4,-10.9364,4,1,False,False,55
SHP002051,ORD002051,CUS0041,SKU0009,CAR006,LOC009,LOC015,20250112,20250112,20250118,20250118,2025-01-12,2025-01-12,2025-01-18,2025-01-18,1,17,575,9661.61,5789.18,157.68,3714.75,0.3845,6,0,True,False,5
SHP002185,ORD002185,CUS0151,SKU0014,CAR002,LOC007,LOC021,20250112,20250112,20250118,20250118,2025-01-12,2025-01-12,2025-01-18,2025-01-18,1,15,1501,3178.95,2407.65,285.91,485.39,0.1527,6,0,True,False,5
SHP002224,ORD002224,CUS0173,SKU0004,CAR006,LOC004,LOC027,20250112,20250113,20250115,20250116,2025-01-12,2025-01-13,2025-01-15,2025-01-16,2,1,2347,24.86,18.93,370.6,-364.67,-14.6689,3,1,False,False,55
SHP002346,ORD002346,CUS0184,SKU0024,CAR006,LOC010,LOC029,20250112,20250112,20250115,20250116,2025-01-12,2025-01-12,2025-01-15,2025-01-16,2,2,744,110.14,90.9,114.92,-95.68,-0.8687,4,1,False,False,55
SHP002415,ORD002415,CUS0241,SKU0030,CAR002,LOC008,LOC017,20250112,20250112,20250118,20250117,2025-01-12,2025-01-12,2025-01-18,2025-01-17,1,5,757,3452.2,2042.1,126.11,1283.99,0.3719,5,0,True,False,5
SHP002453,ORD002453,CUS0070,SKU0033,CAR003,LOC005,LOC032,20250112,20250112,20250118,20250118,2025-01-12,2025-01-12,2025-01-18,2025-01-18,1,4,2579,2444.16,1545.68,1249.62,-351.14,-0.1437,6,0,True,False,5
SHP002477,ORD002477,CUS0144,SKU0020,CAR006,LOC002,LOC013,20250112,20250113,20250118,20250118,2025-01-12,2025-01-13,2025-01-18,2025-01-18,1,1,1611,144.78,95.6,236.41,-187.23,-1.2932,5,0,True,False,5
SHP002500,ORD002500,CUS0012,SKU0028,CAR004,LOC006,LOC014,20250112,20250113,20250118,20250119,2025-01-12,2025-01-13,2025-01-18,2025-01-19,1,16,2254,8606.56,5077.76,344.7,3184.1,0.37,6,1,False,False,48
SHP000019,ORD000019,CUS0096,SKU0017,CAR002,LOC002,LOC022,20250113,20250113,20250119,20250118,2025-01-13,2025-01-13,2025-01-19,2025-01-18,1,11,443,1513.6,1083.28,168.73,261.59,0.1728,5,0,True,False,5
SHP000066,ORD000066,CUS0108,SKU0040,CAR002,LOC006,LOC017,20250113,20250113,20250119,20250120,2025-01-13,2025-01-13,2025-01-19,2025-01-20,1,13,724,3652.74,2240.94,192.72,1219.08,0.3337,7,1,False,False,48
SHP000182,ORD000182,CUS0179,SKU0027,CAR005,LOC004,LOC014,20250113,20250113,20250119,20250122,2025-01-13,2025-01-13,2025-01-19,2025-01-22,1,7,2282,3014.9,2538.48,385.08,91.34,0.0303,9,3,False,False,84
SHP000282,ORD000282,CUS0141,SKU0012,CAR003,LOC006,LOC022,20250113,20250113,20250119,20250117,2025-01-13,2025-01-13,2025-01-19,2025-01-17,1,9,1041,5407.11,2938.5,618.86,1849.75,0.3421,4,0,True,False,5
SHP000489,ORD000489,CUS0126,SKU0013,CAR004,LOC007,LOC022,20250113,20250113,20250116,20250117,2025-01-13,2025-01-13,2025-01-16,2025-01-17,2,17,2376,4152.25,2798.37,460.42,893.46,0.2152,4,1,False,False,55
SHP000745,ORD000745,CUS0080,SKU0039,CAR002,LOC004,LOC019,20250113,20250113,20250116,20250114,2025-01-13,2025-01-13,2025-01-16,2025-01-14,2,10,1390,6587.5,3907.1,294.79,2385.61,0.3621,1,0,True,False,12
SHP000825,ORD000825,CUS0016,SKU0007,CAR005,LOC006,LOC031,20250113,20250113,20250119,20250118,2025-01-13,2025-01-13,2025-01-19,2025-01-18,1,11,1505,1443.75,792.66,317.17,333.92,0.2313,5,0,True,False,5
SHP000850,ORD000850,CUS0234,SKU0014,CAR004,LOC002,LOC023,20250113,20250113,20250119,20250120,2025-01-13,2025-01-13,2025-01-19,2025-01-20,1,13,1611,2755.09,2086.63,258.83,409.63,0.1487,7,1,False,False,48
SHP000872,ORD000872,CUS0106,SKU0027,CAR002,LOC010,LOC030,20250113,20250113,20250119,20250121,2025-01-13,2025-01-13,2025-01-19,2025-01-21,1,14,2676,6029.8,5076.96,406.68,546.16,0.0906,8,2,False,False,66
SHP000913,ORD000913,CUS0112,SKU0005,CAR006,LOC008,LOC011,20250113,20250114,20250119,20250117,2025-01-13,2025-01-14,2025-01-19,2025-01-17,1,10,415,2678.2,1808.4,98.13,771.67,0.2881,3,0,True,False,5
SHP001123,ORD001123,CUS0228,SKU0021,CAR001,LOC009,LOC028,20250113,20250113,20250114,20250114,2025-01-13,2025-01-13,2025-01-14,2025-01-14,3,11,392,936.65,735.46,160.91,40.28,0.043,1,0,True,False,20
SHP001324,ORD001324,CUS0118,SKU0002,CAR004,LOC005,LOC021,20250113,20250114,20250119,20250118,2025-01-13,2025-01-14,2025-01-19,2025-01-18,1,7,817,3569.02,2007.6,110.38,1451.04,0.4066,4,0,True,False,5
SHP001362,ORD001362,CUS0011,SKU0037,CAR006,LOC004,LOC011,20250113,20250114,20250119,20250119,2025-01-13,2025-01-14,2025-01-19,2025-01-19,1,2,1797,819.16,647.04,211.03,-38.91,-0.0475,5,0,True,False,5
SHP001568,ORD001568,CUS0172,SKU0030,CAR002,LOC007,LOC024,20250113,20250114,20250116,20250117,2025-01-13,2025-01-14,2025-01-16,2025-01-17,2,5,1684,3452.2,2042.1,259.41,1150.69,0.3333,3,1,False,False,55
SHP001591,ORD001591,CUS0122,SKU0025,CAR006,LOC007,LOC018,20250113,20250113,20250119,20250117,2025-01-13,2025-01-13,2025-01-19,2025-01-17,1,3,2323,1467.27,1003.02,311.09,153.16,0.1044,4,0,True,False,5
SHP001740,ORD001740,CUS0181,SKU0038,CAR005,LOC006,LOC030,20250113,20250114,20250119,20250118,2025-01-13,2025-01-14,2025-01-19,2025-01-18,1,18,375,2098.8,1368.54,231.59,498.67,0.2376,4,0,True,False,5
SHP001803,ORD001803,CUS0104,SKU0002,CAR004,LOC010,LOC015,20250113,20250113,20250119,20250118,2025-01-13,2025-01-13,2025-01-19,2025-01-18,1,5,378,2549.3,1434.0,52.59,1062.71,0.4169,5,0,True,False,5
SHP001966,ORD001966,CUS0171,SKU0036,CAR002,LOC006,LOC014,20250113,20250113,20250119,20250117,2025-01-13,2025-01-13,2025-01-19,2025-01-17,1,8,1898,521.44,346.32,231.11,-55.99,-0.1074,4,0,True,False,5
SHP002107,ORD002107,CUS0139,SKU0011,CAR002,LOC007,LOC020,20250113,20250114,20250119,20250119,2025-01-13,2025-01-14,2025-01-19,2025-01-19,1,15,76,6092.85,3688.05,22.2,2382.6,0.391,5,0,True,False,5
SHP002208,ORD002208,CUS0010,SKU0026,CAR004,LOC005,LOC027,20250113,20250114,20250119,20250121,2025-01-13,2025-01-14,2025-01-19,2025-01-21,1,8,1252,3029.12,2028.08,154.14,846.9,0.2796,7,2,False,False,66
SHP000213,ORD000213,CUS0030,SKU0019,CAR001,LOC006,LOC024,20250114,20250115,20250120,20250118,2025-01-14,2025-01-15,2025-01-20,2025-01-18,1,4,1147,252.8,141.08,256.15,-144.43,-0.5713,3,0,True,False,5
SHP000245,ORD000245,CUS0023,SKU0039,CAR003,LOC003,LOC028,20250114,20250114,20250120,20250120,2025-01-14,2025-01-14,2025-01-20,2025-01-20,1,10,1688,6587.5,3907.1,764.75,1915.65,0.2908,6,0,True,False,5
SHP000290,ORD000290,CUS0014,SKU0036,CAR001,LOC002,LOC019,20250114,20250114,20250120,20250120,2025-01-14,2025-01-14,2025-01-20,2025-01-20,1,16,1696,1042.88,692.64,339.63,10.61,0.0102,6,0,True,False,5
SHP000384,ORD000384,CUS0186,SKU0015,CAR003,LOC002,LOC012,20250114,20250114,20250117,20250116,2025-01-14,2025-01-14,2025-01-17,2025-01-16,2,12,1101,4023.24,3107.52,586.44,329.28,0.0818,2,0,True,False,12
SHP000447,ORD000447,CUS0060,SKU0032,CAR006,LOC001,LOC016,20250114,20250115,20250120,20250120,2025-01-14,2025-01-15,2025-01-20,2025-01-20,1,16,286,2058.88,1439.2,77.07,542.61,0.2635,5,0,True,False,5
SHP000567,ORD000567,CUS0212,SKU0003,CAR006,LOC005,LOC017,20250114,20250114,20250117,20250117,2025-01-14,2025-01-14,2025-01-17,2025-01-17,2,6,885,157.26,126.54,160.26,-129.54,-0.8237,3,0,True,False,12
SHP000580,ORD000580,CUS0161,SKU0036,CAR002,LOC007,LOC014,20250114,20250114,20250117,20250118,2025-01-14,2025-01-14,2025-01-17,2025-01-18,2,11,2628,716.98,476.19,433.54,-192.75,-0.2688,4,1,False,False,55
SHP000729,ORD000729,CUS0229,SKU0002,CAR004,LOC009,LOC013,20250114,20250115,20250117,20250117,2025-01-14,2025-01-15,2025-01-17,2025-01-17,2,8,2244,4078.88,2294.4,302.37,1482.11,0.3634,2,0,True,False,12
SHP000752,ORD000752,CUS0101,SKU0029,CAR001,LOC003,LOC018,20250114,20250115,20250120,20250118,2025-01-14,2025-01-15,2025-01-20,2025-01-18,1,17,568,4720.73,3181.04,258.48,1281.21,0.2714,3,0,True,False,5
SHP000893,ORD000893,CUS0129,SKU0020,CAR003,LOC004,LOC029,20250114,20250114,20250117,20250116,2025-01-14,2025-01-14,2025-01-17,2025-01-16,2,7,491,1013.46,669.2,390.53,-46.27,-0.0457,2,0,True,False,12
SHP000898,ORD000898,CUS0186,SKU0021,CAR004,LOC001,LOC032,20250114,20250115,20250120,20250120,2025-01-14,2025-01-15,2025-01-20,2025-01-20,1,6,2498,510.9,401.16,393.21,-283.47,-0.5548,5,0,True,False,5
SHP000937,ORD000937,CUS0025,SKU0037,CAR001,LOC007,LOC023,20250114,20250114,20250120,20250121,2025-01-14,2025-01-14,2025-01-20,2025-01-21,1,4,2446,1638.32,1294.08,484.0,-139.76,-0.0853,7,1,False,False,48
SHP000975,ORD000975,CUS0001,SKU0025,CAR005,LOC001,LOC029,20250114,20250114,20250117,20250118,2025-01-14,2025-01-14,2025-01-17,2025-01-18,2,1,2392,489.09,334.34,412.29,-257.54,-0.5266,4,1,False,True,85
SHP001006,ORD001006,CUS0156,SKU0031,CAR003,LOC004,LOC024,20250114,20250115,20250120,20250122,2025-01-14,2025-01-15,2025-01-20,2025-01-22,1,11,649,5565.56,4033.15,406.65,1125.76,0.2023,7,2,False,True,96
SHP001015,ORD001015,CUS0051,SKU0018,CAR006,LOC002,LOC012,20250114,20250115,20250115,20250115,2025-01-14,2025-01-15,2025-01-15,2025-01-15,3,15,2472,1845.0,1535.55,540.84,-231.39,-0.1254,0,0,True,False,20
SHP001039,ORD001039,CUS0214,SKU0010,CAR006,LOC002,LOC026,20250114,20250114,20250120,20250121,2025-01-14,2025-01-14,2025-01-20,2025-01-21,1,15,72,835.5,607.05,179.49,48.96,0.0586,7,1,False,False,48
SHP001167,ORD001167,CUS0133,SKU0033,CAR002,LOC001,LOC032,20250114,20250115,20250120,20250121,2025-01-14,2025-01-15,2025-01-20,2025-01-21,1,18,619,10998.72,6955.56,204.91,3838.25,0.349,6,1,False,False,48
SHP001180,ORD001180,CUS0196,SKU0028,CAR005,LOC005,LOC020,20250114,20250114,20250120,20250119,2025-01-14,2025-01-14,2025-01-20,2025-01-19,1,16,654,8606.56,5077.76,199.24,3329.56,0.3869,5,0,True,False,5
SHP001263,ORD001263,CUS0112,SKU0030,CAR001,LOC001,LOC017,20250114,20250114,20250120,20250121,2025-01-14,2025-01-14,2025-01-20,2025-01-21,1,9,555,6213.96,3675.78,162.49,2375.69,0.3823,7,1,False,False,48
SHP001266,ORD001266,CUS0086,SKU0015,CAR001,LOC009,LOC019,20250114,20250115,20250120,20250120,2025-01-14,2025-01-15,2025-01-20,2025-01-20,1,15,265,5029.05,3884.4,197.93,946.72,0.1883,5,0,True,False,5
SHP001318,ORD001318,CUS0065,SKU0009,CAR004,LOC010,LOC028,20250114,20250115,20250120,20250117,2025-01-14,2025-01-15,2025-01-20,2025-01-17,1,15,1022,8524.95,5108.1,162.48,3254.37,0.3817,2,0,True,False,5
SHP001458,ORD001458,CUS0012,SKU0003,CAR003,LOC003,LOC013,20250114,20250114,20250120,20250121,2025-01-14,2025-01-14,2025-01-20,2025-01-21,1,18,2420,471.78,379.62,1267.04,-1174.88,-2.4903,7,1,False,False,48
SHP001471,ORD001471,CUS0040,SKU0013,CAR006,LOC009,LOC027,20250114,20250114,20250120,20250119,2025-01-14,2025-01-14,2025-01-20,2025-01-19,1,3,994,732.75,493.83,145.31,93.61,0.1278,5,0,True,False,5
SHP001580,ORD001580,CUS0195,SKU0010,CAR003,LOC009,LOC019,20250114,20250114,20250117,20250115,2025-01-14,2025-01-14,2025-01-17,2025-01-15,2,13,2596,724.1,526.11,1737.48,-1539.49,-2.1261,1,0,True,False,12
SHP001606,ORD001606,CUS0167,SKU0024,CAR004,LOC002,LOC024,20250114,20250114,20250117,20250116,2025-01-14,2025-01-14,2025-01-17,2025-01-16,2,15,1814,826.05,681.75,311.74,-167.44,-0.2027,2,0,True,False,12
SHP001628,ORD001628,CUS0218,SKU0034,CAR004,LOC003,LOC019,20250114,20250115,20250120,20250117,2025-01-14,2025-01-15,2025-01-20,2025-01-17,1,2,2057,1382.42,781.58,267.85,332.99,0.2409,2,0,True,False,5
SHP001823,ORD001823,CUS0103,SKU0008,CAR006,LOC004,LOC018,20250114,20250114,20250120,20250120,2025-01-14,2025-01-14,2025-01-20,2025-01-20,1,1,2466,233.72,164.53,333.71,-264.52,-1.1318,6,0,True,False,5
SHP001846,ORD001846,CUS0078,SKU0016,CAR001,LOC009,LOC014,20250114,20250115,20250117,20250116,2025-01-14,2025-01-15,2025-01-17,2025-01-16,2,11,2581,2970.66,2182.95,660.25,127.46,0.0429,1,0,True,False,12
SHP001894,ORD001894,CUS0133,SKU0024,CAR004,LOC007,LOC014,20250114,20250114,20250120,20250121,2025-01-14,2025-01-14,2025-01-20,2025-01-21,1,4,1807,220.28,181.8,223.11,-184.63,-0.8382,7,1,False,False,48
SHP002298,ORD002298,CUS0186,SKU0002,CAR002,LOC005,LOC029,20250114,20250115,20250120,20250121,2025-01-14,2025-01-15,2025-01-20,2025-01-21,1,12,118,6118.32,3441.6,25.66,2651.06,0.4333,6,1,False,False,48
SHP002320,ORD002320,CUS0140,SKU0014,CAR006,LOC009,LOC026,20250114,20250114,20250120,20250121,2025-01-14,2025-01-14,2025-01-20,2025-01-21,1,3,128,635.79,481.53,28.32,125.94,0.1981,7,1,False,False,48
SHP000130,ORD000130,CUS0100,SKU0033,CAR004,LOC003,LOC026,20250115,20250115,20250121,20250119,2025-01-15,2025-01-15,2025-01-21,2025-01-19,1,5,2512,3055.2,1932.1,308.96,814.14,0.2665,4,0,True,False,5
SHP000351,ORD000351,CUS0186,SKU0026,CAR005,LOC008,LOC026,20250115,20250115,20250118,20250118,2025-01-15,2025-01-15,2025-01-18,2025-01-18,2,11,789,4165.04,2788.61,188.05,1188.38,0.2853,3,0,True,False,12
SHP000412,ORD000412,CUS0011,SKU0040,CAR003,LOC002,LOC028,20250115,20250115,20250121,20250119,2025-01-15,2025-01-15,2025-01-21,2025-01-19,1,15,1570,4214.7,2585.7,779.27,849.73,0.2016,4,0,True,False,5
SHP000420,ORD000420,CUS0033,SKU0037,CAR004,LOC001,LOC032,20250115,20250116,20250121,20250121,2025-01-15,2025-01-16,2025-01-21,2025-01-21,1,11,1136,4505.38,3558.72,176.5,770.16,0.1709,5,0,True,False,5
SHP000645,ORD000645,CUS0051,SKU0028,CAR004,LOC010,LOC031,20250115,20250115,20250118,20250117,2025-01-15,2025-01-15,2025-01-18,2025-01-17,2,8,2127,4303.28,2538.88,305.93,1458.47,0.3389,2,0,True,False,12
SHP000666,ORD000666,CUS0020,SKU0023,CAR005,LOC002,LOC012,20250115,20250115,20250121,20250122,2025-01-15,2025-01-15,2025-01-21,2025-01-22,1,10,1436,2904.3,1571.4,265.64,1067.26,0.3675,7,1,False,False,48
SHP000767,ORD000767,CUS0009,SKU0002,CAR003,LOC006,LOC032,20250115,20250115,20250121,20250120,2025-01-15,2025-01-15,2025-01-21,2025-01-20,1,9,313,4588.74,2581.2,152.05,1855.49,0.4044,5,0,True,False,5
SHP000810,ORD000810,CUS0155,SKU0009,CAR005,LOC007,LOC013,20250115,20250116,20250116,20250118,2025-01-15,2025-01-16,2025-01-16,2025-01-18,3,11,151,6251.63,3745.94,114.36,2391.33,0.3825,2,2,False,False,81
SHP001134,ORD001134,CUS0072,SKU0019,CAR002,LOC009,LOC013,20250115,20250116,20250118,20250118,2025-01-15,2025-01-16,2025-01-18,2025-01-18,2,5,1815,316.0,176.35,330.12,-190.47,-0.6028,2,0,True,False,12
SHP001231,ORD001231,CUS0054,SKU0005,CAR001,LOC009,LOC016,20250115,20250115,20250118,20250117,2025-01-15,2025-01-15,2025-01-18,2025-01-17,2,11,2207,2946.02,1989.24,482.22,474.56,0.1611,2,0,True,False,12
SHP001278,ORD001278,CUS0188,SKU0002,CAR005,LOC009,LOC011,20250115,20250115,20250121,20250120,2025-01-15,2025-01-15,2025-01-21,2025-01-20,1,15,2132,7647.9,4302.0,399.19,2946.71,0.3853,5,0,True,False,5
SHP001289,ORD001289,CUS0170,SKU0023,CAR005,LOC004,LOC026,20250115,20250116,20250121,20250120,2025-01-15,2025-01-16,2025-01-21,2025-01-20,1,8,907,2323.44,1257.12,142.56,923.76,0.3976,4,0,True,False,5
SHP001321,ORD001321,CUS0228,SKU0012,CAR001,LOC001,LOC011,20250115,20250116,20250121,20250123,2025-01-15,2025-01-16,2025-01-21,2025-01-23,1,8,1650,4806.32,2612.0,345.23,1849.09,0.3847,7,2,False,False,66
SHP001352,ORD001352,CUS0248,SKU0023,CAR006,LOC010,LOC021,20250115,20250115,20250121,20250118,2025-01-15,2025-01-15,2025-01-21,2025-01-18,1,6,2479,1742.58,942.84,331.34,468.4,0.2688,3,0,True,False,5
SHP001464,ORD001464,CUS0235,SKU0033,CAR005,LOC008,LOC015,20250115,20250116,20250121,20250121,2025-01-15,2025-01-16,2025-01-21,2025-01-21,1,16,528,9776.64,6182.72,161.5,3432.42,0.3511,5,0,True,False,5
SHP001562,ORD001562,CUS0202,SKU0012,CAR006,LOC007,LOC014,20250115,20250115,20250118,20250118,2025-01-15,2025-01-15,2025-01-18,2025-01-18,2,3,1410,1802.37,979.5,205.47,617.4,0.3425,3,0,True,False,12
SHP001706,ORD001706,CUS0076,SKU0003,CAR004,LOC010,LOC026,20250115,20250115,20250121,20250121,2025-01-15,2025-01-15,2025-01-21,2025-01-21,1,13,720,340.73,274.17,106.65,-40.09,-0.1177,6,0,True,False,5
SHP001754,ORD001754,CUS0070,SKU0040,CAR005,LOC008,LOC017,20250115,20250116,20250121,20250121,2025-01-15,2025-01-16,2025-01-21,2025-01-21,1,13,123,3652.74,2240.94,76.95,1334.85,0.3654,5,0,True,False,5
SHP001792,ORD001792,CUS0193,SKU0032,CAR002,LOC006,LOC031,20250115,20250116,20250121,20250121,2025-01-15,2025-01-16,2025-01-21,2025-01-21,1,8,1624,1029.44,719.6,237.27,72.57,0.0705,5,0,True,False,5
SHP001807,ORD001807,CUS0188,SKU0016,CAR005,LOC004,LOC020,20250115,20250115,20250118,20250118,2025-01-15,2025-01-15,2025-01-18,2025-01-18,2,6,1756,1620.36,1190.7,385.02,44.64,0.0275,3,0,True,False,12
SHP001908,ORD001908,CUS0233,SKU0006,CAR003,LOC002,LOC023,20250115,20250115,20250121,20250123,2025-01-15,2025-01-15,2025-01-21,2025-01-23,1,4,222,1650.56,1282.52,112.28,255.76,0.155,8,2,False,False,66
SHP002071,ORD002071,CUS0154,SKU0034,CAR004,LOC009,LOC016,20250115,20250115,20250121,20250121,2025-01-15,2025-01-15,2025-01-21,2025-01-21,1,15,274,10368.15,5861.85,176.07,4330.23,0.4176,6,0,True,False,5
SHP002104,ORD002104,CUS0022,SKU0022,CAR002,LOC001,LOC032,20250115,20250116,20250121,20250120,2025-01-15,2025-01-16,2025-01-21,2025-01-20,1,18,1634,3288.78,2092.5,442.08,754.2,0.2293,4,0,True,False,5
SHP002201,ORD002201,CUS0080,SKU0007,CAR001,LOC006,LOC031,20250115,20250115,20250116,20250117,2025-01-15,2025-01-15,2025-01-16,2025-01-17,3,18,421,2362.5,1297.08,172.84,892.58,0.3778,2,1,False,False,63
SHP002223,ORD002223,CUS0210,SKU0006,CAR003,LOC005,LOC030,20250115,20250115,20250118,20250117,2025-01-15,2025-01-15,2025-01-18,2025-01-17,2,2,2467,825.28,641.26,1360.59,-1176.57,-1.4257,2,0,True,False,12
SHP002460,ORD002460,CUS0174,SKU0034,CAR005,LOC004,LOC019,20250115,20250116,20250121,20250117,2025-01-15,2025-01-16,2025-01-21,2025-01-17,1,15,834,10368.15,5861.85,275.5,4230.8,0.4081,1,0,True,False,5
SHP002482,ORD002482,CUS0025,SKU0003,CAR001,LOC005,LOC027,20250115,20250115,20250121,20250123,2025-01-15,2025-01-15,2025-01-21,2025-01-23,1,1,405,26.21,21.09,62.73,-57.61,-2.198,8,2,False,False,66
SHP000146,ORD000146,CUS0247,SKU0023,CAR004,LOC002,LOC018,20250116,20250117,20250122,20250124,2025-01-16,2025-01-17,2025-01-22,2025-01-24,1,13,1358,3775.59,2042.82,176.33,1556.44,0.4122,7,2,False,False,66
SHP000318,ORD000318,CUS0238,SKU0039,CAR001,LOC005,LOC027,20250116,20250116,20250119,20250120,2025-01-16,2025-01-16,2025-01-19,2025-01-20,2,8,2666,5270.0,3125.68,589.97,1554.35,0.2949,4,1,False,False,55
SHP000523,ORD000523,CUS0245,SKU0013,CAR005,LOC009,LOC011,20250116,20250116,20250119,20250117,2025-01-16,2025-01-16,2025-01-19,2025-01-17,2,3,2405,732.75,493.83,510.14,-271.22,-0.3701,1,0,True,False,12
SHP000708,ORD000708,CUS0230,SKU0017,CAR002,LOC004,LOC023,20250116,20250116,20250122,20250125,2025-01-16,2025-01-16,2025-01-22,2025-01-25,1,10,450,1376.0,984.8,133.96,257.24,0.1869,9,3,False,False,84
SHP000722,ORD000722,CUS0058,SKU0002,CAR001,LOC007,LOC018,20250116,20250116,20250119,20250120,2025-01-16,2025-01-16,2025-01-19,2025-01-20,2,4,112,2039.44,1147.2,28.79,863.45,0.4234,4,1,False,False,55
SHP000789,ORD000789,CUS0156,SKU0004,CAR004,LOC005,LOC018,20250116,20250117,20250119,20250118,2025-01-16,2025-01-17,2025-01-19,2025-01-18,2,17,1368,422.62,321.81,327.76,-226.95,-0.537,1,0,True,False,12
SHP000793,ORD000793,CUS0191,SKU0031,CAR001,LOC002,LOC015,20250116,20250117,20250122,20250122,2025-01-16,2025-01-17,2025-01-22,2025-01-22,1,18,1837,9107.28,6599.7,359.02,2148.56,0.2359,5,0,True,False,5
SHP000958,ORD000958,CUS0028,SKU0019,CAR003,LOC002,LOC026,20250116,20250116,20250119,20250118,2025-01-16,2025-01-16,2025-01-19,2025-01-18,2,10,808,632.0,352.7,463.32,-184.02,-0.2912,2,0,True,False,12
SHP001041,ORD001041,CUS0065,SKU0005,CAR004,LOC010,LOC020,20250116,20250117,20250122,20250123,2025-01-16,2025-01-17,2025-01-22,2025-01-23,1,3,1534,803.46,542.52,168.0,92.94,0.1157,6,1,False,False,48
SHP001132,ORD001132,CUS0097,SKU0027,CAR006,LOC004,LOC031,20250116,20250116,20250119,20250120,2025-01-16,2025-01-16,2025-01-19,2025-01-20,2,11,2195,4737.7,3989.04,428.44,320.22,0.0676,4,1,False,False,55
SHP001169,ORD001169,CUS0207,SKU0010,CAR001,LOC002,LOC028,20250116,20250116,20250122,20250124,2025-01-16,2025-01-16,2025-01-22,2025-01-24,1,8,1932,445.6,323.76,409.27,-287.43,-0.645,8,2,False,False,66
SHP001206,ORD001206,CUS0221,SKU0026,CAR004,LOC003,LOC011,20250116,20250117,20250122,20250124,2025-01-16,2025-01-17,2025-01-22,2025-01-24,1,2,1036,757.28,507.02,131.69,118.57,0.1566,7,2,False,False,66
SHP001242,ORD001242,CUS0057,SKU0032,CAR002,LOC010,LOC021,20250116,20250117,20250122,20250121,2025-01-16,2025-01-17,2025-01-22,2025-01-21,1,15,1680,1930.2,1349.25,283.57,297.38,0.1541,4,0,True,False,5
SHP001322,ORD001322,CUS0049,SKU0019,CAR003,LOC004,LOC028,20250116,20250117,20250122,20250122,2025-01-16,2025-01-17,2025-01-22,2025-01-22,1,3,1641,189.6,105.81,730.32,-646.53,-3.41,5,0,True,False,5
SHP001391,ORD001391,CUS0171,SKU0004,CAR003,LOC007,LOC014,20250116,20250117,20250117,20250117,2025-01-16,2025-01-17,2025-01-17,2025-01-17,3,10,1085,248.6,189.3,726.42,-667.12,-2.6835,0,0,True,False,20
SHP001418,ORD001418,CUS0151,SKU0008,CAR001,LOC008,LOC023,20250116,20250117,20250122,20250123,2025-01-16,2025-01-17,2025-01-22,2025-01-23,1,6,1511,1402.32,987.18,306.75,108.39,0.0773,6,1,False,False,48
SHP001482,ORD001482,CUS0103,SKU0011,CAR002,LOC009,LOC030,20250116,20250116,20250119,20250121,2025-01-16,2025-01-16,2025-01-19,2025-01-21,2,2,1948,812.38,491.74,304.39,16.25,0.02,5,2,False,True,100
SHP001488,ORD001488,CUS0078,SKU0019,CAR003,LOC007,LOC026,20250116,20250117,20250122,20250122,2025-01-16,2025-01-17,2025-01-22,2025-01-22,1,9,608,568.8,317.43,385.07,-133.7,-0.2351,5,0,True,False,5
SHP001499,ORD001499,CUS0224,SKU0006,CAR001,LOC007,LOC012,20250116,20250117,20250122,20250122,2025-01-16,2025-01-17,2025-01-22,2025-01-22,1,14,2204,5776.96,4488.82,526.28,761.86,0.1319,5,0,True,False,5
SHP001514,ORD001514,CUS0021,SKU0038,CAR001,LOC010,LOC026,20250116,20250117,20250122,20250120,2025-01-16,2025-01-17,2025-01-22,2025-01-20,1,8,1088,932.8,608.24,265.24,59.32,0.0636,3,0,True,False,5
SHP001656,ORD001656,CUS0189,SKU0012,CAR002,LOC010,LOC031,20250116,20250117,20250122,20250121,2025-01-16,2025-01-17,2025-01-22,2025-01-21,1,5,1792,3003.95,1632.5,319.21,1052.24,0.3503,4,0,True,False,5
SHP001686,ORD001686,CUS0127,SKU0037,CAR003,LOC008,LOC015,20250116,20250116,20250122,20250119,2025-01-16,2025-01-16,2025-01-22,2025-01-19,1,17,693,6962.86,5499.84,487.48,975.54,0.1401,3,0,True,False,5
SHP001723,ORD001723,CUS0183,SKU0021,CAR005,LOC001,LOC022,20250116,20250117,20250122,20250120,2025-01-16,2025-01-17,2025-01-22,2025-01-20,1,7,2361,596.05,468.02,438.56,-310.53,-0.521,3,0,True,False,5
SHP001746,ORD001746,CUS0147,SKU0004,CAR002,LOC001,LOC014,20250116,20250117,20250122,20250121,2025-01-16,2025-01-17,2025-01-22,2025-01-21,1,18,1778,447.48,340.74,326.9,-220.16,-0.492,4,0,True,False,5
SHP001783,ORD001783,CUS0073,SKU0035,CAR006,LOC010,LOC014,20250116,20250117,20250122,20250124,2025-01-16,2025-01-17,2025-01-22,2025-01-24,1,12,1166,1716.72,1279.8,272.94,163.98,0.0955,7,2,False,False,66
SHP001819,ORD001819,CUS0152,SKU0013,CAR003,LOC003,LOC029,20250116,20250116,20250117,20250117,2025-01-16,2025-01-16,2025-01-17,2025-01-17,3,13,823,3175.25,2139.93,607.17,428.15,0.1348,1,0,True,False,20
SHP002126,ORD002126,CUS0245,SKU0031,CAR005,LOC006,LOC020,20250116,20250117,20250122,20250123,2025-01-16,2025-01-17,2025-01-22,2025-01-23,1,2,2006,1011.92,733.3,364.1,-85.48,-0.0845,6,1,False,False,48
SHP002164,ORD002164,CUS0037,SKU0039,CAR006,LOC006,LOC019,20250116,20250116,20250122,20250122,2025-01-16,2025-01-16,2025-01-22,2025-01-22,1,16,320,10540.0,6251.36,195.91,4092.73,0.3883,6,0,True,False,5
SHP000013,ORD000013,CUS0213,SKU0005,CAR005,LOC010,LOC011,20250117,20250118,20250120,20250120,2025-01-17,2025-01-18,2025-01-20,2025-01-20,2,7,1024,1874.74,1265.88,191.08,417.78,0.2228,2,0,True,False,12
SHP000140,ORD000140,CUS0229,SKU0022,CAR006,LOC008,LOC011,20250117,20250117,20250123,20250122,2025-01-17,2025-01-17,2025-01-23,2025-01-22,1,16,268,2923.36,1860.0,149.0,914.36,0.3128,5,0,True,False,5
SHP000153,ORD000153,CUS0198,SKU0008,CAR001,LOC010,LOC031,20250117,20250117,20250120,20250119,2025-01-17,2025-01-17,2025-01-20,2025-01-19,2,9,2215,2103.48,1480.77,489.5,133.21,0.0633,2,0,True,False,12
SHP000321,ORD000321,CUS0051,SKU0036,CAR004,LOC004,LOC018,20250117,20250117,20250120,20250119,2025-01-17,2025-01-17,2025-01-20,2025-01-19,2,16,2368,1042.88,692.64,369.63,-19.39,-0.0186,2,0,True,False,12
SHP000538,ORD000538,CUS0187,SKU0034,CAR003,LOC009,LOC030,20250117,20250118,20250123,20250124,2025-01-17,2025-01-18,2025-01-23,2025-01-24,1,8,855,5529.68,3126.32,429.62,1973.74,0.3569,6,1,False,False,48
SHP000554,ORD000554,CUS0097,SKU0035,CAR006,LOC004,LOC012,20250117,20250117,20250120,20250121,2025-01-17,2025-01-17,2025-01-20,2025-01-21,2,7,1602,1001.42,746.55,273.31,-18.44,-0.0184,4,1,False,False,55
SHP000646,ORD000646,CUS0238,SKU0013,CAR002,LOC001,LOC023,20250117,20250118,20250123,20250121,2025-01-17,2025-01-18,2025-01-23,2025-01-21,1,9,1816,2198.25,1481.49,277.74,439.02,0.1997,3,0,True,False,5
SHP000677,ORD000677,CUS0015,SKU0040,CAR002,LOC008,LOC026,20250117,20250118,20250120,20250118,2025-01-17,2025-01-18,2025-01-20,2025-01-18,2,13,2360,3652.74,2240.94,392.0,1019.8,0.2792,0,0,True,False,12
SHP000773,ORD000773,CUS0169,SKU0008,CAR001,LOC006,LOC018,20250117,20250118,20250123,20250126,2025-01-17,2025-01-18,2025-01-23,2025-01-26,1,16,913,3739.52,2632.48,234.28,872.76,0.2334,8,3,False,False,84
SHP000869,ORD000869,CUS0102,SKU0007,CAR002,LOC007,LOC028,20250117,20250118,20250123,20250123,2025-01-17,2025-01-18,2025-01-23,2025-01-23,1,4,1255,525.0,288.24,165.84,70.92,0.1351,5,0,True,False,5
SHP001054,ORD001054,CUS0123,SKU0005,CAR005,LOC007,LOC031,20250117,20250118,20250120,20250121,2025-01-17,2025-01-18,2025-01-20,2025-01-21,2,5,367,1339.1,904.2,80.42,354.48,0.2647,3,1,False,False,55
SHP001102,ORD001102,CUS0198,SKU0019,CAR003,LOC007,LOC024,20250117,20250117,20250123,20250125,2025-01-17,2025-01-17,2025-01-23,2025-01-25,1,3,1380,189.6,105.81,690.02,-606.23,-3.1974,8,2,False,False,66
SHP001127,ORD001127,CUS0105,SKU0016,CAR001,LOC004,LOC026,20250117,20250117,20250123,20250122,2025-01-17,2025-01-17,2025-01-23,2025-01-22,1,17,2432,4591.02,3373.65,690.32,527.05,0.1148,5,0,True,False,5
SHP001258,ORD001258,CUS0242,SKU0017,CAR001,LOC001,LOC024,20250117,20250117,20250123,20250124,2025-01-17,2025-01-17,2025-01-23,2025-01-24,1,1,709,137.6,98.48,141.12,-102.0,-0.7413,7,1,False,False,48
SHP001260,ORD001260,CUS0167,SKU0034,CAR001,LOC003,LOC032,20250117,20250117,20250123,20250125,2025-01-17,2025-01-17,2025-01-23,2025-01-25,1,10,1472,6912.1,3907.9,373.43,2630.77,0.3806,8,2,False,False,66
SHP001335,ORD001335,CUS0217,SKU0009,CAR003,LOC002,LOC031,20250117,20250118,20250123,20250123,2025-01-17,2025-01-18,2025-01-23,2025-01-23,1,5,2423,2841.65,1702.7,1196.65,-57.7,-0.0203,5,0,True,False,5
SHP001621,ORD001621,CUS0089,SKU0002,CAR005,LOC005,LOC019,20250117,20250117,20250123,20250123,2025-01-17,2025-01-17,2025-01-23,2025-01-23,1,18,1014,9177.48,5162.4,189.69,3825.39,0.4168,6,0,True,False,5
SHP001629,ORD001629,CUS0040,SKU0009,CAR001,LOC009,LOC014,20250117,20250117,20250123,20250122,2025-01-17,2025-01-17,2025-01-23,2025-01-22,1,9,1111,5114.97,3064.86,262.84,1787.27,0.3494,5,0,True,False,5
SHP001641,ORD001641,CUS0183,SKU0034,CAR003,LOC007,LOC013,20250117,20250118,20250123,20250125,2025-01-17,2025-01-18,2025-01-23,2025-01-25,1,7,1004,4838.47,2735.53,483.87,1619.07,0.3346,7,2,False,False,66
SHP001680,ORD001680,CUS0210,SKU0037,CAR004,LOC005,LOC016,20250117,20250118,20250123,20250123,2025-01-17,2025-01-18,2025-01-23,2025-01-23,1,10,783,4095.8,3235.2,117.62,742.98,0.1814,5,0,True,False,5
SHP001743,ORD001743,CUS0167,SKU0035,CAR004,LOC007,LOC013,20250117,20250117,20250123,20250125,2025-01-17,2025-01-17,2025-01-23,2025-01-25,1,17,1258,2432.02,1813.05,227.08,391.89,0.1611,8,2,False,False,66
SHP001786,ORD001786,CUS0104,SKU0035,CAR003,LOC001,LOC015,20250117,20250118,20250123,20250122,2025-01-17,2025-01-18,2025-01-23,2025-01-22,1,5,2678,715.3,533.25,1431.2,-1249.15,-1.7463,4,0,True,False,5
SHP001945,ORD001945,CUS0088,SKU0020,CAR001,LOC002,LOC015,20250117,20250118,20250120,20250118,2025-01-17,2025-01-18,2025-01-20,2025-01-18,2,1,455,144.78,95.6,94.93,-45.75,-0.316,0,0,True,False,12
SHP001970,ORD001970,CUS0248,SKU0004,CAR004,LOC005,LOC028,20250117,20250118,20250123,20250123,2025-01-17,2025-01-18,2025-01-23,2025-01-23,1,4,106,99.44,75.72,42.22,-18.5,-0.186,5,0,True,False,5
SHP002018,ORD002018,CUS0083,SKU0035,CAR006,LOC007,LOC020,20250117,20250117,20250123,20250124,2025-01-17,2025-01-17,2025-01-23,2025-01-24,1,8,2079,1144.48,853.2,285.41,5.87,0.0051,7,1,False,False,48
SHP002055,ORD002055,CUS0119,SKU0036,CAR001,LOC001,LOC021,20250117,20250117,20250123,20250124,2025-01-17,2025-01-17,2025-01-23,2025-01-24,1,7,1279,456.26,303.03,243.91,-90.68,-0.1987,7,1,False,False,48
SHP002060,ORD002060,CUS0006,SKU0038,CAR001,LOC009,LOC023,20250117,20250117,20250120,20250120,2025-01-17,2025-01-17,2025-01-20,2025-01-20,2,5,470,583.0,380.15,152.35,50.5,0.0866,3,0,True,False,12
SHP002063,ORD002063,CUS0246,SKU0006,CAR006,LOC004,LOC015,20250117,20250118,20250123,20250122,2025-01-17,2025-01-18,2025-01-23,2025-01-22,1,12,300,4951.68,3847.56,110.19,993.93,0.2007,4,0,True,False,5
SHP002152,ORD002152,CUS0237,SKU0034,CAR005,LOC010,LOC026,20250117,20250118,20250123,20250123,2025-01-17,2025-01-18,2025-01-23,2025-01-23,1,3,1043,2073.63,1172.37,181.87,719.39,0.3469,5,0,True,False,5
SHP002222,ORD002222,CUS0007,SKU0022,CAR005,LOC001,LOC032,20250117,20250117,20250123,20250123,2025-01-17,2025-01-17,2025-01-23,2025-01-23,1,2,781,365.42,232.5,125.65,7.27,0.0199,6,0,True,False,5
SHP002273,ORD002273,CUS0020,SKU0032,CAR003,LOC006,LOC022,20250117,20250118,20250123,20250121,2025-01-17,2025-01-18,2025-01-23,2025-01-21,1,16,206,2058.88,1439.2,136.09,483.59,0.2349,3,0,True,False,5
SHP002385,ORD002385,CUS0222,SKU0034,CAR004,LOC001,LOC026,20250117,20250117,20250120,20250122,2025-01-17,2025-01-17,2025-01-20,2025-01-22,2,3,2207,2073.63,1172.37,325.2,576.06,0.2778,5,2,False,False,73
SHP002454,ORD002454,CUS0155,SKU0001,CAR001,LOC005,LOC018,20250117,20250117,20250120,20250120,2025-01-17,2025-01-17,2025-01-20,2025-01-20,2,4,671,99.88,73.2,150.74,-124.06,-1.2421,3,0,True,False,12
SHP000038,ORD000038,CUS0130,SKU0007,CAR005,LOC010,LOC015,20250118,20250119,20250124,20250125,2025-01-18,2025-01-19,2025-01-24,2025-01-25,1,10,2226,1312.5,720.6,360.19,231.71,0.1765,6,1,False,False,48
SHP000111,ORD000111,CUS0191,SKU0033,CAR003,LOC010,LOC023,20250118,20250119,20250121,20250122,2025-01-18,2025-01-19,2025-01-21,2025-01-22,2,3,381,1833.12,1159.26,236.69,437.17,0.2385,3,1,False,False,55
SHP000255,ORD000255,CUS0243,SKU0037,CAR005,LOC008,LOC018,20250118,20250118,20250124,20250122,2025-01-18,2025-01-18,2025-01-24,2025-01-22,1,6,2050,2457.48,1941.12,324.16,192.2,0.0782,4,0,True,False,5
SHP000372,ORD000372,CUS0229,SKU0030,CAR006,LOC008,LOC027,20250118,20250119,20250124,20250124,2025-01-18,2025-01-19,2025-01-24,2025-01-24,1,14,2545,9666.16,5717.88,450.28,3498.0,0.3619,5,0,True,False,5
SHP000553,ORD000553,CUS0240,SKU0022,CAR002,LOC010,LOC024,20250118,20250118,20250124,20250124,2025-01-18,2025-01-18,2025-01-24,2025-01-24,1,4,1595,730.84,465.0,296.94,-31.1,-0.0426,6,0,True,False,5
SHP000824,ORD000824,CUS0082,SKU0001,CAR004,LOC001,LOC020,20250118,20250118,20250124,20250122,2025-01-18,2025-01-18,2025-01-24,2025-01-22,1,16,804,399.52,292.8,112.44,-5.72,-0.0143,4,0,True,False,5
SHP000851,ORD000851,CUS0210,SKU0019,CAR006,LOC010,LOC011,20250118,20250118,20250124,20250124,2025-01-18,2025-01-18,2025-01-24,2025-01-24,1,11,1683,695.2,387.97,277.25,29.98,0.0431,6,0,True,False,5
SHP000951,ORD000951,CUS0080,SKU0029,CAR005,LOC007,LOC015,20250118,20250119,20250119,20250119,2025-01-18,2025-01-19,2025-01-19,2025-01-19,3,7,1022,1943.83,1309.84,345.49,288.5,0.1484,0,0,True,False,20
SHP000954,ORD000954,CUS0080,SKU0007,CAR003,LOC008,LOC013,20250118,20250118,20250121,20250122,2025-01-18,2025-01-18,2025-01-21,2025-01-22,2,6,796,787.5,432.36,504.16,-149.02,-0.1892,4,1,False,False,55
SHP001052,ORD001052,CUS0096,SKU0001,CAR001,LOC005,LOC029,20250118,20250118,20250121,20250122,2025-01-18,2025-01-18,2025-01-21,2025-01-22,2,13,2159,324.61,237.9,422.42,-335.71,-1.0342,4,1,False,False,55
SHP001053,ORD001053,CUS0206,SKU0031,CAR002,LOC009,LOC031,20250118,20250118,20250124,20250125,2025-01-18,2025-01-18,2025-01-24,2025-01-25,1,8,2030,4047.68,2933.2,294.79,819.69,0.2025,7,1,False,False,48
SHP001089,ORD001089,CUS0205,SKU0027,CAR002,LOC001,LOC019,20250118,20250119,20250124,20250122,2025-01-18,2025-01-19,2025-01-24,2025-01-22,1,7,932,3014.9,2538.48,144.1,332.32,0.1102,3,0,True,False,5
SHP001141,ORD001141,CUS0120,SKU0014,CAR004,LOC008,LOC015,20250118,20250118,20250124,20250122,2025-01-18,2025-01-18,2025-01-24,2025-01-22,1,2,490,423.86,321.02,74.05,28.79,0.0679,4,0,True,False,5
SHP001228,ORD001228,CUS0087,SKU0033,CAR006,LOC010,LOC024,20250118,20250119,20250124,20250123,2025-01-18,2025-01-19,2025-01-24,2025-01-23,1,11,1215,6721.44,4250.62,210.65,2260.17,0.3363,4,0,True,False,5
SHP001252,ORD001252,CUS0029,SKU0008,CAR004,LOC001,LOC014,20250118,20250118,20250124,20250122,2025-01-18,2025-01-18,2025-01-24,2025-01-22,1,3,1719,701.16,493.59,236.1,-28.53,-0.0407,4,0,True,False,5
SHP001490,ORD001490,CUS0048,SKU0012,CAR002,LOC004,LOC031,20250118,20250119,20250124,20250123,2025-01-18,2025-01-19,2025-01-24,2025-01-23,1,14,581,8411.06,4571.0,225.44,3614.62,0.4297,4,0,True,False,5
SHP001516,ORD001516,CUS0103,SKU0014,CAR001,LOC009,LOC026,20250118,20250118,20250124,20250125,2025-01-18,2025-01-18,2025-01-24,2025-01-25,1,15,1475,3178.95,2407.65,338.87,432.43,0.136,7,1,False,False,48
SHP001594,ORD001594,CUS0128,SKU0037,CAR005,LOC007,LOC031,20250118,20250118,20250124,20250125,2025-01-18,2025-01-18,2025-01-24,2025-01-25,1,12,473,4914.96,3882.24,126.43,906.29,0.1844,7,1,False,False,48
SHP001648,ORD001648,CUS0177,SKU0018,CAR004,LOC005,LOC013,20250118,20250118,20250124,20250123,2025-01-18,2025-01-18,2025-01-24,2025-01-23,1,2,778,246.0,204.74,96.37,-55.11,-0.224,5,0,True,False,5
SHP001838,ORD001838,CUS0094,SKU0026,CAR001,LOC001,LOC032,20250118,20250118,20250121,20250120,2025-01-18,2025-01-18,2025-01-21,2025-01-20,2,12,1130,4543.68,3042.12,223.35,1278.21,0.2813,2,0,True,False,12
SHP001922,ORD001922,CUS0105,SKU0031,CAR006,LOC002,LOC023,20250118,20250119,20250121,20250122,2025-01-18,2025-01-19,2025-01-21,2025-01-22,2,8,1528,4047.68,2933.2,316.21,798.27,0.1972,3,1,False,False,55
SHP001974,ORD001974,CUS0140,SKU0029,CAR002,LOC008,LOC014,20250118,20250118,20250121,20250119,2025-01-18,2025-01-18,2025-01-21,2025-01-19,2,13,173,3609.97,2432.56,161.81,1015.6,0.2813,1,0,True,False,12
SHP002008,ORD002008,CUS0116,SKU0002,CAR003,LOC010,LOC022,20250118,20250118,20250124,20250123,2025-01-18,2025-01-18,2025-01-24,2025-01-23,1,11,906,5608.46,3154.8,462.41,1991.25,0.355,5,0,True,False,5
SHP002174,ORD002174,CUS0169,SKU0035,CAR003,LOC001,LOC025,20250118,20250119,20250121,20250122,2025-01-18,2025-01-19,2025-01-21,2025-01-22,2,3,1841,429.18,319.95,907.6,-798.37,-1.8602,3,1,False,False,55
SHP002242,ORD002242,CUS0112,SKU0005,CAR006,LOC004,LOC031,20250118,20250119,20250124,20250124,2025-01-18,2025-01-19,2025-01-24,2025-01-24,1,9,726,2410.38,1627.56,128.31,654.51,0.2715,5,0,True,False,5
SHP002435,ORD002435,CUS0171,SKU0003,CAR001,LOC008,LOC026,20250118,20250119,20250124,20250126,2025-01-18,2025-01-19,2025-01-24,2025-01-26,1,9,2027,235.89,189.81,330.71,-284.63,-1.2066,7,2,False,False,66
SHP002499,ORD002499,CUS0159,SKU0037,CAR004,LOC010,LOC020,20250118,20250118,20250119,20250119,2025-01-18,2025-01-18,2025-01-19,2025-01-19,3,7,670,2867.06,2264.64,171.61,430.81,0.1503,1,0,True,False,20
SHP000014,ORD000014,CUS0205,SKU0017,CAR002,LOC001,LOC022,20250119,20250119,20250120,20250121,2025-01-19,2025-01-19,2025-01-20,2025-01-21,3,18,520,2476.8,1772.64,252.15,452.01,0.1825,2,1,False,False,63
SHP000023,ORD000023,CUS0037,SKU0005,CAR006,LOC006,LOC016,20250119,20250120,20250125,20250125,2025-01-19,2025-01-20,2025-01-25,2025-01-25,1,13,2242,3481.66,2350.92,309.18,821.56,0.236,5,0,True,False,5
SHP000054,ORD000054,CUS0033,SKU0003,CAR001,LOC007,LOC029,20250119,20250119,20250122,20250120,2025-01-19,2025-01-19,2025-01-22,2025-01-20,2,15,1036,393.15,316.35,248.68,-171.88,-0.4372,1,0,True,False,12
SHP000095,ORD000095,CUS0106,SKU0015,CAR003,LOC007,LOC028,20250119,20250120,20250120,20250120,2025-01-19,2025-01-20,2025-01-20,2025-01-20,3,17,2493,5699.59,4402.32,2011.56,-714.29,-0.1253,0,0,True,False,20
SHP000160,ORD000160,CUS0236,SKU0003,CAR002,LOC008,LOC013,20250119,20250119,20250122,20250124,2025-01-19,2025-01-19,2025-01-22,2025-01-24,2,3,2198,78.63,63.27,398.42,-383.06,-4.8717,5,2,False,False,73
SHP000190,ORD000190,CUS0145,SKU0007,CAR001,LOC007,LOC019,20250119,20250120,20250125,20250124,2025-01-19,2025-01-20,2025-01-25,2025-01-24,1,4,1241,525.0,288.24,252.97,-16.21,-0.0309,4,0,True,False,5
SHP000332,ORD000332,CUS0247,SKU0027,CAR004,LOC005,LOC015,20250119,20250119,20250122,20250120,2025-01-19,2025-01-19,2025-01-22,2025-01-20,2,11,1312,4737.7,3989.04,307.26,441.4,0.0932,1,0,True,False,12
SHP000416,ORD000416,CUS0244,SKU0034,CAR006,LOC009,LOC015,20250119,20250120,20250125,20250126,2025-01-19,2025-01-20,2025-01-25,2025-01-26,1,7,162,4838.47,2735.53,89.05,2013.89,0.4162,6,1,False,False,48
SHP000421,ORD000421,CUS0137,SKU0011,CAR003,LOC006,LOC015,20250119,20250119,20250125,20250125,2025-01-19,2025-01-19,2025-01-25,2025-01-25,1,18,2115,7311.42,4425.66,1097.37,1788.39,0.2446,6,0,True,False,5
SHP000627,ORD000627,CUS0163,SKU0018,CAR006,LOC010,LOC016,20250119,20250120,20250125,20250124,2025-01-19,2025-01-20,2025-01-25,2025-01-24,1,3,2378,369.0,307.11,338.62,-276.73,-0.7499,4,0,True,False,5
SHP000908,ORD000908,CUS0007,SKU0007,CAR005,LOC003,LOC028,20250119,20250120,20250125,20250125,2025-01-19,2025-01-20,2025-01-25,2025-01-25,1,6,2535,787.5,432.36,379.31,-24.17,-0.0307,5,0,True,False,5
SHP000920,ORD000920,CUS0184,SKU0007,CAR004,LOC004,LOC019,20250119,20250119,20250125,20250124,2025-01-19,2025-01-19,2025-01-25,2025-01-24,1,3,1226,393.75,216.18,144.4,33.17,0.0842,5,0,True,False,5
SHP000950,ORD000950,CUS0245,SKU0005,CAR006,LOC001,LOC030,20250119,20250120,20250125,20250127,2025-01-19,2025-01-20,2025-01-25,2025-01-27,1,12,1200,3213.84,2170.08,217.57,826.19,0.2571,7,2,False,False,66
SHP000986,ORD000986,CUS0035,SKU0003,CAR004,LOC001,LOC029,20250119,20250120,20250120,20250120,2025-01-19,2025-01-20,2025-01-20,2025-01-20,3,4,2006,104.84,84.36,317.27,-296.79,-2.8309,0,0,True,False,20
SHP001003,ORD001003,CUS0244,SKU0027,CAR001,LOC007,LOC022,20250119,20250119,20250122,20250124,2025-01-19,2025-01-19,2025-01-22,2025-01-24,2,13,1632,5599.1,4714.32,497.9,386.88,0.0691,5,2,False,False,73
SHP001083,ORD001083,CUS0065,SKU0029,CAR004,LOC007,LOC012,20250119,20250119,20250125,20250123,2025-01-19,2025-01-19,2025-01-25,2025-01-23,1,8,1591,2221.52,1496.96,305.83,418.73,0.1885,4,0,True,False,5
SHP001190,ORD001190,CUS0201,SKU0006,CAR005,LOC002,LOC017,20250119,20250119,20250125,20250124,2025-01-19,2025-01-19,2025-01-25,2025-01-24,1,9,1636,3713.76,2885.67,294.07,534.02,0.1438,5,0,True,False,5
SHP001463,ORD001463,CUS0046,SKU0010,CAR001,LOC005,LOC028,20250119,20250119,20250122,20250122,2025-01-19,2025-01-19,2025-01-22,2025-01-22,2,14,331,779.8,566.58,121.32,91.9,0.1179,3,0,True,False,12
SHP001533,ORD001533,CUS0244,SKU0035,CAR004,LOC005,LOC029,20250119,20250120,20250125,20250127,2025-01-19,2025-01-20,2025-01-25,2025-01-27,1,9,2355,1287.54,959.85,362.32,-34.63,-0.0269,7,2,False,False,66
SHP001640,ORD001640,CUS0103,SKU0021,CAR003,LOC007,LOC012,20250119,20250120,20250125,20250124,2025-01-19,2025-01-20,2025-01-25,2025-01-24,1,2,1709,170.3,133.72,831.71,-795.13,-4.669,4,0,True,False,5
SHP001693,ORD001693,CUS0051,SKU0038,CAR005,LOC005,LOC020,20250119,20250120,20250122,20250121,2025-01-19,2025-01-20,2025-01-22,2025-01-21,2,3,235,349.8,228.09,64.05,57.66,0.1648,1,0,True,False,12
SHP001705,ORD001705,CUS0025,SKU0007,CAR003,LOC007,LOC018,20250119,20250119,20250122,20250120,2025-01-19,2025-01-19,2025-01-22,2025-01-20,2,13,2367,1706.25,936.78,1189.96,-420.49,-0.2464,1,0,True,False,12
SHP001980,ORD001980,CUS0124,SKU0011,CAR001,LOC002,LOC012,20250119,20250120,20250122,20250120,2025-01-19,2025-01-20,2025-01-22,2025-01-20,2,4,1640,1624.76,983.48,302.42,338.86,0.2086,0,0,True,False,12
SHP002056,ORD002056,CUS0005,SKU0026,CAR004,LOC003,LOC019,20250119,20250119,20250120,20250121,2025-01-19,2025-01-19,2025-01-20,2025-01-21,3,17,249,6436.88,4309.67,74.96,2052.25,0.3188,2,1,False,False,63
SHP002089,ORD002089,CUS0142,SKU0023,CAR001,LOC008,LOC030,20250119,20250120,20250125,20250126,2025-01-19,2025-01-20,2025-01-25,2025-01-26,1,12,2454,3485.16,1885.68,477.1,1122.38,0.322,6,1,False,False,48
SHP002280,ORD002280,CUS0005,SKU0037,CAR002,LOC006,LOC021,20250119,20250119,20250120,20250121,2025-01-19,2025-01-19,2025-01-20,2025-01-21,3,14,822,5734.12,4529.28,220.49,984.35,0.1717,2,1,False,False,63
SHP002293,ORD002293,CUS0230,SKU0013,CAR001,LOC004,LOC022,20250119,20250120,20250125,20250127,2025-01-19,2025-01-20,2025-01-25,2025-01-27,1,17,1145,4152.25,2798.37,328.71,1025.17,0.2469,7,2,False,False,66
SHP002412,ORD002412,CUS0040,SKU0011,CAR001,LOC004,LOC032,20250119,20250120,20250122,20250122,2025-01-19,2025-01-20,2025-01-22,2025-01-22,2,13,1402,5280.47,3196.31,304.8,1779.36,0.337,2,0,True,False,12
SHP002445,ORD002445,CUS0079,SKU0006,CAR002,LOC008,LOC024,20250119,20250119,20250125,20250124,2025-01-19,2025-01-19,2025-01-25,2025-01-24,1,9,1259,3713.76,2885.67,219.04,609.05,0.164,5,0,True,False,5
SHP002451,ORD002451,CUS0247,SKU0012,CAR002,LOC006,LOC027,20250119,20250120,20250125,20250124,2025-01-19,2025-01-20,2025-01-25,2025-01-24,1,9,1668,5407.11,2938.5,297.77,2170.84,0.4015,4,0,True,False,5
SHP000205,ORD000205,CUS0105,SKU0022,CAR005,LOC002,LOC026,20250120,20250121,20250126,20250129,2025-01-20,2025-01-21,2025-01-26,2025-01-29,1,7,656,1278.97,813.75,177.86,287.36,0.2247,8,3,False,False,84
SHP000519,ORD000519,CUS0078,SKU0024,CAR003,LOC005,LOC020,20250120,20250120,20250126,20250124,2025-01-20,2025-01-20,2025-01-26,2025-01-24,1,10,652,550.7,454.5,308.23,-212.03,-0.385,4,0,True,False,5
SHP000730,ORD000730,CUS0086,SKU0033,CAR001,LOC007,LOC024,20250120,20250120,20250126,20250126,2025-01-20,2025-01-20,2025-01-26,2025-01-26,1,14,1877,8554.56,5409.88,341.42,2803.26,0.3277,6,0,True,False,5
SHP000757,ORD000757,CUS0184,SKU0030,CAR002,LOC008,LOC023,20250120,20250121,20250126,20250126,2025-01-20,2025-01-21,2025-01-26,2025-01-26,1,11,1310,7594.84,4492.62,237.5,2864.72,0.3772,5,0,True,False,5
SHP000827,ORD000827,CUS0046,SKU0018,CAR003,LOC006,LOC029,20250120,20250121,20250126,20250125,2025-01-20,2025-01-21,2025-01-26,2025-01-25,1,7,2209,861.0,716.59,1111.28,-966.87,-1.123,4,0,True,False,5
SHP000907,ORD000907,CUS0173,SKU0038,CAR003,LOC006,LOC029,20250120,20250120,20250126,20250124,2025-01-20,2025-01-20,2025-01-26,2025-01-24,1,8,890,932.8,608.24,487.27,-162.71,-0.1744,4,0,True,False,5
SHP000927,ORD000927,CUS0013,SKU0034,CAR005,LOC003,LOC031,20250120,20250120,20250126,20250125,2025-01-20,2025-01-20,2025-01-26,2025-01-25,1,17,2244,11750.57,6643.43,434.88,4672.26,0.3976,5,0,True,False,5
SHP000928,ORD000928,CUS0072,SKU0013,CAR001,LOC007,LOC026,20250120,20250121,20250126,20250127,2025-01-20,2025-01-21,2025-01-26,2025-01-27,1,14,1711,3419.5,2304.54,448.8,666.16,0.1948,6,1,False,False,48
SHP001067,ORD001067,CUS0044,SKU0015,CAR004,LOC005,LOC026,20250120,20250120,20250126,20250127,2025-01-20,2025-01-20,2025-01-26,2025-01-27,1,11,726,3687.97,2848.56,161.19,678.22,0.1839,7,1,False,False,48
SHP001114,ORD001114,CUS0017,SKU0016,CAR003,LOC002,LOC027,20250120,20250121,20250123,20250124,2025-01-20,2025-01-21,2025-01-23,2025-01-24,2,1,803,270.06,198.45,434.31,-362.7,-1.343,3,1,False,False,55
SHP001288,ORD001288,CUS0155,SKU0029,CAR005,LOC002,LOC013,20250120,20250121,20250121,20250122,2025-01-20,2025-01-21,2025-01-21,2025-01-22,3,17,349,4720.73,3181.04,270.7,1268.99,0.2688,1,1,False,False,63
SHP001303,ORD001303,CUS0247,SKU0028,CAR004,LOC002,LOC023,20250120,20250120,20250126,20250125,2025-01-20,2025-01-20,2025-01-26,2025-01-25,1,15,1713,8068.65,4760.4,235.12,3073.13,0.3809,5,0,True,False,5
SHP001380,ORD001380,CUS0093,SKU0026,CAR003,LOC005,LOC020,20250120,20250120,20250126,20250126,2025-01-20,2025-01-20,2025-01-26,2025-01-26,1,17,317,6436.88,4309.67,178.36,1948.85,0.3028,6,0,True,False,5
SHP001383,ORD001383,CUS0163,SKU0033,CAR001,LOC010,LOC024,20250120,20250120,20250126,20250124,2025-01-20,2025-01-20,2025-01-26,2025-01-24,1,17,2503,10387.68,6569.14,574.93,3243.61,0.3123,4,0,True,False,5
SHP001406,ORD001406,CUS0005,SKU0033,CAR006,LOC003,LOC022,20250120,20250120,20250126,20250124,2025-01-20,2025-01-20,2025-01-26,2025-01-24,1,6,504,3666.24,2318.52,100.29,1247.43,0.3402,4,0,True,False,5
SHP001456,ORD001456,CUS0103,SKU0038,CAR002,LOC003,LOC031,20250120,20250121,20250126,20250124,2025-01-20,2025-01-21,2025-01-26,2025-01-24,1,11,1855,1282.6,836.33,330.49,115.78,0.0903,3,0,True,False,5
SHP001459,ORD001459,CUS0096,SKU0005,CAR006,LOC007,LOC028,20250120,20250121,20250126,20250125,2025-01-20,2025-01-21,2025-01-26,2025-01-25,1,6,531,1606.92,1085.04,91.69,430.19,0.2677,4,0,True,False,5
SHP001572,ORD001572,CUS0155,SKU0017,CAR006,LOC003,LOC011,20250120,20250121,20250126,20250124,2025-01-20,2025-01-21,2025-01-26,2025-01-24,1,14,1529,1926.4,1378.72,268.31,279.37,0.145,3,0,True,False,5
SHP001593,ORD001593,CUS0082,SKU0008,CAR004,LOC008,LOC026,20250120,20250121,20250126,20250126,2025-01-20,2025-01-21,2025-01-26,2025-01-26,1,14,525,3272.08,2303.42,111.72,856.94,0.2619,5,0,True,False,5
SHP001814,ORD001814,CUS0021,SKU0031,CAR002,LOC007,LOC017,20250120,20250120,20250126,20250125,2025-01-20,2025-01-20,2025-01-26,2025-01-25,1,11,2695,5565.56,4033.15,465.56,1066.85,0.1917,5,0,True,False,5
SHP001870,ORD001870,CUS0139,SKU0008,CAR003,LOC007,LOC031,20250120,20250121,20250126,20250125,2025-01-20,2025-01-21,2025-01-26,2025-01-25,1,16,2469,3739.52,2632.48,1292.27,-185.23,-0.0495,4,0,True,False,5
SHP001991,ORD001991,CUS0028,SKU0022,CAR004,LOC009,LOC013,20250120,20250121,20250126,20250126,2025-01-20,2025-01-21,2025-01-26,2025-01-26,1,11,2528,2009.81,1278.75,400.86,330.2,0.1643,5,0,True,False,5
SHP002170,ORD002170,CUS0101,SKU0022,CAR003,LOC006,LOC022,20250120,20250120,20250123,20250125,2025-01-20,2025-01-20,2025-01-23,2025-01-25,2,10,361,1827.1,1162.5,274.89,389.71,0.2133,5,2,False,False,73
SHP002204,ORD002204,CUS0069,SKU0039,CAR001,LOC004,LOC025,20250120,20250121,20250126,20250126,2025-01-20,2025-01-21,2025-01-26,2025-01-26,1,16,1933,10540.0,6251.36,420.65,3867.99,0.367,5,0,True,False,5
SHP002228,ORD002228,CUS0177,SKU0008,CAR006,LOC004,LOC021,20250120,20250120,20250126,20250124,2025-01-20,2025-01-20,2025-01-26,2025-01-24,1,9,1857,2103.48,1480.77,268.78,353.93,0.1683,4,0,True,False,5
SHP002297,ORD002297,CUS0022,SKU0027,CAR006,LOC001,LOC012,20250120,20250121,20250123,20250127,2025-01-20,2025-01-21,2025-01-23,2025-01-27,2,10,445,4307.0,3626.4,131.41,549.19,0.1275,6,4,False,False,100
SHP002353,ORD002353,CUS0126,SKU0026,CAR001,LOC004,LOC028,20250120,20250120,20250126,20250130,2025-01-20,2025-01-20,2025-01-26,2025-01-30,1,14,353,5300.96,3549.14,104.01,1647.81,0.3109,10,4,False,False,100
SHP002356,ORD002356,CUS0058,SKU0010,CAR001,LOC007,LOC011,20250120,20250120,20250126,20250127,2025-01-20,2025-01-20,2025-01-26,2025-01-27,1,15,1615,835.5,607.05,376.58,-148.13,-0.1773,7,1,False,False,48
SHP000141,ORD000141,CUS0052,SKU0028,CAR006,LOC005,LOC013,20250121,20250122,20250127,20250129,2025-01-21,2025-01-22,2025-01-27,2025-01-29,1,1,1306,537.91,317.36,186.5,34.05,0.0633,7,2,False,False,66
SHP000233,ORD000233,CUS0215,SKU0010,CAR001,LOC002,LOC030,20250121,20250121,20250122,20250122,2025-01-21,2025-01-21,2025-01-22,2025-01-22,3,9,2286,501.3,364.23,636.97,-499.9,-0.9972,1,0,True,False,20
SHP000359,ORD000359,CUS0144,SKU0040,CAR005,LOC005,LOC029,20250121,20250121,20250127,20250128,2025-01-21,2025-01-21,2025-01-27,2025-01-28,1,1,2320,280.98,172.38,333.79,-225.19,-0.8014,7,1,False,False,48
SHP000451,ORD000451,CUS0127,SKU0017,CAR005,LOC001,LOC011,20250121,20250121,20250127,20250129,2025-01-21,2025-01-21,2025-01-27,2025-01-29,1,13,1514,1788.8,1280.24,362.76,145.8,0.0815,8,2,False,False,66
SHP000488,ORD000488,CUS0166,SKU0019,CAR006,LOC007,LOC020,20250121,20250121,20250127,20250128,2025-01-21,2025-01-21,2025-01-27,2025-01-28,1,13,701,821.6,458.51,150.02,213.07,0.2593,7,1,False,False,48
SHP000593,ORD000593,CUS0198,SKU0017,CAR006,LOC007,LOC024,20250121,20250121,20250127,20250126,2025-01-21,2025-01-21,2025-01-27,2025-01-26,1,14,2670,1926.4,1378.72,510.68,37.0,0.0192,5,0,True,False,5
SHP000655,ORD000655,CUS0117,SKU0033,CAR005,LOC005,LOC028,20250121,20250121,20250127,20250127,2025-01-21,2025-01-21,2025-01-27,2025-01-27,1,1,1312,611.04,386.42,202.59,22.03,0.0361,6,0,True,False,5
SHP000683,ORD000683,CUS0187,SKU0034,CAR005,LOC005,LOC022,20250121,20250122,20250122,20250122,2025-01-21,2025-01-22,2025-01-22,2025-01-22,3,17,1468,11750.57,6643.43,443.26,4663.88,0.3969,0,0,True,False,20
SHP000762,ORD000762,CUS0023,SKU0013,CAR005,LOC004,LOC012,20250121,20250121,20250127,20250130,2025-01-21,2025-01-21,2025-01-27,2025-01-30,1,17,169,4152.25,2798.37,225.48,1128.4,0.2718,9,3,False,False,84
SHP000766,ORD000766,CUS0148,SKU0035,CAR002,LOC007,LOC030,20250121,20250121,20250122,20250122,2025-01-21,2025-01-21,2025-01-22,2025-01-22,3,3,2190,429.18,319.95,449.87,-340.64,-0.7937,1,0,True,False,20
SHP000821,ORD000821,CUS0051,SKU0011,CAR004,LOC009,LOC026,20250121,20250121,20250127,20250127,2025-01-21,2025-01-21,2025-01-27,2025-01-27,1,4,1807,1624.76,983.48,224.2,417.08,0.2567,6,0,True,False,5
SHP000876,ORD000876,CUS0192,SKU0001,CAR001,LOC007,LOC013,20250121,20250122,20250127,20250124,2025-01-21,2025-01-22,2025-01-27,2025-01-24,1,3,1734,74.91,54.9,341.78,-321.77,-4.2954,2,0,True,False,5
SHP000930,ORD000930,CUS0202,SKU0026,CAR002,LOC006,LOC013,20250121,20250121,20250124,20250126,2025-01-21,2025-01-21,2025-01-24,2025-01-26,2,8,1786,3029.12,2028.08,283.26,717.78,0.237,5,2,False,False,73
SHP001116,ORD001116,CUS0209,SKU0034,CAR006,LOC006,LOC011,20250121,20250122,20250127,20250128,2025-01-21,2025-01-22,2025-01-27,2025-01-28,1,6,2260,4147.26,2344.74,372.91,1429.61,0.3447,6,1,False,False,48
SHP001149,ORD001149,CUS0056,SKU0037,CAR004,LOC004,LOC011,20250121,20250121,20250124,20250122,2025-01-21,2025-01-21,2025-01-24,2025-01-22,2,18,1893,7372.44,5823.36,327.99,1221.09,0.1656,1,0,True,False,12
SHP001259,ORD001259,CUS0072,SKU0032,CAR001,LOC007,LOC024,20250121,20250121,20250127,20250128,2025-01-21,2025-01-21,2025-01-27,2025-01-28,1,18,1884,2316.24,1619.1,403.87,293.27,0.1266,7,1,False,False,48
SHP001277,ORD001277,CUS0025,SKU0017,CAR005,LOC010,LOC029,20250121,20250122,20250124,20250126,2025-01-21,2025-01-22,2025-01-24,2025-01-26,2,1,1033,137.6,98.48,211.27,-172.15,-1.2511,4,2,False,False,73
SHP001320,ORD001320,CUS0133,SKU0012,CAR005,LOC004,LOC016,20250121,20250121,20250122,20250122,2025-01-21,2025-01-21,2025-01-22,2025-01-22,3,7,272,4205.53,2285.5,147.67,1772.36,0.4214,1,0,True,False,20
SHP001360,ORD001360,CUS0042,SKU0014,CAR006,LOC004,LOC023,20250121,20250122,20250127,20250129,2025-01-21,2025-01-22,2025-01-27,2025-01-29,1,1,1495,211.93,160.51,169.84,-118.42,-0.5588,7,2,False,False,66
SHP001428,ORD001428,CUS0115,SKU0037,CAR002,LOC008,LOC012,20250121,20250122,20250127,20250127,2025-01-21,2025-01-22,2025-01-27,2025-01-27,1,1,320,409.58,323.52,44.91,41.15,0.1005,5,0,True,False,5
SHP001438,ORD001438,CUS0040,SKU0034,CAR005,LOC006,LOC023,20250121,20250121,20250127,20250129,2025-01-21,2025-01-21,2025-01-27,2025-01-29,1,5,1027,3456.05,1953.95,167.29,1334.81,0.3862,8,2,False,False,66
SHP001468,ORD001468,CUS0197,SKU0037,CAR005,LOC007,LOC016,20250121,20250122,20250122,20250123,2025-01-21,2025-01-22,2025-01-22,2025-01-23,3,6,325,2457.48,1941.12,92.6,423.76,0.1724,1,1,False,False,63
SHP001561,ORD001561,CUS0117,SKU0023,CAR001,LOC003,LOC028,20250121,20250122,20250122,20250123,2025-01-21,2025-01-22,2025-01-22,2025-01-23,3,8,2608,2323.44,1257.12,676.66,389.66,0.1677,1,1,False,False,63
SHP001618,ORD001618,CUS0053,SKU0016,CAR002,LOC002,LOC012,20250121,20250121,20250127,20250126,2025-01-21,2025-01-21,2025-01-27,2025-01-26,1,7,96,1890.42,1389.15,111.61,389.66,0.2061,5,0,True,False,5
SHP001725,ORD001725,CUS0126,SKU0028,CAR002,LOC008,LOC017,20250121,20250121,20250127,20250128,2025-01-21,2025-01-21,2025-01-27,2025-01-28,1,12,658,6454.92,3808.32,151.1,2495.5,0.3866,7,1,False,False,48
SHP001780,ORD001780,CUS0060,SKU0029,CAR001,LOC004,LOC012,20250121,20250121,20250127,20250129,2025-01-21,2025-01-21,2025-01-27,2025-01-29,1,5,2155,1388.45,935.6,420.68,32.17,0.0232,8,2,False,False,66
SHP001925,ORD001925,CUS0114,SKU0028,CAR005,LOC007,LOC013,20250121,20250122,20250127,20250128,2025-01-21,2025-01-22,2025-01-27,2025-01-28,1,14,2404,7530.74,4443.04,409.8,2677.9,0.3556,6,1,False,False,48
SHP002132,ORD002132,CUS0202,SKU0004,CAR002,LOC005,LOC019,20250121,20250122,20250127,20250128,2025-01-21,2025-01-22,2025-01-27,2025-01-28,1,8,953,198.88,151.44,221.15,-173.71,-0.8734,6,1,False,True,78
SHP002187,ORD002187,CUS0073,SKU0024,CAR005,LOC003,LOC022,20250121,20250122,20250124,20250123,2025-01-21,2025-01-22,2025-01-24,2025-01-23,2,4,493,220.28,181.8,99.95,-61.47,-0.2791,1,0,True,False,12
SHP002243,ORD002243,CUS0085,SKU0023,CAR001,LOC002,LOC030,20250121,20250122,20250124,20250124,2025-01-21,2025-01-22,2025-01-24,2025-01-24,2,11,1558,3194.73,1728.54,291.59,1174.6,0.3677,2,0,True,False,12
SHP002272,ORD002272,CUS0208,SKU0022,CAR001,LOC010,LOC012,20250121,20250121,20250127,20250129,2025-01-21,2025-01-21,2025-01-27,2025-01-29,1,11,1236,2009.81,1278.75,306.93,424.13,0.211,8,2,False,False,66
SHP002284,ORD002284,CUS0222,SKU0003,CAR001,LOC004,LOC031,20250121,20250122,20250127,20250126,2025-01-21,2025-01-22,2025-01-27,2025-01-26,1,14,2360,366.94,295.26,383.6,-311.92,-0.8501,4,0,True,False,5
SHP002310,ORD002310,CUS0236,SKU0031,CAR005,LOC002,LOC020,20250121,20250122,20250124,20250127,2025-01-21,2025-01-22,2025-01-24,2025-01-27,2,17,487,8601.32,6233.05,221.51,2146.76,0.2496,5,3,False,False,91
SHP002325,ORD002325,CUS0242,SKU0028,CAR004,LOC008,LOC028,20250121,20250122,20250122,20250122,2025-01-21,2025-01-22,2025-01-22,2025-01-22,3,7,589,3765.37,2221.52,150.71,1393.14,0.37,0,0,True,False,20
SHP002401,ORD002401,CUS0120,SKU0015,CAR002,LOC006,LOC029,20250121,20250121,20250124,20250126,2025-01-21,2025-01-21,2025-01-24,2025-01-26,2,17,967,5699.59,4402.32,278.03,1019.24,0.1788,5,2,False,False,73
SHP000116,ORD000116,CUS0127,SKU0018,CAR002,LOC005,LOC026,20250122,20250122,20250128,20250129,2025-01-22,2025-01-22,2025-01-28,2025-01-29,1,10,329,1230.0,1023.7,68.69,137.61,0.1119,7,1,False,False,48
SHP000226,ORD000226,CUS0066,SKU0007,CAR005,LOC007,LOC017,20250122,20250123,20250128,20250129,2025-01-22,2025-01-23,2025-01-28,2025-01-29,1,14,872,1837.5,1008.84,201.68,626.98,0.3412,6,1,False,False,48
SHP000323,ORD000323,CUS0038,SKU0040,CAR004,LOC002,LOC014,20250122,20250122,20250123,20250125,2025-01-22,2025-01-22,2025-01-23,2025-01-25,3,15,887,4214.7,2585.7,206.92,1422.08,0.3374,3,2,False,False,81
SHP000354,ORD000354,CUS0153,SKU0012,CAR001,LOC001,LOC019,20250122,20250123,20250128,20250126,2025-01-22,2025-01-23,2025-01-28,2025-01-26,1,13,1332,7810.27,4244.5,360.8,3204.97,0.4104,3,0,True,False,5
SHP000450,ORD000450,CUS0184,SKU0020,CAR004,LOC008,LOC032,20250122,20250123,20250128,20250129,2025-01-22,2025-01-23,2025-01-28,2025-01-29,1,5,2066,723.9,478.0,315.39,-69.49,-0.096,6,1,False,False,48
SHP000474,ORD000474,CUS0067,SKU0039,CAR002,LOC010,LOC014,20250122,20250122,20250128,20250127,2025-01-22,2025-01-22,2025-01-28,2025-01-27,1,14,434,9222.5,5469.94,199.31,3553.25,0.3853,5,0,True,False,5
SHP000530,ORD000530,CUS0247,SKU0028,CAR005,LOC010,LOC020,20250122,20250122,20250125,20250124,2025-01-22,2025-01-22,2025-01-25,2025-01-24,2,18,1920,9682.38,5712.48,438.59,3531.31,0.3647,2,0,True,True,42
SHP000574,ORD000574,CUS0119,SKU0003,CAR001,LOC008,LOC023,20250122,20250123,20250128,20250129,2025-01-22,2025-01-23,2025-01-28,2025-01-29,1,17,369,445.57,358.53,121.92,-34.88,-0.0783,6,1,False,False,48
SHP000596,ORD000596,CUS0129,SKU0020,CAR005,LOC002,LOC014,20250122,20250123,20250125,20250123,2025-01-22,2025-01-23,2025-01-25,2025-01-23,2,9,1637,1303.02,860.4,432.78,9.84,0.0076,0,0,True,False,12
SHP000598,ORD000598,CUS0051,SKU0009,CAR004,LOC010,LOC017,20250122,20250122,20250128,20250128,2025-01-22,2025-01-22,2025-01-28,2025-01-28,1,6,815,3409.98,2043.24,121.56,1245.18,0.3652,6,0,True,False,5
SHP000636,ORD000636,CUS0045,SKU0015,CAR001,LOC001,LOC024,20250122,20250123,20250125,20250123,2025-01-22,2025-01-23,2025-01-25,2025-01-23,2,17,1573,5699.59,4402.32,503.85,793.42,0.1392,0,0,True,False,12
SHP000883,ORD000883,CUS0219,SKU0038,CAR005,LOC008,LOC016,20250122,20250123,20250123,20250123,2025-01-22,2025-01-23,2025-01-23,2025-01-23,3,5,2057,583.0,380.15,551.44,-348.59,-0.5979,0,0,True,False,20
SHP001002,ORD001002,CUS0120,SKU0027,CAR004,LOC007,LOC025,20250122,20250123,20250128,20250127,2025-01-22,2025-01-23,2025-01-28,2025-01-27,1,12,1398,5168.4,4351.68,334.43,482.29,0.0933,4,0,True,False,5
SHP001096,ORD001096,CUS0097,SKU0038,CAR001,LOC001,LOC015,20250122,20250123,20250128,20250127,2025-01-22,2025-01-23,2025-01-28,2025-01-27,1,11,482,1282.6,836.33,145.46,300.81,0.2345,4,0,True,False,5
SHP001307,ORD001307,CUS0059,SKU0017,CAR006,LOC007,LOC028,20250122,20250122,20250128,20250128,2025-01-22,2025-01-22,2025-01-28,2025-01-28,1,17,1003,2339.2,1674.16,289.66,375.38,0.1605,6,0,True,False,5
SHP001382,ORD001382,CUS0023,SKU0008,CAR003,LOC003,LOC021,20250122,20250123,20250128,20250126,2025-01-22,2025-01-23,2025-01-28,2025-01-26,1,14,671,3272.08,2303.42,380.91,587.75,0.1796,3,0,True,False,5
SHP001495,ORD001495,CUS0175,SKU0011,CAR003,LOC006,LOC026,20250122,20250123,20250128,20250130,2025-01-22,2025-01-23,2025-01-28,2025-01-30,1,10,485,4061.9,2458.7,256.55,1346.65,0.3315,7,2,False,False,66
SHP001617,ORD001617,CUS0199,SKU0024,CAR003,LOC001,LOC029,20250122,20250122,20250128,20250129,2025-01-22,2025-01-22,2025-01-28,2025-01-29,1,3,203,165.21,136.35,97.22,-68.36,-0.4138,7,1,False,False,48
SHP001631,ORD001631,CUS0091,SKU0028,CAR001,LOC009,LOC032,20250122,20250123,20250128,20250127,2025-01-22,2025-01-23,2025-01-28,2025-01-27,1,18,304,9682.38,5712.48,105.08,3864.82,0.3992,4,0,True,False,5
SHP001636,ORD001636,CUS0023,SKU0018,CAR003,LOC001,LOC030,20250122,20250123,20250125,20250126,2025-01-22,2025-01-23,2025-01-25,2025-01-26,2,8,2403,984.0,818.96,1360.28,-1195.24,-1.2147,3,1,False,False,55
SHP001764,ORD001764,CUS0182,SKU0003,CAR004,LOC009,LOC031,20250122,20250123,20250128,20250130,2025-01-22,2025-01-23,2025-01-28,2025-01-30,1,2,1365,52.42,42.18,186.08,-175.84,-3.3544,7,2,False,False,66
SHP001933,ORD001933,CUS0170,SKU0026,CAR006,LOC007,LOC030,20250122,20250122,20250128,20250127,2025-01-22,2025-01-22,2025-01-28,2025-01-27,1,1,812,378.64,253.51,114.09,11.04,0.0292,5,0,True,False,5
SHP002004,ORD002004,CUS0138,SKU0015,CAR004,LOC002,LOC031,20250122,20250122,20250128,20250129,2025-01-22,2025-01-22,2025-01-28,2025-01-29,1,8,452,2682.16,2071.68,114.02,496.46,0.1851,7,1,False,False,48
SHP002065,ORD002065,CUS0224,SKU0012,CAR002,LOC002,LOC027,20250122,20250122,20250128,20250127,2025-01-22,2025-01-22,2025-01-28,2025-01-27,1,18,2267,10814.22,5877.0,592.11,4345.11,0.4018,5,0,True,False,5
SHP002102,ORD002102,CUS0222,SKU0021,CAR002,LOC008,LOC031,20250122,20250122,20250128,20250127,2025-01-22,2025-01-22,2025-01-28,2025-01-27,1,6,1616,510.9,401.16,228.42,-118.68,-0.2323,5,0,True,False,5
SHP002154,ORD002154,CUS0122,SKU0024,CAR001,LOC005,LOC018,20250122,20250122,20250128,20250130,2025-01-22,2025-01-22,2025-01-28,2025-01-30,1,13,1452,715.91,590.85,286.05,-160.99,-0.2249,8,2,False,False,66
SHP002231,ORD002231,CUS0233,SKU0012,CAR005,LOC004,LOC031,20250122,20250123,20250123,20250123,2025-01-22,2025-01-23,2025-01-23,2025-01-23,3,11,1304,6608.69,3591.5,396.95,2620.24,0.3965,0,0,True,False,20
SHP002301,ORD002301,CUS0196,SKU0040,CAR006,LOC002,LOC022,20250122,20250122,20250128,20250128,2025-01-22,2025-01-22,2025-01-28,2025-01-28,1,13,300,3652.74,2240.94,84.46,1327.34,0.3634,6,0,True,False,5
SHP002350,ORD002350,CUS0022,SKU0033,CAR002,LOC005,LOC028,20250122,20250122,20250128,20250129,2025-01-22,2025-01-22,2025-01-28,2025-01-29,1,7,231,4277.28,2704.94,60.87,1511.47,0.3534,7,1,False,False,48
SHP000081,ORD000081,CUS0215,SKU0003,CAR004,LOC010,LOC030,20250123,20250123,20250129,20250129,2025-01-23,2025-01-23,2025-01-29,2025-01-29,1,6,1255,157.26,126.54,148.7,-117.98,-0.7502,6,0,True,False,5
SHP000106,ORD000106,CUS0039,SKU0034,CAR002,LOC006,LOC019,20250123,20250124,20250129,20250129,2025-01-23,2025-01-24,2025-01-29,2025-01-29,1,4,856,2764.84,1563.16,149.55,1052.13,0.3805,5,0,True,False,5
SHP000149,ORD000149,CUS0151,SKU0002,CAR001,LOC005,LOC031,20250123,20250124,20250126,20250127,2025-01-23,2025-01-24,2025-01-26,2025-01-27,2,3,317,1529.58,860.4,65.54,603.64,0.3946,3,1,False,False,55
SHP000172,ORD000172,CUS0234,SKU0023,CAR005,LOC010,LOC029,20250123,20250123,20250129,20250131,2025-01-23,2025-01-23,2025-01-29,2025-01-31,1,11,185,3194.73,1728.54,49.57,1416.62,0.4434,8,2,False,False,66
SHP000206,ORD000206,CUS0116,SKU0001,CAR003,LOC003,LOC026,20250123,20250123,20250129,20250126,2025-01-23,2025-01-23,2025-01-29,2025-01-26,1,2,927,49.94,36.6,391.36,-378.02,-7.5695,3,0,True,False,5
SHP000849,ORD000849,CUS0061,SKU0012,CAR002,LOC006,LOC011,20250123,20250124,20250129,20250127,2025-01-23,2025-01-24,2025-01-29,2025-01-27,1,3,701,1802.37,979.5,142.89,679.98,0.3773,3,0,True,False,5
SHP000852,ORD000852,CUS0088,SKU0024,CAR005,LOC002,LOC031,20250123,20250123,20250126,20250125,2025-01-23,2025-01-23,2025-01-26,2025-01-25,2,12,76,660.84,545.4,34.81,80.63,0.122,2,0,True,False,12
SHP000953,ORD000953,CUS0187,SKU0032,CAR001,LOC007,LOC024,20250123,20250124,20250126,20250126,2025-01-23,2025-01-24,2025-01-26,2025-01-26,2,1,1722,128.68,89.95,384.37,-345.64,-2.686,2,0,True,False,12
SHP001205,ORD001205,CUS0008,SKU0027,CAR003,LOC009,LOC031,20250123,20250124,20250129,20250129,2025-01-23,2025-01-24,2025-01-29,2025-01-29,1,11,163,4737.7,3989.04,179.06,569.6,0.1202,5,0,True,False,5
SHP001239,ORD001239,CUS0114,SKU0013,CAR006,LOC001,LOC021,20250123,20250123,20250129,20250129,2025-01-23,2025-01-23,2025-01-29,2025-01-29,1,7,2456,1709.75,1152.27,455.16,102.32,0.0598,6,0,True,False,5
SHP001272,ORD001272,CUS0207,SKU0003,CAR005,LOC008,LOC023,20250123,20250124,20250129,20250130,2025-01-23,2025-01-24,2025-01-29,2025-01-30,1,17,1289,445.57,358.53,264.73,-177.69,-0.3988,6,1,False,False,48
SHP001304,ORD001304,CUS0096,SKU0006,CAR005,LOC007,LOC012,20250123,20250123,20250129,20250128,2025-01-23,2025-01-23,2025-01-29,2025-01-28,1,4,1098,1650.56,1282.52,195.08,172.96,0.1048,5,0,True,False,5
SHP001315,ORD001315,CUS0067,SKU0024,CAR003,LOC002,LOC026,20250123,20250123,20250129,20250127,2025-01-23,2025-01-23,2025-01-29,2025-01-27,1,9,931,495.63,409.05,485.78,-399.2,-0.8054,4,0,True,False,5
SHP001319,ORD001319,CUS0167,SKU0036,CAR002,LOC003,LOC014,20250123,20250124,20250129,20250128,2025-01-23,2025-01-24,2025-01-29,2025-01-28,1,7,1034,456.26,303.03,156.94,-3.71,-0.0081,4,0,True,False,5
SHP001346,ORD001346,CUS0236,SKU0025,CAR006,LOC001,LOC021,20250123,20250124,20250129,20250127,2025-01-23,2025-01-24,2025-01-29,2025-01-27,1,8,1290,3912.72,2674.72,151.97,1086.03,0.2776,3,0,True,False,5
SHP001449,ORD001449,CUS0027,SKU0032,CAR002,LOC009,LOC025,20250123,20250123,20250129,20250130,2025-01-23,2025-01-23,2025-01-29,2025-01-30,1,4,1658,514.72,359.8,218.97,-64.05,-0.1244,7,1,False,False,48
SHP001500,ORD001500,CUS0091,SKU0005,CAR002,LOC005,LOC028,20250123,20250124,20250126,20250125,2025-01-23,2025-01-24,2025-01-26,2025-01-25,2,18,2035,4820.76,3255.12,357.95,1207.69,0.2505,1,0,True,False,12
SHP001534,ORD001534,CUS0204,SKU0020,CAR002,LOC004,LOC016,20250123,20250124,20250129,20250129,2025-01-23,2025-01-24,2025-01-29,2025-01-29,1,16,829,2316.48,1529.6,238.58,548.3,0.2367,5,0,True,False,5
SHP001564,ORD001564,CUS0189,SKU0037,CAR006,LOC001,LOC031,20250123,20250124,20250129,20250129,2025-01-23,2025-01-24,2025-01-29,2025-01-29,1,5,1819,2047.9,1617.6,220.05,210.25,0.1027,5,0,True,False,5
SHP001748,ORD001748,CUS0002,SKU0018,CAR001,LOC009,LOC024,20250123,20250123,20250129,20250131,2025-01-23,2025-01-23,2025-01-29,2025-01-31,1,14,284,1722.0,1433.18,95.58,193.24,0.1122,8,2,False,False,66
SHP001860,ORD001860,CUS0152,SKU0016,CAR002,LOC001,LOC023,20250123,20250123,20250124,20250124,2025-01-23,2025-01-23,2025-01-24,2025-01-24,3,12,1733,3240.72,2381.4,419.87,439.45,0.1356,1,0,True,False,20
SHP001935,ORD001935,CUS0067,SKU0009,CAR006,LOC005,LOC011,20250123,20250124,20250124,20250125,2025-01-23,2025-01-24,2025-01-24,2025-01-25,3,14,1049,7956.62,4767.56,297.82,2891.24,0.3634,1,1,False,False,63
SHP001952,ORD001952,CUS0066,SKU0033,CAR005,LOC008,LOC023,20250123,20250123,20250126,20250124,2025-01-23,2025-01-23,2025-01-26,2025-01-24,2,1,555,611.04,386.42,117.52,107.1,0.1753,1,0,True,True,42
SHP001976,ORD001976,CUS0001,SKU0014,CAR003,LOC002,LOC032,20250123,20250124,20250129,20250131,2025-01-23,2025-01-24,2025-01-29,2025-01-31,1,7,522,1483.51,1123.57,250.43,109.51,0.0738,7,2,False,False,66
SHP002045,ORD002045,CUS0177,SKU0007,CAR005,LOC010,LOC014,20250123,20250123,20250129,20250130,2025-01-23,2025-01-23,2025-01-29,2025-01-30,1,6,1061,787.5,432.36,220.24,134.9,0.1713,7,1,False,False,48
SHP002140,ORD002140,CUS0235,SKU0031,CAR006,LOC007,LOC011,20250123,20250123,20250129,20250129,2025-01-23,2025-01-23,2025-01-29,2025-01-29,1,4,2435,2023.84,1466.6,316.15,241.09,0.1191,6,0,True,False,5
SHP002180,ORD002180,CUS0244,SKU0031,CAR002,LOC009,LOC014,20250123,20250124,20250129,20250128,2025-01-23,2025-01-24,2025-01-29,2025-01-28,1,1,2069,505.96,366.65,248.0,-108.69,-0.2148,4,0,True,False,5
SHP002368,ORD002368,CUS0180,SKU0014,CAR004,LOC002,LOC014,20250123,20250124,20250129,20250130,2025-01-23,2025-01-24,2025-01-29,2025-01-30,1,10,350,2119.3,1605.1,63.86,450.34,0.2125,6,1,False,False,48
SHP002370,ORD002370,CUS0098,SKU0016,CAR005,LOC004,LOC026,20250123,20250124,20250126,20250125,2025-01-23,2025-01-24,2025-01-26,2025-01-25,2,17,1116,4591.02,3373.65,517.07,700.3,0.1525,1,0,True,False,12
SHP002425,ORD002425,CUS0176,SKU0007,CAR003,LOC009,LOC012,20250123,20250123,20250124,20250124,2025-01-23,2025-01-23,2025-01-24,2025-01-24,3,6,2136,787.5,432.36,1220.25,-865.11,-1.0986,1,0,True,False,20
SHP000039,ORD000039,CUS0012,SKU0029,CAR004,LOC008,LOC018,20250124,20250124,20250127,20250126,2025-01-24,2025-01-24,2025-01-27,2025-01-26,2,6,1889,1666.14,1122.72,362.51,180.91,0.1086,2,0,True,False,12
SHP000052,ORD000052,CUS0021,SKU0007,CAR003,LOC007,LOC016,20250124,20250125,20250130,20250130,2025-01-24,2025-01-25,2025-01-30,2025-01-30,1,11,1280,1443.75,792.66,639.65,11.44,0.0079,5,0,True,False,5
SHP000127,ORD000127,CUS0008,SKU0026,CAR006,LOC004,LOC017,20250124,20250125,20250127,20250126,2025-01-24,2025-01-25,2025-01-27,2025-01-26,2,14,2495,5300.96,3549.14,356.02,1395.8,0.2633,1,0,True,False,12
SHP000333,ORD000333,CUS0146,SKU0039,CAR005,LOC008,LOC015,20250124,20250125,20250130,20250130,2025-01-24,2025-01-25,2025-01-30,2025-01-30,1,9,176,5928.75,3516.39,99.25,2313.11,0.3902,5,0,True,False,5
SHP000494,ORD000494,CUS0067,SKU0039,CAR006,LOC007,LOC014,20250124,20250124,20250130,20250131,2025-01-24,2025-01-24,2025-01-30,2025-01-31,1,3,505,1976.25,1172.13,75.84,728.28,0.3685,7,1,False,False,48
SHP000599,ORD000599,CUS0231,SKU0017,CAR004,LOC005,LOC013,20250124,20250125,20250127,20250125,2025-01-24,2025-01-25,2025-01-27,2025-01-25,2,7,517,963.2,689.36,142.48,131.36,0.1364,0,0,True,False,12
SHP000661,ORD000661,CUS0042,SKU0020,CAR002,LOC004,LOC025,20250124,20250125,20250127,20250128,2025-01-24,2025-01-25,2025-01-27,2025-01-28,2,1,839,144.78,95.6,125.08,-75.9,-0.5242,3,1,False,False,55
SHP000716,ORD000716,CUS0092,SKU0012,CAR002,LOC003,LOC021,20250124,20250124,20250127,20250127,2025-01-24,2025-01-24,2025-01-27,2025-01-27,2,14,367,8411.06,4571.0,164.59,3675.47,0.437,3,0,True,True,42
SHP000758,ORD000758,CUS0067,SKU0034,CAR002,LOC010,LOC030,20250124,20250125,20250130,20250201,2025-01-24,2025-01-25,2025-01-30,2025-02-01,1,17,1397,11750.57,6643.43,380.7,4726.44,0.4022,7,2,False,False,66
SHP000924,ORD000924,CUS0117,SKU0036,CAR006,LOC009,LOC019,20250124,20250124,20250130,20250201,2025-01-24,2025-01-24,2025-01-30,2025-02-01,1,16,465,1042.88,692.64,72.11,278.13,0.2667,8,2,False,False,66
SHP001051,ORD001051,CUS0096,SKU0035,CAR005,LOC001,LOC018,20250124,20250124,20250127,20250127,2025-01-24,2025-01-24,2025-01-27,2025-01-27,2,15,829,2145.9,1599.75,236.92,309.23,0.1441,3,0,True,False,12
SHP001281,ORD001281,CUS0022,SKU0037,CAR003,LOC008,LOC032,20250124,20250125,20250127,20250126,2025-01-24,2025-01-25,2025-01-27,2025-01-26,2,13,414,5324.54,4205.76,325.25,793.53,0.149,1,0,True,False,12
SHP001344,ORD001344,CUS0249,SKU0014,CAR006,LOC004,LOC021,20250124,20250124,20250130,20250129,2025-01-24,2025-01-24,2025-01-30,2025-01-29,1,10,1544,2119.3,1605.1,226.68,287.52,0.1357,5,0,True,False,5
SHP001413,ORD001413,CUS0005,SKU0009,CAR003,LOC008,LOC014,20250124,20250124,20250130,20250201,2025-01-24,2025-01-24,2025-01-30,2025-02-01,1,1,131,568.33,340.54,70.38,157.41,0.277,8,2,False,False,66
SHP001454,ORD001454,CUS0082,SKU0031,CAR002,LOC001,LOC024,20250124,20250124,20250130,20250129,2025-01-24,2025-01-24,2025-01-30,2025-01-29,1,16,725,8095.36,5866.4,267.95,1961.01,0.2422,5,0,True,False,5
SHP001472,ORD001472,CUS0123,SKU0034,CAR003,LOC008,LOC023,20250124,20250124,20250130,20250130,2025-01-24,2025-01-24,2025-01-30,2025-01-30,1,3,151,2073.63,1172.37,107.1,794.16,0.383,6,0,True,False,5
SHP001530,ORD001530,CUS0090,SKU0009,CAR003,LOC002,LOC031,20250124,20250124,20250130,20250131,2025-01-24,2025-01-24,2025-01-30,2025-01-31,1,13,753,7388.29,4427.02,512.66,2448.61,0.3314,7,1,False,False,48
SHP001688,ORD001688,CUS0146,SKU0002,CAR004,LOC002,LOC030,20250124,20250125,20250130,20250128,2025-01-24,2025-01-25,2025-01-30,2025-01-28,1,8,1817,4078.88,2294.4,250.74,1533.74,0.376,3,0,True,False,5
SHP001724,ORD001724,CUS0206,SKU0031,CAR006,LOC001,LOC031,20250124,20250124,20250125,20250125,2025-01-24,2025-01-24,2025-01-25,2025-01-25,3,16,433,8095.36,5866.4,191.19,2037.77,0.2517,1,0,True,False,20
SHP002141,ORD002141,CUS0121,SKU0001,CAR001,LOC006,LOC032,20250124,20250124,20250130,20250131,2025-01-24,2025-01-24,2025-01-30,2025-01-31,1,17,239,424.49,311.1,74.85,38.54,0.0908,7,1,False,False,48
SHP002312,ORD002312,CUS0118,SKU0006,CAR002,LOC005,LOC022,20250124,20250124,20250130,20250131,2025-01-24,2025-01-24,2025-01-30,2025-01-31,1,14,2114,5776.96,4488.82,307.05,981.09,0.1698,7,1,False,False,48
SHP002313,ORD002313,CUS0236,SKU0040,CAR005,LOC008,LOC021,20250124,20250125,20250130,20250128,2025-01-24,2025-01-25,2025-01-30,2025-01-28,1,14,2485,3933.72,2413.32,483.96,1036.44,0.2635,3,0,True,False,5
SHP002439,ORD002439,CUS0149,SKU0032,CAR006,LOC006,LOC030,20250124,20250125,20250130,20250130,2025-01-24,2025-01-25,2025-01-30,2025-01-30,1,17,687,2187.56,1529.15,122.03,536.38,0.2452,5,0,True,False,5
SHP002483,ORD002483,CUS0128,SKU0017,CAR005,LOC009,LOC023,20250124,20250124,20250127,20250127,2025-01-24,2025-01-24,2025-01-27,2025-01-27,2,14,2466,1926.4,1378.72,532.74,14.94,0.0078,3,0,True,False,12
SHP002486,ORD002486,CUS0111,SKU0012,CAR003,LOC009,LOC023,20250124,20250125,20250127,20250126,2025-01-24,2025-01-25,2025-01-27,2025-01-26,2,15,986,9011.85,4897.5,623.19,3491.16,0.3874,1,0,True,False,12
SHP000005,ORD000005,CUS0232,SKU0007,CAR006,LOC003,LOC013,20250125,20250126,20250128,20250127,2025-01-25,2025-01-26,2025-01-28,2025-01-27,2,5,1875,656.25,360.3,280.2,15.75,0.024,1,0,True,False,12
SHP000030,ORD000030,CUS0187,SKU0023,CAR006,LOC004,LOC016,20250125,20250125,20250126,20250126,2025-01-25,2025-01-25,2025-01-26,2025-01-26,3,12,674,3485.16,1885.68,123.81,1475.67,0.4234,1,0,True,False,20
SHP000173,ORD000173,CUS0080,SKU0035,CAR002,LOC008,LOC011,20250125,20250126,20250128,20250127,2025-01-25,2025-01-26,2025-01-28,2025-01-27,2,16,1022,2288.96,1706.4,246.3,336.26,0.1469,1,0,True,False,12
SHP000188,ORD000188,CUS0175,SKU0006,CAR004,LOC010,LOC019,20250125,20250126,20250131,20250129,2025-01-25,2025-01-26,2025-01-31,2025-01-29,1,14,897,5776.96,4488.82,214.4,1073.74,0.1859,3,0,True,False,5
SHP000227,ORD000227,CUS0012,SKU0027,CAR006,LOC009,LOC015,20250125,20250126,20250128,20250129,2025-01-25,2025-01-26,2025-01-28,2025-01-29,2,4,1915,1722.8,1450.56,325.11,-52.87,-0.0307,3,1,False,True,85
SHP000405,ORD000405,CUS0086,SKU0013,CAR002,LOC008,LOC024,20250125,20250125,20250128,20250130,2025-01-25,2025-01-25,2025-01-28,2025-01-30,2,9,1219,2198.25,1481.49,284.13,432.63,0.1968,5,2,False,False,73
SHP000435,ORD000435,CUS0177,SKU0040,CAR005,LOC002,LOC015,20250125,20250125,20250128,20250129,2025-01-25,2025-01-25,2025-01-28,2025-01-29,2,18,536,5057.64,3102.84,196.24,1758.56,0.3477,4,1,False,False,55
SHP000546,ORD000546,CUS0066,SKU0033,CAR003,LOC003,LOC018,20250125,20250125,20250126,20250126,2025-01-25,2025-01-25,2025-01-26,2025-01-26,3,5,1794,3055.2,1932.1,1230.48,-107.38,-0.0351,1,0,True,False,20
SHP000575,ORD000575,CUS0030,SKU0017,CAR006,LOC009,LOC032,20250125,20250125,20250131,20250201,2025-01-25,2025-01-25,2025-01-31,2025-02-01,1,1,1971,137.6,98.48,226.86,-187.74,-1.3644,7,1,False,False,48
SHP000832,ORD000832,CUS0051,SKU0001,CAR004,LOC005,LOC021,20250125,20250125,20250131,20250130,2025-01-25,2025-01-25,2025-01-31,2025-01-30,1,6,1548,149.82,109.8,173.82,-133.8,-0.8931,5,0,True,False,5
SHP000841,ORD000841,CUS0076,SKU0012,CAR003,LOC009,LOC025,20250125,20250125,20250131,20250131,2025-01-25,2025-01-25,2025-01-31,2025-01-31,1,7,2076,4205.53,2285.5,974.1,945.93,0.2249,6,0,True,False,5
SHP000853,ORD000853,CUS0024,SKU0028,CAR003,LOC008,LOC012,20250125,20250126,20250131,20250130,2025-01-25,2025-01-26,2025-01-31,2025-01-30,1,10,687,5379.1,3173.6,337.42,1868.08,0.3473,4,0,True,False,5
SHP000874,ORD000874,CUS0095,SKU0030,CAR006,LOC004,LOC021,20250125,20250125,20250128,20250127,2025-01-25,2025-01-25,2025-01-28,2025-01-27,2,6,1050,4142.64,2450.52,204.56,1487.56,0.3591,2,0,True,False,12
SHP000894,ORD000894,CUS0157,SKU0011,CAR006,LOC008,LOC031,20250125,20250126,20250128,20250130,2025-01-25,2025-01-26,2025-01-28,2025-01-30,2,6,713,2437.14,1475.22,109.5,852.42,0.3498,4,2,False,False,73
SHP000905,ORD000905,CUS0120,SKU0018,CAR004,LOC010,LOC021,20250125,20250126,20250128,20250131,2025-01-25,2025-01-26,2025-01-28,2025-01-31,2,14,693,1722.0,1433.18,139.63,149.19,0.0866,5,3,False,False,91
SHP000980,ORD000980,CUS0141,SKU0030,CAR004,LOC003,LOC026,20250125,20250125,20250131,20250131,2025-01-25,2025-01-25,2025-01-31,2025-01-31,1,12,1605,8285.28,4901.04,251.88,3132.36,0.3781,6,0,True,False,5
SHP001178,ORD001178,CUS0227,SKU0034,CAR002,LOC002,LOC011,20250125,20250126,20250128,20250127,2025-01-25,2025-01-26,2025-01-28,2025-01-27,2,2,1549,1382.42,781.58,294.0,306.84,0.222,1,0,True,False,12
SHP001198,ORD001198,CUS0023,SKU0015,CAR002,LOC004,LOC022,20250125,20250126,20250131,20250131,2025-01-25,2025-01-26,2025-01-31,2025-01-31,1,15,1356,5029.05,3884.4,336.27,808.38,0.1607,5,0,True,False,5
SHP001310,ORD001310,CUS0198,SKU0019,CAR005,LOC008,LOC032,20250125,20250125,20250131,20250131,2025-01-25,2025-01-25,2025-01-31,2025-01-31,1,15,2588,948.0,529.05,566.14,-147.19,-0.1553,6,0,True,False,5
SHP001375,ORD001375,CUS0024,SKU0033,CAR004,LOC001,LOC022,20250125,20250125,20250131,20250131,2025-01-25,2025-01-25,2025-01-31,2025-01-31,1,5,1108,3055.2,1932.1,137.39,985.71,0.3226,6,0,True,False,5
SHP001451,ORD001451,CUS0210,SKU0035,CAR002,LOC001,LOC020,20250125,20250126,20250126,20250126,2025-01-25,2025-01-26,2025-01-26,2025-01-26,3,1,1307,143.06,106.65,286.63,-250.22,-1.7491,0,0,True,False,20
SHP001467,ORD001467,CUS0162,SKU0021,CAR001,LOC009,LOC011,20250125,20250126,20250128,20250128,2025-01-25,2025-01-26,2025-01-28,2025-01-28,2,1,1070,85.15,66.86,247.56,-229.27,-2.6925,2,0,True,False,12
SHP001610,ORD001610,CUS0176,SKU0022,CAR001,LOC003,LOC024,20250125,20250126,20250131,20250201,2025-01-25,2025-01-26,2025-01-31,2025-02-01,1,2,204,365.42,232.5,48.03,84.89,0.2323,6,1,False,False,48
SHP001883,ORD001883,CUS0238,SKU0004,CAR005,LOC007,LOC025,20250125,20250125,20250131,20250131,2025-01-25,2025-01-25,2025-01-31,2025-01-31,1,5,332,124.3,94.65,95.76,-66.11,-0.5319,6,0,True,False,5
SHP001928,ORD001928,CUS0007,SKU0035,CAR003,LOC005,LOC014,20250125,20250126,20250126,20250126,2025-01-25,2025-01-26,2025-01-26,2025-01-26,3,12,190,1716.72,1279.8,260.18,176.74,0.103,0,0,True,False,20
SHP002006,ORD002006,CUS0138,SKU0034,CAR005,LOC008,LOC022,20250125,20250125,20250131,20250129,2025-01-25,2025-01-25,2025-01-31,2025-01-29,1,10,1012,6912.1,3907.9,276.96,2727.24,0.3946,4,0,True,False,5
SHP002098,ORD002098,CUS0043,SKU0020,CAR004,LOC007,LOC023,20250125,20250125,20250131,20250201,2025-01-25,2025-01-25,2025-01-31,2025-02-01,1,15,2671,2171.7,1434.0,466.5,271.2,0.1249,7,1,False,False,48
SHP002271,ORD002271,CUS0245,SKU0009,CAR005,LOC003,LOC032,20250125,20250126,20250131,20250130,2025-01-25,2025-01-26,2025-01-31,2025-01-30,1,11,837,6251.63,3745.94,201.14,2304.55,0.3686,4,0,True,False,5
SHP002286,ORD002286,CUS0246,SKU0002,CAR001,LOC001,LOC020,20250125,20250126,20250131,20250130,2025-01-25,2025-01-26,2025-01-31,2025-01-30,1,17,755,8667.62,4875.6,147.84,3644.18,0.4204,4,0,True,False,5
SHP002446,ORD002446,CUS0117,SKU0019,CAR004,LOC006,LOC017,20250125,20250125,20250128,20250126,2025-01-25,2025-01-25,2025-01-28,2025-01-26,2,18,1669,1137.6,634.86,405.3,97.44,0.0857,1,0,True,False,12
SHP000041,ORD000041,CUS0014,SKU0017,CAR006,LOC002,LOC020,20250126,20250126,20250129,20250128,2025-01-26,2025-01-26,2025-01-29,2025-01-28,2,5,490,688.0,492.4,127.48,68.12,0.099,2,0,True,False,12
SHP000102,ORD000102,CUS0214,SKU0037,CAR002,LOC006,LOC019,20250126,20250127,20250201,20250202,2025-01-26,2025-01-27,2025-02-01,2025-02-02,1,13,2115,5324.54,4205.76,408.97,709.81,0.1333,6,1,False,False,48
SHP000174,ORD000174,CUS0236,SKU0012,CAR003,LOC003,LOC014,20250126,20250127,20250129,20250129,2025-01-26,2025-01-27,2025-01-29,2025-01-29,2,11,313,6608.69,3591.5,244.29,2772.9,0.4196,2,0,True,False,12
SHP000195,ORD000195,CUS0117,SKU0003,CAR001,LOC007,LOC031,20250126,20250126,20250129,20250131,2025-01-26,2025-01-26,2025-01-29,2025-01-31,2,8,1192,209.68,168.72,254.07,-213.11,-1.0164,5,2,False,False,73
SHP000340,ORD000340,CUS0083,SKU0017,CAR006,LOC002,LOC025,20250126,20250127,20250129,20250128,2025-01-26,2025-01-27,2025-01-29,2025-01-28,2,3,741,412.8,295.44,128.11,-10.75,-0.026,1,0,True,False,12
SHP000439,ORD000439,CUS0024,SKU0002,CAR002,LOC009,LOC030,20250126,20250126,20250201,20250203,2025-01-26,2025-01-26,2025-02-01,2025-02-03,1,12,2444,6118.32,3441.6,312.34,2364.38,0.3864,8,2,False,False,66
SHP000507,ORD000507,CUS0063,SKU0001,CAR004,LOC007,LOC022,20250126,20250126,20250201,20250131,2025-01-26,2025-01-26,2025-02-01,2025-01-31,1,14,419,349.58,256.2,85.93,7.45,0.0213,5,0,True,False,5
SHP000585,ORD000585,CUS0061,SKU0003,CAR006,LOC001,LOC027,20250126,20250127,20250201,20250129,2025-01-26,2025-01-27,2025-02-01,2025-01-29,1,7,1416,183.47,147.63,182.68,-146.84,-0.8003,2,0,True,False,5
SHP000744,ORD000744,CUS0057,SKU0019,CAR001,LOC007,LOC024,20250126,20250127,20250201,20250202,2025-01-26,2025-01-27,2025-02-01,2025-02-02,1,3,2008,189.6,105.81,339.9,-256.11,-1.3508,6,1,False,False,48
SHP000746,ORD000746,CUS0146,SKU0020,CAR006,LOC007,LOC014,20250126,20250126,20250201,20250131,2025-01-26,2025-01-26,2025-02-01,2025-01-31,1,3,1958,434.34,286.8,269.8,-122.26,-0.2815,5,0,True,False,5
SHP000897,ORD000897,CUS0214,SKU0019,CAR003,LOC004,LOC017,20250126,20250127,20250201,20250202,2025-01-26,2025-01-27,2025-02-01,2025-02-02,1,9,1636,568.8,317.43,812.76,-561.39,-0.987,6,1,False,False,48
SHP000955,ORD000955,CUS0116,SKU0022,CAR001,LOC006,LOC014,20250126,20250126,20250201,20250201,2025-01-26,2025-01-26,2025-02-01,2025-02-01,1,3,2552,548.13,348.75,455.98,-256.6,-0.4681,6,0,True,True,35
SHP001032,ORD001032,CUS0247,SKU0018,CAR002,LOC001,LOC029,20250126,20250127,20250129,20250128,2025-01-26,2025-01-27,2025-01-29,2025-01-28,2,1,1031,123.0,102.37,183.75,-163.12,-1.3262,1,0,True,False,12
SHP001170,ORD001170,CUS0127,SKU0013,CAR002,LOC004,LOC012,20250126,20250127,20250201,20250202,2025-01-26,2025-01-27,2025-02-01,2025-02-02,1,3,621,732.75,493.83,106.88,132.04,0.1802,6,1,False,False,48
SHP001404,ORD001404,CUS0126,SKU0001,CAR001,LOC009,LOC018,20250126,20250126,20250201,20250201,2025-01-26,2025-01-26,2025-02-01,2025-02-01,1,4,708,99.88,73.2,123.84,-97.16,-0.9728,6,0,True,False,5
SHP001537,ORD001537,CUS0008,SKU0038,CAR001,LOC004,LOC015,20250126,20250127,20250201,20250131,2025-01-26,2025-01-27,2025-02-01,2025-01-31,1,18,1352,2098.8,1368.54,275.72,454.54,0.2166,4,0,True,False,5
SHP001578,ORD001578,CUS0212,SKU0036,CAR005,LOC002,LOC013,20250126,20250127,20250201,20250130,2025-01-26,2025-01-27,2025-02-01,2025-01-30,1,15,2621,977.7,649.35,480.9,-152.55,-0.156,3,0,True,False,5
SHP001639,ORD001639,CUS0042,SKU0009,CAR003,LOC001,LOC024,20250126,20250126,20250201,20250201,2025-01-26,2025-01-26,2025-02-01,2025-02-01,1,6,2494,3409.98,2043.24,1279.21,87.53,0.0257,6,0,True,False,5
SHP001684,ORD001684,CUS0022,SKU0039,CAR002,LOC002,LOC020,20250126,20250127,20250201,20250202,2025-01-26,2025-01-27,2025-02-01,2025-02-02,1,7,586,4611.25,2734.97,116.54,1759.74,0.3816,6,1,False,False,48
SHP001892,ORD001892,CUS0237,SKU0007,CAR004,LOC008,LOC014,20250126,20250127,20250201,20250201,2025-01-26,2025-01-27,2025-02-01,2025-02-01,1,1,2184,131.25,72.06,256.05,-196.86,-1.4999,5,0,True,False,5
SHP001943,ORD001943,CUS0012,SKU0037,CAR006,LOC010,LOC021,20250126,20250127,20250201,20250131,2025-01-26,2025-01-27,2025-02-01,2025-01-31,1,7,2077,2867.06,2264.64,343.72,258.7,0.0902,4,0,True,False,5
SHP001963,ORD001963,CUS0014,SKU0021,CAR001,LOC009,LOC018,20250126,20250127,20250201,20250201,2025-01-26,2025-01-27,2025-02-01,2025-02-01,1,9,606,766.35,601.74,194.05,-29.44,-0.0384,5,0,True,False,5
SHP002041,ORD002041,CUS0137,SKU0021,CAR001,LOC003,LOC014,20250126,20250127,20250201,20250130,2025-01-26,2025-01-27,2025-02-01,2025-01-30,1,14,2229,1192.1,936.04,508.63,-252.57,-0.2119,3,0,True,False,5
SHP002260,ORD002260,CUS0034,SKU0005,CAR006,LOC010,LOC030,20250126,20250126,20250201,20250203,2025-01-26,2025-01-26,2025-02-01,2025-02-03,1,14,2149,3749.48,2531.76,356.9,860.82,0.2296,8,2,False,True,96
SHP002479,ORD002479,CUS0050,SKU0027,CAR006,LOC009,LOC026,20250126,20250127,20250127,20250127,2025-01-26,2025-01-27,2025-01-27,2025-01-27,3,7,796,3014.9,2538.48,200.35,276.07,0.0916,0,0,True,False,20
SHP002491,ORD002491,CUS0169,SKU0032,CAR004,LOC005,LOC021,20250126,20250127,20250201,20250203,2025-01-26,2025-01-27,2025-02-01,2025-02-03,1,13,1506,1672.84,1169.35,224.22,279.27,0.1669,7,2,False,False,66
SHP000100,ORD000100,CUS0083,SKU0036,CAR003,LOC005,LOC019,20250127,20250128,20250202,20250201,2025-01-27,2025-01-28,2025-02-02,2025-02-01,1,8,1629,521.44,346.32,780.62,-605.5,-1.1612,4,0,True,False,5
SHP000283,ORD000283,CUS0219,SKU0024,CAR004,LOC002,LOC019,20250127,20250127,20250202,20250202,2025-01-27,2025-01-27,2025-02-02,2025-02-02,1,12,607,660.84,545.4,100.23,15.21,0.023,6,0,True,False,5
SHP000563,ORD000563,CUS0202,SKU0038,CAR005,LOC004,LOC024,20250127,20250128,20250202,20250202,2025-01-27,2025-01-28,2025-02-02,2025-02-02,1,17,1959,1982.2,1292.51,371.23,318.46,0.1607,5,0,True,False,5
SHP000566,ORD000566,CUS0099,SKU0035,CAR002,LOC008,LOC031,20250127,20250128,20250128,20250128,2025-01-27,2025-01-28,2025-01-28,2025-01-28,3,3,2014,429.18,319.95,409.87,-300.64,-0.7005,0,0,True,False,20
SHP000622,ORD000622,CUS0221,SKU0012,CAR005,LOC006,LOC014,20250127,20250127,20250128,20250128,2025-01-27,2025-01-27,2025-01-28,2025-01-28,3,4,807,2403.16,1306.0,202.61,894.55,0.3722,1,0,True,False,20
SHP000623,ORD000623,CUS0066,SKU0036,CAR001,LOC007,LOC032,20250127,20250127,20250130,20250131,2025-01-27,2025-01-27,2025-01-30,2025-01-31,2,3,1292,195.54,129.87,261.25,-195.58,-1.0002,4,1,False,False,55
SHP000657,ORD000657,CUS0162,SKU0023,CAR005,LOC010,LOC020,20250127,20250128,20250202,20250203,2025-01-27,2025-01-28,2025-02-02,2025-02-03,1,1,2319,290.43,157.14,330.62,-197.33,-0.6794,6,1,False,False,48
SHP000726,ORD000726,CUS0016,SKU0032,CAR002,LOC007,LOC017,20250127,20250128,20250130,20250201,2025-01-27,2025-01-28,2025-01-30,2025-02-01,2,3,123,386.04,269.85,26.41,89.78,0.2326,4,2,False,False,73
SHP000727,ORD000727,CUS0220,SKU0033,CAR003,LOC002,LOC015,20250127,20250127,20250130,20250130,2025-01-27,2025-01-27,2025-01-30,2025-01-30,2,17,1929,10387.68,6569.14,1260.19,2558.35,0.2463,3,0,True,False,12
SHP000912,ORD000912,CUS0123,SKU0024,CAR003,LOC001,LOC023,20250127,20250128,20250128,20250128,2025-01-27,2025-01-28,2025-01-28,2025-01-28,3,17,2153,936.19,772.65,1395.25,-1231.71,-1.3157,0,0,True,False,20
SHP000915,ORD000915,CUS0159,SKU0024,CAR004,LOC003,LOC022,20250127,20250127,20250130,20250131,2025-01-27,2025-01-27,2025-01-30,2025-01-31,2,10,785,550.7,454.5,145.05,-48.85,-0.0887,4,1,False,False,55
SHP001026,ORD001026,CUS0118,SKU0021,CAR004,LOC008,LOC028,20250127,20250128,20250202,20250201,2025-01-27,2025-01-28,2025-02-02,2025-02-01,1,13,2535,1106.95,869.18,491.57,-253.8,-0.2293,4,0,True,False,5
SHP001042,ORD001042,CUS0152,SKU0040,CAR001,LOC006,LOC011,20250127,20250128,20250202,20250202,2025-01-27,2025-01-28,2025-02-02,2025-02-02,1,16,2082,4495.68,2758.08,450.17,1287.43,0.2864,5,0,True,False,5
SHP001147,ORD001147,CUS0040,SKU0028,CAR006,LOC001,LOC028,20250127,20250127,20250202,20250205,2025-01-27,2025-01-27,2025-02-02,2025-02-05,1,10,2010,5379.1,3173.6,264.41,1941.09,0.3609,9,3,False,False,84
SHP001153,ORD001153,CUS0133,SKU0006,CAR002,LOC006,LOC025,20250127,20250127,20250202,20250202,2025-01-27,2025-01-27,2025-02-02,2025-02-02,1,8,2666,3301.12,2565.04,430.54,305.54,0.0926,6,0,True,False,5
SHP001172,ORD001172,CUS0028,SKU0038,CAR003,LOC010,LOC027,20250127,20250127,20250130,20250130,2025-01-27,2025-01-27,2025-01-30,2025-01-30,2,1,1769,116.6,76.03,861.64,-821.07,-7.0418,3,0,True,False,12
SHP001268,ORD001268,CUS0051,SKU0022,CAR006,LOC008,LOC019,20250127,20250128,20250202,20250203,2025-01-27,2025-01-28,2025-02-02,2025-02-03,1,1,890,182.71,116.25,112.11,-45.65,-0.2498,6,1,False,False,48
SHP001431,ORD001431,CUS0220,SKU0022,CAR004,LOC006,LOC031,20250127,20250128,20250130,20250131,2025-01-27,2025-01-28,2025-01-30,2025-01-31,2,15,2506,2740.65,1743.75,476.36,520.54,0.1899,3,1,False,False,55
SHP001522,ORD001522,CUS0213,SKU0027,CAR003,LOC001,LOC017,20250127,20250127,20250202,20250205,2025-01-27,2025-01-27,2025-02-02,2025-02-05,1,10,245,4307.0,3626.4,261.17,419.43,0.0974,9,3,False,False,84
SHP001600,ORD001600,CUS0248,SKU0036,CAR004,LOC010,LOC015,20250127,20250127,20250128,20250129,2025-01-27,2025-01-27,2025-01-28,2025-01-29,3,7,2019,456.26,303.03,312.31,-159.08,-0.3487,2,1,False,False,63
SHP001806,ORD001806,CUS0058,SKU0014,CAR005,LOC006,LOC016,20250127,20250128,20250202,20250202,2025-01-27,2025-01-28,2025-02-02,2025-02-02,1,10,483,2119.3,1605.1,104.81,409.39,0.1932,5,0,True,False,5
SHP001899,ORD001899,CUS0039,SKU0001,CAR005,LOC007,LOC029,20250127,20250127,20250202,20250202,2025-01-27,2025-01-27,2025-02-02,2025-02-02,1,7,1962,174.79,128.1,345.68,-298.99,-1.7106,6,0,True,False,5
SHP002105,ORD002105,CUS0177,SKU0007,CAR005,LOC009,LOC019,20250127,20250128,20250202,20250203,2025-01-27,2025-01-28,2025-02-02,2025-02-03,1,18,1826,2362.5,1297.08,390.18,675.24,0.2858,6,1,False,False,48
SHP002220,ORD002220,CUS0115,SKU0039,CAR001,LOC006,LOC022,20250127,20250128,20250130,20250131,2025-01-27,2025-01-28,2025-01-30,2025-01-31,2,18,486,11857.5,7032.78,312.46,4512.26,0.3805,3,1,False,True,85
SHP002246,ORD002246,CUS0037,SKU0037,CAR005,LOC007,LOC023,20250127,20250127,20250202,20250201,2025-01-27,2025-01-27,2025-02-02,2025-02-01,1,14,193,5734.12,4529.28,120.96,1083.88,0.189,5,0,True,False,5
SHP002407,ORD002407,CUS0166,SKU0013,CAR005,LOC003,LOC027,20250127,20250127,20250130,20250128,2025-01-27,2025-01-27,2025-01-30,2025-01-28,2,15,2596,3663.75,2469.15,634.43,560.17,0.1529,1,0,True,False,12
SHP002416,ORD002416,CUS0069,SKU0029,CAR005,LOC007,LOC011,20250127,20250127,20250202,20250203,2025-01-27,2025-01-27,2025-02-02,2025-02-03,1,17,945,4720.73,3181.04,317.85,1221.84,0.2588,7,1,False,False,48
SHP000315,ORD000315,CUS0236,SKU0018,CAR005,LOC006,LOC015,20250128,20250128,20250131,20250129,2025-01-28,2025-01-28,2025-01-31,2025-01-29,2,1,2411,123.0,102.37,394.92,-374.29,-3.043,1,0,True,False,12
SHP000407,ORD000407,CUS0004,SKU0018,CAR006,LOC010,LOC015,20250128,20250128,20250203,20250131,2025-01-28,2025-01-28,2025-02-03,2025-01-31,1,15,1085,1845.0,1535.55,190.36,119.09,0.0645,3,0,True,False,5
SHP000582,ORD000582,CUS0183,SKU0007,CAR005,LOC010,LOC021,20250128,20250129,20250203,20250203,2025-01-28,2025-01-29,2025-02-03,2025-02-03,1,16,2401,2100.0,1152.96,479.77,467.27,0.2225,5,0,True,False,5
SHP000691,ORD000691,CUS0199,SKU0039,CAR004,LOC004,LOC011,20250128,20250129,20250203,20250205,2025-01-28,2025-01-29,2025-02-03,2025-02-05,1,2,1831,1317.5,781.42,221.66,314.42,0.2386,7,2,False,False,66
SHP000812,ORD000812,CUS0010,SKU0001,CAR001,LOC008,LOC012,20250128,20250128,20250203,20250202,2025-01-28,2025-01-28,2025-02-03,2025-02-02,1,8,2226,199.76,146.4,377.75,-324.39,-1.6239,5,0,True,False,5
SHP000870,ORD000870,CUS0198,SKU0021,CAR003,LOC006,LOC027,20250128,20250129,20250203,20250204,2025-01-28,2025-01-29,2025-02-03,2025-02-04,1,9,2651,766.35,601.74,1396.25,-1231.64,-1.6072,6,1,False,False,48
SHP000957,ORD000957,CUS0154,SKU0010,CAR003,LOC008,LOC011,20250128,20250128,20250129,20250129,2025-01-28,2025-01-28,2025-01-29,2025-01-29,3,4,797,222.8,161.88,593.39,-532.47,-2.3899,1,0,True,False,20
SHP001128,ORD001128,CUS0212,SKU0013,CAR005,LOC010,LOC024,20250128,20250129,20250203,20250131,2025-01-28,2025-01-29,2025-02-03,2025-01-31,1,13,1268,3175.25,2139.93,306.41,728.91,0.2296,2,0,True,False,5
SHP001131,ORD001131,CUS0001,SKU0037,CAR006,LOC008,LOC015,20250128,20250128,20250203,20250203,2025-01-28,2025-01-28,2025-02-03,2025-02-03,1,4,126,1638.32,1294.08,35.78,308.46,0.1883,6,0,True,False,5
SHP001142,ORD001142,CUS0003,SKU0017,CAR005,LOC010,LOC025,20250128,20250128,20250203,20250202,2025-01-28,2025-01-28,2025-02-03,2025-02-02,1,2,1745,275.2,196.96,270.86,-192.62,-0.6999,5,0,True,False,5
SHP001510,ORD001510,CUS0129,SKU0034,CAR003,LOC002,LOC029,20250128,20250128,20250131,20250201,2025-01-28,2025-01-28,2025-01-31,2025-02-01,2,7,1849,4838.47,2735.53,972.76,1130.18,0.2336,4,1,False,False,55
SHP001523,ORD001523,CUS0108,SKU0032,CAR002,LOC005,LOC032,20250128,20250129,20250203,20250131,2025-01-28,2025-01-29,2025-02-03,2025-01-31,1,5,2155,643.4,449.75,286.21,-92.56,-0.1439,2,0,True,False,5
SHP001529,ORD001529,CUS0004,SKU0029,CAR003,LOC006,LOC017,20250128,20250129,20250203,20250205,2025-01-28,2025-01-29,2025-02-03,2025-02-05,1,16,2548,4443.04,2993.92,1416.81,32.31,0.0073,7,2,False,False,66
SHP001532,ORD001532,CUS0216,SKU0016,CAR005,LOC010,LOC020,20250128,20250128,20250203,20250204,2025-01-28,2025-01-28,2025-02-03,2025-02-04,1,12,378,3240.72,2381.4,145.69,713.63,0.2202,7,1,False,False,48
SHP001542,ORD001542,CUS0037,SKU0006,CAR006,LOC008,LOC026,20250128,20250128,20250129,20250129,2025-01-28,2025-01-28,2025-01-29,2025-01-29,3,9,139,3713.76,2885.67,70.41,757.68,0.204,1,0,True,False,20
SHP001712,ORD001712,CUS0016,SKU0011,CAR006,LOC003,LOC011,20250128,20250129,20250203,20250131,2025-01-28,2025-01-29,2025-02-03,2025-01-31,1,4,1041,1624.76,983.48,120.79,520.49,0.3203,2,0,True,False,5
SHP001729,ORD001729,CUS0155,SKU0005,CAR005,LOC006,LOC013,20250128,20250129,20250129,20250129,2025-01-28,2025-01-29,2025-01-29,2025-01-29,3,16,107,4285.12,2893.44,91.6,1300.08,0.3034,0,0,True,False,20
SHP001815,ORD001815,CUS0141,SKU0027,CAR003,LOC007,LOC028,20250128,20250128,20250129,20250129,2025-01-28,2025-01-28,2025-01-29,2025-01-29,3,10,2436,4307.0,3626.4,1757.74,-1077.14,-0.2501,1,0,True,False,20
SHP001921,ORD001921,CUS0221,SKU0001,CAR005,LOC003,LOC014,20250128,20250128,20250131,20250129,2025-01-28,2025-01-28,2025-01-31,2025-01-29,2,8,2546,199.76,146.4,495.12,-441.76,-2.2115,1,0,True,False,12
SHP002093,ORD002093,CUS0183,SKU0024,CAR004,LOC001,LOC013,20250128,20250129,20250203,20250205,2025-01-28,2025-01-29,2025-02-03,2025-02-05,1,10,852,550.7,454.5,112.88,-16.68,-0.0303,7,2,False,False,66
SHP002305,ORD002305,CUS0103,SKU0033,CAR002,LOC001,LOC029,20250128,20250129,20250129,20250129,2025-01-28,2025-01-29,2025-01-29,2025-01-29,3,11,1526,6721.44,4250.62,334.08,2136.74,0.3179,0,0,True,False,20
SHP002457,ORD002457,CUS0129,SKU0006,CAR001,LOC003,LOC024,20250128,20250129,20250203,20250201,2025-01-28,2025-01-29,2025-02-03,2025-02-01,1,17,2391,7014.88,5450.71,527.21,1036.96,0.1478,3,0,True,False,5
SHP002473,ORD002473,CUS0222,SKU0027,CAR005,LOC005,LOC017,20250128,20250128,20250131,20250201,2025-01-28,2025-01-28,2025-01-31,2025-02-01,2,17,1141,7321.9,6164.88,352.96,804.06,0.1098,4,1,False,False,55
SHP000086,ORD000086,CUS0040,SKU0031,CAR004,LOC008,LOC028,20250129,20250129,20250204,20250205,2025-01-29,2025-01-29,2025-02-04,2025-02-05,1,5,2551,2529.8,1833.25,355.6,340.95,0.1348,7,1,False,False,48
SHP000097,ORD000097,CUS0235,SKU0030,CAR001,LOC005,LOC017,20250129,20250130,20250204,20250201,2025-01-29,2025-01-30,2025-02-04,2025-02-01,1,5,2352,3452.2,2042.1,413.25,996.85,0.2888,2,0,True,False,5
SHP000258,ORD000258,CUS0125,SKU0023,CAR004,LOC008,LOC016,20250129,20250129,20250204,20250203,2025-01-29,2025-01-29,2025-02-04,2025-02-03,1,12,2544,3485.16,1885.68,346.72,1252.76,0.3595,5,0,True,False,5
SHP000406,ORD000406,CUS0232,SKU0040,CAR002,LOC002,LOC024,20250129,20250130,20250201,20250201,2025-01-29,2025-01-30,2025-02-01,2025-02-01,2,6,2437,1685.88,1034.28,468.92,182.68,0.1084,2,0,True,False,12
SHP000424,ORD000424,CUS0006,SKU0013,CAR001,LOC002,LOC027,20250129,20250130,20250201,20250203,2025-01-29,2025-01-30,2025-02-01,2025-02-03,2,9,2275,2198.25,1481.49,593.26,123.5,0.0562,4,2,False,False,73
SHP000504,ORD000504,CUS0197,SKU0023,CAR001,LOC009,LOC030,20250129,20250129,20250204,20250206,2025-01-29,2025-01-29,2025-02-04,2025-02-06,1,11,2351,3194.73,1728.54,371.5,1094.69,0.3427,8,2,False,False,66
SHP000540,ORD000540,CUS0115,SKU0035,CAR003,LOC010,LOC011,20250129,20250129,20250204,20250206,2025-01-29,2025-01-29,2025-02-04,2025-02-06,1,14,91,2002.84,1493.1,123.86,385.88,0.1927,8,2,False,False,66
SHP000609,ORD000609,CUS0029,SKU0006,CAR001,LOC006,LOC015,20250129,20250130,20250204,20250203,2025-01-29,2025-01-30,2025-02-04,2025-02-03,1,10,840,4126.4,3206.3,181.61,738.49,0.179,4,0,True,False,5
SHP000936,ORD000936,CUS0200,SKU0007,CAR006,LOC007,LOC030,20250129,20250130,20250204,20250206,2025-01-29,2025-01-30,2025-02-04,2025-02-06,1,9,2068,1181.25,648.54,325.79,206.92,0.1752,7,2,False,False,66
SHP000973,ORD000973,CUS0169,SKU0022,CAR006,LOC005,LOC028,20250129,20250129,20250204,20250201,2025-01-29,2025-01-29,2025-02-04,2025-02-01,1,7,354,1278.97,813.75,145.06,320.16,0.2503,3,0,True,False,5
SHP001048,ORD001048,CUS0183,SKU0015,CAR004,LOC010,LOC029,20250129,20250129,20250204,20250206,2025-01-29,2025-01-29,2025-02-04,2025-02-06,1,16,545,5364.32,4143.36,145.17,1075.79,0.2005,8,2,False,False,66
SHP001090,ORD001090,CUS0030,SKU0032,CAR001,LOC006,LOC026,20250129,20250130,20250204,20250205,2025-01-29,2025-01-30,2025-02-04,2025-02-05,1,6,1952,772.08,539.7,328.11,-95.73,-0.124,6,1,False,False,48
SHP001093,ORD001093,CUS0232,SKU0030,CAR002,LOC007,LOC029,20250129,20250130,20250201,20250203,2025-01-29,2025-01-30,2025-02-01,2025-02-03,2,8,2141,5523.52,3267.36,412.13,1844.03,0.3339,4,2,False,False,73
SHP001175,ORD001175,CUS0088,SKU0031,CAR001,LOC003,LOC017,20250129,20250129,20250204,20250202,2025-01-29,2025-01-29,2025-02-04,2025-02-02,1,17,1738,8601.32,6233.05,424.13,1944.14,0.226,4,0,True,False,5
SHP001186,ORD001186,CUS0104,SKU0028,CAR005,LOC010,LOC011,20250129,20250130,20250204,20250204,2025-01-29,2025-01-30,2025-02-04,2025-02-04,1,5,2363,2689.55,1586.8,352.81,749.94,0.2788,5,0,True,False,5
SHP001218,ORD001218,CUS0246,SKU0035,CAR005,LOC002,LOC032,20250129,20250130,20250201,20250130,2025-01-29,2025-01-30,2025-02-01,2025-01-30,2,7,492,1001.42,746.55,121.47,133.4,0.1332,0,0,True,False,12
SHP001326,ORD001326,CUS0139,SKU0029,CAR003,LOC010,LOC019,20250129,20250130,20250130,20250131,2025-01-29,2025-01-30,2025-01-30,2025-01-31,3,1,481,277.69,187.12,349.83,-259.26,-0.9336,1,1,False,False,63
SHP001590,ORD001590,CUS0190,SKU0007,CAR004,LOC001,LOC021,20250129,20250129,20250204,20250202,2025-01-29,2025-01-29,2025-02-04,2025-02-02,1,10,2530,1312.5,720.6,311.21,280.69,0.2139,4,0,True,False,5
SHP001613,ORD001613,CUS0119,SKU0009,CAR006,LOC010,LOC014,20250129,20250130,20250201,20250202,2025-01-29,2025-01-30,2025-02-01,2025-02-02,2,8,808,4546.64,2724.32,154.27,1668.05,0.3669,3,1,False,False,55
SHP001731,ORD001731,CUS0202,SKU0026,CAR003,LOC003,LOC015,20250129,20250130,20250204,20250205,2025-01-29,2025-01-30,2025-02-04,2025-02-05,1,1,703,378.64,253.51,345.58,-220.45,-0.5822,6,1,False,False,48
SHP001760,ORD001760,CUS0189,SKU0002,CAR006,LOC010,LOC019,20250129,20250129,20250204,20250204,2025-01-29,2025-01-29,2025-02-04,2025-02-04,1,14,1546,7138.04,4015.2,205.95,2916.89,0.4086,6,0,True,False,5
SHP001773,ORD001773,CUS0091,SKU0022,CAR006,LOC003,LOC032,20250129,20250129,20250130,20250130,2025-01-29,2025-01-29,2025-01-30,2025-01-30,3,7,1881,1278.97,813.75,352.89,112.33,0.0878,1,0,True,False,20
SHP001858,ORD001858,CUS0236,SKU0035,CAR002,LOC001,LOC015,20250129,20250130,20250201,20250201,2025-01-29,2025-01-30,2025-02-01,2025-02-01,2,11,2221,1573.66,1173.15,372.72,27.79,0.0177,2,0,True,False,12
SHP002166,ORD002166,CUS0212,SKU0016,CAR005,LOC008,LOC018,20250129,20250130,20250204,20250205,2025-01-29,2025-01-30,2025-02-04,2025-02-05,1,7,473,1890.42,1389.15,165.14,336.13,0.1778,6,1,False,False,48
SHP002172,ORD002172,CUS0247,SKU0040,CAR003,LOC002,LOC021,20250129,20250130,20250201,20250201,2025-01-29,2025-01-30,2025-02-01,2025-02-01,2,10,350,2809.8,1723.8,262.44,823.56,0.2931,2,0,True,False,12
SHP002256,ORD002256,CUS0170,SKU0019,CAR006,LOC006,LOC022,20250129,20250130,20250204,20250202,2025-01-29,2025-01-30,2025-02-04,2025-02-02,1,11,1562,695.2,387.97,253.89,53.34,0.0767,3,0,True,False,5
SHP002337,ORD002337,CUS0160,SKU0036,CAR001,LOC002,LOC022,20250129,20250129,20250204,20250203,2025-01-29,2025-01-29,2025-02-04,2025-02-03,1,14,380,912.52,606.06,75.32,231.14,0.2533,5,0,True,False,5
SHP002397,ORD002397,CUS0170,SKU0025,CAR003,LOC001,LOC030,20250129,20250129,20250204,20250202,2025-01-29,2025-01-29,2025-02-04,2025-02-02,1,5,1590,2445.45,1671.7,676.79,96.96,0.0396,4,0,True,False,5
SHP002469,ORD002469,CUS0150,SKU0019,CAR001,LOC010,LOC021,20250129,20250130,20250204,20250205,2025-01-29,2025-01-30,2025-02-04,2025-02-05,1,16,551,1011.2,564.32,158.05,288.83,0.2856,6,1,False,False,48
SHP000162,ORD000162,CUS0200,SKU0009,CAR005,LOC008,LOC021,20250130,20250131,20250205,20250206,2025-01-30,2025-01-31,2025-02-05,2025-02-06,1,7,516,3978.31,2383.78,104.01,1490.52,0.3747,6,1,False,False,48
SHP000256,ORD000256,CUS0233,SKU0034,CAR003,LOC001,LOC012,20250130,20250131,20250205,20250202,2025-01-30,2025-01-31,2025-02-05,2025-02-02,1,7,1659,4838.47,2735.53,815.57,1287.37,0.2661,2,0,True,False,5
SHP000311,ORD000311,CUS0135,SKU0013,CAR006,LOC002,LOC031,20250130,20250131,20250205,20250205,2025-01-30,2025-01-31,2025-02-05,2025-02-05,1,7,802,1709.75,1152.27,177.3,380.18,0.2224,5,0,True,False,5
SHP000482,ORD000482,CUS0042,SKU0017,CAR006,LOC008,LOC012,20250130,20250131,20250205,20250204,2025-01-30,2025-01-31,2025-02-05,2025-02-04,1,16,1983,2201.6,1575.68,442.18,183.74,0.0835,4,0,True,False,5
SHP000559,ORD000559,CUS0160,SKU0033,CAR003,LOC005,LOC023,20250130,20250130,20250205,20250204,2025-01-30,2025-01-30,2025-02-05,2025-02-04,1,15,1745,9165.6,5796.3,875.41,2493.89,0.2721,5,0,True,False,5
SHP000560,ORD000560,CUS0231,SKU0023,CAR001,LOC002,LOC019,20250130,20250130,20250205,20250206,2025-01-30,2025-01-30,2025-02-05,2025-02-06,1,3,1276,871.29,471.42,221.46,178.41,0.2048,7,1,False,False,48
SHP000996,ORD000996,CUS0083,SKU0025,CAR006,LOC008,LOC030,20250130,20250130,20250205,20250205,2025-01-30,2025-01-30,2025-02-05,2025-02-05,1,3,2238,1467.27,1003.02,307.2,157.05,0.107,6,0,True,False,5
SHP001069,ORD001069,CUS0183,SKU0027,CAR004,LOC001,LOC028,20250130,20250131,20250205,20250203,2025-01-30,2025-01-31,2025-02-05,2025-02-03,1,3,1644,1292.1,1087.92,243.84,-39.66,-0.0307,3,0,True,False,5
SHP001354,ORD001354,CUS0003,SKU0004,CAR004,LOC005,LOC011,20250130,20250130,20250202,20250131,2025-01-30,2025-01-30,2025-02-02,2025-01-31,2,3,1249,74.58,56.79,213.82,-196.03,-2.6285,1,0,True,False,12
SHP001492,ORD001492,CUS0126,SKU0001,CAR001,LOC004,LOC014,20250130,20250130,20250205,20250206,2025-01-30,2025-01-30,2025-02-05,2025-02-06,1,11,631,274.67,201.3,139.2,-65.83,-0.2397,7,1,False,False,48
SHP001505,ORD001505,CUS0025,SKU0011,CAR006,LOC005,LOC023,20250130,20250131,20250202,20250204,2025-01-30,2025-01-31,2025-02-02,2025-02-04,2,11,2208,4468.09,2704.57,314.09,1449.43,0.3244,4,2,False,False,73
SHP001531,ORD001531,CUS0116,SKU0023,CAR004,LOC008,LOC029,20250130,20250131,20250202,20250203,2025-01-30,2025-01-31,2025-02-02,2025-02-03,2,2,1214,580.86,314.28,151.59,114.99,0.198,3,1,False,False,55
SHP001776,ORD001776,CUS0051,SKU0004,CAR004,LOC007,LOC028,20250130,20250130,20250131,20250204,2025-01-30,2025-01-30,2025-01-31,2025-02-04,3,11,2264,273.46,208.23,449.63,-384.4,-1.4057,5,4,False,False,100
SHP001939,ORD001939,CUS0242,SKU0036,CAR004,LOC005,LOC027,20250130,20250131,20250202,20250131,2025-01-30,2025-01-31,2025-02-02,2025-01-31,2,12,2095,782.16,519.48,340.61,-77.93,-0.0996,0,0,True,False,12
SHP001979,ORD001979,CUS0057,SKU0035,CAR004,LOC002,LOC022,20250130,20250130,20250205,20250204,2025-01-30,2025-01-30,2025-02-05,2025-02-04,1,9,1003,1287.54,959.85,163.1,164.59,0.1278,5,0,True,False,5
SHP002149,ORD002149,CUS0213,SKU0001,CAR003,LOC010,LOC014,20250130,20250131,20250202,20250131,2025-01-30,2025-01-31,2025-02-02,2025-01-31,2,15,2022,374.55,274.5,1134.83,-1034.78,-2.7627,0,0,True,False,12
SHP002171,ORD002171,CUS0198,SKU0032,CAR005,LOC006,LOC011,20250130,20250131,20250205,20250206,2025-01-30,2025-01-31,2025-02-05,2025-02-06,1,2,1091,257.36,179.9,188.11,-110.65,-0.4299,6,1,False,False,48
SHP002213,ORD002213,CUS0170,SKU0020,CAR005,LOC010,LOC014,20250130,20250131,20250205,20250205,2025-01-30,2025-01-31,2025-02-05,2025-02-05,1,17,1472,2461.26,1625.2,359.27,476.79,0.1937,5,0,True,False,5
SHP002221,ORD002221,CUS0170,SKU0017,CAR002,LOC007,LOC029,20250130,20250130,20250205,20250202,2025-01-30,2025-01-30,2025-02-05,2025-02-02,1,8,475,1100.8,787.84,172.05,140.91,0.128,3,0,True,False,5
SHP002402,ORD002402,CUS0002,SKU0004,CAR005,LOC005,LOC012,20250130,20250130,20250202,20250131,2025-01-30,2025-01-30,2025-02-02,2025-01-31,2,16,2462,397.76,302.88,588.4,-493.52,-1.2407,1,0,True,False,12
SHP002494,ORD002494,CUS0225,SKU0022,CAR001,LOC005,LOC028,20250130,20250130,20250202,20250204,2025-01-30,2025-01-30,2025-02-02,2025-02-04,2,9,1040,1644.39,1046.25,324.08,274.06,0.1667,5,2,False,False,73
SHP000002,ORD000002,CUS0119,SKU0015,CAR006,LOC008,LOC020,20250131,20250131,20250206,20250207,2025-01-31,2025-01-31,2025-02-06,2025-02-07,1,5,1110,1676.35,1294.8,190.26,191.29,0.1141,7,1,False,False,48
SHP000010,ORD000010,CUS0117,SKU0025,CAR003,LOC003,LOC024,20250131,20250131,20250203,20250202,2025-01-31,2025-01-31,2025-02-03,2025-02-02,2,5,2282,2445.45,1671.7,1313.15,-539.4,-0.2206,2,0,True,False,12
SHP000178,ORD000178,CUS0163,SKU0011,CAR001,LOC001,LOC019,20250131,20250131,20250206,20250204,2025-01-31,2025-01-31,2025-02-06,2025-02-04,1,11,2687,4468.09,2704.57,438.78,1324.74,0.2965,4,0,True,False,5
SHP000196,ORD000196,CUS0246,SKU0012,CAR004,LOC005,LOC013,20250131,20250201,20250206,20250205,2025-01-31,2025-02-01,2025-02-06,2025-02-05,1,15,2473,9011.85,4897.5,435.5,3678.85,0.4082,4,0,True,False,5
SHP000307,ORD000307,CUS0210,SKU0035,CAR004,LOC007,LOC031,20250131,20250201,20250206,20250207,2025-01-31,2025-02-01,2025-02-06,2025-02-07,1,3,2328,429.18,319.95,273.97,-164.74,-0.3838,6,1,False,False,48
SHP000355,ORD000355,CUS0135,SKU0014,CAR003,LOC008,LOC027,20250131,20250131,20250206,20250207,2025-01-31,2025-01-31,2025-02-06,2025-02-07,1,10,223,2119.3,1605.1,157.86,356.34,0.1681,7,1,False,False,48
SHP000379,ORD000379,CUS0088,SKU0003,CAR001,LOC007,LOC023,20250131,20250131,20250206,20250208,2025-01-31,2025-01-31,2025-02-06,2025-02-08,1,17,701,445.57,358.53,192.14,-105.1,-0.2359,8,2,False,False,66
SHP000403,ORD000403,CUS0051,SKU0027,CAR006,LOC007,LOC017,20250131,20250201,20250203,20250202,2025-01-31,2025-02-01,2025-02-03,2025-02-02,2,11,521,4737.7,3989.04,142.52,606.14,0.1279,1,0,True,False,12
SHP000671,ORD000671,CUS0093,SKU0002,CAR005,LOC003,LOC020,20250131,20250201,20250206,20250205,2025-01-31,2025-02-01,2025-02-06,2025-02-05,1,7,521,3569.02,2007.6,83.74,1477.68,0.414,4,0,True,False,5
SHP001018,ORD001018,CUS0087,SKU0023,CAR001,LOC007,LOC028,20250131,20250131,20250206,20250205,2025-01-31,2025-01-31,2025-02-06,2025-02-05,1,12,1760,3485.16,1885.68,277.26,1322.22,0.3794,5,0,True,False,5
SHP001143,ORD001143,CUS0203,SKU0017,CAR005,LOC009,LOC016,20250131,20250131,20250206,20250204,2025-01-31,2025-01-31,2025-02-06,2025-02-04,1,3,1057,412.8,295.44,193.63,-76.27,-0.1848,4,0,True,False,5
SHP001202,ORD001202,CUS0102,SKU0007,CAR004,LOC008,LOC026,20250131,20250131,20250206,20250207,2025-01-31,2025-01-31,2025-02-06,2025-02-07,1,9,2258,1181.25,648.54,264.94,267.77,0.2267,7,1,False,False,48
SHP001485,ORD001485,CUS0235,SKU0024,CAR001,LOC007,LOC014,20250131,20250201,20250206,20250207,2025-01-31,2025-02-01,2025-02-06,2025-02-07,1,15,1482,826.05,681.75,292.61,-148.31,-0.1795,6,1,False,False,48
SHP001520,ORD001520,CUS0008,SKU0030,CAR002,LOC007,LOC024,20250131,20250131,20250206,20250208,2025-01-31,2025-01-31,2025-02-06,2025-02-08,1,6,2301,4142.64,2450.52,399.24,1292.88,0.3121,8,2,False,False,66
SHP001526,ORD001526,CUS0192,SKU0035,CAR004,LOC005,LOC017,20250131,20250131,20250203,20250203,2025-01-31,2025-01-31,2025-02-03,2025-02-03,2,11,626,1573.66,1173.15,165.63,234.88,0.1493,3,0,True,False,12
SHP001696,ORD001696,CUS0152,SKU0035,CAR003,LOC005,LOC012,20250131,20250131,20250201,20250202,2025-01-31,2025-01-31,2025-02-01,2025-02-02,3,6,391,858.36,639.9,278.01,-59.55,-0.0694,2,1,False,False,63
SHP001728,ORD001728,CUS0025,SKU0037,CAR003,LOC004,LOC016,20250131,20250201,20250203,20250202,2025-01-31,2025-02-01,2025-02-03,2025-02-02,2,1,70,409.58,323.52,42.77,43.29,0.1057,1,0,True,False,12
SHP001855,ORD001855,CUS0055,SKU0012,CAR003,LOC005,LOC014,20250131,20250201,20250203,20250201,2025-01-31,2025-02-01,2025-02-03,2025-02-01,2,9,1191,5407.11,2938.5,742.67,1725.94,0.3192,0,0,True,False,12
SHP001947,ORD001947,CUS0223,SKU0018,CAR002,LOC007,LOC032,20250131,20250201,20250203,20250202,2025-01-31,2025-02-01,2025-02-03,2025-02-02,2,1,1957,123.0,102.37,288.2,-267.57,-2.1754,1,0,True,False,12
SHP001957,ORD001957,CUS0121,SKU0009,CAR003,LOC002,LOC021,20250131,20250201,20250206,20250206,2025-01-31,2025-02-01,2025-02-06,2025-02-06,1,9,1981,5114.97,3064.86,975.77,1074.34,0.21,5,0,True,False,5
SHP002117,ORD002117,CUS0123,SKU0006,CAR003,LOC006,LOC014,20250131,20250131,20250203,20250202,2025-01-31,2025-01-31,2025-02-03,2025-02-02,2,11,2420,4539.04,3526.93,1415.93,-403.82,-0.089,2,0,True,False,12
SHP002162,ORD002162,CUS0185,SKU0003,CAR002,LOC001,LOC031,20250131,20250131,20250206,20250206,2025-01-31,2025-01-31,2025-02-06,2025-02-06,1,1,656,26.21,21.09,80.15,-75.03,-2.8626,6,0,True,False,5
SHP002245,ORD002245,CUS0060,SKU0034,CAR001,LOC005,LOC017,20250131,20250201,20250206,20250206,2025-01-31,2025-02-01,2025-02-06,2025-02-06,1,5,1182,3456.05,1953.95,281.8,1220.3,0.3531,5,0,True,False,5
SHP002252,ORD002252,CUS0245,SKU0004,CAR006,LOC006,LOC032,20250131,20250131,20250206,20250204,2025-01-31,2025-01-31,2025-02-06,2025-02-04,1,9,1323,223.74,170.37,230.78,-177.41,-0.7929,4,0,True,False,5
SHP002364,ORD002364,CUS0233,SKU0036,CAR002,LOC010,LOC031,20250131,20250131,20250206,20250208,2025-01-31,2025-01-31,2025-02-06,2025-02-08,1,18,2313,1173.24,779.22,306.17,87.85,0.0749,8,2,False,False,66
SHP002365,ORD002365,CUS0178,SKU0017,CAR002,LOC005,LOC027,20250131,20250201,20250206,20250205,2025-01-31,2025-02-01,2025-02-06,2025-02-05,1,2,2195,275.2,196.96,307.02,-228.78,-0.8313,4,0,True,False,5
SHP000029,ORD000029,CUS0021,SKU0034,CAR004,LOC009,LOC031,20250201,20250201,20250207,20250209,2025-02-01,2025-02-01,2025-02-07,2025-02-09,1,13,977,8985.73,5080.27,208.58,3696.88,0.4114,8,2,False,False,66
SHP000117,ORD000117,CUS0158,SKU0039,CAR002,LOC010,LOC023,20250201,20250202,20250204,20250203,2025-02-01,2025-02-02,2025-02-04,2025-02-03,2,16,97,10540.0,6251.36,188.31,4100.33,0.389,1,0,True,False,12
SHP000156,ORD000156,CUS0212,SKU0018,CAR001,LOC001,LOC016,20250201,20250201,20250207,20250209,2025-02-01,2025-02-01,2025-02-07,2025-02-09,1,11,2411,1353.0,1126.07,442.88,-215.95,-0.1596,8,2,False,False,66
SHP000158,ORD000158,CUS0188,SKU0013,CAR005,LOC001,LOC018,20250201,20250202,20250207,20250206,2025-02-01,2025-02-02,2025-02-07,2025-02-06,1,16,1074,3908.0,2633.76,318.64,955.6,0.2445,4,0,True,False,5
SHP000303,ORD000303,CUS0087,SKU0040,CAR006,LOC003,LOC026,20250201,20250201,20250207,20250208,2025-02-01,2025-02-01,2025-02-07,2025-02-08,1,3,700,842.94,517.14,111.97,213.83,0.2537,7,1,False,False,48
SHP000365,ORD000365,CUS0017,SKU0025,CAR003,LOC006,LOC028,20250201,20250201,20250207,20250208,2025-02-01,2025-02-01,2025-02-07,2025-02-08,1,16,1835,7825.44,5349.44,839.39,1636.61,0.2091,7,1,False,False,48
SHP000542,ORD000542,CUS0214,SKU0022,CAR001,LOC002,LOC030,20250201,20250202,20250207,20250209,2025-02-01,2025-02-02,2025-02-07,2025-02-09,1,8,1436,1461.68,930.0,305.6,226.08,0.1547,7,2,False,False,66
SHP000589,ORD000589,CUS0070,SKU0013,CAR004,LOC007,LOC027,20250201,20250202,20250207,20250210,2025-02-01,2025-02-02,2025-02-07,2025-02-10,1,15,1701,3663.75,2469.15,335.41,859.19,0.2345,8,3,False,False,84
SHP000707,ORD000707,CUS0169,SKU0017,CAR001,LOC002,LOC014,20250201,20250202,20250204,20250203,2025-02-01,2025-02-02,2025-02-04,2025-02-03,2,13,2639,1788.8,1280.24,674.86,-166.3,-0.093,1,0,True,False,12
SHP000840,ORD000840,CUS0080,SKU0009,CAR001,LOC003,LOC029,20250201,20250202,20250207,20250207,2025-02-01,2025-02-02,2025-02-07,2025-02-07,1,7,1623,3978.31,2383.78,297.11,1297.42,0.3261,5,0,True,False,5
SHP001010,ORD001010,CUS0081,SKU0002,CAR005,LOC006,LOC013,20250201,20250202,20250207,20250206,2025-02-01,2025-02-02,2025-02-07,2025-02-06,1,16,461,8157.76,4588.8,80.79,3488.17,0.4276,4,0,True,False,5
SHP001094,ORD001094,CUS0199,SKU0005,CAR003,LOC003,LOC024,20250201,20250202,20250207,20250206,2025-02-01,2025-02-02,2025-02-07,2025-02-06,1,16,303,4285.12,2893.44,206.49,1185.19,0.2766,4,0,True,False,5
SHP001164,ORD001164,CUS0185,SKU0024,CAR006,LOC005,LOC013,20250201,20250202,20250204,20250205,2025-02-01,2025-02-02,2025-02-04,2025-02-05,2,5,2234,275.35,227.25,301.73,-253.63,-0.9211,3,1,False,False,55
SHP001357,ORD001357,CUS0012,SKU0010,CAR003,LOC010,LOC011,20250201,20250201,20250202,20250202,2025-02-01,2025-02-01,2025-02-02,2025-02-02,3,11,1739,612.7,445.17,1264.94,-1097.41,-1.7911,1,0,True,False,20
SHP001363,ORD001363,CUS0099,SKU0006,CAR004,LOC006,LOC025,20250201,20250202,20250207,20250205,2025-02-01,2025-02-02,2025-02-07,2025-02-05,1,4,2594,1650.56,1282.52,315.52,52.52,0.0318,3,0,True,False,5
SHP001408,ORD001408,CUS0018,SKU0016,CAR006,LOC008,LOC019,20250201,20250201,20250204,20250205,2025-02-01,2025-02-01,2025-02-04,2025-02-05,2,16,539,4320.96,3175.2,246.95,898.81,0.208,4,1,False,False,55
SHP001425,ORD001425,CUS0224,SKU0017,CAR003,LOC005,LOC030,20250201,20250201,20250207,20250207,2025-02-01,2025-02-01,2025-02-07,2025-02-07,1,11,1124,1513.6,1083.28,688.61,-258.29,-0.1706,6,0,True,False,5
SHP001434,ORD001434,CUS0047,SKU0019,CAR003,LOC005,LOC018,20250201,20250202,20250207,20250207,2025-02-01,2025-02-02,2025-02-07,2025-02-07,1,15,1735,948.0,529.05,778.89,-359.94,-0.3797,5,0,True,False,5
SHP001469,ORD001469,CUS0228,SKU0036,CAR002,LOC004,LOC017,20250201,20250202,20250204,20250205,2025-02-01,2025-02-02,2025-02-04,2025-02-05,2,6,1648,391.08,259.74,298.15,-166.81,-0.4265,3,1,False,False,55
SHP001521,ORD001521,CUS0097,SKU0006,CAR003,LOC010,LOC025,20250201,20250202,20250207,20250207,2025-02-01,2025-02-02,2025-02-07,2025-02-07,1,17,1758,7014.88,5450.71,951.24,612.93,0.0874,5,0,True,False,5
SHP001666,ORD001666,CUS0120,SKU0005,CAR006,LOC001,LOC023,20250201,20250202,20250204,20250206,2025-02-01,2025-02-02,2025-02-04,2025-02-06,2,5,2276,1339.1,904.2,346.42,88.48,0.0661,4,2,False,False,73
SHP001698,ORD001698,CUS0013,SKU0026,CAR006,LOC005,LOC011,20250201,20250201,20250207,20250208,2025-02-01,2025-02-01,2025-02-07,2025-02-08,1,4,2084,1514.56,1014.04,240.22,260.3,0.1719,7,1,False,False,48
SHP001736,ORD001736,CUS0170,SKU0033,CAR003,LOC007,LOC019,20250201,20250202,20250204,20250204,2025-02-01,2025-02-02,2025-02-04,2025-02-04,2,7,2668,4277.28,2704.94,1613.89,-41.55,-0.0097,2,0,True,False,12
SHP001872,ORD001872,CUS0233,SKU0037,CAR006,LOC002,LOC017,20250201,20250201,20250207,20250205,2025-02-01,2025-02-01,2025-02-07,2025-02-05,1,18,678,7372.44,5823.36,232.54,1316.54,0.1786,4,0,True,False,5
SHP001897,ORD001897,CUS0149,SKU0016,CAR006,LOC003,LOC014,20250201,20250202,20250207,20250205,2025-02-01,2025-02-02,2025-02-07,2025-02-05,1,8,738,2160.48,1587.6,161.46,411.42,0.1904,3,0,True,False,5
SHP002019,ORD002019,CUS0063,SKU0037,CAR006,LOC009,LOC022,20250201,20250201,20250207,20250206,2025-02-01,2025-02-01,2025-02-07,2025-02-06,1,10,282,4095.8,3235.2,92.94,767.66,0.1874,5,0,True,True,35
SHP002023,ORD002023,CUS0173,SKU0005,CAR002,LOC001,LOC025,20250201,20250201,20250207,20250207,2025-02-01,2025-02-01,2025-02-07,2025-02-07,1,18,1797,4820.76,3255.12,301.79,1263.85,0.2622,6,0,True,False,5
SHP002420,ORD002420,CUS0247,SKU0028,CAR005,LOC004,LOC018,20250201,20250202,20250204,20250205,2025-02-01,2025-02-02,2025-02-04,2025-02-05,2,14,1299,7530.74,4443.04,287.99,2799.71,0.3718,3,1,False,False,55
SHP000235,ORD000235,CUS0234,SKU0015,CAR006,LOC004,LOC020,20250202,20250203,20250208,20250207,2025-02-02,2025-02-03,2025-02-08,2025-02-07,1,15,2480,5029.05,3884.4,461.21,683.44,0.1359,4,0,True,False,5
SHP000652,ORD000652,CUS0230,SKU0023,CAR003,LOC007,LOC013,20250202,20250203,20250205,20250207,2025-02-02,2025-02-03,2025-02-05,2025-02-07,2,18,1906,5227.74,2828.52,951.88,1447.34,0.2769,4,2,False,False,73
SHP000659,ORD000659,CUS0210,SKU0014,CAR004,LOC007,LOC015,20250202,20250203,20250205,20250205,2025-02-02,2025-02-03,2025-02-05,2025-02-05,2,18,2452,3814.74,2889.18,447.94,477.62,0.1252,2,0,True,False,12
SHP000711,ORD000711,CUS0008,SKU0039,CAR005,LOC004,LOC011,20250202,20250203,20250203,20250205,2025-02-02,2025-02-03,2025-02-03,2025-02-05,3,7,694,4611.25,2734.97,193.19,1683.09,0.365,2,2,False,False,81
SHP000833,ORD000833,CUS0070,SKU0039,CAR001,LOC005,LOC019,20250202,20250202,20250208,20250207,2025-02-02,2025-02-02,2025-02-08,2025-02-07,1,1,1701,658.75,390.71,305.86,-37.82,-0.0574,5,0,True,False,5
SHP000862,ORD000862,CUS0248,SKU0028,CAR001,LOC010,LOC027,20250202,20250202,20250205,20250204,2025-02-02,2025-02-02,2025-02-05,2025-02-04,2,3,854,1613.73,952.08,206.5,455.15,0.282,2,0,True,False,12
SHP000919,ORD000919,CUS0245,SKU0024,CAR005,LOC004,LOC015,20250202,20250202,20250208,20250208,2025-02-02,2025-02-02,2025-02-08,2025-02-08,1,18,2088,991.26,818.1,393.58,-220.42,-0.2224,6,0,True,False,5
SHP000999,ORD000999,CUS0002,SKU0034,CAR006,LOC002,LOC026,20250202,20250203,20250205,20250207,2025-02-02,2025-02-03,2025-02-05,2025-02-07,2,8,1222,5529.68,3126.32,245.28,2158.08,0.3903,4,2,False,False,73
SHP001104,ORD001104,CUS0169,SKU0030,CAR004,LOC007,LOC032,20250202,20250203,20250208,20250210,2025-02-02,2025-02-03,2025-02-08,2025-02-10,1,16,1395,11047.04,6534.72,282.34,4229.98,0.3829,7,2,False,False,66
SHP001540,ORD001540,CUS0203,SKU0027,CAR001,LOC002,LOC026,20250202,20250202,20250208,20250206,2025-02-02,2025-02-02,2025-02-08,2025-02-06,1,9,2101,3876.3,3263.76,370.0,242.54,0.0626,4,0,True,False,5
SHP001744,ORD001744,CUS0079,SKU0026,CAR004,LOC005,LOC023,20250202,20250202,20250208,20250209,2025-02-02,2025-02-02,2025-02-08,2025-02-09,1,12,2425,4543.68,3042.12,369.52,1132.04,0.2491,7,1,False,False,48
SHP001782,ORD001782,CUS0007,SKU0025,CAR004,LOC008,LOC019,20250202,20250203,20250208,20250208,2025-02-02,2025-02-03,2025-02-08,2025-02-08,1,14,919,6847.26,4680.76,128.56,2037.94,0.2976,5,0,True,False,5
SHP001920,ORD001920,CUS0234,SKU0023,CAR006,LOC002,LOC012,20250202,20250203,20250205,20250206,2025-02-02,2025-02-03,2025-02-05,2025-02-06,2,1,972,290.43,157.14,158.02,-24.73,-0.0851,3,1,False,False,55
SHP001978,ORD001978,CUS0145,SKU0035,CAR004,LOC001,LOC017,20250202,20250203,20250208,20250209,2025-02-02,2025-02-03,2025-02-08,2025-02-09,1,13,2499,1859.78,1386.45,384.83,88.5,0.0476,6,1,False,False,48
SHP002112,ORD002112,CUS0185,SKU0037,CAR006,LOC003,LOC021,20250202,20250202,20250205,20250205,2025-02-02,2025-02-02,2025-02-05,2025-02-05,2,2,2062,819.16,647.04,295.28,-123.16,-0.1503,3,0,True,False,12
SHP002244,ORD002244,CUS0225,SKU0028,CAR002,LOC007,LOC011,20250202,20250203,20250205,20250205,2025-02-02,2025-02-03,2025-02-05,2025-02-05,2,5,921,2689.55,1586.8,149.04,953.71,0.3546,2,0,True,False,12
SHP002311,ORD002311,CUS0115,SKU0018,CAR003,LOC002,LOC026,20250202,20250203,20250208,20250207,2025-02-02,2025-02-03,2025-02-08,2025-02-07,1,18,2461,2214.0,1842.66,1164.6,-793.26,-0.3583,4,0,True,False,5
SHP002318,ORD002318,CUS0027,SKU0015,CAR004,LOC005,LOC018,20250202,20250202,20250208,20250209,2025-02-02,2025-02-02,2025-02-08,2025-02-09,1,11,213,3687.97,2848.56,84.37,755.04,0.2047,7,1,False,False,48
SHP000261,ORD000261,CUS0154,SKU0026,CAR005,LOC010,LOC026,20250203,20250204,20250204,20250204,2025-02-03,2025-02-04,2025-02-04,2025-02-04,3,17,1231,6436.88,4309.67,320.75,1806.46,0.2806,0,0,True,False,20
SHP000431,ORD000431,CUS0096,SKU0008,CAR005,LOC006,LOC025,20250203,20250203,20250206,20250206,2025-02-03,2025-02-03,2025-02-06,2025-02-06,2,16,1133,3739.52,2632.48,229.04,878.0,0.2348,3,0,True,False,12
SHP000481,ORD000481,CUS0081,SKU0034,CAR004,LOC008,LOC012,20250203,20250203,20250209,20250210,2025-02-03,2025-02-03,2025-02-09,2025-02-10,1,9,2082,6220.89,3517.11,322.92,2380.86,0.3827,7,1,False,False,48
SHP000676,ORD000676,CUS0182,SKU0020,CAR002,LOC002,LOC027,20250203,20250204,20250204,20250204,2025-02-03,2025-02-04,2025-02-04,2025-02-04,3,17,1805,2461.26,1625.2,555.82,280.24,0.1139,0,0,True,False,20
SHP000693,ORD000693,CUS0230,SKU0006,CAR004,LOC008,LOC026,20250203,20250203,20250209,20250208,2025-02-03,2025-02-03,2025-02-09,2025-02-08,1,2,743,825.28,641.26,107.33,76.69,0.0929,5,0,True,False,5
SHP000799,ORD000799,CUS0171,SKU0015,CAR003,LOC001,LOC028,20250203,20250203,20250204,20250205,2025-02-03,2025-02-03,2025-02-04,2025-02-05,3,4,2153,1341.08,1035.84,1254.59,-949.35,-0.7079,2,1,False,True,93
SHP000947,ORD000947,CUS0082,SKU0016,CAR005,LOC004,LOC028,20250203,20250203,20250209,20250207,2025-02-03,2025-02-03,2025-02-09,2025-02-07,1,12,620,3240.72,2381.4,231.37,627.95,0.1938,4,0,True,False,5
SHP001055,ORD001055,CUS0223,SKU0003,CAR003,LOC004,LOC015,20250203,20250204,20250209,20250209,2025-02-03,2025-02-04,2025-02-09,2025-02-09,1,14,1600,366.94,295.26,788.95,-717.27,-1.9547,5,0,True,False,5
SHP001162,ORD001162,CUS0243,SKU0036,CAR004,LOC004,LOC023,20250203,20250203,20250204,20250205,2025-02-03,2025-02-03,2025-02-04,2025-02-05,3,6,2111,391.08,259.74,338.18,-206.84,-0.5289,2,1,False,False,63
SHP001509,ORD001509,CUS0204,SKU0018,CAR002,LOC009,LOC014,20250203,20250203,20250204,20250204,2025-02-03,2025-02-03,2025-02-04,2025-02-04,3,4,724,492.0,409.48,150.78,-68.26,-0.1387,1,0,True,False,20
SHP001547,ORD001547,CUS0211,SKU0029,CAR006,LOC005,LOC030,20250203,20250203,20250209,20250208,2025-02-03,2025-02-03,2025-02-09,2025-02-08,1,8,2382,2221.52,1496.96,316.83,407.73,0.1835,5,0,True,False,5
SHP001557,ORD001557,CUS0093,SKU0005,CAR002,LOC007,LOC029,20250203,20250204,20250206,20250206,2025-02-03,2025-02-04,2025-02-06,2025-02-06,2,1,1761,267.82,180.84,281.1,-194.12,-0.7248,2,0,True,False,12
SHP001587,ORD001587,CUS0100,SKU0002,CAR004,LOC010,LOC022,20250203,20250203,20250209,20250208,2025-02-03,2025-02-03,2025-02-09,2025-02-08,1,16,1859,8157.76,4588.8,215.76,3353.2,0.411,5,0,True,False,5
SHP001778,ORD001778,CUS0208,SKU0037,CAR003,LOC007,LOC024,20250203,20250204,20250209,20250210,2025-02-03,2025-02-04,2025-02-09,2025-02-10,1,16,171,6553.28,5176.32,227.94,1149.02,0.1753,6,1,False,False,48
SHP001993,ORD001993,CUS0186,SKU0014,CAR005,LOC010,LOC018,20250203,20250203,20250209,20250209,2025-02-03,2025-02-03,2025-02-09,2025-02-09,1,4,1355,847.72,642.04,242.27,-36.59,-0.0432,6,0,True,False,5
SHP002101,ORD002101,CUS0227,SKU0010,CAR005,LOC003,LOC032,20250203,20250203,20250206,20250207,2025-02-03,2025-02-03,2025-02-06,2025-02-07,2,3,1827,167.1,121.41,331.04,-285.35,-1.7077,4,1,False,False,55
SHP002106,ORD002106,CUS0008,SKU0011,CAR001,LOC004,LOC021,20250203,20250204,20250209,20250212,2025-02-03,2025-02-04,2025-02-09,2025-02-12,1,5,1139,2030.95,1229.35,181.26,620.34,0.3054,8,3,False,False,84
SHP002128,ORD002128,CUS0220,SKU0034,CAR003,LOC010,LOC030,20250203,20250203,20250204,20250204,2025-02-03,2025-02-03,2025-02-04,2025-02-04,3,13,1777,8985.73,5080.27,1209.07,2696.39,0.3001,1,0,True,False,20
SHP002135,ORD002135,CUS0074,SKU0022,CAR005,LOC009,LOC011,20250203,20250204,20250209,20250206,2025-02-03,2025-02-04,2025-02-09,2025-02-06,1,18,1075,3288.78,2092.5,340.8,855.48,0.2601,2,0,True,False,5
SHP002183,ORD002183,CUS0010,SKU0037,CAR004,LOC009,LOC021,20250203,20250204,20250209,20250208,2025-02-03,2025-02-04,2025-02-09,2025-02-08,1,9,1781,3686.22,2911.68,230.8,543.74,0.1475,4,0,True,False,5
SHP002199,ORD002199,CUS0146,SKU0033,CAR006,LOC006,LOC023,20250203,20250203,20250209,20250209,2025-02-03,2025-02-03,2025-02-09,2025-02-09,1,3,2446,1833.12,1159.26,339.6,334.26,0.1823,6,0,True,False,5
SHP002288,ORD002288,CUS0046,SKU0022,CAR003,LOC005,LOC026,20250203,20250204,20250209,20250209,2025-02-03,2025-02-04,2025-02-09,2025-02-09,1,9,1958,1644.39,1046.25,982.03,-383.89,-0.2335,5,0,True,False,5
SHP002306,ORD002306,CUS0038,SKU0021,CAR004,LOC002,LOC012,20250203,20250204,20250209,20250209,2025-02-03,2025-02-04,2025-02-09,2025-02-09,1,8,2491,681.2,534.88,382.18,-235.86,-0.3462,5,0,True,False,5
SHP002355,ORD002355,CUS0246,SKU0002,CAR004,LOC008,LOC025,20250203,20250204,20250209,20250212,2025-02-03,2025-02-04,2025-02-09,2025-02-12,1,14,2014,7138.04,4015.2,247.47,2875.37,0.4028,8,3,False,False,84
SHP000042,ORD000042,CUS0213,SKU0010,CAR004,LOC008,LOC022,20250204,20250204,20250210,20250210,2025-02-04,2025-02-04,2025-02-10,2025-02-10,1,17,445,946.9,687.99,211.53,47.38,0.05,6,0,True,False,5
SHP000112,ORD000112,CUS0059,SKU0032,CAR003,LOC010,LOC032,20250204,20250205,20250207,20250207,2025-02-04,2025-02-05,2025-02-07,2025-02-07,2,15,2335,1930.2,1349.25,1274.74,-693.79,-0.3594,2,0,True,False,12
SHP000192,ORD000192,CUS0210,SKU0022,CAR003,LOC002,LOC018,20250204,20250204,20250207,20250209,2025-02-04,2025-02-04,2025-02-07,2025-02-09,2,1,1343,182.71,116.25,730.4,-663.94,-3.6338,5,2,False,False,73
SHP000462,ORD000462,CUS0169,SKU0018,CAR005,LOC008,LOC011,20250204,20250204,20250210,20250210,2025-02-04,2025-02-04,2025-02-10,2025-02-10,1,9,790,1107.0,921.33,143.26,42.41,0.0383,6,0,True,False,5
SHP000597,ORD000597,CUS0002,SKU0020,CAR002,LOC007,LOC031,20250204,20250205,20250207,20250207,2025-02-04,2025-02-05,2025-02-07,2025-02-07,2,13,356,1882.14,1242.8,221.33,418.01,0.2221,2,0,True,False,12
SHP000632,ORD000632,CUS0174,SKU0016,CAR005,LOC006,LOC025,20250204,20250205,20250210,20250210,2025-02-04,2025-02-05,2025-02-10,2025-02-10,1,12,1783,3240.72,2381.4,399.87,459.45,0.1418,5,0,True,False,5
SHP000663,ORD000663,CUS0246,SKU0001,CAR001,LOC010,LOC025,20250204,20250204,20250210,20250208,2025-02-04,2025-02-04,2025-02-10,2025-02-08,1,1,418,24.97,18.3,71.83,-65.16,-2.6095,4,0,True,False,5
SHP000847,ORD000847,CUS0008,SKU0038,CAR002,LOC004,LOC029,20250204,20250204,20250205,20250205,2025-02-04,2025-02-04,2025-02-05,2025-02-05,3,13,2514,1515.8,988.39,689.2,-161.79,-0.1067,1,0,True,False,20
SHP000864,ORD000864,CUS0201,SKU0002,CAR004,LOC006,LOC014,20250204,20250204,20250210,20250212,2025-02-04,2025-02-04,2025-02-10,2025-02-12,1,7,601,3569.02,2007.6,77.03,1484.39,0.4159,8,2,False,False,66
SHP000895,ORD000895,CUS0240,SKU0031,CAR003,LOC005,LOC024,20250204,20250205,20250210,20250209,2025-02-04,2025-02-05,2025-02-10,2025-02-09,1,9,1519,4553.64,3299.85,742.36,511.43,0.1123,4,0,True,False,5
SHP001011,ORD001011,CUS0203,SKU0013,CAR003,LOC001,LOC021,20250204,20250205,20250210,20250210,2025-02-04,2025-02-05,2025-02-10,2025-02-10,1,13,311,3175.25,2139.93,250.07,785.25,0.2473,5,0,True,False,5
SHP001059,ORD001059,CUS0132,SKU0039,CAR002,LOC005,LOC017,20250204,20250205,20250205,20250205,2025-02-04,2025-02-05,2025-02-05,2025-02-05,3,10,1050,6587.5,3907.1,278.48,2401.92,0.3646,0,0,True,False,20
SHP001412,ORD001412,CUS0185,SKU0037,CAR004,LOC008,LOC028,20250204,20250205,20250210,20250209,2025-02-04,2025-02-05,2025-02-10,2025-02-09,1,3,2496,1228.74,970.56,327.86,-69.68,-0.0567,4,0,True,False,5
SHP001558,ORD001558,CUS0038,SKU0029,CAR006,LOC005,LOC031,20250204,20250204,20250207,20250208,2025-02-04,2025-02-04,2025-02-07,2025-02-08,2,14,289,3887.66,2619.68,153.89,1114.09,0.2866,4,1,False,False,55
SHP001609,ORD001609,CUS0127,SKU0018,CAR001,LOC001,LOC017,20250204,20250204,20250210,20250212,2025-02-04,2025-02-04,2025-02-10,2025-02-12,1,13,362,1599.0,1330.81,120.38,147.81,0.0924,8,2,False,False,66
SHP001627,ORD001627,CUS0017,SKU0007,CAR003,LOC004,LOC015,20250204,20250204,20250210,20250209,2025-02-04,2025-02-04,2025-02-10,2025-02-09,1,6,1522,787.5,432.36,632.01,-276.87,-0.3516,5,0,True,False,5
SHP001667,ORD001667,CUS0227,SKU0022,CAR006,LOC005,LOC029,20250204,20250204,20250207,20250205,2025-02-04,2025-02-04,2025-02-07,2025-02-05,2,4,282,730.84,465.0,74.27,191.57,0.2621,1,0,True,False,12
SHP001678,ORD001678,CUS0038,SKU0035,CAR001,LOC008,LOC018,20250204,20250205,20250207,20250205,2025-02-04,2025-02-05,2025-02-07,2025-02-05,2,17,1512,2432.02,1813.05,459.88,159.09,0.0654,0,0,True,False,12
SHP001707,ORD001707,CUS0123,SKU0019,CAR006,LOC003,LOC031,20250204,20250204,20250210,20250209,2025-02-04,2025-02-04,2025-02-10,2025-02-09,1,9,2248,568.8,317.43,370.17,-118.8,-0.2089,5,0,True,False,5
SHP001824,ORD001824,CUS0169,SKU0031,CAR002,LOC001,LOC029,20250204,20250205,20250210,20250212,2025-02-04,2025-02-05,2025-02-10,2025-02-12,1,14,1190,7083.44,5133.1,243.5,1706.84,0.241,7,2,False,False,66
SHP001843,ORD001843,CUS0116,SKU0018,CAR005,LOC006,LOC032,20250204,20250204,20250210,20250210,2025-02-04,2025-02-04,2025-02-10,2025-02-10,1,18,486,2214.0,1842.66,176.3,195.04,0.0881,6,0,True,False,5
SHP001906,ORD001906,CUS0042,SKU0010,CAR003,LOC006,LOC017,20250204,20250205,20250210,20250211,2025-02-04,2025-02-05,2025-02-10,2025-02-11,1,12,636,668.4,485.64,403.79,-221.03,-0.3307,6,1,False,False,48
SHP002147,ORD002147,CUS0129,SKU0022,CAR006,LOC002,LOC029,20250204,20250205,20250207,20250209,2025-02-04,2025-02-05,2025-02-07,2025-02-09,2,18,98,3288.78,2092.5,128.56,1067.72,0.3247,4,2,False,False,73
SHP002160,ORD002160,CUS0041,SKU0011,CAR005,LOC006,LOC030,20250204,20250205,20250210,20250209,2025-02-04,2025-02-05,2025-02-10,2025-02-09,1,10,2276,4061.9,2458.7,398.74,1204.46,0.2965,4,0,True,False,5
SHP002366,ORD002366,CUS0197,SKU0032,CAR001,LOC008,LOC021,20250204,20250205,20250210,20250211,2025-02-04,2025-02-05,2025-02-10,2025-02-11,1,8,603,1029.44,719.6,103.24,206.6,0.2007,6,1,False,False,48
SHP002371,ORD002371,CUS0225,SKU0019,CAR006,LOC006,LOC032,20250204,20250205,20250207,20250207,2025-02-04,2025-02-05,2025-02-07,2025-02-07,2,7,1220,442.4,246.89,271.17,-75.66,-0.171,2,0,True,False,12
SHP002475,ORD002475,CUS0047,SKU0007,CAR002,LOC005,LOC029,20250204,20250204,20250210,20250210,2025-02-04,2025-02-04,2025-02-10,2025-02-10,1,8,912,1050.0,576.48,170.94,302.58,0.2882,6,0,True,False,5
SHP002487,ORD002487,CUS0171,SKU0007,CAR006,LOC008,LOC025,20250204,20250204,20250205,20250205,2025-02-04,2025-02-04,2025-02-05,2025-02-05,3,16,1888,2100.0,1152.96,371.2,575.84,0.2742,1,0,True,False,20
SHP000012,ORD000012,CUS0024,SKU0030,CAR006,LOC001,LOC012,20250205,20250206,20250211,20250212,2025-02-05,2025-02-06,2025-02-11,2025-02-12,1,4,938,2761.76,1633.68,149.1,978.98,0.3545,6,1,False,False,48
SHP000168,ORD000168,CUS0158,SKU0003,CAR005,LOC007,LOC028,20250205,20250206,20250211,20250212,2025-02-05,2025-02-06,2025-02-11,2025-02-12,1,5,2597,131.05,105.45,397.48,-371.88,-2.8377,6,1,False,False,48
SHP000169,ORD000169,CUS0165,SKU0013,CAR005,LOC006,LOC026,20250205,20250206,20250211,20250211,2025-02-05,2025-02-06,2025-02-11,2025-02-11,1,14,2296,3419.5,2304.54,606.8,508.16,0.1486,5,0,True,False,5
SHP000222,ORD000222,CUS0165,SKU0036,CAR004,LOC008,LOC029,20250205,20250206,20250211,20250210,2025-02-05,2025-02-06,2025-02-11,2025-02-10,1,8,1721,521.44,346.32,189.19,-14.07,-0.027,4,0,True,False,5
SHP000274,ORD000274,CUS0239,SKU0030,CAR004,LOC009,LOC014,20250205,20250205,20250211,20250211,2025-02-05,2025-02-05,2025-02-11,2025-02-11,1,7,2424,4833.08,2858.94,286.06,1688.08,0.3493,6,0,True,False,5
SHP000302,ORD000302,CUS0003,SKU0016,CAR001,LOC010,LOC015,20250205,20250206,20250211,20250214,2025-02-05,2025-02-06,2025-02-11,2025-02-14,1,13,2450,3510.78,2579.85,585.11,345.82,0.0985,8,3,False,False,84
SHP000378,ORD000378,CUS0155,SKU0008,CAR002,LOC006,LOC016,20250205,20250206,20250208,20250207,2025-02-05,2025-02-06,2025-02-08,2025-02-07,2,1,2493,233.72,164.53,421.6,-352.41,-1.5078,1,0,True,False,12
SHP000650,ORD000650,CUS0228,SKU0006,CAR001,LOC001,LOC029,20250205,20250205,20250211,20250211,2025-02-05,2025-02-05,2025-02-11,2025-02-11,1,13,604,5364.32,4168.19,180.11,1016.02,0.1894,6,0,True,False,5
SHP000669,ORD000669,CUS0047,SKU0009,CAR004,LOC006,LOC015,20250205,20250205,20250211,20250210,2025-02-05,2025-02-05,2025-02-11,2025-02-10,1,11,2041,6251.63,3745.94,317.23,2188.46,0.3501,5,0,True,False,5
SHP000718,ORD000718,CUS0229,SKU0037,CAR006,LOC006,LOC017,20250205,20250205,20250208,20250206,2025-02-05,2025-02-05,2025-02-08,2025-02-06,2,3,1797,1228.74,970.56,281.19,-23.01,-0.0187,1,0,True,False,12
SHP000798,ORD000798,CUS0089,SKU0007,CAR003,LOC008,LOC018,20250205,20250205,20250211,20250210,2025-02-05,2025-02-05,2025-02-11,2025-02-10,1,11,748,1443.75,792.66,350.17,300.92,0.2084,5,0,True,False,5
SHP000802,ORD000802,CUS0181,SKU0005,CAR006,LOC002,LOC027,20250205,20250206,20250211,20250208,2025-02-05,2025-02-06,2025-02-11,2025-02-08,1,17,1359,4552.94,3074.28,216.58,1262.08,0.2772,2,0,True,False,5
SHP000826,ORD000826,CUS0187,SKU0038,CAR003,LOC005,LOC028,20250205,20250205,20250211,20250211,2025-02-05,2025-02-05,2025-02-11,2025-02-11,1,14,1574,1632.4,1064.42,809.85,-241.87,-0.1482,6,0,True,False,5
SHP000836,ORD000836,CUS0189,SKU0040,CAR001,LOC006,LOC016,20250205,20250206,20250206,20250207,2025-02-05,2025-02-06,2025-02-06,2025-02-07,3,7,1432,1966.86,1206.66,417.41,342.79,0.1743,1,1,False,False,63
SHP000931,ORD000931,CUS0186,SKU0008,CAR006,LOC006,LOC011,20250205,20250205,20250211,20250209,2025-02-05,2025-02-05,2025-02-11,2025-02-09,1,13,913,3038.36,2138.89,174.75,724.72,0.2385,4,0,True,False,5
SHP000935,ORD000935,CUS0164,SKU0017,CAR005,LOC002,LOC026,20250205,20250205,20250208,20250207,2025-02-05,2025-02-05,2025-02-08,2025-02-07,2,9,1099,1238.4,886.32,284.34,67.74,0.0547,2,0,True,False,12
SHP000945,ORD000945,CUS0063,SKU0015,CAR002,LOC001,LOC030,20250205,20250206,20250211,20250209,2025-02-05,2025-02-06,2025-02-11,2025-02-09,1,8,665,2682.16,2071.68,124.11,486.37,0.1813,3,0,True,False,5
SHP001291,ORD001291,CUS0068,SKU0010,CAR001,LOC005,LOC011,20250205,20250206,20250208,20250207,2025-02-05,2025-02-06,2025-02-08,2025-02-07,2,16,199,891.2,647.52,208.24,35.44,0.0398,1,0,True,False,12
SHP001371,ORD001371,CUS0169,SKU0004,CAR001,LOC009,LOC017,20250205,20250206,20250211,20250212,2025-02-05,2025-02-06,2025-02-11,2025-02-12,1,10,2022,248.6,189.3,348.97,-289.67,-1.1652,6,1,False,False,48
SHP001573,ORD001573,CUS0026,SKU0008,CAR006,LOC003,LOC025,20250205,20250205,20250208,20250208,2025-02-05,2025-02-05,2025-02-08,2025-02-08,2,3,871,701.16,493.59,126.13,81.44,0.1162,3,0,True,True,42
SHP001575,ORD001575,CUS0006,SKU0035,CAR004,LOC002,LOC012,20250205,20250205,20250211,20250209,2025-02-05,2025-02-05,2025-02-11,2025-02-09,1,14,144,2002.84,1493.1,90.74,419.0,0.2092,4,0,True,False,5
SHP001611,ORD001611,CUS0221,SKU0008,CAR004,LOC009,LOC011,20250205,20250205,20250211,20250212,2025-02-05,2025-02-05,2025-02-11,2025-02-12,1,8,1886,1869.76,1316.24,237.77,315.75,0.1689,7,1,False,False,48
SHP001632,ORD001632,CUS0163,SKU0022,CAR005,LOC009,LOC016,20250205,20250206,20250211,20250213,2025-02-05,2025-02-06,2025-02-11,2025-02-13,1,17,1541,3106.07,1976.25,465.56,664.26,0.2139,7,2,False,False,66
SHP001757,ORD001757,CUS0049,SKU0030,CAR003,LOC008,LOC020,20250205,20250206,20250211,20250212,2025-02-05,2025-02-06,2025-02-11,2025-02-12,1,1,2378,690.44,408.42,1140.99,-858.97,-1.2441,6,1,False,False,48
SHP001775,ORD001775,CUS0131,SKU0024,CAR005,LOC001,LOC031,20250205,20250205,20250211,20250212,2025-02-05,2025-02-05,2025-02-11,2025-02-12,1,10,1345,550.7,454.5,244.21,-148.01,-0.2688,7,1,False,False,48
SHP001995,ORD001995,CUS0192,SKU0036,CAR005,LOC004,LOC021,20250205,20250205,20250206,20250206,2025-02-05,2025-02-05,2025-02-06,2025-02-06,3,2,510,130.36,86.58,120.16,-76.38,-0.5859,1,0,True,False,20
SHP002191,ORD002191,CUS0070,SKU0021,CAR004,LOC002,LOC027,20250205,20250206,20250211,20250211,2025-02-05,2025-02-06,2025-02-11,2025-02-11,1,14,2606,1192.1,936.04,399.08,-143.02,-0.12,5,0,True,False,5
SHP002285,ORD002285,CUS0074,SKU0021,CAR005,LOC003,LOC028,20250205,20250205,20250211,20250209,2025-02-05,2025-02-05,2025-02-11,2025-02-09,1,2,2287,170.3,133.72,373.26,-336.68,-1.977,4,0,True,False,5
SHP002316,ORD002316,CUS0202,SKU0019,CAR003,LOC006,LOC024,20250205,20250205,20250208,20250212,2025-02-05,2025-02-05,2025-02-08,2025-02-12,2,17,2030,1074.4,599.59,1194.2,-719.39,-0.6696,7,4,False,False,100
SHP002333,ORD002333,CUS0128,SKU0028,CAR006,LOC003,LOC020,20250205,20250206,20250211,20250211,2025-02-05,2025-02-06,2025-02-11,2025-02-11,1,9,800,4841.19,2856.24,125.34,1859.61,0.3841,5,0,True,False,5
SHP002338,ORD002338,CUS0104,SKU0021,CAR004,LOC008,LOC016,20250205,20250206,20250208,20250211,2025-02-05,2025-02-06,2025-02-08,2025-02-11,2,7,156,596.05,468.02,68.99,59.04,0.0991,5,3,False,False,91
SHP002455,ORD002455,CUS0221,SKU0018,CAR001,LOC004,LOC032,20250205,20250206,20250206,20250207,2025-02-05,2025-02-06,2025-02-06,2025-02-07,3,3,2058,369.0,307.11,470.11,-408.22,-1.1063,1,1,False,False,63
SHP002466,ORD002466,CUS0160,SKU0011,CAR004,LOC001,LOC017,20250205,20250206,20250208,20250206,2025-02-05,2025-02-06,2025-02-08,2025-02-06,2,15,2590,6092.85,3688.05,331.03,2073.77,0.3404,0,0,True,False,12
SHP000033,ORD000033,CUS0153,SKU0040,CAR005,LOC004,LOC021,20250206,20250207,20250212,20250211,2025-02-06,2025-02-07,2025-02-12,2025-02-11,1,3,238,842.94,517.14,54.88,270.92,0.3214,4,0,True,False,5
SHP000035,ORD000035,CUS0014,SKU0039,CAR006,LOC005,LOC032,20250206,20250206,20250212,20250212,2025-02-06,2025-02-06,2025-02-12,2025-02-12,1,11,457,7246.25,4297.81,148.87,2799.57,0.3863,6,0,True,False,5
SHP000045,ORD000045,CUS0062,SKU0004,CAR004,LOC010,LOC028,20250206,20250206,20250212,20250211,2025-02-06,2025-02-06,2025-02-12,2025-02-11,1,4,327,99.44,75.72,67.06,-43.34,-0.4358,5,0,True,False,5
SHP000133,ORD000133,CUS0191,SKU0037,CAR004,LOC006,LOC028,20250206,20250206,20250212,20250211,2025-02-06,2025-02-06,2025-02-12,2025-02-11,1,15,537,6143.7,4852.8,135.93,1154.97,0.188,5,0,True,False,5
SHP000287,ORD000287,CUS0199,SKU0032,CAR006,LOC003,LOC016,20250206,20250207,20250212,20250211,2025-02-06,2025-02-07,2025-02-12,2025-02-11,1,17,2583,2187.56,1529.15,365.6,292.81,0.1339,4,0,True,False,5
SHP000326,ORD000326,CUS0120,SKU0004,CAR006,LOC006,LOC014,20250206,20250206,20250212,20250212,2025-02-06,2025-02-06,2025-02-12,2025-02-12,1,9,104,223.74,170.37,61.94,-8.57,-0.0383,6,0,True,False,5
SHP000419,ORD000419,CUS0091,SKU0010,CAR003,LOC003,LOC032,20250206,20250206,20250209,20250208,2025-02-06,2025-02-06,2025-02-09,2025-02-08,2,2,728,111.4,80.94,386.12,-355.66,-3.1926,2,0,True,False,12
SHP000476,ORD000476,CUS0047,SKU0027,CAR004,LOC004,LOC030,20250206,20250207,20250209,20250208,2025-02-06,2025-02-07,2025-02-09,2025-02-08,2,7,667,3014.9,2538.48,148.2,328.22,0.1089,1,0,True,False,12
SHP000515,ORD000515,CUS0134,SKU0025,CAR006,LOC008,LOC014,20250206,20250206,20250209,20250209,2025-02-06,2025-02-06,2025-02-09,2025-02-09,2,5,2455,2445.45,1671.7,394.57,379.18,0.1551,3,0,True,False,12
SHP000552,ORD000552,CUS0087,SKU0012,CAR005,LOC005,LOC014,20250206,20250206,20250212,20250213,2025-02-06,2025-02-06,2025-02-12,2025-02-13,1,9,1077,5407.11,2938.5,208.01,2260.6,0.4181,7,1,False,False,48
SHP000586,ORD000586,CUS0088,SKU0022,CAR002,LOC004,LOC032,20250206,20250206,20250209,20250207,2025-02-06,2025-02-06,2025-02-09,2025-02-07,2,8,913,1461.68,930.0,261.47,270.21,0.1849,1,0,True,False,12
SHP000615,ORD000615,CUS0101,SKU0036,CAR001,LOC005,LOC025,20250206,20250206,20250212,20250214,2025-02-06,2025-02-06,2025-02-12,2025-02-14,1,7,2447,456.26,303.03,368.52,-215.29,-0.4719,8,2,False,False,66
SHP000679,ORD000679,CUS0055,SKU0005,CAR005,LOC001,LOC018,20250206,20250207,20250212,20250215,2025-02-06,2025-02-07,2025-02-12,2025-02-15,1,4,838,1071.28,723.36,151.78,196.14,0.1831,8,3,False,False,84
SHP000720,ORD000720,CUS0230,SKU0003,CAR005,LOC002,LOC026,20250206,20250206,20250212,20250213,2025-02-06,2025-02-06,2025-02-12,2025-02-13,1,13,2230,340.73,274.17,389.67,-323.11,-0.9483,7,1,False,False,48
SHP000742,ORD000742,CUS0117,SKU0001,CAR001,LOC001,LOC026,20250206,20250207,20250212,20250212,2025-02-06,2025-02-07,2025-02-12,2025-02-12,1,10,960,249.7,183.0,188.51,-121.81,-0.4878,5,0,True,True,35
SHP000755,ORD000755,CUS0149,SKU0001,CAR003,LOC006,LOC015,20250206,20250207,20250212,20250214,2025-02-06,2025-02-07,2025-02-12,2025-02-14,1,13,2609,324.61,237.9,1359.52,-1272.81,-3.921,7,2,False,False,66
SHP000792,ORD000792,CUS0105,SKU0006,CAR004,LOC004,LOC016,20250206,20250207,20250212,20250211,2025-02-06,2025-02-07,2025-02-12,2025-02-11,1,4,2138,1650.56,1282.52,287.86,80.18,0.0486,4,0,True,True,35
SHP000804,ORD000804,CUS0220,SKU0034,CAR006,LOC009,LOC030,20250206,20250206,20250212,20250211,2025-02-06,2025-02-06,2025-02-12,2025-02-11,1,3,947,2073.63,1172.37,121.12,780.14,0.3762,5,0,True,False,5
SHP001232,ORD001232,CUS0099,SKU0040,CAR004,LOC003,LOC026,20250206,20250206,20250209,20250210,2025-02-06,2025-02-06,2025-02-09,2025-02-10,2,17,2472,4776.66,2930.46,456.12,1390.08,0.291,4,1,False,False,55
SHP001261,ORD001261,CUS0005,SKU0008,CAR005,LOC008,LOC022,20250206,20250207,20250212,20250210,2025-02-06,2025-02-07,2025-02-12,2025-02-10,1,2,2103,467.44,329.06,364.81,-226.43,-0.4844,3,0,True,False,5
SHP001284,ORD001284,CUS0058,SKU0036,CAR003,LOC008,LOC029,20250206,20250207,20250209,20250208,2025-02-06,2025-02-07,2025-02-09,2025-02-08,2,18,1615,1173.24,779.22,950.82,-556.8,-0.4746,1,0,True,False,12
SHP001385,ORD001385,CUS0171,SKU0024,CAR001,LOC001,LOC018,20250206,20250206,20250207,20250207,2025-02-06,2025-02-06,2025-02-07,2025-02-07,3,6,1075,330.42,272.7,241.79,-184.07,-0.5571,1,0,True,False,20
SHP001581,ORD001581,CUS0085,SKU0034,CAR003,LOC004,LOC021,20250206,20250206,20250209,20250211,2025-02-06,2025-02-06,2025-02-09,2025-02-11,2,15,385,10368.15,5861.85,317.18,4189.12,0.404,5,2,False,False,73
SHP001585,ORD001585,CUS0201,SKU0024,CAR003,LOC005,LOC017,20250206,20250206,20250212,20250208,2025-02-06,2025-02-06,2025-02-12,2025-02-08,1,18,198,991.26,818.1,110.24,62.92,0.0635,2,0,True,False,5
SHP001694,ORD001694,CUS0127,SKU0018,CAR004,LOC007,LOC015,20250206,20250206,20250212,20250212,2025-02-06,2025-02-06,2025-02-12,2025-02-12,1,1,175,123.0,102.37,27.47,-6.84,-0.0556,6,0,True,False,5
SHP001715,ORD001715,CUS0237,SKU0019,CAR003,LOC009,LOC030,20250206,20250207,20250209,20250209,2025-02-06,2025-02-07,2025-02-09,2025-02-09,2,10,2353,632.0,352.7,1330.68,-1051.38,-1.6636,2,0,True,False,12
SHP001734,ORD001734,CUS0203,SKU0031,CAR006,LOC008,LOC019,20250206,20250206,20250212,20250213,2025-02-06,2025-02-06,2025-02-12,2025-02-13,1,2,1288,1011.92,733.3,162.24,116.38,0.115,7,1,False,False,48
SHP001737,ORD001737,CUS0153,SKU0021,CAR004,LOC010,LOC032,20250206,20250207,20250212,20250211,2025-02-06,2025-02-07,2025-02-12,2025-02-11,1,9,2211,766.35,601.74,418.9,-254.29,-0.3318,4,0,True,False,5
SHP001739,ORD001739,CUS0211,SKU0010,CAR004,LOC010,LOC019,20250206,20250207,20250212,20250212,2025-02-06,2025-02-07,2025-02-12,2025-02-12,1,7,956,389.9,283.29,160.77,-54.16,-0.1389,5,0,True,False,5
SHP001842,ORD001842,CUS0084,SKU0031,CAR002,LOC010,LOC030,20250206,20250207,20250212,20250213,2025-02-06,2025-02-07,2025-02-12,2025-02-13,1,9,2224,4553.64,3299.85,402.11,851.68,0.187,6,1,False,False,48
SHP001910,ORD001910,CUS0126,SKU0023,CAR001,LOC007,LOC026,20250206,20250206,20250212,20250212,2025-02-06,2025-02-06,2025-02-12,2025-02-12,1,7,2528,2033.01,1099.98,407.94,525.09,0.2583,6,0,True,False,5
SHP001958,ORD001958,CUS0134,SKU0006,CAR006,LOC010,LOC022,20250206,20250206,20250209,20250207,2025-02-06,2025-02-06,2025-02-09,2025-02-07,2,7,901,2888.48,2244.41,162.1,481.97,0.1669,1,0,True,False,12
SHP002012,ORD002012,CUS0133,SKU0025,CAR004,LOC010,LOC019,20250206,20250207,20250209,20250209,2025-02-06,2025-02-07,2025-02-09,2025-02-09,2,13,1830,6358.17,4346.42,269.58,1742.17,0.274,2,0,True,True,42
SHP002036,ORD002036,CUS0215,SKU0018,CAR004,LOC003,LOC013,20250206,20250207,20250209,20250208,2025-02-06,2025-02-07,2025-02-09,2025-02-08,2,11,1061,1353.0,1126.07,191.2,35.73,0.0264,1,0,True,False,12
SHP002345,ORD002345,CUS0189,SKU0001,CAR006,LOC001,LOC029,20250206,20250207,20250209,20250209,2025-02-06,2025-02-07,2025-02-09,2025-02-09,2,10,1857,249.7,183.0,308.51,-241.81,-0.9684,2,0,True,False,12
SHP002347,ORD002347,CUS0234,SKU0039,CAR003,LOC007,LOC011,20250206,20250206,20250207,20250209,2025-02-06,2025-02-06,2025-02-07,2025-02-09,3,16,1039,10540.0,6251.36,810.06,3478.58,0.33,3,2,False,False,81
SHP002414,ORD002414,CUS0051,SKU0024,CAR001,LOC001,LOC012,20250206,20250206,20250212,20250213,2025-02-06,2025-02-06,2025-02-12,2025-02-13,1,14,1994,770.98,636.3,346.32,-211.64,-0.2745,7,1,False,False,48
SHP002447,ORD002447,CUS0032,SKU0026,CAR004,LOC001,LOC015,20250206,20250207,20250212,20250214,2025-02-06,2025-02-07,2025-02-12,2025-02-14,1,17,1607,6436.88,4309.67,247.35,1879.86,0.292,7,2,False,False,66
SHP000007,ORD000007,CUS0120,SKU0008,CAR001,LOC006,LOC013,20250207,20250208,20250210,20250212,2025-02-07,2025-02-08,2025-02-10,2025-02-12,2,11,1697,2570.92,1809.83,432.32,328.77,0.1279,4,2,False,True,100
SHP000241,ORD000241,CUS0132,SKU0021,CAR001,LOC004,LOC032,20250207,20250207,20250210,20250211,2025-02-07,2025-02-07,2025-02-10,2025-02-11,2,7,2273,596.05,468.02,532.16,-404.13,-0.678,4,1,False,False,55
SHP000368,ORD000368,CUS0053,SKU0013,CAR006,LOC005,LOC024,20250207,20250208,20250213,20250212,2025-02-07,2025-02-08,2025-02-13,2025-02-12,1,15,1366,3663.75,2469.15,322.17,872.43,0.2381,4,0,True,False,5
SHP000411,ORD000411,CUS0139,SKU0040,CAR005,LOC001,LOC027,20250207,20250208,20250213,20250214,2025-02-07,2025-02-08,2025-02-13,2025-02-14,1,9,401,2528.82,1551.42,103.48,873.92,0.3456,6,1,False,False,48
SHP000555,ORD000555,CUS0014,SKU0016,CAR006,LOC004,LOC013,20250207,20250208,20250210,20250211,2025-02-07,2025-02-08,2025-02-10,2025-02-11,2,11,2151,2970.66,2182.95,538.34,249.37,0.0839,3,1,False,False,55
SHP000605,ORD000605,CUS0225,SKU0034,CAR005,LOC005,LOC032,20250207,20250208,20250213,20250213,2025-02-07,2025-02-08,2025-02-13,2025-02-13,1,5,200,3456.05,1953.95,72.14,1429.96,0.4138,5,0,True,False,5
SHP000754,ORD000754,CUS0171,SKU0024,CAR003,LOC008,LOC024,20250207,20250208,20250210,20250210,2025-02-07,2025-02-08,2025-02-10,2025-02-10,2,16,1672,881.12,727.2,995.16,-841.24,-0.9547,2,0,True,False,12
SHP000787,ORD000787,CUS0012,SKU0024,CAR003,LOC006,LOC027,20250207,20250208,20250210,20250213,2025-02-07,2025-02-08,2025-02-10,2025-02-13,2,6,174,330.42,272.7,91.77,-34.05,-0.1031,5,3,False,False,91
SHP000901,ORD000901,CUS0223,SKU0005,CAR006,LOC004,LOC016,20250207,20250208,20250210,20250210,2025-02-07,2025-02-08,2025-02-10,2025-02-10,2,5,1549,1339.1,904.2,248.58,186.32,0.1391,2,0,True,False,12
SHP001075,ORD001075,CUS0223,SKU0018,CAR002,LOC010,LOC012,20250207,20250207,20250213,20250213,2025-02-07,2025-02-07,2025-02-13,2025-02-13,1,14,2202,1722.0,1433.18,367.79,-78.97,-0.0459,6,0,True,False,5
SHP001442,ORD001442,CUS0117,SKU0006,CAR006,LOC003,LOC020,20250207,20250207,20250213,20250213,2025-02-07,2025-02-07,2025-02-13,2025-02-13,1,1,737,412.64,320.63,103.94,-11.93,-0.0289,6,0,True,False,5
SHP001481,ORD001481,CUS0068,SKU0002,CAR003,LOC007,LOC011,20250207,20250208,20250210,20250209,2025-02-07,2025-02-08,2025-02-10,2025-02-09,2,18,752,9177.48,5162.4,429.88,3585.2,0.3907,1,0,True,False,12
SHP001570,ORD001570,CUS0149,SKU0011,CAR001,LOC007,LOC014,20250207,20250208,20250213,20250212,2025-02-07,2025-02-08,2025-02-13,2025-02-12,1,3,2687,1218.57,737.61,393.08,87.88,0.0721,4,0,True,False,5
SHP001607,ORD001607,CUS0030,SKU0024,CAR003,LOC003,LOC014,20250207,20250208,20250213,20250213,2025-02-07,2025-02-08,2025-02-13,2025-02-13,1,18,2433,991.26,818.1,993.62,-820.46,-0.8277,5,0,True,False,5
SHP001791,ORD001791,CUS0063,SKU0014,CAR003,LOC005,LOC015,20250207,20250208,20250213,20250214,2025-02-07,2025-02-08,2025-02-13,2025-02-14,1,6,1689,1271.58,963.06,782.83,-474.31,-0.373,6,1,False,False,48
SHP001866,ORD001866,CUS0114,SKU0016,CAR001,LOC006,LOC017,20250207,20250207,20250213,20250214,2025-02-07,2025-02-07,2025-02-13,2025-02-14,1,10,554,2700.6,1984.5,240.64,475.46,0.1761,7,1,False,False,48
SHP002021,ORD002021,CUS0038,SKU0024,CAR006,LOC004,LOC023,20250207,20250208,20250210,20250209,2025-02-07,2025-02-08,2025-02-10,2025-02-09,2,17,1610,936.19,772.65,235.09,-71.55,-0.0764,1,0,True,False,12
SHP002203,ORD002203,CUS0135,SKU0030,CAR002,LOC007,LOC019,20250207,20250208,20250210,20250211,2025-02-07,2025-02-08,2025-02-10,2025-02-11,2,17,1145,11737.48,6943.14,301.95,4492.39,0.3827,3,1,False,False,55
SHP002498,ORD002498,CUS0166,SKU0018,CAR004,LOC007,LOC024,20250207,20250207,20250208,20250209,2025-02-07,2025-02-07,2025-02-08,2025-02-09,3,15,1161,1845.0,1535.55,297.72,11.73,0.0064,2,1,False,False,63
SHP000062,ORD000062,CUS0165,SKU0033,CAR002,LOC010,LOC030,20250208,20250209,20250214,20250217,2025-02-08,2025-02-09,2025-02-14,2025-02-17,1,3,2494,1833.12,1159.26,328.87,344.99,0.1882,8,3,False,False,84
SHP000064,ORD000064,CUS0117,SKU0020,CAR001,LOC008,LOC017,20250208,20250209,20250214,20250213,2025-02-08,2025-02-09,2025-02-14,2025-02-13,1,13,315,1882.14,1242.8,150.24,489.1,0.2599,4,0,True,False,5
SHP000121,ORD000121,CUS0203,SKU0028,CAR004,LOC007,LOC028,20250208,20250208,20250214,20250218,2025-02-08,2025-02-08,2025-02-14,2025-02-18,1,5,2032,2689.55,1586.8,265.58,837.17,0.3113,10,4,False,False,100
SHP000199,ORD000199,CUS0027,SKU0038,CAR001,LOC005,LOC020,20250208,20250208,20250211,20250209,2025-02-08,2025-02-08,2025-02-11,2025-02-09,2,13,1602,1515.8,988.39,427.92,99.49,0.0656,1,0,True,False,12
SHP000285,ORD000285,CUS0026,SKU0026,CAR006,LOC008,LOC021,20250208,20250209,20250214,20250215,2025-02-08,2025-02-09,2025-02-14,2025-02-15,1,2,1111,757.28,507.02,150.72,99.54,0.1314,6,1,False,False,48
SHP000338,ORD000338,CUS0043,SKU0030,CAR004,LOC009,LOC015,20250208,20250209,20250211,20250211,2025-02-08,2025-02-09,2025-02-11,2025-02-11,2,10,1275,6904.4,4084.2,216.25,2603.95,0.3771,2,0,True,False,12
SHP000460,ORD000460,CUS0221,SKU0021,CAR001,LOC005,LOC031,20250208,20250208,20250211,20250210,2025-02-08,2025-02-08,2025-02-11,2025-02-10,2,14,2666,1192.1,936.04,609.13,-353.07,-0.2962,2,0,True,False,12
SHP000562,ORD000562,CUS0243,SKU0026,CAR004,LOC009,LOC015,20250208,20250209,20250214,20250213,2025-02-08,2025-02-09,2025-02-14,2025-02-13,1,12,2445,4543.68,3042.12,290.91,1210.65,0.2664,4,0,True,False,5
SHP000748,ORD000748,CUS0033,SKU0024,CAR005,LOC001,LOC023,20250208,20250208,20250211,20250212,2025-02-08,2025-02-08,2025-02-11,2025-02-12,2,17,2295,936.19,772.65,505.06,-341.52,-0.3648,4,1,False,False,55
SHP000921,ORD000921,CUS0134,SKU0038,CAR005,LOC003,LOC029,20250208,20250208,20250214,20250211,2025-02-08,2025-02-08,2025-02-14,2025-02-11,1,15,609,1749.0,1140.45,184.7,423.85,0.2423,3,0,True,False,5
SHP000929,ORD000929,CUS0172,SKU0036,CAR003,LOC007,LOC015,20250208,20250208,20250214,20250215,2025-02-08,2025-02-08,2025-02-14,2025-02-15,1,9,2502,586.62,389.61,1016.29,-819.28,-1.3966,7,1,False,False,48
SHP001122,ORD001122,CUS0084,SKU0019,CAR002,LOC010,LOC030,20250208,20250208,20250214,20250214,2025-02-08,2025-02-08,2025-02-14,2025-02-14,1,1,451,63.2,35.27,78.28,-50.35,-0.7967,6,0,True,False,5
SHP001181,ORD001181,CUS0115,SKU0034,CAR002,LOC007,LOC012,20250208,20250208,20250211,20250210,2025-02-08,2025-02-08,2025-02-11,2025-02-10,2,1,2323,691.21,390.79,386.94,-86.52,-0.1252,2,0,True,False,12
SHP001211,ORD001211,CUS0132,SKU0040,CAR005,LOC009,LOC025,20250208,20250208,20250211,20250210,2025-02-08,2025-02-08,2025-02-11,2025-02-10,2,11,1231,3090.78,1896.18,282.24,912.36,0.2952,2,0,True,False,12
SHP001248,ORD001248,CUS0209,SKU0006,CAR005,LOC006,LOC016,20250208,20250208,20250214,20250216,2025-02-08,2025-02-08,2025-02-14,2025-02-16,1,13,2420,5364.32,4168.19,434.04,762.09,0.1421,8,2,False,False,66
SHP001331,ORD001331,CUS0195,SKU0001,CAR005,LOC009,LOC021,20250208,20250208,20250209,20250209,2025-02-08,2025-02-08,2025-02-09,2025-02-09,3,18,368,449.46,329.4,138.21,-18.15,-0.0404,1,0,True,False,20
SHP001399,ORD001399,CUS0196,SKU0014,CAR004,LOC001,LOC017,20250208,20250208,20250214,20250212,2025-02-08,2025-02-08,2025-02-14,2025-02-12,1,4,425,847.72,642.04,57.78,147.9,0.1745,4,0,True,False,5
SHP001420,ORD001420,CUS0227,SKU0020,CAR001,LOC006,LOC024,20250208,20250208,20250214,20250214,2025-02-08,2025-02-08,2025-02-14,2025-02-14,1,15,1789,2171.7,1434.0,485.42,252.28,0.1162,6,0,True,False,5
SHP001475,ORD001475,CUS0189,SKU0012,CAR006,LOC007,LOC028,20250208,20250209,20250214,20250216,2025-02-08,2025-02-09,2025-02-14,2025-02-16,1,16,687,9612.64,5224.0,269.04,4119.6,0.4286,7,2,False,False,66
SHP001508,ORD001508,CUS0233,SKU0039,CAR004,LOC010,LOC027,20250208,20250209,20250214,20250211,2025-02-08,2025-02-09,2025-02-14,2025-02-11,1,7,405,4611.25,2734.97,116.75,1759.53,0.3816,2,0,True,False,5
SHP001548,ORD001548,CUS0189,SKU0037,CAR006,LOC004,LOC023,20250208,20250208,20250214,20250214,2025-02-08,2025-02-08,2025-02-14,2025-02-14,1,13,2237,5324.54,4205.76,409.9,708.88,0.1331,6,0,True,False,5
SHP001615,ORD001615,CUS0126,SKU0038,CAR003,LOC009,LOC028,20250208,20250209,20250214,20250213,2025-02-08,2025-02-09,2025-02-14,2025-02-13,1,7,1600,816.2,532.21,807.65,-523.66,-0.6416,4,0,True,False,5
SHP001653,ORD001653,CUS0096,SKU0034,CAR005,LOC003,LOC029,20250208,20250208,20250211,20250211,2025-02-08,2025-02-08,2025-02-11,2025-02-11,2,3,314,2073.63,1172.37,79.54,821.72,0.3963,3,0,True,True,42
SHP001664,ORD001664,CUS0073,SKU0008,CAR003,LOC001,LOC023,20250208,20250208,20250211,20250212,2025-02-08,2025-02-08,2025-02-11,2025-02-12,2,1,2386,233.72,164.53,1261.02,-1191.83,-5.0994,4,1,False,False,55
SHP001742,ORD001742,CUS0102,SKU0022,CAR006,LOC002,LOC027,20250208,20250208,20250214,20250215,2025-02-08,2025-02-08,2025-02-14,2025-02-15,1,6,1958,1096.26,697.5,340.85,57.91,0.0528,7,1,False,False,48
SHP001785,ORD001785,CUS0179,SKU0025,CAR001,LOC008,LOC020,20250208,20250208,20250211,20250211,2025-02-08,2025-02-08,2025-02-11,2025-02-11,2,16,2373,7825.44,5349.44,478.42,1997.58,0.2553,3,0,True,False,12
SHP001808,ORD001808,CUS0114,SKU0040,CAR004,LOC007,LOC024,20250208,20250208,20250211,20250214,2025-02-08,2025-02-08,2025-02-11,2025-02-14,2,10,90,2809.8,1723.8,47.39,1038.61,0.3696,6,3,False,False,91
SHP001972,ORD001972,CUS0156,SKU0027,CAR004,LOC007,LOC014,20250208,20250208,20250214,20250215,2025-02-08,2025-02-08,2025-02-14,2025-02-15,1,12,650,5168.4,4351.68,183.49,633.23,0.1225,7,1,False,False,48
SHP002111,ORD002111,CUS0158,SKU0017,CAR004,LOC004,LOC030,20250208,20250208,20250211,20250210,2025-02-08,2025-02-08,2025-02-11,2025-02-10,2,13,2580,1788.8,1280.24,386.45,122.11,0.0683,2,0,True,False,12
SHP002209,ORD002209,CUS0209,SKU0038,CAR005,LOC004,LOC023,20250208,20250208,20250211,20250210,2025-02-08,2025-02-08,2025-02-11,2025-02-10,2,13,2186,1515.8,988.39,407.51,119.9,0.0791,2,0,True,False,12
SHP002341,ORD002341,CUS0144,SKU0005,CAR002,LOC006,LOC015,20250208,20250208,20250214,20250212,2025-02-08,2025-02-08,2025-02-14,2025-02-12,1,10,1351,2678.2,1808.4,227.28,642.52,0.2399,4,0,True,False,5
SHP002394,ORD002394,CUS0158,SKU0012,CAR004,LOC005,LOC032,20250208,20250209,20250214,20250215,2025-02-08,2025-02-09,2025-02-14,2025-02-15,1,14,1493,8411.06,4571.0,268.83,3571.23,0.4246,6,1,False,False,48
SHP002411,ORD002411,CUS0064,SKU0028,CAR002,LOC004,LOC027,20250208,20250209,20250211,20250210,2025-02-08,2025-02-09,2025-02-11,2025-02-10,2,18,2591,9682.38,5712.48,494.27,3475.63,0.359,1,0,True,False,12
SHP002422,ORD002422,CUS0152,SKU0006,CAR005,LOC005,LOC018,20250208,20250209,20250211,20250211,2025-02-08,2025-02-09,2025-02-11,2025-02-11,2,15,2280,6189.6,4809.45,565.78,814.37,0.1316,2,0,True,False,12
SHP002467,ORD002467,CUS0190,SKU0024,CAR006,LOC009,LOC027,20250208,20250208,20250214,20250213,2025-02-08,2025-02-08,2025-02-14,2025-02-13,1,16,2329,881.12,727.2,329.93,-176.01,-0.1998,5,0,True,False,5
SHP000114,ORD000114,CUS0034,SKU0007,CAR001,LOC009,LOC024,20250209,20250209,20250215,20250217,2025-02-09,2025-02-09,2025-02-15,2025-02-17,1,9,837,1181.25,648.54,178.16,354.55,0.3001,8,2,False,False,66
SHP000331,ORD000331,CUS0111,SKU0009,CAR002,LOC002,LOC016,20250209,20250210,20250212,20250211,2025-02-09,2025-02-10,2025-02-12,2025-02-11,2,17,717,9661.61,5789.18,212.67,3659.76,0.3788,1,0,True,False,12
SHP000358,ORD000358,CUS0052,SKU0021,CAR002,LOC008,LOC032,20250209,20250209,20250212,20250211,2025-02-09,2025-02-09,2025-02-12,2025-02-11,2,7,1243,596.05,468.02,238.68,-110.65,-0.1856,2,0,True,False,12
SHP000360,ORD000360,CUS0114,SKU0035,CAR001,LOC001,LOC014,20250209,20250210,20250215,20250216,2025-02-09,2025-02-10,2025-02-15,2025-02-16,1,11,602,1573.66,1173.15,164.27,236.24,0.1501,6,1,False,False,48
SHP000436,ORD000436,CUS0228,SKU0029,CAR005,LOC005,LOC011,20250209,20250209,20250212,20250210,2025-02-09,2025-02-09,2025-02-12,2025-02-10,2,5,2212,1388.45,935.6,460.49,-7.64,-0.0055,1,0,True,False,12
SHP000467,ORD000467,CUS0177,SKU0004,CAR006,LOC002,LOC028,20250209,20250209,20250215,20250215,2025-02-09,2025-02-09,2025-02-15,2025-02-15,1,2,1336,49.72,37.86,195.29,-183.43,-3.6893,6,0,True,False,5
SHP000558,ORD000558,CUS0041,SKU0037,CAR003,LOC002,LOC020,20250209,20250210,20250215,20250217,2025-02-09,2025-02-10,2025-02-15,2025-02-17,1,13,1112,5324.54,4205.76,528.04,590.74,0.1109,7,2,False,False,66
SHP000578,ORD000578,CUS0198,SKU0004,CAR004,LOC004,LOC017,20250209,20250209,20250215,20250215,2025-02-09,2025-02-09,2025-02-15,2025-02-15,1,1,896,24.86,18.93,112.87,-106.94,-4.3017,6,0,True,True,35
SHP000638,ORD000638,CUS0240,SKU0003,CAR004,LOC001,LOC030,20250209,20250210,20250210,20250210,2025-02-09,2025-02-10,2025-02-10,2025-02-10,3,17,2600,445.57,358.53,440.86,-353.82,-0.7941,0,0,True,False,20
SHP000685,ORD000685,CUS0025,SKU0032,CAR004,LOC006,LOC013,20250209,20250209,20250215,20250214,2025-02-09,2025-02-09,2025-02-15,2025-02-14,1,3,731,386.04,269.85,92.53,23.66,0.0613,5,0,True,False,5
SHP000819,ORD000819,CUS0083,SKU0003,CAR006,LOC009,LOC026,20250209,20250210,20250212,20250211,2025-02-09,2025-02-10,2025-02-12,2025-02-11,2,5,92,131.05,105.45,23.4,2.2,0.0168,1,0,True,False,12
SHP000984,ORD000984,CUS0233,SKU0040,CAR003,LOC006,LOC016,20250209,20250210,20250212,20250212,2025-02-09,2025-02-10,2025-02-12,2025-02-12,2,12,2459,3371.76,2068.56,1376.52,-73.32,-0.0217,2,0,True,False,12
SHP001007,ORD001007,CUS0176,SKU0020,CAR005,LOC006,LOC015,20250209,20250210,20250212,20250211,2025-02-09,2025-02-10,2025-02-12,2025-02-11,2,11,600,1592.58,1051.6,221.95,319.03,0.2003,1,0,True,False,12
SHP001098,ORD001098,CUS0022,SKU0038,CAR001,LOC003,LOC023,20250209,20250210,20250215,20250216,2025-02-09,2025-02-10,2025-02-15,2025-02-16,1,2,2586,233.2,152.06,492.85,-411.71,-1.7655,6,1,False,False,48
SHP001139,ORD001139,CUS0179,SKU0017,CAR003,LOC007,LOC026,20250209,20250209,20250212,20250210,2025-02-09,2025-02-09,2025-02-12,2025-02-10,2,14,2534,1926.4,1378.72,1443.44,-895.76,-0.465,1,0,True,False,12
SHP001192,ORD001192,CUS0219,SKU0003,CAR001,LOC001,LOC032,20250209,20250210,20250212,20250213,2025-02-09,2025-02-10,2025-02-12,2025-02-13,2,9,742,235.89,189.81,159.55,-113.47,-0.481,3,1,False,False,55
SHP001223,ORD001223,CUS0028,SKU0030,CAR003,LOC004,LOC024,20250209,20250210,20250215,20250215,2025-02-09,2025-02-10,2025-02-15,2025-02-15,1,10,957,6904.4,4084.2,491.37,2328.83,0.3373,5,0,True,False,5
SHP001262,ORD001262,CUS0152,SKU0029,CAR006,LOC003,LOC018,20250209,20250210,20250212,20250214,2025-02-09,2025-02-10,2025-02-12,2025-02-14,2,12,1495,3332.28,2245.44,338.56,748.28,0.2246,4,2,False,False,73
SHP001270,ORD001270,CUS0204,SKU0005,CAR001,LOC008,LOC014,20250209,20250210,20250210,20250210,2025-02-09,2025-02-10,2025-02-10,2025-02-10,3,1,277,267.82,180.84,68.98,18.0,0.0672,0,0,True,False,20
SHP001384,ORD001384,CUS0147,SKU0039,CAR006,LOC006,LOC018,20250209,20250209,20250210,20250210,2025-02-09,2025-02-09,2025-02-10,2025-02-10,3,3,1627,1976.25,1172.13,285.47,518.65,0.2624,1,0,True,False,20
SHP001392,ORD001392,CUS0146,SKU0029,CAR004,LOC002,LOC032,20250209,20250209,20250215,20250213,2025-02-09,2025-02-09,2025-02-15,2025-02-13,1,2,971,555.38,374.24,139.45,41.69,0.0751,4,0,True,False,5
SHP001461,ORD001461,CUS0204,SKU0003,CAR004,LOC004,LOC021,20250209,20250210,20250212,20250213,2025-02-09,2025-02-10,2025-02-12,2025-02-13,2,1,2109,26.21,21.09,299.76,-294.64,-11.2415,3,1,False,False,55
SHP001484,ORD001484,CUS0061,SKU0036,CAR005,LOC002,LOC028,20250209,20250210,20250212,20250213,2025-02-09,2025-02-10,2025-02-12,2025-02-13,2,18,2507,1173.24,779.22,454.9,-60.88,-0.0519,3,1,False,False,55
SHP001541,ORD001541,CUS0212,SKU0010,CAR002,LOC007,LOC011,20250209,20250209,20250215,20250215,2025-02-09,2025-02-09,2025-02-15,2025-02-15,1,2,609,111.4,80.94,85.03,-54.57,-0.4899,6,0,True,False,5
SHP001663,ORD001663,CUS0151,SKU0026,CAR003,LOC004,LOC013,20250209,20250209,20250215,20250216,2025-02-09,2025-02-09,2025-02-15,2025-02-16,1,6,2492,2271.84,1521.06,1297.54,-546.76,-0.2407,7,1,False,False,48
SHP001691,ORD001691,CUS0082,SKU0011,CAR002,LOC007,LOC014,20250209,20250209,20250215,20250217,2025-02-09,2025-02-09,2025-02-15,2025-02-17,1,4,2044,1624.76,983.48,266.44,374.84,0.2307,8,2,False,False,66
SHP001917,ORD001917,CUS0045,SKU0003,CAR005,LOC006,LOC028,20250209,20250209,20250212,20250210,2025-02-09,2025-02-09,2025-02-12,2025-02-10,2,18,1445,471.78,379.62,309.3,-217.14,-0.4603,1,0,True,False,12
SHP001942,ORD001942,CUS0185,SKU0024,CAR001,LOC008,LOC016,20250209,20250209,20250215,20250216,2025-02-09,2025-02-09,2025-02-15,2025-02-16,1,2,2510,110.14,90.9,396.73,-377.49,-3.4274,7,1,False,False,48
SHP001999,ORD001999,CUS0195,SKU0019,CAR005,LOC006,LOC011,20250209,20250210,20250215,20250216,2025-02-09,2025-02-10,2025-02-15,2025-02-16,1,6,196,379.2,211.62,57.26,110.32,0.2909,6,1,False,False,48
SHP002028,ORD002028,CUS0077,SKU0013,CAR001,LOC004,LOC031,20250209,20250209,20250215,20250216,2025-02-09,2025-02-09,2025-02-15,2025-02-16,1,12,381,2931.0,1975.32,165.85,789.83,0.2695,7,1,False,False,48
SHP002049,ORD002049,CUS0201,SKU0008,CAR005,LOC010,LOC030,20250209,20250210,20250215,20250215,2025-02-09,2025-02-10,2025-02-15,2025-02-15,1,10,2490,2337.2,1645.3,410.37,281.53,0.1205,5,0,True,False,5
SHP002165,ORD002165,CUS0005,SKU0038,CAR003,LOC006,LOC016,20250209,20250210,20250210,20250210,2025-02-09,2025-02-10,2025-02-10,2025-02-10,3,13,2486,1515.8,988.39,1870.38,-1342.97,-0.886,0,0,True,False,20
SHP002211,ORD002211,CUS0114,SKU0003,CAR005,LOC007,LOC012,20250209,20250209,20250215,20250218,2025-02-09,2025-02-09,2025-02-15,2025-02-18,1,7,372,183.47,147.63,79.44,-43.6,-0.2376,9,3,False,False,84
SHP002426,ORD002426,CUS0110,SKU0025,CAR001,LOC008,LOC023,20250209,20250210,20250215,20250217,2025-02-09,2025-02-10,2025-02-15,2025-02-17,1,10,1297,4890.9,3343.4,199.8,1347.7,0.2756,7,2,False,False,66
SHP002449,ORD002449,CUS0207,SKU0018,CAR004,LOC008,LOC031,20250209,20250209,20250215,20250216,2025-02-09,2025-02-09,2025-02-15,2025-02-16,1,5,2655,615.0,511.85,358.0,-254.85,-0.4144,7,1,False,False,48
SHP002471,ORD002471,CUS0002,SKU0017,CAR004,LOC006,LOC023,20250209,20250209,20250215,20250216,2025-02-09,2025-02-09,2025-02-15,2025-02-16,1,16,1753,2201.6,1575.68,451.13,174.79,0.0794,7,1,False,True,78
SHP000065,ORD000065,CUS0250,SKU0023,CAR004,LOC002,LOC019,20250210,20250211,20250213,20250214,2025-02-10,2025-02-11,2025-02-13,2025-02-14,2,11,2370,3194.73,1728.54,320.83,1145.36,0.3585,3,1,False,False,55
SHP000238,ORD000238,CUS0018,SKU0034,CAR005,LOC002,LOC022,20250210,20250210,20250216,20250215,2025-02-10,2025-02-10,2025-02-16,2025-02-15,1,6,722,4147.26,2344.74,171.7,1630.82,0.3932,5,0,True,False,5
SHP000313,ORD000313,CUS0106,SKU0024,CAR006,LOC007,LOC028,20250210,20250211,20250216,20250214,2025-02-10,2025-02-11,2025-02-16,2025-02-14,1,11,2562,605.77,499.95,338.17,-232.35,-0.3836,3,0,True,False,5
SHP000425,ORD000425,CUS0233,SKU0004,CAR006,LOC005,LOC022,20250210,20250211,20250216,20250215,2025-02-10,2025-02-11,2025-02-16,2025-02-15,1,17,1821,422.62,321.81,336.69,-235.88,-0.5581,4,0,True,False,5
SHP000472,ORD000472,CUS0045,SKU0017,CAR006,LOC004,LOC013,20250210,20250211,20250216,20250217,2025-02-10,2025-02-11,2025-02-16,2025-02-17,1,5,2499,688.0,492.4,402.47,-206.87,-0.3007,6,1,False,False,48
SHP000628,ORD000628,CUS0007,SKU0025,CAR005,LOC002,LOC032,20250210,20250211,20250211,20250211,2025-02-10,2025-02-11,2025-02-11,2025-02-11,3,14,1083,6847.26,4680.76,225.01,1941.49,0.2835,0,0,True,False,20
SHP000681,ORD000681,CUS0180,SKU0009,CAR006,LOC003,LOC011,20250210,20250211,20250213,20250214,2025-02-10,2025-02-11,2025-02-13,2025-02-14,2,12,2132,6819.96,4086.48,399.73,2333.75,0.3422,3,1,False,False,55
SHP000695,ORD000695,CUS0128,SKU0010,CAR003,LOC008,LOC015,20250210,20250211,20250216,20250219,2025-02-10,2025-02-11,2025-02-16,2025-02-19,1,15,1734,835.5,607.05,936.77,-708.32,-0.8478,8,3,False,False,84
SHP000974,ORD000974,CUS0133,SKU0027,CAR005,LOC006,LOC022,20250210,20250210,20250216,20250217,2025-02-10,2025-02-10,2025-02-16,2025-02-17,1,3,141,1292.1,1087.92,46.35,157.83,0.1221,7,1,False,False,48
SHP001156,ORD001156,CUS0166,SKU0033,CAR003,LOC003,LOC030,20250210,20250211,20250216,20250217,2025-02-10,2025-02-11,2025-02-16,2025-02-17,1,4,1266,2444.16,1545.68,530.22,368.26,0.1507,6,1,False,False,48
SHP001229,ORD001229,CUS0129,SKU0012,CAR002,LOC007,LOC021,20250210,20250210,20250213,20250212,2025-02-10,2025-02-10,2025-02-13,2025-02-12,2,10,556,6007.9,3265.0,250.47,2492.43,0.4149,2,0,True,False,12
SHP001369,ORD001369,CUS0043,SKU0031,CAR006,LOC006,LOC018,20250210,20250211,20250216,20250216,2025-02-10,2025-02-11,2025-02-16,2025-02-16,1,15,2186,7589.4,5499.75,306.19,1783.46,0.235,5,0,True,False,5
SHP001411,ORD001411,CUS0240,SKU0012,CAR006,LOC002,LOC029,20250210,20250211,20250216,20250215,2025-02-10,2025-02-11,2025-02-16,2025-02-15,1,3,1823,1802.37,979.5,254.77,568.1,0.3152,4,0,True,False,5
SHP001453,ORD001453,CUS0066,SKU0032,CAR005,LOC010,LOC021,20250210,20250211,20250216,20250216,2025-02-10,2025-02-11,2025-02-16,2025-02-16,1,15,1819,1930.2,1349.25,295.35,285.6,0.148,5,0,True,False,5
SHP001515,ORD001515,CUS0011,SKU0028,CAR005,LOC002,LOC012,20250210,20250211,20250216,20250218,2025-02-10,2025-02-11,2025-02-16,2025-02-18,1,8,2261,4303.28,2538.88,435.63,1328.77,0.3088,7,2,False,False,66
SHP001659,ORD001659,CUS0217,SKU0002,CAR006,LOC001,LOC019,20250210,20250211,20250213,20250212,2025-02-10,2025-02-11,2025-02-13,2025-02-12,2,11,639,5608.46,3154.8,116.37,2337.29,0.4167,1,0,True,False,12
SHP001747,ORD001747,CUS0244,SKU0027,CAR003,LOC006,LOC026,20250210,20250211,20250213,20250212,2025-02-10,2025-02-11,2025-02-13,2025-02-12,2,17,2211,7321.9,6164.88,1325.29,-168.27,-0.023,1,0,True,False,12
SHP001797,ORD001797,CUS0075,SKU0001,CAR001,LOC002,LOC027,20250210,20250210,20250216,20250215,2025-02-10,2025-02-10,2025-02-16,2025-02-15,1,5,1875,124.85,91.5,322.55,-289.2,-2.3164,5,0,True,False,5
SHP001805,ORD001805,CUS0171,SKU0012,CAR002,LOC010,LOC012,20250210,20250210,20250216,20250217,2025-02-10,2025-02-10,2025-02-16,2025-02-17,1,5,182,3003.95,1632.5,62.28,1309.17,0.4358,7,1,False,False,48
SHP001844,ORD001844,CUS0043,SKU0010,CAR006,LOC001,LOC024,20250210,20250211,20250216,20250215,2025-02-10,2025-02-11,2025-02-16,2025-02-15,1,15,2243,835.5,607.05,450.56,-222.11,-0.2658,4,0,True,False,5
SHP001876,ORD001876,CUS0126,SKU0016,CAR003,LOC010,LOC026,20250210,20250211,20250211,20250212,2025-02-10,2025-02-11,2025-02-11,2025-02-12,3,8,1676,2160.48,1587.6,1240.68,-667.8,-0.3091,1,1,False,False,63
SHP002003,ORD002003,CUS0152,SKU0037,CAR002,LOC007,LOC029,20250210,20250211,20250216,20250219,2025-02-10,2025-02-11,2025-02-16,2025-02-19,1,6,1060,2457.48,1941.12,188.17,328.19,0.1335,8,3,False,False,84
SHP002025,ORD002025,CUS0231,SKU0040,CAR005,LOC006,LOC030,20250210,20250211,20250213,20250215,2025-02-10,2025-02-11,2025-02-13,2025-02-15,2,17,2101,4776.66,2930.46,453.18,1393.02,0.2916,4,2,False,False,73
SHP002033,ORD002033,CUS0103,SKU0018,CAR004,LOC009,LOC031,20250210,20250211,20250216,20250218,2025-02-10,2025-02-11,2025-02-16,2025-02-18,1,15,1996,1845.0,1535.55,325.74,-16.29,-0.0088,7,2,False,False,66
SHP002046,ORD002046,CUS0024,SKU0019,CAR001,LOC004,LOC013,20250210,20250211,20250216,20250215,2025-02-10,2025-02-11,2025-02-16,2025-02-15,1,7,1281,442.4,246.89,241.54,-46.03,-0.104,4,0,True,False,5
SHP002173,ORD002173,CUS0111,SKU0026,CAR002,LOC001,LOC024,20250210,20250210,20250216,20250217,2025-02-10,2025-02-10,2025-02-16,2025-02-17,1,4,608,1514.56,1014.04,97.32,403.2,0.2662,7,1,False,False,48
SHP002175,ORD002175,CUS0081,SKU0004,CAR005,LOC008,LOC025,20250210,20250210,20250216,20250215,2025-02-10,2025-02-10,2025-02-16,2025-02-15,1,5,1538,124.3,94.65,280.81,-251.16,-2.0206,5,0,True,False,5
SHP002250,ORD002250,CUS0147,SKU0040,CAR006,LOC004,LOC014,20250210,20250211,20250213,20250212,2025-02-10,2025-02-11,2025-02-13,2025-02-12,2,14,1772,3933.72,2413.32,324.05,1196.35,0.3041,1,0,True,False,12
SHP002265,ORD002265,CUS0071,SKU0020,CAR001,LOC007,LOC015,20250210,20250211,20250216,20250216,2025-02-10,2025-02-11,2025-02-16,2025-02-16,1,9,1720,1303.02,860.4,425.43,17.19,0.0132,5,0,True,False,5
SHP002268,ORD002268,CUS0085,SKU0032,CAR004,LOC005,LOC017,20250210,20250211,20250216,20250216,2025-02-10,2025-02-11,2025-02-16,2025-02-16,1,8,2331,1029.44,719.6,285.3,24.54,0.0238,5,0,True,False,5
SHP002323,ORD002323,CUS0151,SKU0025,CAR006,LOC009,LOC020,20250210,20250211,20250213,20250211,2025-02-10,2025-02-11,2025-02-13,2025-02-11,2,9,789,4401.81,3009.06,138.05,1254.7,0.285,0,0,True,False,12
SHP002339,ORD002339,CUS0111,SKU0039,CAR006,LOC008,LOC021,20250210,20250211,20250211,20250211,2025-02-10,2025-02-11,2025-02-11,2025-02-11,3,12,2451,7905.0,4688.52,520.52,2695.96,0.341,0,0,True,False,20
SHP002493,ORD002493,CUS0007,SKU0017,CAR003,LOC005,LOC032,20250210,20250211,20250213,20250213,2025-02-10,2025-02-11,2025-02-13,2025-02-13,2,5,2529,688.0,492.4,1436.16,-1240.56,-1.8031,2,0,True,False,12
SHP000001,ORD000001,CUS0096,SKU0023,CAR004,LOC003,LOC013,20250211,20250212,20250214,20250215,2025-02-11,2025-02-12,2025-02-14,2025-02-15,2,10,2388,2904.3,1571.4,323.7,1009.2,0.3475,3,1,False,False,55
SHP000024,ORD000024,CUS0040,SKU0004,CAR002,LOC008,LOC032,20250211,20250212,20250214,20250214,2025-02-11,2025-02-12,2025-02-14,2025-02-14,2,3,2600,74.58,56.79,382.9,-365.11,-4.8955,2,0,True,False,12
SHP000164,ORD000164,CUS0102,SKU0023,CAR005,LOC003,LOC011,20250211,20250212,20250217,20250218,2025-02-11,2025-02-12,2025-02-17,2025-02-18,1,8,270,2323.44,1257.12,54.81,1011.51,0.4354,6,1,False,False,48
SHP000448,ORD000448,CUS0170,SKU0005,CAR005,LOC008,LOC026,20250211,20250212,20250217,20250217,2025-02-11,2025-02-12,2025-02-17,2025-02-17,1,4,2086,1071.28,723.36,317.88,30.04,0.028,5,0,True,False,5
SHP000604,ORD000604,CUS0125,SKU0039,CAR004,LOC008,LOC032,20250211,20250211,20250214,20250212,2025-02-11,2025-02-11,2025-02-14,2025-02-12,2,8,2579,5270.0,3125.68,425.26,1719.06,0.3262,1,0,True,False,12
SHP000844,ORD000844,CUS0231,SKU0038,CAR001,LOC001,LOC016,20250211,20250212,20250217,20250219,2025-02-11,2025-02-12,2025-02-17,2025-02-19,1,13,1390,1515.8,988.39,356.17,171.24,0.113,7,2,False,False,66
SHP000861,ORD000861,CUS0186,SKU0039,CAR006,LOC005,LOC024,20250211,20250212,20250217,20250217,2025-02-11,2025-02-12,2025-02-17,2025-02-17,1,5,2169,3293.75,1953.55,292.76,1047.44,0.318,5,0,True,True,35
SHP000865,ORD000865,CUS0212,SKU0039,CAR004,LOC009,LOC011,20250211,20250212,20250217,20250215,2025-02-11,2025-02-12,2025-02-17,2025-02-15,1,10,1416,6587.5,3907.1,252.54,2427.86,0.3686,3,0,True,False,5
SHP000909,ORD000909,CUS0052,SKU0014,CAR003,LOC006,LOC011,20250211,20250211,20250214,20250216,2025-02-11,2025-02-11,2025-02-14,2025-02-16,2,8,1024,1695.44,1284.08,542.25,-130.89,-0.0772,5,2,False,False,73
SHP000914,ORD000914,CUS0145,SKU0012,CAR001,LOC008,LOC012,20250211,20250211,20250217,20250222,2025-02-11,2025-02-11,2025-02-17,2025-02-22,1,8,594,4806.32,2612.0,165.74,2028.58,0.4221,11,5,False,False,100
SHP000969,ORD000969,CUS0073,SKU0026,CAR005,LOC004,LOC013,20250211,20250212,20250217,20250216,2025-02-11,2025-02-12,2025-02-17,2025-02-16,1,9,1141,3407.76,2281.59,178.62,947.55,0.2781,4,0,True,False,5
SHP001017,ORD001017,CUS0015,SKU0033,CAR006,LOC002,LOC027,20250211,20250211,20250217,20250217,2025-02-11,2025-02-11,2025-02-17,2025-02-17,1,2,331,1222.08,772.84,51.95,397.29,0.3251,6,0,True,False,5
SHP001038,ORD001038,CUS0240,SKU0036,CAR004,LOC010,LOC022,20250211,20250212,20250214,20250214,2025-02-11,2025-02-12,2025-02-14,2025-02-14,2,12,2212,782.16,519.48,312.75,-50.07,-0.064,2,0,True,False,12
SHP001140,ORD001140,CUS0121,SKU0023,CAR002,LOC009,LOC011,20250211,20250211,20250217,20250216,2025-02-11,2025-02-11,2025-02-17,2025-02-16,1,11,2251,3194.73,1728.54,298.63,1167.56,0.3655,5,0,True,False,5
SHP001245,ORD001245,CUS0063,SKU0034,CAR002,LOC001,LOC028,20250211,20250211,20250217,20250219,2025-02-11,2025-02-11,2025-02-17,2025-02-19,1,18,473,12441.78,7034.22,185.22,5222.34,0.4197,8,2,False,False,66
SHP001549,ORD001549,CUS0069,SKU0035,CAR005,LOC010,LOC027,20250211,20250212,20250212,20250212,2025-02-11,2025-02-12,2025-02-12,2025-02-12,3,9,230,1287.54,959.85,101.95,225.74,0.1753,0,0,True,False,20
SHP001745,ORD001745,CUS0069,SKU0040,CAR005,LOC010,LOC025,20250211,20250211,20250217,20250217,2025-02-11,2025-02-11,2025-02-17,2025-02-17,1,15,2288,4214.7,2585.7,359.43,1269.57,0.3012,6,0,True,False,5
SHP001926,ORD001926,CUS0174,SKU0039,CAR006,LOC005,LOC029,20250211,20250211,20250217,20250216,2025-02-11,2025-02-11,2025-02-17,2025-02-16,1,18,2272,11857.5,7032.78,425.82,4398.9,0.371,5,0,True,False,5
SHP002002,ORD002002,CUS0233,SKU0033,CAR002,LOC002,LOC011,20250211,20250211,20250212,20250212,2025-02-11,2025-02-11,2025-02-12,2025-02-12,3,2,1649,1222.08,772.84,348.13,101.11,0.0827,1,0,True,False,20
SHP002016,ORD002016,CUS0195,SKU0021,CAR001,LOC010,LOC018,20250211,20250212,20250217,20250216,2025-02-11,2025-02-12,2025-02-17,2025-02-16,1,9,1442,766.35,601.74,332.83,-168.22,-0.2195,4,0,True,False,5
SHP002042,ORD002042,CUS0134,SKU0037,CAR003,LOC009,LOC023,20250211,20250212,20250217,20250220,2025-02-11,2025-02-12,2025-02-17,2025-02-20,1,2,381,819.16,647.04,213.3,-41.18,-0.0503,8,3,False,False,84
SHP002196,ORD002196,CUS0078,SKU0020,CAR002,LOC005,LOC028,20250211,20250211,20250214,20250213,2025-02-11,2025-02-11,2025-02-14,2025-02-13,2,10,130,1447.8,956.0,105.14,386.66,0.2671,2,0,True,False,12
SHP002276,ORD002276,CUS0232,SKU0007,CAR002,LOC009,LOC031,20250211,20250211,20250217,20250218,2025-02-11,2025-02-11,2025-02-17,2025-02-18,1,13,761,1706.25,936.78,191.72,577.75,0.3386,7,1,False,False,48
SHP002443,ORD002443,CUS0210,SKU0002,CAR004,LOC001,LOC024,20250211,20250211,20250217,20250219,2025-02-11,2025-02-11,2025-02-17,2025-02-19,1,12,1431,6118.32,3441.6,207.72,2469.0,0.4035,8,2,False,False,66
SHP000037,ORD000037,CUS0166,SKU0006,CAR006,LOC006,LOC026,20250212,20250212,20250215,20250214,2025-02-12,2025-02-12,2025-02-15,2025-02-14,2,17,1555,7014.88,5450.71,341.72,1222.45,0.1743,2,0,True,False,12
SHP000071,ORD000071,CUS0039,SKU0030,CAR005,LOC010,LOC020,20250212,20250213,20250215,20250216,2025-02-12,2025-02-13,2025-02-15,2025-02-16,2,17,2581,11737.48,6943.14,553.19,4241.15,0.3613,3,1,False,False,55
SHP000082,ORD000082,CUS0127,SKU0034,CAR002,LOC002,LOC021,20250212,20250212,20250218,20250217,2025-02-12,2025-02-12,2025-02-18,2025-02-17,1,18,2135,12441.78,7034.22,427.5,4980.06,0.4003,5,0,True,False,5
SHP000167,ORD000167,CUS0044,SKU0004,CAR005,LOC003,LOC022,20250212,20250212,20250218,20250216,2025-02-12,2025-02-12,2025-02-18,2025-02-16,1,15,2102,372.9,283.95,424.84,-335.89,-0.9008,4,0,True,False,5
SHP000203,ORD000203,CUS0058,SKU0023,CAR006,LOC008,LOC014,20250212,20250213,20250215,20250216,2025-02-12,2025-02-13,2025-02-15,2025-02-16,2,8,1427,2323.44,1257.12,229.24,837.08,0.3603,3,1,False,False,55
SHP000350,ORD000350,CUS0164,SKU0001,CAR002,LOC005,LOC027,20250212,20250213,20250218,20250219,2025-02-12,2025-02-13,2025-02-18,2025-02-19,1,7,1223,174.79,128.1,160.45,-113.76,-0.6508,6,1,False,False,48
SHP000413,ORD000413,CUS0189,SKU0031,CAR005,LOC009,LOC032,20250212,20250213,20250218,20250220,2025-02-12,2025-02-13,2025-02-18,2025-02-20,1,4,993,2023.84,1466.6,202.6,354.64,0.1752,7,2,False,False,66
SHP000848,ORD000848,CUS0080,SKU0006,CAR002,LOC001,LOC032,20250212,20250212,20250215,20250215,2025-02-12,2025-02-12,2025-02-15,2025-02-15,2,2,1487,825.28,641.26,225.76,-41.74,-0.0506,3,0,True,False,12
SHP000939,ORD000939,CUS0187,SKU0002,CAR004,LOC005,LOC025,20250212,20250212,20250218,20250219,2025-02-12,2025-02-12,2025-02-18,2025-02-19,1,14,1479,7138.04,4015.2,213.23,2909.61,0.4076,7,1,False,False,48
SHP000941,ORD000941,CUS0082,SKU0015,CAR003,LOC003,LOC023,20250212,20250212,20250218,20250220,2025-02-12,2025-02-12,2025-02-18,2025-02-20,1,18,2689,6034.86,4661.28,1418.93,-45.35,-0.0075,8,2,False,False,66
SHP001095,ORD001095,CUS0061,SKU0020,CAR004,LOC004,LOC020,20250212,20250212,20250213,20250214,2025-02-12,2025-02-12,2025-02-13,2025-02-14,3,4,1693,579.12,382.4,322.36,-125.64,-0.2169,2,1,False,False,63
SHP001125,ORD001125,CUS0018,SKU0009,CAR001,LOC006,LOC023,20250212,20250212,20250218,20250220,2025-02-12,2025-02-12,2025-02-18,2025-02-20,1,2,507,1136.66,681.08,89.56,366.02,0.322,8,2,False,False,66
SHP001421,ORD001421,CUS0091,SKU0016,CAR003,LOC005,LOC029,20250212,20250213,20250218,20250218,2025-02-12,2025-02-13,2025-02-18,2025-02-18,1,14,224,3780.84,2778.3,261.46,741.08,0.196,5,0,True,False,5
SHP001674,ORD001674,CUS0021,SKU0001,CAR002,LOC003,LOC020,20250212,20250212,20250213,20250213,2025-02-12,2025-02-12,2025-02-13,2025-02-13,3,16,114,399.52,292.8,70.58,36.14,0.0905,1,0,True,False,20
SHP001774,ORD001774,CUS0113,SKU0021,CAR006,LOC009,LOC026,20250212,20250212,20250218,20250219,2025-02-12,2025-02-12,2025-02-18,2025-02-19,1,2,204,170.3,133.72,43.2,-6.62,-0.0389,7,1,False,False,48
SHP001887,ORD001887,CUS0235,SKU0039,CAR003,LOC006,LOC024,20250212,20250213,20250215,20250217,2025-02-12,2025-02-13,2025-02-15,2025-02-17,2,9,2525,5928.75,3516.39,1436.36,976.0,0.1646,4,2,False,False,73
SHP002251,ORD002251,CUS0035,SKU0011,CAR006,LOC004,LOC025,20250212,20250213,20250218,20250218,2025-02-12,2025-02-13,2025-02-18,2025-02-18,1,8,266,3249.52,1966.96,41.32,1241.24,0.382,5,0,True,False,5
SHP002262,ORD002262,CUS0055,SKU0015,CAR005,LOC006,LOC015,20250212,20250213,20250215,20250213,2025-02-12,2025-02-13,2025-02-15,2025-02-13,2,2,2059,670.54,517.92,445.5,-292.88,-0.4368,0,0,True,False,12
SHP002324,ORD002324,CUS0172,SKU0006,CAR002,LOC008,LOC013,20250212,20250212,20250218,20250217,2025-02-12,2025-02-12,2025-02-18,2025-02-17,1,8,756,3301.12,2565.04,155.93,580.15,0.1757,5,0,True,False,5
SHP002329,ORD002329,CUS0181,SKU0023,CAR005,LOC003,LOC016,20250212,20250213,20250218,20250218,2025-02-12,2025-02-13,2025-02-18,2025-02-18,1,17,585,4937.31,2671.38,118.97,2146.96,0.4348,5,0,True,False,5
SHP002377,ORD002377,CUS0079,SKU0008,CAR002,LOC010,LOC021,20250212,20250213,20250215,20250214,2025-02-12,2025-02-13,2025-02-15,2025-02-14,2,11,1237,2570.92,1809.83,241.15,519.94,0.2022,1,0,True,False,12
SHP000125,ORD000125,CUS0124,SKU0034,CAR003,LOC002,LOC011,20250213,20250214,20250219,20250218,2025-02-13,2025-02-14,2025-02-19,2025-02-18,1,7,1923,4838.47,2735.53,887.21,1215.73,0.2513,4,0,True,False,5
SHP000200,ORD000200,CUS0067,SKU0018,CAR006,LOC004,LOC012,20250213,20250214,20250214,20250214,2025-02-13,2025-02-14,2025-02-14,2025-02-14,3,11,1293,1353.0,1126.07,263.81,-36.88,-0.0273,0,0,True,False,20
SHP000275,ORD000275,CUS0225,SKU0017,CAR005,LOC004,LOC021,20250213,20250214,20250214,20250215,2025-02-13,2025-02-14,2025-02-14,2025-02-15,3,17,1883,2339.2,1674.16,649.04,16.0,0.0068,1,1,False,False,63
SHP000549,ORD000549,CUS0154,SKU0030,CAR006,LOC003,LOC014,20250213,20250214,20250219,20250218,2025-02-13,2025-02-14,2025-02-19,2025-02-18,1,16,1444,11047.04,6534.72,282.99,4229.33,0.3828,4,0,True,False,5
SHP000797,ORD000797,CUS0149,SKU0034,CAR005,LOC003,LOC012,20250213,20250213,20250219,20250220,2025-02-13,2025-02-13,2025-02-19,2025-02-20,1,17,1392,11750.57,6643.43,400.27,4706.87,0.4006,7,1,False,False,48
SHP000845,ORD000845,CUS0234,SKU0012,CAR003,LOC010,LOC025,20250213,20250214,20250216,20250215,2025-02-13,2025-02-14,2025-02-16,2025-02-15,2,4,832,2403.16,1306.0,489.47,607.69,0.2529,1,0,True,False,12
SHP000933,ORD000933,CUS0215,SKU0025,CAR003,LOC008,LOC020,20250213,20250213,20250216,20250217,2025-02-13,2025-02-13,2025-02-16,2025-02-17,2,2,2466,978.18,668.68,1404.1,-1094.6,-1.119,4,1,False,False,55
SHP000972,ORD000972,CUS0090,SKU0012,CAR004,LOC007,LOC015,20250213,20250214,20250216,20250215,2025-02-13,2025-02-14,2025-02-16,2025-02-15,2,9,891,5407.11,2938.5,217.97,2250.64,0.4162,1,0,True,False,12
SHP001036,ORD001036,CUS0088,SKU0039,CAR005,LOC010,LOC015,20250213,20250213,20250219,20250218,2025-02-13,2025-02-13,2025-02-19,2025-02-18,1,5,2661,3293.75,1953.55,428.85,911.35,0.2767,5,0,True,False,5
SHP001066,ORD001066,CUS0111,SKU0019,CAR002,LOC005,LOC028,20250213,20250214,20250214,20250214,2025-02-13,2025-02-14,2025-02-14,2025-02-14,3,9,1014,568.8,317.43,250.34,1.03,0.0018,0,0,True,False,20
SHP001154,ORD001154,CUS0199,SKU0002,CAR006,LOC002,LOC021,20250213,20250213,20250219,20250219,2025-02-13,2025-02-13,2025-02-19,2025-02-19,1,1,169,509.86,286.8,24.06,199.0,0.3903,6,0,True,False,5
SHP001204,ORD001204,CUS0113,SKU0039,CAR002,LOC009,LOC018,20250213,20250213,20250216,20250215,2025-02-13,2025-02-13,2025-02-16,2025-02-15,2,16,1814,10540.0,6251.36,429.92,3858.72,0.3661,2,0,True,False,12
SHP001219,ORD001219,CUS0234,SKU0012,CAR003,LOC004,LOC021,20250213,20250214,20250216,20250214,2025-02-13,2025-02-14,2025-02-16,2025-02-14,2,16,773,9612.64,5224.0,582.45,3806.19,0.396,0,0,True,False,12
SHP001253,ORD001253,CUS0239,SKU0029,CAR002,LOC007,LOC023,20250213,20250214,20250216,20250217,2025-02-13,2025-02-14,2025-02-16,2025-02-17,2,17,946,4720.73,3181.04,280.02,1259.67,0.2668,3,1,False,False,55
SHP001290,ORD001290,CUS0236,SKU0003,CAR003,LOC006,LOC011,20250213,20250213,20250219,20250218,2025-02-13,2025-02-13,2025-02-19,2025-02-18,1,8,1385,209.68,168.72,584.46,-543.5,-2.592,5,0,True,False,5
SHP001336,ORD001336,CUS0044,SKU0030,CAR002,LOC003,LOC027,20250213,20250213,20250219,20250219,2025-02-13,2025-02-13,2025-02-19,2025-02-19,1,2,627,1380.88,816.84,104.61,459.43,0.3327,6,0,True,False,5
SHP001445,ORD001445,CUS0040,SKU0012,CAR003,LOC007,LOC028,20250213,20250214,20250219,20250217,2025-02-13,2025-02-14,2025-02-19,2025-02-17,1,3,2465,1802.37,979.5,1113.7,-290.83,-0.1614,3,0,True,False,5
SHP001504,ORD001504,CUS0029,SKU0003,CAR001,LOC004,LOC029,20250213,20250213,20250219,20250219,2025-02-13,2025-02-13,2025-02-19,2025-02-19,1,1,2250,26.21,21.09,364.07,-358.95,-13.6952,6,0,True,False,5
SHP001665,ORD001665,CUS0001,SKU0013,CAR003,LOC009,LOC027,20250213,20250214,20250216,20250216,2025-02-13,2025-02-14,2025-02-16,2025-02-16,2,15,735,3663.75,2469.15,565.36,629.24,0.1717,2,0,True,False,12
SHP001741,ORD001741,CUS0180,SKU0001,CAR001,LOC010,LOC027,20250213,20250214,20250219,20250220,2025-02-13,2025-02-14,2025-02-19,2025-02-20,1,1,739,24.97,18.3,115.5,-108.83,-4.3584,6,1,False,False,48
SHP001990,ORD001990,CUS0235,SKU0039,CAR005,LOC008,LOC019,20250213,20250213,20250216,20250216,2025-02-13,2025-02-13,2025-02-16,2025-02-16,2,8,2315,5270.0,3125.68,459.29,1685.03,0.3197,3,0,True,False,12
SHP002030,ORD002030,CUS0094,SKU0028,CAR002,LOC003,LOC024,20250213,20250214,20250219,20250217,2025-02-13,2025-02-14,2025-02-19,2025-02-17,1,11,1470,5917.01,3490.96,291.27,2134.78,0.3608,3,0,True,False,5
SHP002192,ORD002192,CUS0015,SKU0026,CAR001,LOC004,LOC020,20250213,20250213,20250219,20250218,2025-02-13,2025-02-13,2025-02-19,2025-02-18,1,11,749,4165.04,2788.61,130.99,1245.44,0.299,5,0,True,False,5
SHP002266,ORD002266,CUS0197,SKU0020,CAR004,LOC007,LOC011,20250213,20250214,20250219,20250219,2025-02-13,2025-02-14,2025-02-19,2025-02-19,1,8,1522,1158.24,764.8,268.14,125.3,0.1082,5,0,True,False,5
SHP002363,ORD002363,CUS0223,SKU0021,CAR001,LOC004,LOC020,20250213,20250213,20250216,20250217,2025-02-13,2025-02-13,2025-02-16,2025-02-17,2,12,2429,1021.8,802.32,675.85,-456.37,-0.4466,4,1,False,False,55
SHP002389,ORD002389,CUS0041,SKU0007,CAR001,LOC003,LOC016,20250213,20250214,20250219,20250219,2025-02-13,2025-02-14,2025-02-19,2025-02-19,1,11,2342,1443.75,792.66,456.23,194.86,0.135,5,0,True,False,5
SHP000003,ORD000003,CUS0177,SKU0028,CAR003,LOC007,LOC029,20250214,20250215,20250215,20250215,2025-02-14,2025-02-15,2025-02-15,2025-02-15,3,10,1645,5379.1,3173.6,1000.85,1204.65,0.224,0,0,True,False,20
SHP000096,ORD000096,CUS0082,SKU0034,CAR006,LOC003,LOC028,20250214,20250215,20250215,20250217,2025-02-14,2025-02-15,2025-02-15,2025-02-17,3,13,1775,8985.73,5080.27,414.02,3491.44,0.3886,2,2,False,False,81
SHP000737,ORD000737,CUS0065,SKU0032,CAR003,LOC010,LOC026,20250214,20250214,20250215,20250215,2025-02-14,2025-02-14,2025-02-15,2025-02-15,3,9,1303,1158.12,809.55,956.9,-608.33,-0.5253,1,0,True,False,20
SHP000866,ORD000866,CUS0219,SKU0030,CAR006,LOC007,LOC019,20250214,20250215,20250217,20250216,2025-02-14,2025-02-15,2025-02-17,2025-02-16,2,5,2113,3452.2,2042.1,354.77,1055.33,0.3057,1,0,True,False,12
SHP001145,ORD001145,CUS0179,SKU0036,CAR002,LOC004,LOC016,20250214,20250214,20250215,20250216,2025-02-14,2025-02-14,2025-02-15,2025-02-16,3,15,2639,977.7,649.35,546.95,-218.6,-0.2236,2,1,False,False,63
SHP001174,ORD001174,CUS0080,SKU0005,CAR005,LOC010,LOC020,20250214,20250214,20250220,20250218,2025-02-14,2025-02-14,2025-02-20,2025-02-18,1,2,360,535.64,361.68,71.8,102.16,0.1907,4,0,True,False,5
SHP001308,ORD001308,CUS0068,SKU0024,CAR005,LOC009,LOC018,20250214,20250215,20250215,20250215,2025-02-14,2025-02-15,2025-02-15,2025-02-15,3,6,786,330.42,272.7,164.49,-106.77,-0.3231,0,0,True,False,20
SHP001401,ORD001401,CUS0091,SKU0040,CAR006,LOC008,LOC018,20250214,20250214,20250220,20250219,2025-02-14,2025-02-14,2025-02-20,2025-02-19,1,12,677,3371.76,2068.56,130.05,1173.15,0.3479,5,0,True,False,5
SHP001403,ORD001403,CUS0024,SKU0026,CAR001,LOC002,LOC027,20250214,20250214,20250215,20250215,2025-02-14,2025-02-14,2025-02-15,2025-02-15,3,16,2164,6058.24,4056.16,568.6,1433.48,0.2366,1,0,True,False,20
SHP001455,ORD001455,CUS0035,SKU0039,CAR001,LOC002,LOC021,20250214,20250215,20250220,20250219,2025-02-14,2025-02-15,2025-02-20,2025-02-19,1,5,715,3293.75,1953.55,141.37,1198.83,0.364,4,0,True,False,5
SHP001647,ORD001647,CUS0129,SKU0013,CAR004,LOC009,LOC022,20250214,20250214,20250220,20250219,2025-02-14,2025-02-14,2025-02-20,2025-02-19,1,11,114,2686.75,1810.71,104.26,771.78,0.2873,5,0,True,False,5
SHP001716,ORD001716,CUS0196,SKU0019,CAR003,LOC003,LOC030,20250214,20250215,20250220,20250221,2025-02-14,2025-02-15,2025-02-20,2025-02-21,1,10,1700,632.0,352.7,790.58,-511.28,-0.809,6,1,False,False,48
SHP001837,ORD001837,CUS0094,SKU0014,CAR003,LOC002,LOC025,20250214,20250214,20250215,20250215,2025-02-14,2025-02-14,2025-02-15,2025-02-15,3,13,666,2755.09,2086.63,445.09,223.37,0.0811,1,0,True,False,20
SHP001848,ORD001848,CUS0173,SKU0002,CAR002,LOC003,LOC014,20250214,20250214,20250220,20250220,2025-02-14,2025-02-14,2025-02-20,2025-02-20,1,18,1973,9177.48,5162.4,310.6,3704.48,0.4036,6,0,True,False,5
SHP001865,ORD001865,CUS0191,SKU0009,CAR002,LOC009,LOC013,20250214,20250215,20250217,20250218,2025-02-14,2025-02-15,2025-02-17,2025-02-18,2,7,2640,3978.31,2383.78,519.61,1074.92,0.2702,3,1,False,False,55
SHP001873,ORD001873,CUS0098,SKU0025,CAR005,LOC009,LOC017,20250214,20250215,20250220,20250221,2025-02-14,2025-02-15,2025-02-20,2025-02-21,1,17,2262,8314.53,5683.78,333.68,2297.07,0.2763,6,1,False,False,48
SHP001944,ORD001944,CUS0144,SKU0016,CAR001,LOC006,LOC014,20250214,20250215,20250217,20250217,2025-02-14,2025-02-15,2025-02-17,2025-02-17,2,1,329,270.06,198.45,72.22,-0.61,-0.0023,2,0,True,False,12
SHP002000,ORD002000,CUS0172,SKU0008,CAR006,LOC006,LOC024,20250214,20250215,20250217,20250216,2025-02-14,2025-02-15,2025-02-17,2025-02-16,2,3,2178,701.16,493.59,295.47,-87.9,-0.1254,1,0,True,True,42
SHP002125,ORD002125,CUS0042,SKU0019,CAR004,LOC010,LOC020,20250214,20250215,20250220,20250222,2025-02-14,2025-02-15,2025-02-20,2025-02-22,1,11,2460,695.2,387.97,376.36,-69.13,-0.0994,7,2,False,False,66
SHP002136,ORD002136,CUS0206,SKU0034,CAR001,LOC005,LOC015,20250214,20250215,20250215,20250215,2025-02-14,2025-02-15,2025-02-15,2025-02-15,3,5,1397,3456.05,1953.95,367.16,1134.94,0.3284,0,0,True,False,20
SHP002383,ORD002383,CUS0164,SKU0013,CAR002,LOC008,LOC029,20250214,20250214,20250217,20250215,2025-02-14,2025-02-14,2025-02-17,2025-02-15,2,18,2002,4396.5,2962.98,584.54,848.98,0.1931,1,0,True,False,12
SHP002428,ORD002428,CUS0183,SKU0033,CAR006,LOC001,LOC012,20250214,20250215,20250220,20250221,2025-02-14,2025-02-15,2025-02-20,2025-02-21,1,14,357,8554.56,5409.88,152.2,2992.48,0.3498,6,1,False,False,48
SHP002436,ORD002436,CUS0139,SKU0017,CAR001,LOC003,LOC024,20250214,20250214,20250220,20250219,2025-02-14,2025-02-14,2025-02-20,2025-02-19,1,15,1661,2064.0,1477.2,359.46,227.34,0.1101,5,0,True,False,5
SHP000021,ORD000021,CUS0040,SKU0014,CAR006,LOC005,LOC029,20250215,20250215,20250221,20250218,2025-02-15,2025-02-15,2025-02-21,2025-02-18,1,17,1504,3602.81,2728.67,251.12,623.02,0.1729,3,0,True,False,5
SHP000115,ORD000115,CUS0004,SKU0025,CAR003,LOC010,LOC027,20250215,20250215,20250221,20250219,2025-02-15,2025-02-15,2025-02-21,2025-02-19,1,11,2361,5379.99,3677.74,1230.21,472.04,0.0877,4,0,True,False,5
SHP000163,ORD000163,CUS0079,SKU0029,CAR004,LOC010,LOC012,20250215,20250215,20250216,20250216,2025-02-15,2025-02-15,2025-02-16,2025-02-16,3,7,715,1943.83,1309.84,209.14,424.85,0.2186,1,0,True,False,20
SHP000273,ORD000273,CUS0052,SKU0038,CAR005,LOC009,LOC029,20250215,20250216,20250218,20250220,2025-02-15,2025-02-16,2025-02-18,2025-02-20,2,13,439,1515.8,988.39,192.11,335.3,0.2212,4,2,False,False,73
SHP000536,ORD000536,CUS0060,SKU0015,CAR004,LOC010,LOC017,20250215,20250215,20250221,20250221,2025-02-15,2025-02-15,2025-02-21,2025-02-21,1,10,1556,3352.7,2589.6,239.55,523.55,0.1562,6,0,True,False,5
SHP000581,ORD000581,CUS0168,SKU0026,CAR003,LOC010,LOC022,20250215,20250215,20250221,20250222,2025-02-15,2025-02-15,2025-02-21,2025-02-22,1,1,971,378.64,253.51,482.86,-357.73,-0.9448,7,1,False,False,48
SHP000639,ORD000639,CUS0103,SKU0012,CAR003,LOC003,LOC024,20250215,20250215,20250221,20250222,2025-02-15,2025-02-15,2025-02-21,2025-02-22,1,12,879,7209.48,3918.0,485.76,2805.72,0.3892,7,1,False,False,48
SHP000698,ORD000698,CUS0134,SKU0028,CAR003,LOC006,LOC016,20250215,20250215,20250221,20250221,2025-02-15,2025-02-15,2025-02-21,2025-02-21,1,18,534,9682.38,5712.48,340.57,3629.33,0.3748,6,0,True,False,5
SHP000715,ORD000715,CUS0043,SKU0029,CAR001,LOC009,LOC022,20250215,20250216,20250221,20250222,2025-02-15,2025-02-16,2025-02-21,2025-02-22,1,3,1748,833.07,561.36,350.28,-78.57,-0.0943,6,1,False,False,48
SHP000743,ORD000743,CUS0065,SKU0004,CAR002,LOC003,LOC013,20250215,20250216,20250218,20250217,2025-02-15,2025-02-16,2025-02-18,2025-02-17,2,1,2126,24.86,18.93,374.69,-368.76,-14.8335,1,0,True,False,12
SHP000764,ORD000764,CUS0206,SKU0009,CAR001,LOC002,LOC029,20250215,20250215,20250221,20250218,2025-02-15,2025-02-15,2025-02-21,2025-02-18,1,18,1867,10229.94,6129.72,409.47,3690.75,0.3608,3,0,True,False,5
SHP000785,ORD000785,CUS0061,SKU0039,CAR003,LOC006,LOC029,20250215,20250216,20250221,20250222,2025-02-15,2025-02-16,2025-02-21,2025-02-22,1,2,533,1317.5,781.42,241.65,294.43,0.2235,6,1,False,False,48
SHP000794,ORD000794,CUS0183,SKU0016,CAR003,LOC006,LOC029,20250215,20250215,20250221,20250221,2025-02-15,2025-02-15,2025-02-21,2025-02-21,1,18,557,4861.08,3572.1,466.5,822.48,0.1692,6,0,True,False,5
SHP001133,ORD001133,CUS0126,SKU0032,CAR003,LOC001,LOC025,20250215,20250216,20250221,20250220,2025-02-15,2025-02-16,2025-02-21,2025-02-20,1,8,1844,1029.44,719.6,756.01,-446.17,-0.4334,4,0,True,False,5
SHP001697,ORD001697,CUS0140,SKU0023,CAR006,LOC005,LOC019,20250215,20250216,20250221,20250223,2025-02-15,2025-02-16,2025-02-21,2025-02-23,1,12,460,3485.16,1885.68,82.68,1516.8,0.4352,7,2,False,False,66
SHP001810,ORD001810,CUS0177,SKU0022,CAR002,LOC006,LOC029,20250215,20250215,20250221,20250220,2025-02-15,2025-02-15,2025-02-21,2025-02-20,1,3,1641,548.13,348.75,260.88,-61.5,-0.1122,5,0,True,False,5
SHP001836,ORD001836,CUS0146,SKU0033,CAR005,LOC002,LOC029,20250215,20250216,20250221,20250222,2025-02-15,2025-02-16,2025-02-21,2025-02-22,1,10,974,6110.4,3864.2,206.02,2040.18,0.3339,6,1,False,False,48
SHP001861,ORD001861,CUS0215,SKU0008,CAR002,LOC006,LOC011,20250215,20250215,20250218,20250217,2025-02-15,2025-02-15,2025-02-18,2025-02-17,2,7,1307,1636.04,1151.71,267.82,216.51,0.1323,2,0,True,False,12
SHP001875,ORD001875,CUS0075,SKU0026,CAR002,LOC003,LOC026,20250215,20250215,20250221,20250218,2025-02-15,2025-02-15,2025-02-21,2025-02-18,1,14,972,5300.96,3549.14,181.77,1570.05,0.2962,3,0,True,False,5
SHP001950,ORD001950,CUS0179,SKU0030,CAR001,LOC002,LOC024,20250215,20250216,20250221,20250219,2025-02-15,2025-02-16,2025-02-21,2025-02-19,1,8,1781,5523.52,3267.36,305.51,1950.65,0.3532,3,0,True,False,5
SHP002047,ORD002047,CUS0083,SKU0005,CAR002,LOC009,LOC013,20250215,20250215,20250221,20250221,2025-02-15,2025-02-15,2025-02-21,2025-02-21,1,2,1328,535.64,361.68,183.47,-9.51,-0.0178,6,0,True,False,5
SHP002057,ORD002057,CUS0116,SKU0017,CAR004,LOC005,LOC013,20250215,20250216,20250218,20250217,2025-02-15,2025-02-16,2025-02-18,2025-02-17,2,16,1467,2201.6,1575.68,305.82,320.1,0.1454,1,0,True,False,12
SHP002068,ORD002068,CUS0083,SKU0031,CAR003,LOC009,LOC030,20250215,20250216,20250218,20250222,2025-02-15,2025-02-16,2025-02-18,2025-02-22,2,3,1420,1517.88,1099.95,717.09,-299.16,-0.1971,6,4,False,False,100
SHP002255,ORD002255,CUS0002,SKU0033,CAR006,LOC005,LOC015,20250215,20250215,20250218,20250218,2025-02-15,2025-02-15,2025-02-18,2025-02-18,2,18,2296,10998.72,6955.56,477.0,3566.16,0.3242,3,0,True,False,12
SHP002431,ORD002431,CUS0024,SKU0035,CAR003,LOC010,LOC014,20250215,20250215,20250218,20250217,2025-02-15,2025-02-15,2025-02-18,2025-02-17,2,4,441,572.24,426.6,274.9,-129.26,-0.2259,2,0,True,False,12
SHP002441,ORD002441,CUS0017,SKU0006,CAR002,LOC005,LOC014,20250215,20250215,20250221,20250221,2025-02-15,2025-02-15,2025-02-21,2025-02-21,1,6,1799,2475.84,1923.78,236.16,315.9,0.1276,6,0,True,False,5
SHP000047,ORD000047,CUS0130,SKU0035,CAR005,LOC006,LOC019,20250216,20250216,20250222,20250221,2025-02-16,2025-02-16,2025-02-22,2025-02-21,1,17,1995,2432.02,1813.05,376.84,242.13,0.0996,5,0,True,False,5
SHP000122,ORD000122,CUS0164,SKU0039,CAR001,LOC006,LOC016,20250216,20250216,20250219,20250221,2025-02-16,2025-02-16,2025-02-19,2025-02-21,2,18,517,11857.5,7032.78,297.16,4527.56,0.3818,5,2,False,False,73
SHP000225,ORD000225,CUS0195,SKU0007,CAR006,LOC009,LOC022,20250216,20250216,20250219,20250219,2025-02-16,2025-02-16,2025-02-19,2025-02-19,2,4,2665,525.0,288.24,394.18,-157.42,-0.2998,3,0,True,False,12
SHP000452,ORD000452,CUS0098,SKU0022,CAR001,LOC006,LOC012,20250216,20250216,20250222,20250222,2025-02-16,2025-02-16,2025-02-22,2025-02-22,1,1,1823,182.71,116.25,303.11,-236.65,-1.2952,6,0,True,False,5
SHP000506,ORD000506,CUS0196,SKU0029,CAR005,LOC006,LOC021,20250216,20250216,20250222,20250220,2025-02-16,2025-02-16,2025-02-22,2025-02-20,1,10,2111,2776.9,1871.2,418.52,487.18,0.1754,4,0,True,False,5
SHP000763,ORD000763,CUS0088,SKU0005,CAR002,LOC004,LOC029,20250216,20250217,20250219,20250218,2025-02-16,2025-02-17,2025-02-19,2025-02-18,2,18,2700,4820.76,3255.12,454.23,1111.41,0.2305,1,0,True,False,12
SHP000774,ORD000774,CUS0135,SKU0016,CAR003,LOC001,LOC022,20250216,20250217,20250219,20250221,2025-02-16,2025-02-17,2025-02-19,2025-02-21,2,10,1376,2700.6,1984.5,871.08,-154.98,-0.0574,4,2,False,False,73
SHP000790,ORD000790,CUS0178,SKU0008,CAR002,LOC006,LOC013,20250216,20250217,20250222,20250221,2025-02-16,2025-02-17,2025-02-22,2025-02-21,1,11,1892,2570.92,1809.83,343.75,417.34,0.1623,4,0,True,False,5
SHP001049,ORD001049,CUS0182,SKU0002,CAR005,LOC005,LOC024,20250216,20250217,20250219,20250220,2025-02-16,2025-02-17,2025-02-19,2025-02-20,2,14,2296,7138.04,4015.2,434.74,2688.1,0.3766,3,1,False,False,55
SHP001185,ORD001185,CUS0085,SKU0010,CAR005,LOC004,LOC016,20250216,20250216,20250222,20250222,2025-02-16,2025-02-16,2025-02-22,2025-02-22,1,8,2119,445.6,323.76,421.49,-299.65,-0.6725,6,0,True,False,5
SHP001309,ORD001309,CUS0009,SKU0004,CAR006,LOC003,LOC017,20250216,20250216,20250219,20250220,2025-02-16,2025-02-16,2025-02-19,2025-02-20,2,9,1574,223.74,170.37,289.38,-236.01,-1.0548,4,1,False,False,55
SHP001334,ORD001334,CUS0211,SKU0007,CAR005,LOC001,LOC021,20250216,20250217,20250222,20250223,2025-02-16,2025-02-17,2025-02-22,2025-02-23,1,5,1489,656.25,360.3,249.4,46.55,0.0709,6,1,False,False,48
SHP001386,ORD001386,CUS0104,SKU0032,CAR001,LOC008,LOC023,20250216,20250217,20250219,20250220,2025-02-16,2025-02-17,2025-02-19,2025-02-20,2,17,1601,2187.56,1529.15,341.86,316.55,0.1447,3,1,False,False,55
SHP001450,ORD001450,CUS0029,SKU0010,CAR004,LOC005,LOC029,20250216,20250217,20250219,20250222,2025-02-16,2025-02-17,2025-02-19,2025-02-22,2,5,791,278.5,202.35,138.01,-61.86,-0.2221,5,3,False,False,91
SHP001905,ORD001905,CUS0198,SKU0023,CAR004,LOC007,LOC027,20250216,20250216,20250219,20250218,2025-02-16,2025-02-16,2025-02-19,2025-02-18,2,14,1282,4066.02,2199.96,200.66,1665.4,0.4096,2,0,True,False,12
SHP002078,ORD002078,CUS0226,SKU0006,CAR003,LOC004,LOC028,20250216,20250216,20250219,20250220,2025-02-16,2025-02-16,2025-02-19,2025-02-20,2,6,1384,2475.84,1923.78,855.27,-303.21,-0.1225,4,1,False,False,55
SHP002090,ORD002090,CUS0104,SKU0027,CAR001,LOC005,LOC031,20250216,20250216,20250217,20250217,2025-02-16,2025-02-16,2025-02-17,2025-02-17,3,4,706,1722.8,1450.56,234.33,37.91,0.022,1,0,True,False,20
SHP002275,ORD002275,CUS0029,SKU0026,CAR002,LOC008,LOC032,20250216,20250216,20250222,20250223,2025-02-16,2025-02-16,2025-02-22,2025-02-23,1,16,2515,6058.24,4056.16,388.54,1613.54,0.2663,7,1,False,False,48
SHP000059,ORD000059,CUS0157,SKU0009,CAR001,LOC010,LOC013,20250217,20250217,20250223,20250224,2025-02-17,2025-02-17,2025-02-23,2025-02-24,1,18,2030,10229.94,6129.72,493.49,3606.73,0.3526,7,1,False,False,48
SHP000142,ORD000142,CUS0102,SKU0004,CAR006,LOC007,LOC031,20250217,20250217,20250220,20250218,2025-02-17,2025-02-17,2025-02-20,2025-02-18,2,6,1321,149.16,113.58,268.84,-233.26,-1.5638,1,0,True,False,12
SHP000166,ORD000166,CUS0151,SKU0038,CAR003,LOC008,LOC015,20250217,20250217,20250220,20250219,2025-02-17,2025-02-17,2025-02-20,2025-02-19,2,3,377,349.8,228.09,191.22,-69.51,-0.1987,2,0,True,False,12
SHP000175,ORD000175,CUS0026,SKU0038,CAR003,LOC008,LOC031,20250217,20250218,20250220,20250220,2025-02-17,2025-02-18,2025-02-20,2025-02-20,2,13,715,1515.8,988.39,489.96,37.45,0.0247,2,0,True,False,12
SHP000265,ORD000265,CUS0059,SKU0028,CAR004,LOC010,LOC014,20250217,20250218,20250220,20250220,2025-02-17,2025-02-18,2025-02-20,2025-02-20,2,17,2482,9144.47,5395.12,483.27,3266.08,0.3572,2,0,True,False,12
SHP000334,ORD000334,CUS0122,SKU0032,CAR002,LOC001,LOC019,20250217,20250218,20250223,20250224,2025-02-17,2025-02-18,2025-02-23,2025-02-24,1,13,740,1672.84,1169.35,105.24,398.25,0.2381,6,1,False,False,48
SHP000477,ORD000477,CUS0003,SKU0006,CAR004,LOC007,LOC030,20250217,20250218,20250223,20250224,2025-02-17,2025-02-18,2025-02-23,2025-02-24,1,15,1698,6189.6,4809.45,306.93,1073.22,0.1734,6,1,False,False,48
SHP000637,ORD000637,CUS0213,SKU0016,CAR005,LOC004,LOC011,20250217,20250218,20250218,20250220,2025-02-17,2025-02-18,2025-02-18,2025-02-20,3,11,1258,2970.66,2182.95,363.23,424.48,0.1429,2,2,False,False,81
SHP000703,ORD000703,CUS0082,SKU0039,CAR003,LOC004,LOC030,20250217,20250218,20250220,20250221,2025-02-17,2025-02-18,2025-02-20,2025-02-21,2,17,1831,11198.75,6642.07,1238.62,3318.06,0.2963,3,1,False,False,55
SHP000723,ORD000723,CUS0240,SKU0001,CAR006,LOC002,LOC019,20250217,20250218,20250220,20250221,2025-02-17,2025-02-18,2025-02-20,2025-02-21,2,18,246,449.46,329.4,79.35,40.71,0.0906,3,1,False,False,55
SHP000823,ORD000823,CUS0075,SKU0010,CAR005,LOC008,LOC017,20250217,20250218,20250223,20250222,2025-02-17,2025-02-18,2025-02-23,2025-02-22,1,6,1590,334.2,242.82,277.08,-185.7,-0.5557,4,0,True,False,5
SHP000881,ORD000881,CUS0242,SKU0020,CAR006,LOC003,LOC015,20250217,20250217,20250223,20250224,2025-02-17,2025-02-17,2025-02-23,2025-02-24,1,10,2016,1447.8,956.0,395.88,95.92,0.0663,7,1,False,False,48
SHP000966,ORD000966,CUS0040,SKU0003,CAR002,LOC007,LOC032,20250217,20250218,20250218,20250219,2025-02-17,2025-02-18,2025-02-18,2025-02-19,3,13,2522,340.73,274.17,539.37,-472.81,-1.3876,1,1,False,False,63
SHP000971,ORD000971,CUS0153,SKU0029,CAR001,LOC001,LOC029,20250217,20250217,20250223,20250222,2025-02-17,2025-02-17,2025-02-23,2025-02-22,1,5,844,1388.45,935.6,224.26,228.59,0.1646,5,0,True,False,5
SHP001016,ORD001016,CUS0007,SKU0036,CAR006,LOC006,LOC030,20250217,20250217,20250223,20250222,2025-02-17,2025-02-17,2025-02-23,2025-02-22,1,13,1848,847.34,562.77,238.7,45.87,0.0541,5,0,True,False,5
SHP001182,ORD001182,CUS0027,SKU0004,CAR006,LOC010,LOC012,20250217,20250218,20250223,20250224,2025-02-17,2025-02-18,2025-02-23,2025-02-24,1,4,1587,99.44,75.72,241.57,-217.85,-2.1908,6,1,False,False,48
SHP001280,ORD001280,CUS0045,SKU0035,CAR001,LOC008,LOC021,20250217,20250218,20250223,20250221,2025-02-17,2025-02-18,2025-02-23,2025-02-21,1,1,175,143.06,106.65,30.65,5.76,0.0403,3,0,True,False,5
SHP001513,ORD001513,CUS0138,SKU0033,CAR001,LOC004,LOC015,20250217,20250218,20250223,20250223,2025-02-17,2025-02-18,2025-02-23,2025-02-23,1,11,118,6721.44,4250.62,103.78,2367.04,0.3522,5,0,True,True,35
SHP001565,ORD001565,CUS0193,SKU0028,CAR003,LOC005,LOC031,20250217,20250217,20250223,20250223,2025-02-17,2025-02-17,2025-02-23,2025-02-23,1,14,1129,7530.74,4443.04,599.07,2488.63,0.3305,6,0,True,False,5
SHP001576,ORD001576,CUS0206,SKU0006,CAR006,LOC007,LOC012,20250217,20250218,20250223,20250225,2025-02-17,2025-02-18,2025-02-23,2025-02-25,1,9,833,3713.76,2885.67,123.69,704.4,0.1897,7,2,False,False,66
SHP001675,ORD001675,CUS0024,SKU0038,CAR002,LOC005,LOC029,20250217,20250218,20250223,20250224,2025-02-17,2025-02-18,2025-02-23,2025-02-24,1,1,1088,116.6,76.03,154.23,-113.66,-0.9748,6,1,False,False,48
SHP001719,ORD001719,CUS0113,SKU0005,CAR002,LOC006,LOC024,20250217,20250217,20250218,20250218,2025-02-17,2025-02-17,2025-02-18,2025-02-18,3,1,439,267.82,180.84,95.13,-8.15,-0.0304,1,0,True,False,20
SHP001850,ORD001850,CUS0140,SKU0002,CAR003,LOC007,LOC030,20250217,20250218,20250223,20250222,2025-02-17,2025-02-18,2025-02-23,2025-02-22,1,10,834,5098.6,2868.0,417.7,1812.9,0.3556,4,0,True,False,5
SHP001871,ORD001871,CUS0022,SKU0006,CAR003,LOC004,LOC025,20250217,20250218,20250223,20250224,2025-02-17,2025-02-18,2025-02-23,2025-02-24,1,16,858,6602.24,5130.08,386.33,1085.83,0.1645,6,1,False,False,48
SHP002035,ORD002035,CUS0135,SKU0002,CAR006,LOC001,LOC016,20250217,20250217,20250223,20250222,2025-02-17,2025-02-17,2025-02-23,2025-02-22,1,12,742,6118.32,3441.6,114.75,2561.97,0.4187,5,0,True,False,5
SHP002066,ORD002066,CUS0132,SKU0033,CAR003,LOC007,LOC026,20250217,20250218,20250223,20250223,2025-02-17,2025-02-18,2025-02-23,2025-02-23,1,14,1819,8554.56,5409.88,865.82,2278.86,0.2664,5,0,True,False,5
SHP002130,ORD002130,CUS0145,SKU0037,CAR004,LOC010,LOC016,20250217,20250218,20250223,20250224,2025-02-17,2025-02-18,2025-02-23,2025-02-24,1,7,661,2867.06,2264.64,114.78,487.64,0.1701,6,1,False,False,48
SHP002340,ORD002340,CUS0083,SKU0022,CAR006,LOC010,LOC031,20250217,20250217,20250218,20250218,2025-02-17,2025-02-17,2025-02-18,2025-02-18,3,1,1053,182.71,116.25,194.14,-127.68,-0.6988,1,0,True,False,20
SHP002343,ORD002343,CUS0039,SKU0021,CAR001,LOC010,LOC019,20250217,20250218,20250223,20250223,2025-02-17,2025-02-18,2025-02-23,2025-02-23,1,10,625,851.5,668.6,187.11,-4.21,-0.0049,5,0,True,False,5
SHP002409,ORD002409,CUS0153,SKU0007,CAR005,LOC002,LOC032,20250217,20250217,20250223,20250222,2025-02-17,2025-02-17,2025-02-23,2025-02-22,1,6,1792,787.5,432.36,341.68,13.46,0.0171,5,0,True,False,5
SHP002450,ORD002450,CUS0211,SKU0032,CAR006,LOC006,LOC026,20250217,20250217,20250223,20250222,2025-02-17,2025-02-17,2025-02-23,2025-02-22,1,16,1279,2058.88,1439.2,159.99,459.69,0.2233,5,0,True,False,5
SHP000091,ORD000091,CUS0168,SKU0009,CAR003,LOC004,LOC011,20250218,20250218,20250224,20250227,2025-02-18,2025-02-18,2025-02-24,2025-02-27,1,18,1679,10229.94,6129.72,940.49,3159.73,0.3089,9,3,False,False,84
SHP000138,ORD000138,CUS0132,SKU0026,CAR006,LOC008,LOC026,20250218,20250219,20250224,20250226,2025-02-18,2025-02-19,2025-02-24,2025-02-26,1,3,1209,1135.92,760.53,179.13,196.26,0.1728,7,2,False,False,66
SHP000181,ORD000181,CUS0242,SKU0036,CAR001,LOC003,LOC030,20250218,20250219,20250224,20250222,2025-02-18,2025-02-19,2025-02-24,2025-02-22,1,3,2047,195.54,129.87,340.13,-274.46,-1.4036,3,0,True,False,5
SHP000185,ORD000185,CUS0068,SKU0003,CAR004,LOC002,LOC013,20250218,20250219,20250224,20250223,2025-02-18,2025-02-19,2025-02-24,2025-02-23,1,15,1170,393.15,316.35,166.94,-90.14,-0.2293,4,0,True,False,5
SHP000267,ORD000267,CUS0093,SKU0027,CAR001,LOC010,LOC022,20250218,20250219,20250221,20250222,2025-02-18,2025-02-19,2025-02-21,2025-02-22,2,11,1108,4737.7,3989.04,299.78,448.88,0.0947,3,1,False,False,55
SHP000284,ORD000284,CUS0207,SKU0031,CAR001,LOC009,LOC028,20250218,20250219,20250224,20250225,2025-02-18,2025-02-19,2025-02-24,2025-02-25,1,5,793,2529.8,1833.25,152.62,543.93,0.215,6,1,False,False,48
SHP000336,ORD000336,CUS0241,SKU0040,CAR006,LOC001,LOC027,20250218,20250218,20250221,20250220,2025-02-18,2025-02-18,2025-02-21,2025-02-20,2,13,2412,3652.74,2240.94,424.15,987.65,0.2704,2,0,True,False,12
SHP000535,ORD000535,CUS0046,SKU0025,CAR006,LOC004,LOC011,20250218,20250219,20250221,20250222,2025-02-18,2025-02-19,2025-02-21,2025-02-22,2,12,1587,5869.08,4012.08,245.42,1611.58,0.2746,3,1,False,False,55
SHP000587,ORD000587,CUS0162,SKU0029,CAR001,LOC004,LOC015,20250218,20250218,20250224,20250225,2025-02-18,2025-02-18,2025-02-24,2025-02-25,1,6,858,1666.14,1122.72,213.13,330.29,0.1982,7,1,False,False,48
SHP000613,ORD000613,CUS0212,SKU0010,CAR006,LOC003,LOC026,20250218,20250219,20250224,20250225,2025-02-18,2025-02-19,2025-02-24,2025-02-25,1,11,991,612.7,445.17,195.04,-27.51,-0.0449,6,1,False,False,48
SHP000699,ORD000699,CUS0180,SKU0019,CAR005,LOC002,LOC013,20250218,20250218,20250224,20250227,2025-02-18,2025-02-18,2025-02-24,2025-02-27,1,14,476,884.8,493.78,226.89,164.13,0.1855,9,3,False,False,84
SHP000724,ORD000724,CUS0150,SKU0009,CAR004,LOC010,LOC024,20250218,20250219,20250224,20250223,2025-02-18,2025-02-19,2025-02-24,2025-02-23,1,6,561,3409.98,2043.24,103.07,1263.67,0.3706,4,0,True,False,5
SHP000780,ORD000780,CUS0233,SKU0009,CAR001,LOC002,LOC018,20250218,20250219,20250224,20250224,2025-02-18,2025-02-19,2025-02-24,2025-02-24,1,8,1219,4546.64,2724.32,301.72,1520.6,0.3344,5,0,True,False,5
SHP000788,ORD000788,CUS0098,SKU0010,CAR006,LOC004,LOC029,20250218,20250219,20250221,20250220,2025-02-18,2025-02-19,2025-02-21,2025-02-20,2,2,391,111.4,80.94,88.46,-58.0,-0.5206,1,0,True,False,12
SHP001074,ORD001074,CUS0182,SKU0006,CAR002,LOC005,LOC013,20250218,20250219,20250224,20250225,2025-02-18,2025-02-19,2025-02-24,2025-02-25,1,8,448,3301.12,2565.04,107.39,628.69,0.1904,6,1,False,False,48
SHP001150,ORD001150,CUS0224,SKU0006,CAR005,LOC001,LOC018,20250218,20250218,20250221,20250222,2025-02-18,2025-02-18,2025-02-21,2025-02-22,2,15,542,6189.6,4809.45,176.76,1203.39,0.1944,4,1,False,False,55
SHP001173,ORD001173,CUS0187,SKU0017,CAR003,LOC004,LOC023,20250218,20250219,20250224,20250225,2025-02-18,2025-02-19,2025-02-24,2025-02-25,1,16,1771,2201.6,1575.68,1109.95,-484.03,-0.2199,6,1,False,False,48
SHP001207,ORD001207,CUS0047,SKU0011,CAR002,LOC006,LOC011,20250218,20250219,20250224,20250223,2025-02-18,2025-02-19,2025-02-24,2025-02-23,1,3,722,1218.57,737.61,96.45,384.51,0.3155,4,0,True,False,5
SHP001430,ORD001430,CUS0058,SKU0040,CAR005,LOC006,LOC014,20250218,20250218,20250219,20250219,2025-02-18,2025-02-18,2025-02-19,2025-02-19,3,5,293,1404.9,861.9,85.2,457.8,0.3259,1,0,True,False,20
SHP001503,ORD001503,CUS0239,SKU0038,CAR001,LOC005,LOC023,20250218,20250219,20250219,20250220,2025-02-18,2025-02-19,2025-02-19,2025-02-20,3,13,1692,1515.8,988.39,484.03,43.38,0.0286,1,1,False,False,63
SHP001519,ORD001519,CUS0048,SKU0037,CAR003,LOC010,LOC012,20250218,20250218,20250224,20250222,2025-02-18,2025-02-18,2025-02-24,2025-02-22,1,16,484,6553.28,5176.32,283.74,1093.22,0.1668,4,0,True,False,5
SHP001755,ORD001755,CUS0131,SKU0020,CAR001,LOC001,LOC021,20250218,20250218,20250221,20250220,2025-02-18,2025-02-18,2025-02-21,2025-02-20,2,16,2687,2316.48,1529.6,779.72,7.16,0.0031,2,0,True,False,12
SHP001886,ORD001886,CUS0241,SKU0011,CAR006,LOC002,LOC017,20250218,20250219,20250224,20250222,2025-02-18,2025-02-19,2025-02-24,2025-02-22,1,17,2282,6905.23,4179.79,298.47,2426.97,0.3515,3,0,True,True,35
SHP001914,ORD001914,CUS0151,SKU0006,CAR001,LOC003,LOC026,20250218,20250218,20250221,20250219,2025-02-18,2025-02-18,2025-02-21,2025-02-19,2,11,2361,4539.04,3526.93,504.24,507.87,0.1119,1,0,True,False,12
SHP001967,ORD001967,CUS0041,SKU0020,CAR002,LOC003,LOC012,20250218,20250218,20250224,20250225,2025-02-18,2025-02-18,2025-02-24,2025-02-25,1,18,2310,2606.04,1720.8,491.19,394.05,0.1512,7,1,False,False,48
SHP002198,ORD002198,CUS0202,SKU0017,CAR001,LOC007,LOC011,20250218,20250219,20250221,20250222,2025-02-18,2025-02-19,2025-02-21,2025-02-22,2,4,2545,550.4,393.92,573.63,-417.15,-0.7579,3,1,False,False,55
SHP002225,ORD002225,CUS0219,SKU0036,CAR004,LOC005,LOC027,20250218,20250218,20250221,20250220,2025-02-18,2025-02-18,2025-02-21,2025-02-20,2,2,963,130.36,86.58,127.3,-83.52,-0.6407,2,0,True,False,12
SHP002373,ORD002373,CUS0176,SKU0018,CAR002,LOC007,LOC027,20250218,20250218,20250221,20250220,2025-02-18,2025-02-18,2025-02-21,2025-02-20,2,16,1892,1968.0,1637.92,407.89,-77.81,-0.0395,2,0,True,False,12
SHP002496,ORD002496,CUS0179,SKU0003,CAR003,LOC001,LOC019,20250218,20250218,20250224,20250226,2025-02-18,2025-02-18,2025-02-24,2025-02-26,1,17,189,445.57,358.53,132.83,-45.79,-0.1028,8,2,False,False,66
SHP000056,ORD000056,CUS0199,SKU0017,CAR003,LOC008,LOC017,20250219,20250219,20250220,20250220,2025-02-19,2025-02-19,2025-02-20,2025-02-20,3,4,1897,550.4,393.92,1295.73,-1139.25,-2.0699,1,0,True,False,20
SHP000144,ORD000144,CUS0081,SKU0007,CAR003,LOC003,LOC031,20250219,20250219,20250225,20250225,2025-02-19,2025-02-19,2025-02-25,2025-02-25,1,4,1295,525.0,288.24,647.0,-410.24,-0.7814,6,0,True,False,5
SHP000263,ORD000263,CUS0134,SKU0013,CAR005,LOC010,LOC030,20250219,20250219,20250225,20250224,2025-02-19,2025-02-19,2025-02-25,2025-02-24,1,1,2550,244.25,164.61,405.95,-326.31,-1.336,5,0,True,False,5
SHP000291,ORD000291,CUS0114,SKU0019,CAR006,LOC006,LOC026,20250219,20250220,20250225,20250226,2025-02-19,2025-02-20,2025-02-25,2025-02-26,1,8,768,505.6,282.16,136.52,86.92,0.1719,6,1,False,False,48
SHP000341,ORD000341,CUS0244,SKU0040,CAR002,LOC003,LOC016,20250219,20250219,20250222,20250221,2025-02-19,2025-02-19,2025-02-22,2025-02-21,2,17,769,4776.66,2930.46,230.46,1615.74,0.3383,2,0,True,False,12
SHP000371,ORD000371,CUS0040,SKU0027,CAR003,LOC003,LOC026,20250219,20250220,20250222,20250224,2025-02-19,2025-02-20,2025-02-22,2025-02-24,2,12,620,5168.4,4351.68,413.5,403.22,0.078,4,2,False,False,73
SHP000392,ORD000392,CUS0022,SKU0032,CAR006,LOC004,LOC011,20250219,20250219,20250222,20250223,2025-02-19,2025-02-19,2025-02-22,2025-02-23,2,12,1863,1544.16,1079.4,275.53,189.23,0.1225,4,1,False,False,55
SHP000468,ORD000468,CUS0078,SKU0017,CAR001,LOC003,LOC025,20250219,20250220,20250225,20250227,2025-02-19,2025-02-20,2025-02-25,2025-02-27,1,13,1034,1788.8,1280.24,301.21,207.35,0.1159,7,2,False,False,66
SHP000631,ORD000631,CUS0153,SKU0036,CAR004,LOC003,LOC015,20250219,20250220,20250225,20250224,2025-02-19,2025-02-20,2025-02-25,2025-02-24,1,18,108,1173.24,779.22,33.92,360.1,0.3069,4,0,True,False,5
SHP000728,ORD000728,CUS0200,SKU0013,CAR004,LOC005,LOC029,20250219,20250219,20250220,20250220,2025-02-19,2025-02-19,2025-02-20,2025-02-20,3,17,839,4152.25,2798.37,248.22,1105.66,0.2663,1,0,True,False,20
SHP000760,ORD000760,CUS0016,SKU0005,CAR005,LOC002,LOC025,20250219,20250220,20250222,20250224,2025-02-19,2025-02-20,2025-02-22,2025-02-24,2,14,1095,3749.48,2531.76,258.92,958.8,0.2557,4,2,False,False,73
SHP000882,ORD000882,CUS0218,SKU0002,CAR002,LOC005,LOC022,20250219,20250220,20250225,20250227,2025-02-19,2025-02-20,2025-02-25,2025-02-27,1,8,2458,4078.88,2294.4,349.05,1435.43,0.3519,7,2,False,False,66
SHP000922,ORD000922,CUS0004,SKU0012,CAR002,LOC003,LOC023,20250219,20250220,20250222,20250221,2025-02-19,2025-02-20,2025-02-22,2025-02-21,2,7,2669,4205.53,2285.5,510.34,1409.69,0.3352,1,0,True,True,42
SHP000944,ORD000944,CUS0146,SKU0040,CAR001,LOC001,LOC018,20250219,20250219,20250225,20250222,2025-02-19,2025-02-19,2025-02-25,2025-02-22,1,10,1396,2809.8,1723.8,293.45,792.55,0.2821,3,0,True,False,5
SHP001043,ORD001043,CUS0177,SKU0028,CAR005,LOC008,LOC013,20250219,20250220,20250222,20250221,2025-02-19,2025-02-20,2025-02-22,2025-02-21,2,4,2078,2151.64,1269.44,396.4,485.8,0.2258,1,0,True,False,12
SHP001058,ORD001058,CUS0154,SKU0039,CAR006,LOC008,LOC021,20250219,20250219,20250222,20250223,2025-02-19,2025-02-19,2025-02-22,2025-02-23,2,18,2421,11857.5,7032.78,445.09,4379.63,0.3694,4,1,False,False,55
SHP001165,ORD001165,CUS0091,SKU0011,CAR003,LOC006,LOC021,20250219,20250219,20250225,20250225,2025-02-19,2025-02-19,2025-02-25,2025-02-25,1,13,243,5280.47,3196.31,126.33,1957.83,0.3708,6,0,True,False,5
SHP001193,ORD001193,CUS0214,SKU0008,CAR004,LOC001,LOC012,20250219,20250219,20250225,20250224,2025-02-19,2025-02-19,2025-02-25,2025-02-24,1,2,861,467.44,329.06,107.63,30.75,0.0658,5,0,True,False,5
SHP001317,ORD001317,CUS0136,SKU0038,CAR005,LOC006,LOC026,20250219,20250219,20250222,20250222,2025-02-19,2025-02-19,2025-02-22,2025-02-22,2,14,2522,1632.4,1064.42,606.87,-38.89,-0.0238,3,0,True,False,12
SHP001462,ORD001462,CUS0192,SKU0026,CAR003,LOC004,LOC020,20250219,20250219,20250222,20250225,2025-02-19,2025-02-19,2025-02-22,2025-02-25,2,10,556,3786.4,2535.1,352.97,898.33,0.2373,6,3,False,False,91
SHP001644,ORD001644,CUS0229,SKU0027,CAR001,LOC005,LOC030,20250219,20250220,20250225,20250228,2025-02-19,2025-02-20,2025-02-25,2025-02-28,1,16,1798,6891.2,5802.24,443.38,645.58,0.0937,8,3,False,False,84
SHP001672,ORD001672,CUS0104,SKU0031,CAR004,LOC003,LOC011,20250219,20250219,20250222,20250220,2025-02-19,2025-02-19,2025-02-22,2025-02-20,2,6,612,3035.76,2199.9,99.74,736.12,0.2425,1,0,True,False,12
SHP001811,ORD001811,CUS0224,SKU0016,CAR006,LOC008,LOC022,20250219,20250219,20250220,20250220,2025-02-19,2025-02-19,2025-02-20,2025-02-20,3,12,1776,3240.72,2381.4,394.85,464.47,0.1433,1,0,True,False,20
SHP001911,ORD001911,CUS0163,SKU0027,CAR004,LOC004,LOC013,20250219,20250220,20250225,20250226,2025-02-19,2025-02-20,2025-02-25,2025-02-26,1,17,1053,7321.9,6164.88,270.36,886.66,0.1211,6,1,False,False,48
SHP001929,ORD001929,CUS0049,SKU0038,CAR005,LOC007,LOC022,20250219,20250219,20250225,20250227,2025-02-19,2025-02-19,2025-02-25,2025-02-27,1,18,2487,2098.8,1368.54,628.74,101.52,0.0484,8,2,False,False,66
SHP001960,ORD001960,CUS0233,SKU0005,CAR004,LOC007,LOC015,20250219,20250219,20250220,20250221,2025-02-19,2025-02-19,2025-02-20,2025-02-21,3,11,945,2946.02,1989.24,208.15,748.63,0.2541,2,1,False,False,63
SHP002463,ORD002463,CUS0096,SKU0007,CAR006,LOC002,LOC019,20250219,20250220,20250225,20250225,2025-02-19,2025-02-20,2025-02-25,2025-02-25,1,7,211,918.75,504.42,51.93,362.4,0.3944,5,0,True,False,5
SHP002484,ORD002484,CUS0181,SKU0030,CAR005,LOC010,LOC029,20250219,20250219,20250222,20250222,2025-02-19,2025-02-19,2025-02-22,2025-02-22,2,9,145,6213.96,3675.78,76.75,2461.43,0.3961,3,0,True,False,12
SHP002492,ORD002492,CUS0163,SKU0038,CAR003,LOC004,LOC019,20250219,20250220,20250225,20250223,2025-02-19,2025-02-20,2025-02-25,2025-02-23,1,9,1882,1049.4,684.27,899.78,-534.65,-0.5095,3,0,True,False,5
SHP002497,ORD002497,CUS0081,SKU0002,CAR001,LOC009,LOC025,20250219,20250220,20250225,20250227,2025-02-19,2025-02-20,2025-02-25,2025-02-27,1,9,648,4588.74,2581.2,118.73,1888.81,0.4116,7,2,False,False,66
SHP000043,ORD000043,CUS0021,SKU0025,CAR003,LOC003,LOC015,20250220,20250220,20250226,20250226,2025-02-20,2025-02-20,2025-02-26,2025-02-26,1,8,475,3912.72,2674.72,234.63,1003.37,0.2564,6,0,True,False,5
SHP000070,ORD000070,CUS0241,SKU0036,CAR003,LOC009,LOC012,20250220,20250220,20250226,20250227,2025-02-20,2025-02-20,2025-02-26,2025-02-27,1,11,660,716.98,476.19,309.7,-68.91,-0.0961,7,1,False,False,48
SHP000110,ORD000110,CUS0145,SKU0011,CAR002,LOC009,LOC021,20250220,20250221,20250221,20250221,2025-02-20,2025-02-21,2025-02-21,2025-02-21,3,10,2391,4061.9,2458.7,455.05,1148.15,0.2827,0,0,True,False,20
SHP000124,ORD000124,CUS0089,SKU0010,CAR001,LOC002,LOC014,20250220,20250220,20250226,20250226,2025-02-20,2025-02-20,2025-02-26,2025-02-26,1,17,2047,946.9,687.99,422.11,-163.2,-0.1724,6,0,True,False,5
SHP000246,ORD000246,CUS0246,SKU0019,CAR006,LOC006,LOC011,20250220,20250220,20250223,20250222,2025-02-20,2025-02-20,2025-02-23,2025-02-22,2,18,660,1137.6,634.86,222.76,279.98,0.2461,2,0,True,False,12
SHP000268,ORD000268,CUS0201,SKU0036,CAR005,LOC008,LOC019,20250220,20250221,20250223,20250225,2025-02-20,2025-02-21,2025-02-23,2025-02-25,2,14,2046,912.52,606.06,396.29,-89.83,-0.0984,4,2,False,False,73
SHP000269,ORD000269,CUS0115,SKU0015,CAR006,LOC009,LOC030,20250220,20250220,20250223,20250224,2025-02-20,2025-02-20,2025-02-23,2025-02-24,2,4,2152,1341.08,1035.84,336.09,-30.85,-0.023,4,1,False,False,55
SHP000299,ORD000299,CUS0050,SKU0012,CAR003,LOC007,LOC025,20250220,20250220,20250226,20250227,2025-02-20,2025-02-20,2025-02-26,2025-02-27,1,16,569,9612.64,5224.0,515.94,3872.7,0.4029,7,1,False,False,48
SHP000320,ORD000320,CUS0122,SKU0006,CAR005,LOC007,LOC027,20250220,20250221,20250226,20250222,2025-02-20,2025-02-21,2025-02-26,2025-02-22,1,11,271,4539.04,3526.93,95.13,916.98,0.202,1,0,True,False,5
SHP000363,ORD000363,CUS0117,SKU0021,CAR004,LOC005,LOC022,20250220,20250220,20250226,20250228,2025-02-20,2025-02-20,2025-02-26,2025-02-28,1,11,1509,936.65,735.46,302.1,-100.91,-0.1077,8,2,False,False,66
SHP000445,ORD000445,CUS0017,SKU0011,CAR003,LOC004,LOC024,20250220,20250221,20250226,20250227,2025-02-20,2025-02-21,2025-02-26,2025-02-27,1,4,2506,1624.76,983.48,1117.26,-475.98,-0.293,6,1,False,False,48
SHP000473,ORD000473,CUS0243,SKU0002,CAR001,LOC008,LOC017,20250220,20250221,20250223,20250225,2025-02-20,2025-02-21,2025-02-23,2025-02-25,2,8,2636,4078.88,2294.4,470.28,1314.2,0.3222,4,2,False,False,73
SHP000522,ORD000522,CUS0189,SKU0029,CAR003,LOC010,LOC031,20250220,20250221,20250226,20250224,2025-02-20,2025-02-21,2025-02-26,2025-02-24,1,2,432,555.38,374.24,239.54,-58.4,-0.1052,3,0,True,False,5
SHP000705,ORD000705,CUS0041,SKU0036,CAR003,LOC003,LOC011,20250220,20250220,20250223,20250223,2025-02-20,2025-02-20,2025-02-23,2025-02-23,2,9,1861,586.62,389.61,1080.35,-883.34,-1.5058,3,0,True,False,12
SHP000740,ORD000740,CUS0049,SKU0020,CAR001,LOC010,LOC014,20250220,20250221,20250226,20250225,2025-02-20,2025-02-21,2025-02-26,2025-02-25,1,9,2443,1303.02,860.4,485.99,-43.37,-0.0333,4,0,True,False,5
SHP000781,ORD000781,CUS0069,SKU0024,CAR006,LOC006,LOC019,20250220,20250220,20250226,20250226,2025-02-20,2025-02-20,2025-02-26,2025-02-26,1,9,2560,495.63,409.05,312.13,-225.55,-0.4551,6,0,True,False,5
SHP000968,ORD000968,CUS0170,SKU0009,CAR006,LOC003,LOC026,20250220,20250220,20250226,20250227,2025-02-20,2025-02-20,2025-02-26,2025-02-27,1,15,983,8524.95,5108.1,168.13,3248.72,0.3811,7,1,False,False,48
SHP001031,ORD001031,CUS0128,SKU0003,CAR004,LOC002,LOC019,20250220,20250221,20250223,20250224,2025-02-20,2025-02-21,2025-02-23,2025-02-24,2,1,124,26.21,21.09,17.91,-12.79,-0.488,3,1,False,False,55
SHP001037,ORD001037,CUS0129,SKU0008,CAR005,LOC003,LOC018,20250220,20250221,20250226,20250227,2025-02-20,2025-02-21,2025-02-26,2025-02-27,1,14,86,3272.08,2303.42,61.85,906.81,0.2771,6,1,False,False,48
SHP001062,ORD001062,CUS0118,SKU0037,CAR005,LOC005,LOC014,20250220,20250221,20250226,20250228,2025-02-20,2025-02-21,2025-02-26,2025-02-28,1,9,1468,3686.22,2911.68,276.32,498.22,0.1352,7,2,False,False,66
SHP001063,ORD001063,CUS0238,SKU0017,CAR004,LOC007,LOC017,20250220,20250221,20250226,20250222,2025-02-20,2025-02-21,2025-02-26,2025-02-22,1,7,2460,963.2,689.36,374.54,-100.7,-0.1045,1,0,True,False,5
SHP001151,ORD001151,CUS0133,SKU0004,CAR002,LOC010,LOC028,20250220,20250220,20250221,20250221,2025-02-20,2025-02-20,2025-02-21,2025-02-21,3,5,587,124.3,94.65,126.88,-97.23,-0.7822,1,0,True,False,20
SHP001196,ORD001196,CUS0186,SKU0009,CAR004,LOC006,LOC011,20250220,20250220,20250226,20250226,2025-02-20,2025-02-20,2025-02-26,2025-02-26,1,15,1756,8524.95,5108.1,327.62,3089.23,0.3624,6,0,True,False,5
SHP001209,ORD001209,CUS0152,SKU0036,CAR005,LOC009,LOC011,20250220,20250220,20250221,20250221,2025-02-20,2025-02-20,2025-02-21,2025-02-21,3,2,1831,130.36,86.58,416.35,-372.57,-2.858,1,0,True,False,20
SHP001311,ORD001311,CUS0166,SKU0019,CAR006,LOC009,LOC028,20250220,20250221,20250223,20250223,2025-02-20,2025-02-21,2025-02-23,2025-02-23,2,8,765,505.6,282.16,162.4,61.04,0.1207,2,0,True,False,12
SHP001361,ORD001361,CUS0138,SKU0030,CAR003,LOC003,LOC018,20250220,20250220,20250226,20250226,2025-02-20,2025-02-20,2025-02-26,2025-02-26,1,4,835,2761.76,1633.68,416.91,711.17,0.2575,6,0,True,False,5
SHP001433,ORD001433,CUS0058,SKU0005,CAR005,LOC007,LOC016,20250220,20250220,20250226,20250226,2025-02-20,2025-02-20,2025-02-26,2025-02-26,1,3,908,803.46,542.52,138.76,122.18,0.1521,6,0,True,False,5
SHP001586,ORD001586,CUS0101,SKU0008,CAR005,LOC007,LOC028,20250220,20250221,20250221,20250222,2025-02-20,2025-02-21,2025-02-21,2025-02-22,3,6,225,1402.32,987.18,78.97,336.17,0.2397,1,1,False,False,63
SHP001711,ORD001711,CUS0012,SKU0024,CAR002,LOC001,LOC030,20250220,20250220,20250226,20250226,2025-02-20,2025-02-20,2025-02-26,2025-02-26,1,1,429,55.07,45.45,58.66,-49.04,-0.8905,6,0,True,True,35
SHP001821,ORD001821,CUS0217,SKU0033,CAR006,LOC007,LOC020,20250220,20250221,20250223,20250225,2025-02-20,2025-02-21,2025-02-23,2025-02-25,2,9,813,5499.36,3477.78,189.89,1831.69,0.3331,4,2,False,False,73
SHP001854,ORD001854,CUS0199,SKU0030,CAR004,LOC001,LOC028,20250220,20250221,20250226,20250226,2025-02-20,2025-02-21,2025-02-26,2025-02-26,1,10,808,6904.4,4084.2,163.89,2656.31,0.3847,5,0,True,False,5
SHP001856,ORD001856,CUS0087,SKU0035,CAR003,LOC001,LOC023,20250220,20250220,20250226,20250226,2025-02-20,2025-02-20,2025-02-26,2025-02-26,1,11,1948,1573.66,1173.15,1068.4,-667.89,-0.4244,6,0,True,False,5
SHP002072,ORD002072,CUS0195,SKU0006,CAR006,LOC003,LOC016,20250220,20250221,20250223,20250225,2025-02-20,2025-02-21,2025-02-23,2025-02-25,2,2,1410,825.28,641.26,228.89,-44.87,-0.0544,4,2,False,False,73
SHP002076,ORD002076,CUS0220,SKU0032,CAR003,LOC003,LOC012,20250220,20250221,20250226,20250226,2025-02-20,2025-02-21,2025-02-26,2025-02-26,1,14,1720,1801.52,1259.3,736.77,-194.55,-0.108,5,0,True,False,5
SHP002077,ORD002077,CUS0147,SKU0040,CAR001,LOC008,LOC031,20250220,20250220,20250221,20250223,2025-02-20,2025-02-20,2025-02-21,2025-02-23,3,10,2243,2809.8,1723.8,567.52,518.48,0.1845,3,2,False,False,81
SHP002134,ORD002134,CUS0079,SKU0039,CAR001,LOC001,LOC012,20250220,20250221,20250226,20250224,2025-02-20,2025-02-21,2025-02-26,2025-02-24,1,5,629,3293.75,1953.55,137.23,1202.97,0.3652,3,0,True,False,5
SHP002178,ORD002178,CUS0143,SKU0016,CAR005,LOC009,LOC022,20250220,20250220,20250223,20250223,2025-02-20,2025-02-20,2025-02-23,2025-02-23,2,13,536,3510.78,2579.85,234.67,696.26,0.1983,3,0,True,False,12
SHP002292,ORD002292,CUS0020,SKU0013,CAR006,LOC008,LOC029,20250220,20250221,20250226,20250226,2025-02-20,2025-02-21,2025-02-26,2025-02-26,1,1,2696,244.25,164.61,329.64,-250.0,-1.0235,5,0,True,False,5
SHP002303,ORD002303,CUS0137,SKU0025,CAR001,LOC008,LOC013,20250220,20250221,20250223,20250223,2025-02-20,2025-02-21,2025-02-23,2025-02-23,2,15,89,7336.35,5015.1,32.41,2288.84,0.312,2,0,True,False,12
SHP002359,ORD002359,CUS0197,SKU0009,CAR002,LOC006,LOC027,20250220,20250220,20250226,20250226,2025-02-20,2025-02-20,2025-02-26,2025-02-26,1,8,189,4546.64,2724.32,82.55,1739.77,0.3826,6,0,True,False,5
SHP002395,ORD002395,CUS0121,SKU0028,CAR004,LOC008,LOC029,20250220,20250221,20250226,20250225,2025-02-20,2025-02-21,2025-02-26,2025-02-25,1,5,2519,2689.55,1586.8,319.86,782.89,0.2911,4,0,True,False,5
SHP000107,ORD000107,CUS0077,SKU0015,CAR006,LOC009,LOC026,20250221,20250221,20250227,20250227,2025-02-21,2025-02-21,2025-02-27,2025-02-27,1,8,199,2682.16,2071.68,70.26,540.22,0.2014,6,0,True,False,5
SHP000150,ORD000150,CUS0158,SKU0035,CAR002,LOC004,LOC015,20250221,20250222,20250227,20250227,2025-02-21,2025-02-22,2025-02-27,2025-02-27,1,18,1206,2575.08,1919.7,218.45,436.93,0.1697,5,0,True,False,5
SHP000210,ORD000210,CUS0055,SKU0009,CAR006,LOC006,LOC031,20250221,20250221,20250227,20250226,2025-02-21,2025-02-21,2025-02-27,2025-02-26,1,8,159,4546.64,2724.32,69.08,1753.24,0.3856,5,0,True,False,5
SHP000271,ORD000271,CUS0183,SKU0019,CAR005,LOC004,LOC032,20250221,20250222,20250227,20250301,2025-02-21,2025-02-22,2025-02-27,2025-03-01,1,17,787,1074.4,599.59,250.04,224.77,0.2092,7,2,False,False,66
SHP000364,ORD000364,CUS0143,SKU0021,CAR006,LOC007,LOC029,20250221,20250222,20250224,20250224,2025-02-21,2025-02-22,2025-02-24,2025-02-24,2,4,360,340.6,267.44,98.7,-25.54,-0.075,2,0,True,False,12
SHP000499,ORD000499,CUS0183,SKU0015,CAR001,LOC007,LOC026,20250221,20250221,20250227,20250226,2025-02-21,2025-02-21,2025-02-27,2025-02-26,1,16,1363,5364.32,4143.36,352.28,868.68,0.1619,5,0,True,False,5
SHP000643,ORD000643,CUS0029,SKU0009,CAR001,LOC004,LOC012,20250221,20250222,20250227,20250227,2025-02-21,2025-02-22,2025-02-27,2025-02-27,1,13,1479,7388.29,4427.02,356.7,2604.57,0.3525,5,0,True,False,5
SHP000678,ORD000678,CUS0206,SKU0004,CAR003,LOC002,LOC022,20250221,20250222,20250224,20250226,2025-02-21,2025-02-22,2025-02-24,2025-02-26,2,6,1807,149.16,113.58,902.33,-866.75,-5.8109,4,2,False,False,73
SHP000687,ORD000687,CUS0094,SKU0029,CAR005,LOC008,LOC019,20250221,20250221,20250227,20250301,2025-02-21,2025-02-21,2025-02-27,2025-03-01,1,5,1600,1388.45,935.6,283.68,169.17,0.1218,8,2,False,False,66
SHP000731,ORD000731,CUS0156,SKU0034,CAR004,LOC004,LOC014,20250221,20250221,20250227,20250226,2025-02-21,2025-02-21,2025-02-27,2025-02-26,1,9,274,6220.89,3517.11,150.03,2553.75,0.4105,5,0,True,False,5
SHP000871,ORD000871,CUS0212,SKU0019,CAR004,LOC006,LOC025,20250221,20250221,20250227,20250301,2025-02-21,2025-02-21,2025-02-27,2025-03-01,1,15,1708,948.0,529.05,290.85,128.1,0.1351,8,2,False,False,66
SHP000960,ORD000960,CUS0208,SKU0031,CAR006,LOC006,LOC027,20250221,20250222,20250227,20250224,2025-02-21,2025-02-22,2025-02-27,2025-02-24,1,2,2491,1011.92,733.3,325.07,-46.45,-0.0459,2,0,True,False,5
SHP000979,ORD000979,CUS0188,SKU0030,CAR004,LOC003,LOC027,20250221,20250221,20250227,20250226,2025-02-21,2025-02-21,2025-02-27,2025-02-26,1,14,1559,9666.16,5717.88,271.65,3676.63,0.3804,5,0,True,False,5
SHP001080,ORD001080,CUS0091,SKU0034,CAR005,LOC005,LOC027,20250221,20250222,20250224,20250224,2025-02-21,2025-02-22,2025-02-24,2025-02-24,2,15,2435,10368.15,5861.85,672.09,3834.21,0.3698,2,0,True,False,12
SHP001101,ORD001101,CUS0171,SKU0020,CAR003,LOC002,LOC015,20250221,20250221,20250227,20250227,2025-02-21,2025-02-21,2025-02-27,2025-02-27,1,8,705,1158.24,764.8,330.89,62.55,0.054,6,0,True,False,5
SHP001267,ORD001267,CUS0005,SKU0002,CAR005,LOC007,LOC030,20250221,20250222,20250227,20250226,2025-02-21,2025-02-22,2025-02-27,2025-02-26,1,7,2233,3569.02,2007.6,355.8,1205.62,0.3378,4,0,True,False,5
SHP001279,ORD001279,CUS0036,SKU0035,CAR002,LOC004,LOC029,20250221,20250222,20250224,20250224,2025-02-21,2025-02-22,2025-02-24,2025-02-24,2,10,1528,1430.6,1066.5,334.93,29.17,0.0204,2,0,True,False,12
SHP001460,ORD001460,CUS0196,SKU0007,CAR005,LOC009,LOC012,20250221,20250222,20250227,20250301,2025-02-21,2025-02-22,2025-02-27,2025-03-01,1,1,519,131.25,72.06,80.5,-21.31,-0.1624,7,2,False,False,66
SHP001517,ORD001517,CUS0056,SKU0006,CAR006,LOC004,LOC030,20250221,20250221,20250227,20250226,2025-02-21,2025-02-21,2025-02-27,2025-02-26,1,15,1712,6189.6,4809.45,273.36,1106.79,0.1788,5,0,True,False,5
SHP001625,ORD001625,CUS0122,SKU0018,CAR003,LOC002,LOC015,20250221,20250221,20250227,20250301,2025-02-21,2025-02-21,2025-02-27,2025-03-01,1,14,2648,1722.0,1433.18,1195.15,-906.33,-0.5263,8,2,False,False,66
SHP001679,ORD001679,CUS0060,SKU0009,CAR004,LOC009,LOC024,20250221,20250222,20250227,20250228,2025-02-21,2025-02-22,2025-02-27,2025-02-28,1,7,1968,3978.31,2383.78,292.26,1302.27,0.3273,6,1,False,False,48
SHP001726,ORD001726,CUS0223,SKU0012,CAR005,LOC007,LOC025,20250221,20250222,20250227,20250302,2025-02-21,2025-02-22,2025-02-27,2025-03-02,1,2,616,1201.58,653.0,122.91,425.67,0.3543,8,3,False,False,84
SHP001795,ORD001795,CUS0234,SKU0035,CAR005,LOC002,LOC019,20250221,20250222,20250227,20250227,2025-02-21,2025-02-22,2025-02-27,2025-02-27,1,6,1990,858.36,639.9,407.98,-189.52,-0.2208,5,0,True,False,5
SHP001804,ORD001804,CUS0218,SKU0014,CAR006,LOC003,LOC019,20250221,20250221,20250227,20250227,2025-02-21,2025-02-21,2025-02-27,2025-02-27,1,8,2197,1695.44,1284.08,265.79,145.57,0.0859,6,0,True,False,5
SHP002115,ORD002115,CUS0029,SKU0012,CAR004,LOC006,LOC019,20250221,20250221,20250224,20250222,2025-02-21,2025-02-21,2025-02-24,2025-02-22,2,5,172,3003.95,1632.5,78.02,1293.43,0.4306,1,0,True,False,12
SHP002133,ORD002133,CUS0145,SKU0025,CAR003,LOC003,LOC017,20250221,20250222,20250224,20250223,2025-02-21,2025-02-22,2025-02-24,2025-02-23,2,1,79,489.09,334.34,41.51,113.24,0.2315,1,0,True,False,12
SHP002215,ORD002215,CUS0184,SKU0025,CAR001,LOC004,LOC029,20250221,20250222,20250222,20250224,2025-02-21,2025-02-22,2025-02-22,2025-02-24,3,7,1939,3423.63,2340.38,528.61,554.64,0.162,2,2,False,False,81
SHP002294,ORD002294,CUS0155,SKU0037,CAR001,LOC001,LOC027,20250221,20250222,20250224,20250222,2025-02-21,2025-02-22,2025-02-24,2025-02-22,2,3,2596,1228.74,970.56,497.74,-239.56,-0.195,0,0,True,True,42
SHP002361,ORD002361,CUS0076,SKU0032,CAR003,LOC003,LOC018,20250221,20250222,20250227,20250228,2025-02-21,2025-02-22,2025-02-27,2025-02-28,1,18,2225,2316.24,1619.1,1088.35,-391.21,-0.1689,6,1,False,False,48
SHP002399,ORD002399,CUS0033,SKU0008,CAR003,LOC001,LOC022,20250221,20250221,20250224,20250224,2025-02-21,2025-02-21,2025-02-24,2025-02-24,2,12,2662,2804.64,1974.36,1680.5,-850.22,-0.3031,3,0,True,False,12
SHP000137,ORD000137,CUS0180,SKU0009,CAR002,LOC008,LOC015,20250222,20250223,20250223,20250223,2025-02-22,2025-02-23,2025-02-23,2025-02-23,3,9,1083,5114.97,3064.86,292.9,1757.21,0.3435,0,0,True,False,20
SHP000186,ORD000186,CUS0016,SKU0036,CAR004,LOC008,LOC029,20250222,20250222,20250223,20250223,2025-02-22,2025-02-22,2025-02-23,2025-02-23,3,8,2210,521.44,346.32,382.66,-207.54,-0.398,1,0,True,False,20
SHP000262,ORD000262,CUS0169,SKU0040,CAR005,LOC008,LOC030,20250222,20250222,20250228,20250226,2025-02-22,2025-02-22,2025-02-28,2025-02-26,1,6,1153,1685.88,1034.28,211.88,439.72,0.2608,4,0,True,False,5
SHP000442,ORD000442,CUS0120,SKU0008,CAR001,LOC005,LOC028,20250222,20250222,20250228,20250302,2025-02-22,2025-02-22,2025-02-28,2025-03-02,1,11,2198,2570.92,1809.83,429.84,331.25,0.1288,8,2,False,False,66
SHP000516,ORD000516,CUS0228,SKU0028,CAR002,LOC009,LOC023,20250222,20250223,20250228,20250301,2025-02-22,2025-02-23,2025-02-28,2025-03-01,1,2,2020,1075.82,634.72,248.72,192.38,0.1788,6,1,False,False,48
SHP000534,ORD000534,CUS0138,SKU0026,CAR001,LOC008,LOC032,20250222,20250222,20250228,20250228,2025-02-22,2025-02-22,2025-02-28,2025-02-28,1,16,387,6058.24,4056.16,128.51,1873.57,0.3093,6,0,True,False,5
SHP000700,ORD000700,CUS0163,SKU0007,CAR004,LOC005,LOC024,20250222,20250222,20250228,20250227,2025-02-22,2025-02-22,2025-02-28,2025-02-27,1,18,2131,2362.5,1297.08,290.05,775.37,0.3282,5,0,True,False,5
SHP000873,ORD000873,CUS0064,SKU0040,CAR002,LOC010,LOC031,20250222,20250223,20250223,20250223,2025-02-22,2025-02-23,2025-02-23,2025-02-23,3,11,442,3090.78,1896.18,133.88,1060.72,0.3432,0,0,True,False,20
SHP000900,ORD000900,CUS0077,SKU0038,CAR005,LOC006,LOC029,20250222,20250223,20250225,20250224,2025-02-22,2025-02-23,2025-02-25,2025-02-24,2,5,889,583.0,380.15,200.51,2.34,0.004,1,0,True,False,12
SHP001035,ORD001035,CUS0155,SKU0006,CAR003,LOC009,LOC032,20250222,20250222,20250228,20250301,2025-02-22,2025-02-22,2025-02-28,2025-03-01,1,14,1539,5776.96,4488.82,772.49,515.65,0.0893,7,1,False,False,48
SHP001060,ORD001060,CUS0197,SKU0013,CAR005,LOC004,LOC032,20250222,20250223,20250228,20250303,2025-02-22,2025-02-23,2025-02-28,2025-03-03,1,14,640,3419.5,2304.54,290.07,824.89,0.2412,8,3,False,False,84
SHP001068,ORD001068,CUS0043,SKU0040,CAR002,LOC005,LOC024,20250222,20250223,20250228,20250302,2025-02-22,2025-02-23,2025-02-28,2025-03-02,1,15,972,4214.7,2585.7,163.18,1465.82,0.3478,7,2,False,False,66
SHP001189,ORD001189,CUS0231,SKU0010,CAR006,LOC003,LOC023,20250222,20250223,20250225,20250224,2025-02-22,2025-02-23,2025-02-25,2025-02-24,2,4,192,222.8,161.88,65.8,-4.88,-0.0219,1,0,True,False,12
SHP001264,ORD001264,CUS0103,SKU0029,CAR003,LOC001,LOC028,20250222,20250222,20250228,20250301,2025-02-22,2025-02-22,2025-02-28,2025-03-01,1,4,438,1110.76,748.48,240.46,121.82,0.1097,7,1,False,False,48
SHP001681,ORD001681,CUS0099,SKU0001,CAR004,LOC006,LOC023,20250222,20250222,20250228,20250225,2025-02-22,2025-02-22,2025-02-28,2025-02-25,1,5,2401,124.85,91.5,273.4,-240.05,-1.9227,3,0,True,False,5
SHP001690,ORD001690,CUS0147,SKU0028,CAR003,LOC005,LOC011,20250222,20250223,20250228,20250228,2025-02-22,2025-02-23,2025-02-28,2025-02-28,1,17,2037,9144.47,5395.12,1050.55,2698.8,0.2951,5,0,True,False,5
SHP001709,ORD001709,CUS0097,SKU0037,CAR001,LOC009,LOC020,20250222,20250222,20250228,20250225,2025-02-22,2025-02-22,2025-02-28,2025-02-25,1,11,634,4505.38,3558.72,161.71,784.95,0.1742,3,0,True,False,5
SHP001822,ORD001822,CUS0175,SKU0027,CAR005,LOC002,LOC012,20250222,20250222,20250228,20250301,2025-02-22,2025-02-22,2025-02-28,2025-03-01,1,1,988,430.7,362.64,150.21,-82.15,-0.1907,7,1,False,False,48
SHP001878,ORD001878,CUS0099,SKU0021,CAR005,LOC001,LOC024,20250222,20250222,20250228,20250226,2025-02-22,2025-02-22,2025-02-28,2025-02-26,1,14,1437,1192.1,936.04,351.47,-95.41,-0.08,4,0,True,False,5
SHP001884,ORD001884,CUS0110,SKU0034,CAR002,LOC003,LOC011,20250222,20250222,20250225,20250224,2025-02-22,2025-02-22,2025-02-25,2025-02-24,2,5,87,3456.05,1953.95,55.01,1447.09,0.4187,2,0,True,False,12
SHP002091,ORD002091,CUS0114,SKU0020,CAR001,LOC008,LOC031,20250222,20250222,20250228,20250228,2025-02-22,2025-02-22,2025-02-28,2025-02-28,1,7,1100,1013.46,669.2,259.64,84.62,0.0835,6,0,True,False,5
SHP002235,ORD002235,CUS0186,SKU0026,CAR001,LOC001,LOC016,20250222,20250223,20250228,20250228,2025-02-22,2025-02-23,2025-02-28,2025-02-28,1,13,2153,4922.32,3295.63,398.68,1228.01,0.2495,5,0,True,False,5
SHP002278,ORD002278,CUS0002,SKU0028,CAR004,LOC005,LOC017,20250222,20250222,20250228,20250228,2025-02-22,2025-02-22,2025-02-28,2025-02-28,1,11,2111,5917.01,3490.96,298.81,2127.24,0.3595,6,0,True,False,5
SHP002308,ORD002308,CUS0210,SKU0004,CAR006,LOC005,LOC028,20250222,20250222,20250228,20250227,2025-02-22,2025-02-22,2025-02-28,2025-02-27,1,7,1929,174.02,132.51,282.29,-240.78,-1.3836,5,0,True,False,5
SHP002331,ORD002331,CUS0204,SKU0038,CAR004,LOC008,LOC028,20250222,20250222,20250228,20250303,2025-02-22,2025-02-22,2025-02-28,2025-03-03,1,8,228,932.8,608.24,68.04,256.52,0.275,9,3,False,False,84
SHP002380,ORD002380,CUS0211,SKU0015,CAR002,LOC010,LOC026,20250222,20250222,20250225,20250226,2025-02-22,2025-02-22,2025-02-25,2025-02-26,2,18,1800,6034.86,4661.28,445.15,928.43,0.1538,4,1,False,False,55
SHP002400,ORD002400,CUS0035,SKU0013,CAR004,LOC003,LOC015,20250222,20250223,20250228,20250227,2025-02-22,2025-02-23,2025-02-28,2025-02-27,1,7,1849,1709.75,1152.27,311.0,246.48,0.1442,4,0,True,False,5
SHP002442,ORD002442,CUS0178,SKU0005,CAR005,LOC009,LOC018,20250222,20250223,20250225,20250223,2025-02-22,2025-02-23,2025-02-25,2025-02-23,2,18,2116,4820.76,3255.12,444.16,1121.48,0.2326,0,0,True,False,12
SHP002489,ORD002489,CUS0108,SKU0036,CAR001,LOC006,LOC027,20250222,20250223,20250228,20250302,2025-02-22,2025-02-23,2025-02-28,2025-03-02,1,18,1475,1173.24,779.22,264.61,129.41,0.1103,7,2,False,False,66
SHP000006,ORD000006,CUS0225,SKU0035,CAR003,LOC003,LOC019,20250223,20250224,20250301,20250228,2025-02-23,2025-02-24,2025-03-01,2025-02-28,1,5,2244,715.3,533.25,993.61,-811.56,-1.1346,4,0,True,False,5
SHP000310,ORD000310,CUS0069,SKU0040,CAR005,LOC002,LOC017,20250223,20250223,20250226,20250226,2025-02-23,2025-02-23,2025-02-26,2025-02-26,2,2,236,561.96,344.76,59.66,157.54,0.2803,3,0,True,False,12
SHP000565,ORD000565,CUS0077,SKU0035,CAR003,LOC006,LOC029,20250223,20250224,20250301,20250227,2025-02-23,2025-02-24,2025-03-01,2025-02-27,1,13,201,1859.78,1386.45,191.8,281.53,0.1514,3,0,True,False,5
SHP000569,ORD000569,CUS0245,SKU0025,CAR002,LOC003,LOC030,20250223,20250224,20250301,20250302,2025-02-23,2025-02-24,2025-03-01,2025-03-02,1,3,1840,1467.27,1003.02,264.2,200.05,0.1363,6,1,False,False,48
SHP000592,ORD000592,CUS0126,SKU0025,CAR003,LOC001,LOC014,20250223,20250224,20250224,20250226,2025-02-23,2025-02-24,2025-02-24,2025-02-26,3,12,2695,5869.08,4012.08,1557.37,299.63,0.0511,2,2,False,False,81
SHP000665,ORD000665,CUS0059,SKU0002,CAR004,LOC007,LOC032,20250223,20250223,20250301,20250228,2025-02-23,2025-02-23,2025-03-01,2025-02-28,1,8,1244,4078.88,2294.4,170.41,1614.07,0.3957,5,0,True,False,5
SHP000674,ORD000674,CUS0191,SKU0031,CAR002,LOC007,LOC021,20250223,20250224,20250301,20250227,2025-02-23,2025-02-24,2025-03-01,2025-02-27,1,6,2230,3035.76,2199.9,337.27,498.59,0.1642,3,0,True,False,5
SHP000721,ORD000721,CUS0193,SKU0021,CAR003,LOC005,LOC025,20250223,20250224,20250226,20250225,2025-02-23,2025-02-24,2025-02-26,2025-02-25,2,9,1352,766.35,601.74,710.08,-545.47,-0.7118,1,0,True,False,12
SHP000814,ORD000814,CUS0236,SKU0039,CAR002,LOC004,LOC030,20250223,20250224,20250301,20250303,2025-02-23,2025-02-24,2025-03-01,2025-03-03,1,18,461,11857.5,7032.78,260.36,4564.36,0.3849,7,2,False,False,66
SHP000854,ORD000854,CUS0214,SKU0034,CAR001,LOC002,LOC031,20250223,20250224,20250301,20250302,2025-02-23,2025-02-24,2025-03-01,2025-03-02,1,13,1974,8985.73,5080.27,473.27,3432.19,0.382,6,1,False,False,48
SHP000946,ORD000946,CUS0048,SKU0027,CAR005,LOC007,LOC019,20250223,20250224,20250301,20250302,2025-02-23,2025-02-24,2025-03-01,2025-03-02,1,7,2449,3014.9,2538.48,451.01,25.41,0.0084,6,1,False,False,48
SHP001109,ORD001109,CUS0214,SKU0021,CAR005,LOC010,LOC019,20250223,20250224,20250224,20250224,2025-02-23,2025-02-24,2025-02-24,2025-02-24,3,8,228,681.2,534.88,147.82,-1.5,-0.0022,0,0,True,False,20
SHP001119,ORD001119,CUS0221,SKU0021,CAR004,LOC010,LOC015,20250223,20250224,20250226,20250228,2025-02-23,2025-02-24,2025-02-26,2025-02-28,2,1,2505,85.15,66.86,385.38,-367.09,-4.3111,4,2,False,False,73
SHP001148,ORD001148,CUS0019,SKU0014,CAR002,LOC003,LOC019,20250223,20250224,20250301,20250302,2025-02-23,2025-02-24,2025-03-01,2025-03-02,1,6,1770,1271.58,963.06,235.31,73.21,0.0576,6,1,False,False,48
SHP001338,ORD001338,CUS0002,SKU0024,CAR004,LOC009,LOC031,20250223,20250223,20250301,20250301,2025-02-23,2025-02-23,2025-03-01,2025-03-01,1,18,339,991.26,818.1,54.4,118.76,0.1198,6,0,True,False,5
SHP001435,ORD001435,CUS0213,SKU0035,CAR001,LOC010,LOC019,20250223,20250224,20250301,20250303,2025-02-23,2025-02-24,2025-03-01,2025-03-03,1,13,1355,1859.78,1386.45,367.38,105.95,0.057,7,2,False,False,66
SHP001603,ORD001603,CUS0219,SKU0039,CAR004,LOC006,LOC024,20250223,20250224,20250226,20250225,2025-02-23,2025-02-24,2025-02-26,2025-02-25,2,11,106,7246.25,4297.81,97.64,2850.8,0.3934,1,0,True,False,12
SHP001763,ORD001763,CUS0238,SKU0027,CAR002,LOC008,LOC030,20250223,20250223,20250226,20250226,2025-02-23,2025-02-23,2025-02-26,2025-02-26,2,1,661,430.7,362.64,111.83,-43.77,-0.1016,3,0,True,False,12
SHP001790,ORD001790,CUS0122,SKU0007,CAR004,LOC005,LOC019,20250223,20250224,20250301,20250301,2025-02-23,2025-02-24,2025-03-01,2025-03-01,1,1,2586,131.25,72.06,280.14,-220.95,-1.6834,5,0,True,False,5
SHP001862,ORD001862,CUS0148,SKU0007,CAR002,LOC008,LOC030,20250223,20250224,20250301,20250228,2025-02-23,2025-02-24,2025-03-01,2025-02-28,1,2,1067,262.5,144.12,156.01,-37.63,-0.1434,4,0,True,False,5
SHP001879,ORD001879,CUS0242,SKU0039,CAR002,LOC005,LOC032,20250223,20250224,20250226,20250226,2025-02-23,2025-02-24,2025-02-26,2025-02-26,2,6,2584,3952.5,2344.26,496.09,1112.15,0.2814,2,0,True,False,12
SHP001955,ORD001955,CUS0244,SKU0012,CAR002,LOC001,LOC020,20250223,20250224,20250301,20250301,2025-02-23,2025-02-24,2025-03-01,2025-03-01,1,4,2245,2403.16,1306.0,362.87,734.29,0.3056,5,0,True,False,5
SHP001984,ORD001984,CUS0159,SKU0036,CAR005,LOC001,LOC024,20250223,20250223,20250301,20250304,2025-02-23,2025-02-23,2025-03-01,2025-03-04,1,4,487,260.72,173.16,90.57,-3.01,-0.0115,9,3,False,False,84
SHP001986,ORD001986,CUS0106,SKU0039,CAR002,LOC002,LOC029,20250223,20250223,20250301,20250302,2025-02-23,2025-02-23,2025-03-01,2025-03-02,1,10,2068,6587.5,3907.1,392.64,2287.76,0.3473,7,1,False,False,48
SHP001992,ORD001992,CUS0181,SKU0012,CAR002,LOC009,LOC023,20250223,20250223,20250226,20250226,2025-02-23,2025-02-23,2025-02-26,2025-02-26,2,4,1732,2403.16,1306.0,295.47,801.69,0.3336,3,0,True,False,12
SHP002177,ORD002177,CUS0154,SKU0014,CAR002,LOC004,LOC012,20250223,20250224,20250226,20250224,2025-02-23,2025-02-24,2025-02-26,2025-02-24,2,2,2121,423.86,321.02,350.11,-247.27,-0.5834,0,0,True,False,12
SHP002287,ORD002287,CUS0190,SKU0009,CAR003,LOC001,LOC031,20250223,20250224,20250301,20250301,2025-02-23,2025-02-24,2025-03-01,2025-03-01,1,11,2395,6251.63,3745.94,1219.9,1285.79,0.2057,5,0,True,False,5
SHP002321,ORD002321,CUS0160,SKU0023,CAR005,LOC005,LOC013,20250223,20250223,20250301,20250228,2025-02-23,2025-02-23,2025-03-01,2025-02-28,1,10,1018,2904.3,1571.4,167.68,1165.22,0.4012,5,0,True,False,5
SHP002386,ORD002386,CUS0066,SKU0026,CAR003,LOC002,LOC029,20250223,20250223,20250301,20250228,2025-02-23,2025-02-23,2025-03-01,2025-02-28,1,10,1633,3786.4,2535.1,693.53,557.77,0.1473,5,0,True,False,5
SHP000242,ORD000242,CUS0213,SKU0035,CAR006,LOC003,LOC011,20250224,20250225,20250227,20250227,2025-02-24,2025-02-25,2025-02-27,2025-02-27,2,7,1852,1001.42,746.55,367.18,-112.31,-0.1122,2,0,True,False,12
SHP000361,ORD000361,CUS0092,SKU0040,CAR003,LOC008,LOC029,20250224,20250224,20250302,20250302,2025-02-24,2025-02-24,2025-03-02,2025-03-02,1,15,2255,4214.7,2585.7,1196.69,432.31,0.1026,6,0,True,False,5
SHP000490,ORD000490,CUS0250,SKU0022,CAR004,LOC008,LOC027,20250224,20250224,20250302,20250301,2025-02-24,2025-02-24,2025-03-02,2025-03-01,1,17,988,3106.07,1976.25,341.79,788.03,0.2537,5,0,True,False,5
SHP000541,ORD000541,CUS0043,SKU0013,CAR003,LOC001,LOC029,20250224,20250225,20250225,20250225,2025-02-24,2025-02-25,2025-02-25,2025-02-25,3,8,466,1954.0,1316.88,345.67,291.45,0.1492,0,0,True,False,20
SHP000617,ORD000617,CUS0025,SKU0004,CAR003,LOC006,LOC029,20250224,20250225,20250227,20250228,2025-02-24,2025-02-25,2025-02-27,2025-02-28,2,6,284,149.16,113.58,186.48,-150.9,-1.0117,3,1,False,False,55
SHP000633,ORD000633,CUS0163,SKU0020,CAR001,LOC002,LOC018,20250224,20250224,20250302,20250303,2025-02-24,2025-02-24,2025-03-02,2025-03-03,1,8,1350,1158.24,764.8,347.65,45.79,0.0395,7,1,False,False,48
SHP000673,ORD000673,CUS0019,SKU0038,CAR004,LOC004,LOC013,20250224,20250224,20250302,20250303,2025-02-24,2025-02-24,2025-03-02,2025-03-03,1,4,193,466.4,304.12,39.75,122.53,0.2627,7,1,False,False,48
SHP000809,ORD000809,CUS0125,SKU0018,CAR006,LOC010,LOC016,20250224,20250224,20250302,20250302,2025-02-24,2025-02-24,2025-03-02,2025-03-02,1,2,256,246.0,204.74,37.77,3.49,0.0142,6,0,True,False,5
SHP000815,ORD000815,CUS0071,SKU0020,CAR004,LOC002,LOC018,20250224,20250225,20250302,20250302,2025-02-24,2025-02-25,2025-03-02,2025-03-02,1,1,2430,144.78,95.6,281.76,-232.58,-1.6064,5,0,True,False,5
SHP000925,ORD000925,CUS0025,SKU0009,CAR002,LOC006,LOC020,20250224,20250225,20250227,20250302,2025-02-24,2025-02-25,2025-02-27,2025-03-02,2,18,562,10229.94,6129.72,200.38,3899.84,0.3812,5,3,False,False,91
SHP001064,ORD001064,CUS0028,SKU0039,CAR004,LOC003,LOC014,20250224,20250225,20250227,20250228,2025-02-24,2025-02-25,2025-02-27,2025-02-28,2,16,1860,10540.0,6251.36,342.69,3945.95,0.3744,3,1,False,False,55
SHP001191,ORD001191,CUS0207,SKU0013,CAR005,LOC005,LOC023,20250224,20250224,20250302,20250302,2025-02-24,2025-02-24,2025-03-02,2025-03-02,1,5,562,1221.25,823.05,118.25,279.95,0.2292,6,0,True,False,5
SHP001358,ORD001358,CUS0019,SKU0004,CAR005,LOC001,LOC018,20250224,20250225,20250225,20250225,2025-02-24,2025-02-25,2025-02-25,2025-02-25,3,18,1654,447.48,340.74,533.22,-426.48,-0.9531,0,0,True,False,20
SHP001440,ORD001440,CUS0157,SKU0040,CAR003,LOC003,LOC019,20250224,20250225,20250302,20250302,2025-02-24,2025-02-25,2025-03-02,2025-03-02,1,16,1361,4495.68,2758.08,724.91,1012.69,0.2253,5,0,True,False,5
SHP001473,ORD001473,CUS0043,SKU0038,CAR001,LOC005,LOC018,20250224,20250224,20250227,20250225,2025-02-24,2025-02-24,2025-02-27,2025-02-25,2,12,2210,1399.2,912.36,518.06,-31.22,-0.0223,1,0,True,False,12
SHP001489,ORD001489,CUS0043,SKU0024,CAR003,LOC010,LOC030,20250224,20250225,20250302,20250303,2025-02-24,2025-02-25,2025-03-02,2025-03-03,1,13,586,715.91,590.85,311.08,-186.02,-0.2598,6,1,False,False,48
SHP001527,ORD001527,CUS0202,SKU0008,CAR001,LOC001,LOC017,20250224,20250225,20250227,20250227,2025-02-24,2025-02-25,2025-02-27,2025-02-27,2,18,1179,4206.96,2961.54,349.3,896.12,0.213,2,0,True,False,12
SHP001626,ORD001626,CUS0002,SKU0002,CAR005,LOC009,LOC019,20250224,20250225,20250302,20250304,2025-02-24,2025-02-25,2025-03-02,2025-03-04,1,8,2499,4078.88,2294.4,426.46,1358.02,0.3329,7,2,False,False,66
SHP001801,ORD001801,CUS0237,SKU0016,CAR006,LOC007,LOC012,20250224,20250224,20250227,20250302,2025-02-24,2025-02-24,2025-02-27,2025-03-02,2,7,804,1890.42,1389.15,193.07,308.2,0.163,6,3,False,False,91
SHP001832,ORD001832,CUS0142,SKU0016,CAR001,LOC010,LOC014,20250224,20250225,20250302,20250302,2025-02-24,2025-02-25,2025-03-02,2025-03-02,1,3,223,810.18,595.35,82.1,132.73,0.1638,5,0,True,False,5
SHP002247,ORD002247,CUS0187,SKU0031,CAR006,LOC005,LOC013,20250224,20250224,20250302,20250302,2025-02-24,2025-02-24,2025-03-02,2025-03-02,1,18,75,9107.28,6599.7,114.19,2393.39,0.2628,6,0,True,False,5
SHP000118,ORD000118,CUS0083,SKU0020,CAR005,LOC007,LOC021,20250225,20250226,20250228,20250228,2025-02-25,2025-02-26,2025-02-28,2025-02-28,2,5,892,723.9,478.0,199.42,46.48,0.0642,2,0,True,False,12
SHP000207,ORD000207,CUS0248,SKU0028,CAR004,LOC006,LOC027,20250225,20250225,20250228,20250228,2025-02-25,2025-02-25,2025-02-28,2025-02-28,2,13,886,6992.83,4125.68,211.01,2656.14,0.3798,3,0,True,True,42
SHP000322,ORD000322,CUS0172,SKU0008,CAR004,LOC006,LOC030,20250225,20250225,20250303,20250304,2025-02-25,2025-02-25,2025-03-03,2025-03-04,1,3,1804,701.16,493.59,206.41,1.16,0.0017,7,1,False,False,48
SHP000402,ORD000402,CUS0027,SKU0003,CAR006,LOC001,LOC026,20250225,20250225,20250303,20250305,2025-02-25,2025-02-25,2025-03-03,2025-03-05,1,15,284,393.15,316.35,85.51,-8.71,-0.0222,8,2,False,False,66
SHP000475,ORD000475,CUS0031,SKU0032,CAR002,LOC003,LOC024,20250225,20250225,20250228,20250228,2025-02-25,2025-02-25,2025-02-28,2025-02-28,2,15,1160,1930.2,1349.25,210.81,370.14,0.1918,3,0,True,False,12
SHP000491,ORD000491,CUS0039,SKU0020,CAR002,LOC001,LOC028,20250225,20250225,20250303,20250303,2025-02-25,2025-02-25,2025-03-03,2025-03-03,1,16,1088,2316.48,1529.6,304.06,482.82,0.2084,6,0,True,False,5
SHP000544,ORD000544,CUS0014,SKU0036,CAR003,LOC007,LOC018,20250225,20250225,20250303,20250302,2025-02-25,2025-02-25,2025-03-03,2025-03-02,1,2,1632,130.36,86.58,769.97,-726.19,-5.5707,5,0,True,False,5
SHP000660,ORD000660,CUS0127,SKU0006,CAR002,LOC004,LOC029,20250225,20250226,20250303,20250304,2025-02-25,2025-02-26,2025-03-03,2025-03-04,1,16,1951,6602.24,5130.08,358.38,1113.78,0.1687,6,1,False,False,48
SHP000694,ORD000694,CUS0144,SKU0001,CAR005,LOC010,LOC015,20250225,20250226,20250303,20250305,2025-02-25,2025-02-26,2025-03-03,2025-03-05,1,13,883,324.61,237.9,170.37,-83.66,-0.2577,7,2,False,False,66
SHP000801,ORD000801,CUS0072,SKU0009,CAR006,LOC002,LOC021,20250225,20250225,20250303,20250301,2025-02-25,2025-02-25,2025-03-03,2025-03-01,1,3,393,1704.99,1021.62,67.29,616.08,0.3613,4,0,True,False,5
SHP000860,ORD000860,CUS0177,SKU0030,CAR005,LOC009,LOC029,20250225,20250226,20250228,20250228,2025-02-25,2025-02-26,2025-02-28,2025-02-28,2,12,1069,8285.28,4901.04,330.03,3054.21,0.3686,2,0,True,False,12
SHP000978,ORD000978,CUS0118,SKU0003,CAR004,LOC003,LOC031,20250225,20250226,20250228,20250301,2025-02-25,2025-02-26,2025-02-28,2025-03-01,2,5,2287,131.05,105.45,382.87,-357.27,-2.7262,3,1,False,False,55
SHP001092,ORD001092,CUS0077,SKU0033,CAR004,LOC005,LOC014,20250225,20250225,20250303,20250301,2025-02-25,2025-02-25,2025-03-03,2025-03-01,1,11,1727,6721.44,4250.62,252.78,2218.04,0.33,4,0,True,False,5
SHP001117,ORD001117,CUS0055,SKU0026,CAR002,LOC004,LOC032,20250225,20250226,20250303,20250304,2025-02-25,2025-02-26,2025-03-03,2025-03-04,1,17,2471,6436.88,4309.67,352.25,1774.96,0.2757,6,1,False,False,48
SHP001269,ORD001269,CUS0150,SKU0023,CAR001,LOC005,LOC023,20250225,20250226,20250228,20250226,2025-02-25,2025-02-26,2025-02-28,2025-02-26,2,3,2015,871.29,471.42,354.1,45.77,0.0525,0,0,True,False,12
SHP001367,ORD001367,CUS0166,SKU0007,CAR005,LOC002,LOC027,20250225,20250226,20250228,20250228,2025-02-25,2025-02-26,2025-02-28,2025-02-28,2,6,1514,787.5,432.36,316.39,38.75,0.0492,2,0,True,False,12
SHP001381,ORD001381,CUS0155,SKU0020,CAR002,LOC007,LOC016,20250225,20250226,20250303,20250303,2025-02-25,2025-02-26,2025-03-03,2025-03-03,1,7,1478,1013.46,669.2,255.73,88.53,0.0874,5,0,True,False,5
SHP001550,ORD001550,CUS0017,SKU0011,CAR002,LOC003,LOC011,20250225,20250226,20250303,20250304,2025-02-25,2025-02-26,2025-03-03,2025-03-04,1,1,886,406.19,245.87,120.75,39.57,0.0974,6,1,False,False,48
SHP001601,ORD001601,CUS0014,SKU0039,CAR004,LOC007,LOC029,20250225,20250225,20250228,20250302,2025-02-25,2025-02-25,2025-02-28,2025-03-02,2,16,1148,10540.0,6251.36,330.88,3957.76,0.3755,5,2,False,False,73
SHP001643,ORD001643,CUS0100,SKU0007,CAR003,LOC003,LOC025,20250225,20250226,20250303,20250303,2025-02-25,2025-02-26,2025-03-03,2025-03-03,1,7,546,918.75,504.42,264.15,150.18,0.1635,5,0,True,False,5
SHP001702,ORD001702,CUS0185,SKU0014,CAR002,LOC001,LOC017,20250225,20250226,20250228,20250228,2025-02-25,2025-02-26,2025-02-28,2025-02-28,2,7,1473,1483.51,1123.57,237.0,122.94,0.0829,2,0,True,False,12
SHP001735,ORD001735,CUS0043,SKU0033,CAR004,LOC007,LOC016,20250225,20250225,20250303,20250302,2025-02-25,2025-02-25,2025-03-03,2025-03-02,1,12,2401,7332.48,4637.04,415.35,2280.09,0.311,5,0,True,False,5
SHP001756,ORD001756,CUS0038,SKU0018,CAR006,LOC006,LOC027,20250225,20250225,20250303,20250302,2025-02-25,2025-02-25,2025-03-03,2025-03-02,1,9,251,1107.0,921.33,84.29,101.38,0.0916,5,0,True,False,5
SHP001954,ORD001954,CUS0086,SKU0020,CAR001,LOC009,LOC015,20250225,20250225,20250228,20250227,2025-02-25,2025-02-25,2025-02-28,2025-02-27,2,2,1421,289.56,191.2,332.86,-234.5,-0.8098,2,0,True,False,12
SHP002095,ORD002095,CUS0081,SKU0034,CAR003,LOC010,LOC018,20250225,20250226,20250228,20250227,2025-02-25,2025-02-26,2025-02-28,2025-02-27,2,6,709,4147.26,2344.74,457.2,1345.32,0.3244,1,0,True,False,12
SHP002248,ORD002248,CUS0008,SKU0001,CAR006,LOC006,LOC028,20250225,20250225,20250303,20250304,2025-02-25,2025-02-25,2025-03-03,2025-03-04,1,15,2308,374.55,274.5,349.57,-249.52,-0.6662,7,1,False,False,48
SHP002419,ORD002419,CUS0051,SKU0039,CAR004,LOC001,LOC020,20250225,20250226,20250228,20250301,2025-02-25,2025-02-26,2025-02-28,2025-03-01,2,1,1568,658.75,390.71,232.29,35.75,0.0543,3,1,False,False,55
SHP000017,ORD000017,CUS0156,SKU0021,CAR002,LOC007,LOC030,20250226,20250227,20250304,20250305,2025-02-26,2025-02-27,2025-03-04,2025-03-05,1,3,2663,255.45,200.58,412.61,-357.74,-1.4004,6,1,False,False,48
SHP000025,ORD000025,CUS0030,SKU0033,CAR003,LOC001,LOC018,20250226,20250227,20250304,20250303,2025-02-26,2025-02-27,2025-03-04,2025-03-03,1,7,2499,4277.28,2704.94,1234.64,337.7,0.079,4,0,True,False,5
SHP000051,ORD000051,CUS0250,SKU0022,CAR002,LOC007,LOC013,20250226,20250227,20250301,20250227,2025-02-26,2025-02-27,2025-03-01,2025-02-27,2,13,2196,2375.23,1511.25,413.92,450.06,0.1895,0,0,True,False,12
SHP000134,ORD000134,CUS0189,SKU0007,CAR006,LOC008,LOC019,20250226,20250227,20250304,20250304,2025-02-26,2025-02-27,2025-03-04,2025-03-04,1,14,1083,1837.5,1008.84,209.25,619.41,0.3371,5,0,True,False,5
SHP000193,ORD000193,CUS0187,SKU0018,CAR004,LOC008,LOC027,20250226,20250227,20250301,20250301,2025-02-26,2025-02-27,2025-03-01,2025-03-01,2,11,1879,1353.0,1126.07,321.46,-94.53,-0.0699,2,0,True,False,12
SHP000289,ORD000289,CUS0134,SKU0038,CAR004,LOC005,LOC013,20250226,20250226,20250301,20250228,2025-02-26,2025-02-26,2025-03-01,2025-02-28,2,12,164,1399.2,912.36,78.71,408.13,0.2917,2,0,True,False,12
SHP000305,ORD000305,CUS0049,SKU0032,CAR005,LOC009,LOC016,20250226,20250226,20250304,20250305,2025-02-26,2025-02-26,2025-03-04,2025-03-05,1,18,1988,2316.24,1619.1,373.92,323.22,0.1395,7,1,False,False,48
SHP000417,ORD000417,CUS0049,SKU0019,CAR001,LOC006,LOC031,20250226,20250227,20250301,20250303,2025-02-26,2025-02-27,2025-03-01,2025-03-03,2,1,2198,63.2,35.27,432.11,-404.18,-6.3953,4,2,False,False,73
SHP000505,ORD000505,CUS0201,SKU0007,CAR005,LOC002,LOC016,20250226,20250226,20250301,20250227,2025-02-26,2025-02-26,2025-03-01,2025-02-27,2,4,487,525.0,288.24,97.6,139.16,0.2651,1,0,True,False,12
SHP000509,ORD000509,CUS0242,SKU0034,CAR001,LOC001,LOC032,20250226,20250226,20250304,20250305,2025-02-26,2025-02-26,2025-03-04,2025-03-05,1,1,743,691.21,390.79,130.27,170.15,0.2462,7,1,False,False,48
SHP000576,ORD000576,CUS0044,SKU0011,CAR001,LOC009,LOC023,20250226,20250226,20250304,20250303,2025-02-26,2025-02-26,2025-03-04,2025-03-03,1,9,2556,3655.71,2212.83,408.65,1034.23,0.2829,5,0,True,False,5
SHP000616,ORD000616,CUS0054,SKU0010,CAR002,LOC010,LOC014,20250226,20250226,20250301,20250303,2025-02-26,2025-02-26,2025-03-01,2025-03-03,2,10,871,557.0,404.7,199.67,-47.37,-0.085,5,2,False,False,73
SHP000641,ORD000641,CUS0036,SKU0011,CAR003,LOC003,LOC023,20250226,20250227,20250301,20250301,2025-02-26,2025-02-27,2025-03-01,2025-03-01,2,15,882,6092.85,3688.05,453.73,1951.07,0.3202,2,0,True,False,12
SHP000880,ORD000880,CUS0146,SKU0017,CAR003,LOC009,LOC020,20250226,20250226,20250304,20250305,2025-02-26,2025-02-26,2025-03-04,2025-03-05,1,15,2504,2064.0,1477.2,1110.97,-524.17,-0.254,7,1,False,False,48
SHP000910,ORD000910,CUS0114,SKU0002,CAR006,LOC007,LOC017,20250226,20250226,20250304,20250308,2025-02-26,2025-02-26,2025-03-04,2025-03-08,1,13,924,6628.18,3728.4,127.63,2772.15,0.4182,10,4,False,False,100
SHP000938,ORD000938,CUS0241,SKU0003,CAR004,LOC001,LOC017,20250226,20250226,20250301,20250301,2025-02-26,2025-02-26,2025-03-01,2025-03-01,2,17,2642,445.57,358.53,420.43,-333.39,-0.7482,3,0,True,True,42
SHP001088,ORD001088,CUS0037,SKU0010,CAR002,LOC004,LOC012,20250226,20250226,20250301,20250302,2025-02-26,2025-02-26,2025-03-01,2025-03-02,2,9,451,501.3,364.23,138.36,-1.29,-0.0026,4,1,False,False,55
SHP001212,ORD001212,CUS0230,SKU0016,CAR005,LOC009,LOC032,20250226,20250226,20250304,20250303,2025-02-26,2025-02-26,2025-03-04,2025-03-03,1,6,1715,1620.36,1190.7,332.42,97.24,0.06,5,0,True,False,5
SHP001244,ORD001244,CUS0064,SKU0022,CAR006,LOC008,LOC014,20250226,20250226,20250304,20250306,2025-02-26,2025-02-26,2025-03-04,2025-03-06,1,2,2510,365.42,232.5,338.79,-205.87,-0.5634,8,2,False,False,66
SHP001286,ORD001286,CUS0027,SKU0022,CAR004,LOC010,LOC018,20250226,20250227,20250304,20250305,2025-02-26,2025-02-27,2025-03-04,2025-03-05,1,18,653,3288.78,2092.5,245.06,951.22,0.2892,6,1,False,False,48
SHP001340,ORD001340,CUS0012,SKU0013,CAR001,LOC006,LOC032,20250226,20250226,20250304,20250304,2025-02-26,2025-02-26,2025-03-04,2025-03-04,1,5,1963,1221.25,823.05,355.48,42.72,0.035,6,0,True,True,35
SHP001347,ORD001347,CUS0093,SKU0026,CAR004,LOC010,LOC016,20250226,20250226,20250227,20250227,2025-02-26,2025-02-26,2025-02-27,2025-02-27,3,2,1561,757.28,507.02,246.44,3.82,0.005,1,0,True,False,20
SHP001376,ORD001376,CUS0232,SKU0026,CAR005,LOC002,LOC032,20250226,20250226,20250304,20250304,2025-02-26,2025-02-26,2025-03-04,2025-03-04,1,12,463,4543.68,3042.12,105.17,1396.39,0.3073,6,0,True,False,5
SHP001512,ORD001512,CUS0081,SKU0024,CAR002,LOC010,LOC017,20250226,20250226,20250304,20250303,2025-02-26,2025-02-26,2025-03-04,2025-03-03,1,2,2364,110.14,90.9,361.58,-342.34,-3.1082,5,0,True,False,5
SHP001566,ORD001566,CUS0099,SKU0020,CAR001,LOC001,LOC022,20250226,20250227,20250304,20250307,2025-02-26,2025-02-27,2025-03-04,2025-03-07,1,8,508,1158.24,764.8,170.96,222.48,0.1921,8,3,False,False,84
SHP001720,ORD001720,CUS0046,SKU0009,CAR003,LOC006,LOC020,20250226,20250227,20250304,20250302,2025-02-26,2025-02-27,2025-03-04,2025-03-02,1,12,1307,6819.96,4086.48,603.56,2129.92,0.3123,3,0,True,False,5
SHP001877,ORD001877,CUS0043,SKU0011,CAR003,LOC007,LOC031,20250226,20250226,20250304,20250305,2025-02-26,2025-02-26,2025-03-04,2025-03-05,1,14,1575,5686.66,3442.18,636.16,1608.32,0.2828,7,1,False,False,48
SHP001930,ORD001930,CUS0135,SKU0020,CAR004,LOC001,LOC011,20250226,20250226,20250304,20250305,2025-02-26,2025-02-26,2025-03-04,2025-03-05,1,4,231,579.12,382.4,57.19,139.53,0.2409,7,1,False,False,48
SHP001951,ORD001951,CUS0217,SKU0009,CAR001,LOC003,LOC024,20250226,20250227,20250304,20250303,2025-02-26,2025-02-27,2025-03-04,2025-03-03,1,4,1604,2273.32,1362.16,322.7,588.46,0.2589,4,0,True,False,5
SHP002075,ORD002075,CUS0103,SKU0034,CAR004,LOC001,LOC022,20250226,20250226,20250301,20250303,2025-02-26,2025-02-26,2025-03-01,2025-03-03,2,12,1486,8294.52,4689.48,292.65,3312.39,0.3993,5,2,False,False,73
SHP002257,ORD002257,CUS0175,SKU0007,CAR002,LOC006,LOC025,20250226,20250227,20250304,20250305,2025-02-26,2025-02-27,2025-03-04,2025-03-05,1,3,2315,393.75,216.18,342.03,-164.46,-0.4177,6,1,False,False,48
SHP002258,ORD002258,CUS0023,SKU0007,CAR004,LOC006,LOC027,20250226,20250227,20250301,20250227,2025-02-26,2025-02-27,2025-03-01,2025-02-27,2,11,72,1443.75,792.66,64.67,586.42,0.4062,0,0,True,False,12
SHP002319,ORD002319,CUS0018,SKU0032,CAR005,LOC006,LOC024,20250226,20250226,20250227,20250227,2025-02-26,2025-02-26,2025-02-27,2025-02-27,3,6,1234,772.08,539.7,315.03,-82.65,-0.107,1,0,True,False,20
SHP002470,ORD002470,CUS0176,SKU0014,CAR001,LOC009,LOC017,20250226,20250227,20250304,20250304,2025-02-26,2025-02-27,2025-03-04,2025-03-04,1,15,1348,3178.95,2407.65,313.68,457.62,0.144,5,0,True,False,5
SHP000098,ORD000098,CUS0186,SKU0035,CAR002,LOC010,LOC012,20250227,20250227,20250302,20250301,2025-02-27,2025-02-27,2025-03-02,2025-03-01,2,3,281,429.18,319.95,64.73,44.5,0.1037,2,0,True,False,12
SHP000306,ORD000306,CUS0094,SKU0035,CAR004,LOC003,LOC011,20250227,20250228,20250305,20250306,2025-02-27,2025-02-28,2025-03-05,2025-03-06,1,9,72,1287.54,959.85,84.36,243.33,0.189,6,1,False,False,48
SHP000314,ORD000314,CUS0186,SKU0001,CAR001,LOC005,LOC011,20250227,20250228,20250305,20250306,2025-02-27,2025-02-28,2025-03-05,2025-03-06,1,13,1235,324.61,237.9,247.08,-160.37,-0.494,6,1,False,False,48
SHP000339,ORD000339,CUS0047,SKU0008,CAR005,LOC001,LOC016,20250227,20250228,20250305,20250307,2025-02-27,2025-02-28,2025-03-05,2025-03-07,1,17,624,3973.24,2797.01,156.1,1020.13,0.2568,7,2,False,False,66
SHP000373,ORD000373,CUS0109,SKU0012,CAR005,LOC009,LOC029,20250227,20250228,20250305,20250307,2025-02-27,2025-02-28,2025-03-05,2025-03-07,1,8,1039,4806.32,2612.0,244.22,1950.1,0.4057,7,2,False,False,66
SHP000426,ORD000426,CUS0187,SKU0014,CAR004,LOC007,LOC024,20250227,20250227,20250302,20250303,2025-02-27,2025-02-27,2025-03-02,2025-03-03,2,3,1772,635.79,481.53,245.39,-91.13,-0.1433,4,1,False,False,55
SHP000533,ORD000533,CUS0054,SKU0022,CAR004,LOC008,LOC011,20250227,20250227,20250305,20250306,2025-02-27,2025-02-27,2025-03-05,2025-03-06,1,11,617,2009.81,1278.75,178.71,552.35,0.2748,7,1,False,False,48
SHP000564,ORD000564,CUS0036,SKU0024,CAR005,LOC008,LOC032,20250227,20250228,20250302,20250228,2025-02-27,2025-02-28,2025-03-02,2025-02-28,2,1,595,55.07,45.45,118.98,-109.36,-1.9858,0,0,True,False,12
SHP000606,ORD000606,CUS0062,SKU0035,CAR002,LOC002,LOC014,20250227,20250228,20250228,20250228,2025-02-27,2025-02-28,2025-02-28,2025-02-28,3,16,936,2288.96,1706.4,292.83,289.73,0.1266,0,0,True,False,20
SHP000651,ORD000651,CUS0159,SKU0035,CAR003,LOC003,LOC017,20250227,20250228,20250228,20250228,2025-02-27,2025-02-28,2025-02-28,2025-02-28,3,3,897,429.18,319.95,546.26,-437.03,-1.0183,0,0,True,False,20
SHP000856,ORD000856,CUS0217,SKU0022,CAR005,LOC007,LOC028,20250227,20250228,20250305,20250305,2025-02-27,2025-02-28,2025-03-05,2025-03-05,1,16,1564,2923.36,1860.0,334.35,729.01,0.2494,5,0,True,False,5
SHP000981,ORD000981,CUS0052,SKU0004,CAR002,LOC008,LOC011,20250227,20250227,20250305,20250303,2025-02-27,2025-02-27,2025-03-05,2025-03-03,1,14,1644,348.04,265.02,365.13,-282.11,-0.8106,4,0,True,False,5
SHP001024,ORD001024,CUS0053,SKU0026,CAR002,LOC004,LOC017,20250227,20250228,20250305,20250306,2025-02-27,2025-02-28,2025-03-05,2025-03-06,1,17,531,6436.88,4309.67,114.23,2012.98,0.3127,6,1,False,False,48
SHP001045,ORD001045,CUS0003,SKU0007,CAR006,LOC009,LOC016,20250227,20250228,20250305,20250307,2025-02-27,2025-02-28,2025-03-05,2025-03-07,1,14,185,1837.5,1008.84,99.66,729.0,0.3967,7,2,False,False,66
SHP001073,ORD001073,CUS0066,SKU0028,CAR003,LOC010,LOC031,20250227,20250227,20250228,20250228,2025-02-27,2025-02-27,2025-02-28,2025-02-28,3,3,1134,1613.73,952.08,680.41,-18.76,-0.0116,1,0,True,False,20
SHP001176,ORD001176,CUS0020,SKU0027,CAR001,LOC005,LOC015,20250227,20250228,20250305,20250304,2025-02-27,2025-02-28,2025-03-05,2025-03-04,1,11,1115,4737.7,3989.04,332.88,415.78,0.0878,4,0,True,False,5
SHP001208,ORD001208,CUS0146,SKU0026,CAR002,LOC003,LOC013,20250227,20250227,20250228,20250228,2025-02-27,2025-02-27,2025-02-28,2025-02-28,3,9,368,3407.76,2281.59,106.67,1019.5,0.2992,1,0,True,False,20
SHP001390,ORD001390,CUS0117,SKU0001,CAR003,LOC010,LOC014,20250227,20250228,20250305,20250306,2025-02-27,2025-02-28,2025-03-05,2025-03-06,1,8,629,199.76,146.4,327.28,-273.92,-1.3712,6,1,False,False,48
SHP001496,ORD001496,CUS0136,SKU0004,CAR006,LOC005,LOC025,20250227,20250228,20250305,20250307,2025-02-27,2025-02-28,2025-03-05,2025-03-07,1,11,263,273.46,208.23,113.14,-47.91,-0.1752,7,2,False,False,66
SHP001599,ORD001599,CUS0012,SKU0020,CAR004,LOC004,LOC015,20250227,20250228,20250305,20250304,2025-02-27,2025-02-28,2025-03-05,2025-03-04,1,17,112,2461.26,1625.2,206.73,629.33,0.2557,4,0,True,False,5
SHP001624,ORD001624,CUS0034,SKU0038,CAR002,LOC002,LOC026,20250227,20250228,20250305,20250304,2025-02-27,2025-02-28,2025-03-05,2025-03-04,1,4,1690,466.4,304.12,271.61,-109.33,-0.2344,4,0,True,False,5
SHP001652,ORD001652,CUS0066,SKU0027,CAR004,LOC004,LOC023,20250227,20250227,20250302,20250302,2025-02-27,2025-02-27,2025-03-02,2025-03-02,2,12,1984,5168.4,4351.68,387.02,429.7,0.0831,3,0,True,False,12
SHP001683,ORD001683,CUS0004,SKU0028,CAR003,LOC005,LOC030,20250227,20250227,20250305,20250306,2025-02-27,2025-02-27,2025-03-05,2025-03-06,1,12,777,6454.92,3808.32,433.12,2213.48,0.3429,7,1,False,False,48
SHP001852,ORD001852,CUS0229,SKU0029,CAR001,LOC007,LOC013,20250227,20250227,20250302,20250301,2025-02-27,2025-02-27,2025-03-02,2025-03-01,2,12,409,3332.28,2245.44,187.98,898.86,0.2697,2,0,True,False,12
SHP001893,ORD001893,CUS0247,SKU0006,CAR005,LOC009,LOC031,20250227,20250227,20250305,20250308,2025-02-27,2025-02-27,2025-03-05,2025-03-08,1,2,490,825.28,641.26,89.22,94.8,0.1149,9,3,False,False,84
SHP002014,ORD002014,CUS0213,SKU0031,CAR003,LOC006,LOC013,20250227,20250228,20250305,20250306,2025-02-27,2025-02-28,2025-03-05,2025-03-06,1,13,1785,6577.48,4766.45,867.06,943.97,0.1435,6,1,False,False,48
SHP002024,ORD002024,CUS0119,SKU0030,CAR004,LOC007,LOC018,20250227,20250228,20250305,20250306,2025-02-27,2025-02-28,2025-03-05,2025-03-06,1,12,778,8285.28,4901.04,195.3,3188.94,0.3849,6,1,False,False,48
SHP002330,ORD002330,CUS0182,SKU0020,CAR002,LOC003,LOC021,20250227,20250228,20250228,20250228,2025-02-27,2025-02-28,2025-02-28,2025-02-28,3,1,1112,144.78,95.6,234.58,-185.4,-1.2806,0,0,True,False,20
SHP002418,ORD002418,CUS0161,SKU0037,CAR006,LOC010,LOC022,20250227,20250228,20250302,20250304,2025-02-27,2025-02-28,2025-03-02,2025-03-04,2,18,879,7372.44,5823.36,249.1,1299.98,0.1763,4,2,False,False,73
SHP002448,ORD002448,CUS0195,SKU0008,CAR004,LOC007,LOC024,20250227,20250227,20250228,20250228,2025-02-27,2025-02-27,2025-02-28,2025-02-28,3,3,1654,701.16,493.59,304.4,-96.83,-0.1381,1,0,True,False,20
SHP002472,ORD002472,CUS0219,SKU0011,CAR005,LOC009,LOC015,20250227,20250227,20250305,20250305,2025-02-27,2025-02-27,2025-03-05,2025-03-05,1,5,703,2030.95,1229.35,127.24,674.36,0.332,6,0,True,False,5
SHP000518,ORD000518,CUS0095,SKU0036,CAR001,LOC006,LOC029,20250228,20250301,20250306,20250305,2025-02-28,2025-03-01,2025-03-06,2025-03-05,1,6,2534,391.08,259.74,386.79,-255.45,-0.6532,4,0,True,False,5
SHP000539,ORD000539,CUS0219,SKU0004,CAR003,LOC008,LOC022,20250228,20250228,20250306,20250302,2025-02-28,2025-02-28,2025-03-06,2025-03-02,1,14,1192,348.04,265.02,623.87,-540.85,-1.554,2,0,True,False,5
SHP000591,ORD000591,CUS0124,SKU0039,CAR001,LOC001,LOC027,20250228,20250301,20250306,20250305,2025-02-28,2025-03-01,2025-03-06,2025-03-05,1,18,871,11857.5,7032.78,233.62,4591.1,0.3872,4,0,True,False,5
SHP000686,ORD000686,CUS0196,SKU0017,CAR004,LOC008,LOC012,20250228,20250301,20250306,20250309,2025-02-28,2025-03-01,2025-03-06,2025-03-09,1,16,645,2201.6,1575.68,312.72,313.2,0.1423,8,3,False,False,84
SHP000701,ORD000701,CUS0220,SKU0013,CAR004,LOC007,LOC011,20250228,20250301,20250306,20250307,2025-02-28,2025-03-01,2025-03-06,2025-03-07,1,4,1970,977.0,658.44,294.46,24.1,0.0247,6,1,False,False,48
SHP000756,ORD000756,CUS0129,SKU0023,CAR005,LOC007,LOC027,20250228,20250228,20250306,20250306,2025-02-28,2025-02-28,2025-03-06,2025-03-06,1,6,933,1742.58,942.84,164.95,634.79,0.3643,6,0,True,False,5
SHP000885,ORD000885,CUS0230,SKU0034,CAR002,LOC006,LOC027,20250228,20250228,20250306,20250306,2025-02-28,2025-02-28,2025-03-06,2025-03-06,1,1,204,691.21,390.79,32.93,267.49,0.387,6,0,True,False,5
SHP000887,ORD000887,CUS0072,SKU0036,CAR001,LOC005,LOC012,20250228,20250228,20250306,20250306,2025-02-28,2025-02-28,2025-03-06,2025-03-06,1,9,330,586.62,389.61,59.88,137.13,0.2338,6,0,True,False,5
SHP000902,ORD000902,CUS0066,SKU0017,CAR005,LOC007,LOC023,20250228,20250301,20250306,20250305,2025-02-28,2025-03-01,2025-03-06,2025-03-05,1,7,164,963.2,689.36,74.94,198.9,0.2065,4,0,True,False,5
SHP000995,ORD000995,CUS0157,SKU0007,CAR001,LOC002,LOC011,20250228,20250301,20250303,20250304,2025-02-28,2025-03-01,2025-03-03,2025-03-04,2,11,402,1443.75,792.66,120.21,530.88,0.3677,3,1,False,False,55
SHP001079,ORD001079,CUS0042,SKU0016,CAR006,LOC009,LOC026,20250228,20250301,20250306,20250306,2025-02-28,2025-03-01,2025-03-06,2025-03-06,1,4,1615,1080.24,793.8,221.05,65.39,0.0605,5,0,True,False,5
SHP001118,ORD001118,CUS0231,SKU0013,CAR001,LOC006,LOC011,20250228,20250301,20250306,20250308,2025-02-28,2025-03-01,2025-03-06,2025-03-08,1,12,219,2931.0,1975.32,132.67,823.01,0.2808,7,2,False,False,66
SHP001179,ORD001179,CUS0244,SKU0007,CAR002,LOC009,LOC028,20250228,20250228,20250306,20250306,2025-02-28,2025-02-28,2025-03-06,2025-03-06,1,7,1464,918.75,504.42,243.43,170.9,0.186,6,0,True,False,5
SHP001332,ORD001332,CUS0125,SKU0009,CAR003,LOC002,LOC028,20250228,20250228,20250306,20250307,2025-02-28,2025-02-28,2025-03-06,2025-03-07,1,3,1647,1704.99,1021.62,831.77,-148.4,-0.087,7,1,False,False,48
SHP001387,ORD001387,CUS0243,SKU0022,CAR002,LOC005,LOC023,20250228,20250301,20250306,20250305,2025-02-28,2025-03-01,2025-03-06,2025-03-05,1,9,1588,1644.39,1046.25,360.18,237.96,0.1447,4,0,True,False,5
SHP001673,ORD001673,CUS0050,SKU0027,CAR006,LOC007,LOC031,20250228,20250228,20250306,20250307,2025-02-28,2025-02-28,2025-03-06,2025-03-07,1,6,1173,2584.2,2175.84,203.18,205.18,0.0794,7,1,False,False,48
SHP002011,ORD002011,CUS0052,SKU0034,CAR001,LOC009,LOC025,20250228,20250228,20250306,20250308,2025-02-28,2025-02-28,2025-03-06,2025-03-08,1,18,2481,12441.78,7034.22,517.67,4889.89,0.393,8,2,False,False,66
SHP002069,ORD002069,CUS0181,SKU0005,CAR006,LOC002,LOC031,20250228,20250228,20250301,20250301,2025-02-28,2025-02-28,2025-03-01,2025-03-01,3,3,710,803.46,542.52,129.83,131.11,0.1632,1,0,True,False,20
SHP002163,ORD002163,CUS0038,SKU0020,CAR004,LOC001,LOC020,20250228,20250228,20250306,20250305,2025-02-28,2025-02-28,2025-03-06,2025-03-05,1,10,1400,1447.8,956.0,268.27,223.53,0.1544,5,0,True,False,5
SHP002168,ORD002168,CUS0089,SKU0015,CAR001,LOC003,LOC018,20250228,20250228,20250306,20250306,2025-02-28,2025-02-28,2025-03-06,2025-03-06,1,8,1397,2682.16,2071.68,319.49,290.99,0.1085,6,0,True,False,5
SHP002238,ORD002238,CUS0038,SKU0028,CAR003,LOC007,LOC014,20250228,20250228,20250306,20250305,2025-02-28,2025-02-28,2025-03-06,2025-03-05,1,17,1679,9144.47,5395.12,854.45,2894.9,0.3166,5,0,True,False,5
SHP002281,ORD002281,CUS0165,SKU0028,CAR004,LOC001,LOC017,20250228,20250228,20250303,20250305,2025-02-28,2025-02-28,2025-03-03,2025-03-05,2,2,1465,1075.82,634.72,195.59,245.51,0.2282,5,2,False,False,73
SHP002427,ORD002427,CUS0110,SKU0006,CAR001,LOC010,LOC032,20250228,20250301,20250306,20250306,2025-02-28,2025-03-01,2025-03-06,2025-03-06,1,4,1454,1650.56,1282.52,274.56,93.48,0.0566,5,0,True,False,5
SHP002444,ORD002444,CUS0153,SKU0028,CAR005,LOC006,LOC029,20250228,20250228,20250306,20250306,2025-02-28,2025-02-28,2025-03-06,2025-03-06,1,13,972,6992.83,4125.68,223.37,2643.78,0.3781,6,0,True,False,5
SHP000092,ORD000092,CUS0137,SKU0028,CAR004,LOC005,LOC017,20250301,20250301,20250304,20250307,2025-03-01,2025-03-01,2025-03-04,2025-03-07,2,18,1010,9682.38,5712.48,192.9,3777.0,0.3901,6,3,False,False,91
SHP000120,ORD000120,CUS0205,SKU0029,CAR003,LOC007,LOC032,20250301,20250302,20250302,20250302,2025-03-01,2025-03-02,2025-03-02,2025-03-02,3,7,353,1943.83,1309.84,356.12,277.87,0.1429,0,0,True,False,20
SHP000237,ORD000237,CUS0040,SKU0003,CAR003,LOC008,LOC029,20250301,20250302,20250304,20250302,2025-03-01,2025-03-02,2025-03-04,2025-03-02,2,5,2631,131.05,105.45,1494.82,-1469.22,-11.2111,0,0,True,False,12
SHP000410,ORD000410,CUS0203,SKU0012,CAR003,LOC002,LOC023,20250301,20250302,20250304,20250306,2025-03-01,2025-03-02,2025-03-04,2025-03-06,2,13,2637,7810.27,4244.5,1606.03,1959.74,0.2509,4,2,False,False,73
SHP000429,ORD000429,CUS0068,SKU0010,CAR003,LOC005,LOC024,20250301,20250301,20250307,20250310,2025-03-01,2025-03-01,2025-03-07,2025-03-10,1,1,2005,55.7,40.47,961.32,-946.09,-16.9855,9,3,False,False,84
SHP000459,ORD000459,CUS0219,SKU0040,CAR004,LOC003,LOC018,20250301,20250301,20250307,20250309,2025-03-01,2025-03-01,2025-03-07,2025-03-09,1,18,315,5057.64,3102.84,116.64,1838.16,0.3634,8,2,False,False,66
SHP000497,ORD000497,CUS0030,SKU0002,CAR002,LOC008,LOC029,20250301,20250301,20250307,20250309,2025-03-01,2025-03-01,2025-03-07,2025-03-09,1,14,1893,7138.04,4015.2,276.74,2846.1,0.3987,8,2,False,False,66
SHP000545,ORD000545,CUS0167,SKU0022,CAR006,LOC001,LOC030,20250301,20250301,20250304,20250304,2025-03-01,2025-03-01,2025-03-04,2025-03-04,2,4,1414,730.84,465.0,228.93,36.91,0.0505,3,0,True,False,12
SHP000689,ORD000689,CUS0120,SKU0030,CAR006,LOC007,LOC024,20250301,20250301,20250304,20250302,2025-03-01,2025-03-01,2025-03-04,2025-03-02,2,12,516,8285.28,4901.04,133.88,3250.36,0.3923,1,0,True,False,12
SHP001077,ORD001077,CUS0040,SKU0012,CAR005,LOC005,LOC027,20250301,20250301,20250307,20250308,2025-03-01,2025-03-01,2025-03-07,2025-03-08,1,12,105,7209.48,3918.0,112.34,3179.14,0.441,7,1,False,False,48
SHP001236,ORD001236,CUS0197,SKU0011,CAR004,LOC008,LOC016,20250301,20250301,20250307,20250307,2025-03-01,2025-03-01,2025-03-07,2025-03-07,1,18,1724,7311.42,4425.66,192.25,2693.51,0.3684,6,0,True,False,5
SHP001366,ORD001366,CUS0233,SKU0001,CAR004,LOC003,LOC018,20250301,20250301,20250304,20250302,2025-03-01,2025-03-01,2025-03-04,2025-03-02,2,5,539,124.85,91.5,81.18,-47.83,-0.3831,1,0,True,False,12
SHP001396,ORD001396,CUS0175,SKU0026,CAR003,LOC002,LOC019,20250301,20250301,20250307,20250310,2025-03-01,2025-03-01,2025-03-07,2025-03-10,1,14,1735,5300.96,3549.14,817.29,934.53,0.1763,9,3,False,False,84
SHP001422,ORD001422,CUS0167,SKU0037,CAR003,LOC006,LOC017,20250301,20250301,20250307,20250306,2025-03-01,2025-03-01,2025-03-07,2025-03-06,1,4,632,1638.32,1294.08,302.73,41.51,0.0253,5,0,True,False,5
SHP001474,ORD001474,CUS0118,SKU0008,CAR005,LOC010,LOC028,20250301,20250301,20250307,20250305,2025-03-01,2025-03-01,2025-03-07,2025-03-05,1,14,523,3272.08,2303.42,137.87,830.79,0.2539,4,0,True,False,5
SHP001480,ORD001480,CUS0242,SKU0034,CAR006,LOC009,LOC028,20250301,20250301,20250307,20250306,2025-03-01,2025-03-01,2025-03-07,2025-03-06,1,15,1476,10368.15,5861.85,319.56,4186.74,0.4038,5,0,True,False,5
SHP001494,ORD001494,CUS0138,SKU0018,CAR006,LOC009,LOC021,20250301,20250302,20250307,20250308,2025-03-01,2025-03-02,2025-03-07,2025-03-08,1,14,2304,1722.0,1433.18,364.86,-76.04,-0.0442,6,1,False,False,48
SHP001583,ORD001583,CUS0110,SKU0007,CAR001,LOC003,LOC017,20250301,20250302,20250307,20250305,2025-03-01,2025-03-02,2025-03-07,2025-03-05,1,14,2591,1837.5,1008.84,535.18,293.48,0.1597,3,0,True,False,5
SHP001732,ORD001732,CUS0227,SKU0027,CAR006,LOC007,LOC023,20250301,20250302,20250307,20250307,2025-03-01,2025-03-02,2025-03-07,2025-03-07,1,3,2143,1292.1,1087.92,261.88,-57.7,-0.0447,5,0,True,False,5
SHP001901,ORD001901,CUS0235,SKU0035,CAR005,LOC004,LOC028,20250301,20250301,20250304,20250305,2025-03-01,2025-03-01,2025-03-04,2025-03-05,2,1,102,143.06,106.65,28.52,7.89,0.0552,4,1,False,False,55
SHP002127,ORD002127,CUS0043,SKU0010,CAR004,LOC001,LOC017,20250301,20250301,20250307,20250307,2025-03-01,2025-03-01,2025-03-07,2025-03-07,1,15,2146,835.5,607.05,396.19,-167.74,-0.2008,6,0,True,False,5
SHP002151,ORD002151,CUS0179,SKU0020,CAR001,LOC004,LOC029,20250301,20250302,20250307,20250311,2025-03-01,2025-03-02,2025-03-07,2025-03-11,1,15,821,2171.7,1434.0,294.96,442.74,0.2039,9,4,False,False,100
SHP002193,ORD002193,CUS0093,SKU0012,CAR001,LOC009,LOC031,20250301,20250301,20250307,20250306,2025-03-01,2025-03-01,2025-03-07,2025-03-06,1,4,248,2403.16,1306.0,83.67,1013.49,0.4217,5,0,True,False,5
SHP002219,ORD002219,CUS0100,SKU0008,CAR002,LOC006,LOC019,20250301,20250302,20250307,20250306,2025-03-01,2025-03-02,2025-03-07,2025-03-06,1,4,2476,934.88,658.12,323.98,-47.22,-0.0505,4,0,True,False,5
SHP002226,ORD002226,CUS0220,SKU0027,CAR003,LOC003,LOC015,20250301,20250301,20250302,20250302,2025-03-01,2025-03-01,2025-03-02,2025-03-02,3,8,1368,3445.6,2901.12,856.63,-312.15,-0.0906,1,0,True,False,20
SHP002229,ORD002229,CUS0038,SKU0016,CAR002,LOC006,LOC015,20250301,20250301,20250307,20250307,2025-03-01,2025-03-01,2025-03-07,2025-03-07,1,1,2411,270.06,198.45,355.02,-283.41,-1.0494,6,0,True,False,5
SHP002334,ORD002334,CUS0003,SKU0002,CAR006,LOC010,LOC019,20250301,20250302,20250302,20250303,2025-03-01,2025-03-02,2025-03-02,2025-03-03,3,15,1803,7647.9,4302.0,319.89,3026.01,0.3957,1,1,False,False,63
SHP002398,ORD002398,CUS0188,SKU0003,CAR004,LOC006,LOC015,20250301,20250301,20250304,20250307,2025-03-01,2025-03-01,2025-03-04,2025-03-07,2,9,1000,235.89,189.81,159.51,-113.43,-0.4809,6,3,False,False,91
SHP002465,ORD002465,CUS0018,SKU0014,CAR005,LOC006,LOC018,20250301,20250301,20250307,20250308,2025-03-01,2025-03-01,2025-03-07,2025-03-08,1,7,466,1483.51,1123.57,107.29,252.65,0.1703,7,1,False,False,48
SHP000040,ORD000040,CUS0174,SKU0024,CAR005,LOC007,LOC027,20250302,20250303,20250303,20250305,2025-03-02,2025-03-03,2025-03-03,2025-03-05,3,7,1874,385.49,318.15,403.68,-336.34,-0.8725,2,2,False,False,81
SHP000044,ORD000044,CUS0115,SKU0031,CAR005,LOC004,LOC015,20250302,20250303,20250305,20250306,2025-03-02,2025-03-03,2025-03-05,2025-03-06,2,5,91,2529.8,1833.25,59.39,637.16,0.2519,3,1,False,False,55
SHP000080,ORD000080,CUS0083,SKU0019,CAR003,LOC010,LOC018,20250302,20250302,20250308,20250309,2025-03-02,2025-03-02,2025-03-08,2025-03-09,1,7,312,442.4,246.89,183.5,12.01,0.0271,7,1,False,False,48
SHP000212,ORD000212,CUS0078,SKU0001,CAR004,LOC010,LOC015,20250302,20250303,20250305,20250305,2025-03-02,2025-03-03,2025-03-05,2025-03-05,2,7,483,174.79,128.1,83.96,-37.27,-0.2132,2,0,True,False,12
SHP000376,ORD000376,CUS0091,SKU0027,CAR003,LOC010,LOC020,20250302,20250303,20250308,20250308,2025-03-02,2025-03-03,2025-03-08,2025-03-08,1,11,1254,4737.7,3989.04,676.38,72.28,0.0153,5,0,True,False,5
SHP000377,ORD000377,CUS0208,SKU0019,CAR006,LOC005,LOC019,20250302,20250302,20250308,20250307,2025-03-02,2025-03-02,2025-03-08,2025-03-07,1,2,407,126.4,70.54,53.85,2.01,0.0159,5,0,True,False,5
SHP000444,ORD000444,CUS0004,SKU0012,CAR006,LOC009,LOC032,20250302,20250302,20250303,20250307,2025-03-02,2025-03-02,2025-03-03,2025-03-07,3,12,2083,7209.48,3918.0,498.22,2793.26,0.3874,5,4,False,False,100
SHP000830,ORD000830,CUS0136,SKU0021,CAR001,LOC005,LOC015,20250302,20250303,20250308,20250309,2025-03-02,2025-03-03,2025-03-08,2025-03-09,1,17,2549,1447.55,1136.62,699.01,-388.08,-0.2681,6,1,False,False,48
SHP000846,ORD000846,CUS0154,SKU0024,CAR003,LOC004,LOC027,20250302,20250302,20250305,20250306,2025-03-02,2025-03-02,2025-03-05,2025-03-06,2,9,2046,495.63,409.05,1056.13,-969.55,-1.9562,4,1,False,False,55
SHP000889,ORD000889,CUS0056,SKU0038,CAR005,LOC008,LOC031,20250302,20250302,20250308,20250306,2025-03-02,2025-03-02,2025-03-08,2025-03-06,1,18,2452,2098.8,1368.54,567.11,163.15,0.0777,4,0,True,False,5
SHP000976,ORD000976,CUS0176,SKU0019,CAR005,LOC008,LOC030,20250302,20250303,20250303,20250303,2025-03-02,2025-03-03,2025-03-03,2025-03-03,3,13,1654,821.6,458.51,486.44,-123.35,-0.1501,0,0,True,False,20
SHP001008,ORD001008,CUS0107,SKU0024,CAR002,LOC006,LOC031,20250302,20250303,20250308,20250308,2025-03-02,2025-03-03,2025-03-08,2025-03-08,1,15,927,826.05,681.75,162.41,-18.11,-0.0219,5,0,True,False,5
SHP001076,ORD001076,CUS0005,SKU0016,CAR002,LOC002,LOC019,20250302,20250302,20250303,20250304,2025-03-02,2025-03-02,2025-03-03,2025-03-04,3,6,2538,1620.36,1190.7,501.45,-71.79,-0.0443,2,1,False,False,63
SHP001497,ORD001497,CUS0092,SKU0014,CAR002,LOC008,LOC014,20250302,20250303,20250308,20250307,2025-03-02,2025-03-03,2025-03-08,2025-03-07,1,12,1281,2543.16,1926.12,216.82,400.22,0.1574,4,0,True,False,5
SHP001604,ORD001604,CUS0182,SKU0032,CAR003,LOC002,LOC029,20250302,20250302,20250308,20250308,2025-03-02,2025-03-02,2025-03-08,2025-03-08,1,15,1480,1930.2,1349.25,687.88,-106.93,-0.0554,6,0,True,False,5
SHP001816,ORD001816,CUS0156,SKU0040,CAR005,LOC004,LOC032,20250302,20250302,20250308,20250308,2025-03-02,2025-03-02,2025-03-08,2025-03-08,1,8,386,2247.84,1379.04,91.18,777.62,0.3459,6,0,True,False,5
SHP001895,ORD001895,CUS0092,SKU0029,CAR005,LOC001,LOC021,20250302,20250302,20250305,20250305,2025-03-02,2025-03-02,2025-03-05,2025-03-05,2,13,885,3609.97,2432.56,241.48,935.93,0.2593,3,0,True,False,12
SHP001902,ORD001902,CUS0225,SKU0008,CAR005,LOC008,LOC031,20250302,20250303,20250308,20250308,2025-03-02,2025-03-03,2025-03-08,2025-03-08,1,4,1268,934.88,658.12,190.61,86.15,0.0922,5,0,True,False,5
SHP001994,ORD001994,CUS0199,SKU0022,CAR005,LOC005,LOC022,20250302,20250303,20250308,20250309,2025-03-02,2025-03-03,2025-03-08,2025-03-09,1,17,258,3106.07,1976.25,242.4,887.42,0.2857,6,1,False,False,48
SHP002139,ORD002139,CUS0236,SKU0011,CAR005,LOC005,LOC029,20250302,20250303,20250308,20250305,2025-03-02,2025-03-03,2025-03-08,2025-03-05,1,16,382,6499.04,3933.92,62.21,2502.91,0.3851,2,0,True,False,5
SHP002186,ORD002186,CUS0005,SKU0016,CAR006,LOC009,LOC026,20250302,20250302,20250305,20250305,2025-03-02,2025-03-02,2025-03-05,2025-03-05,2,16,889,4320.96,3175.2,252.87,892.89,0.2066,3,0,True,False,12
SHP002392,ORD002392,CUS0012,SKU0029,CAR002,LOC009,LOC024,20250302,20250303,20250308,20250310,2025-03-02,2025-03-03,2025-03-08,2025-03-10,1,1,2066,277.69,187.12,257.55,-166.98,-0.6013,7,2,False,False,66
SHP002468,ORD002468,CUS0030,SKU0009,CAR003,LOC005,LOC017,20250302,20250303,20250308,20250308,2025-03-02,2025-03-03,2025-03-08,2025-03-08,1,2,2415,1136.66,681.08,1115.69,-660.11,-0.5807,5,0,True,False,5
SHP000049,ORD000049,CUS0184,SKU0005,CAR004,LOC005,LOC027,20250303,20250304,20250306,20250307,2025-03-03,2025-03-04,2025-03-06,2025-03-07,2,5,887,1339.1,904.2,139.27,295.63,0.2208,3,1,False,False,55
SHP000180,ORD000180,CUS0116,SKU0011,CAR001,LOC002,LOC013,20250303,20250304,20250306,20250307,2025-03-03,2025-03-04,2025-03-06,2025-03-07,2,8,206,3249.52,1966.96,42.92,1239.64,0.3815,3,1,False,False,55
SHP000266,ORD000266,CUS0154,SKU0019,CAR005,LOC001,LOC029,20250303,20250303,20250306,20250305,2025-03-03,2025-03-03,2025-03-06,2025-03-05,2,3,1743,189.6,105.81,295.35,-211.56,-1.1158,2,0,True,False,12
SHP000293,ORD000293,CUS0079,SKU0029,CAR003,LOC003,LOC022,20250303,20250304,20250309,20250308,2025-03-03,2025-03-04,2025-03-09,2025-03-08,1,3,113,833.07,561.36,78.42,193.29,0.232,4,0,True,False,5
SHP000352,ORD000352,CUS0230,SKU0035,CAR003,LOC001,LOC027,20250303,20250304,20250309,20250309,2025-03-03,2025-03-04,2025-03-09,2025-03-09,1,15,1964,2145.9,1599.75,999.29,-453.14,-0.2112,5,0,True,False,5
SHP000495,ORD000495,CUS0186,SKU0039,CAR004,LOC007,LOC020,20250303,20250303,20250309,20250308,2025-03-03,2025-03-03,2025-03-09,2025-03-08,1,13,2596,8563.75,5079.23,423.22,3061.3,0.3575,5,0,True,False,5
SHP000531,ORD000531,CUS0090,SKU0025,CAR006,LOC010,LOC013,20250303,20250304,20250309,20250310,2025-03-03,2025-03-04,2025-03-09,2025-03-10,1,9,1222,4401.81,3009.06,168.6,1224.15,0.2781,6,1,False,False,48
SHP000557,ORD000557,CUS0069,SKU0031,CAR005,LOC004,LOC025,20250303,20250303,20250306,20250304,2025-03-03,2025-03-03,2025-03-06,2025-03-04,2,16,2461,8095.36,5866.4,549.32,1679.64,0.2075,1,0,True,False,12
SHP000590,ORD000590,CUS0219,SKU0028,CAR001,LOC003,LOC019,20250303,20250304,20250309,20250311,2025-03-03,2025-03-04,2025-03-09,2025-03-11,1,13,1299,6992.83,4125.68,250.4,2616.75,0.3742,7,2,False,False,66
SHP000664,ORD000664,CUS0178,SKU0035,CAR003,LOC001,LOC014,20250303,20250304,20250309,20250308,2025-03-03,2025-03-04,2025-03-09,2025-03-08,1,2,2640,286.12,213.3,1061.77,-988.95,-3.4564,4,0,True,False,5
SHP000816,ORD000816,CUS0063,SKU0033,CAR004,LOC006,LOC028,20250303,20250303,20250309,20250310,2025-03-03,2025-03-03,2025-03-09,2025-03-10,1,18,140,10998.72,6955.56,176.03,3867.13,0.3516,7,1,False,False,48
SHP000923,ORD000923,CUS0161,SKU0013,CAR005,LOC002,LOC019,20250303,20250304,20250309,20250305,2025-03-03,2025-03-04,2025-03-09,2025-03-05,1,12,1926,2931.0,1975.32,441.54,514.14,0.1754,1,0,True,False,5
SHP000962,ORD000962,CUS0202,SKU0032,CAR003,LOC002,LOC020,20250303,20250303,20250309,20250311,2025-03-03,2025-03-03,2025-03-09,2025-03-11,1,10,295,1286.8,899.5,136.24,251.06,0.1951,8,2,False,False,66
SHP001012,ORD001012,CUS0125,SKU0021,CAR003,LOC004,LOC030,20250303,20250303,20250309,20250308,2025-03-03,2025-03-03,2025-03-09,2025-03-08,1,9,2547,766.35,601.74,1165.79,-1001.18,-1.3064,5,0,True,False,5
SHP001107,ORD001107,CUS0055,SKU0013,CAR002,LOC009,LOC029,20250303,20250303,20250306,20250305,2025-03-03,2025-03-03,2025-03-06,2025-03-05,2,17,2138,4152.25,2798.37,468.49,885.39,0.2132,2,0,True,False,12
SHP001115,ORD001115,CUS0092,SKU0006,CAR001,LOC001,LOC030,20250303,20250303,20250306,20250305,2025-03-03,2025-03-03,2025-03-06,2025-03-05,2,9,845,3713.76,2885.67,200.85,627.24,0.1689,2,0,True,False,12
SHP001237,ORD001237,CUS0144,SKU0024,CAR006,LOC006,LOC015,20250303,20250303,20250309,20250309,2025-03-03,2025-03-03,2025-03-09,2025-03-09,1,9,703,495.63,409.05,117.17,-30.59,-0.0617,6,0,True,False,5
SHP001341,ORD001341,CUS0147,SKU0033,CAR003,LOC010,LOC027,20250303,20250304,20250309,20250308,2025-03-03,2025-03-04,2025-03-09,2025-03-08,1,3,1270,1833.12,1159.26,616.75,57.11,0.0312,4,0,True,False,5
SHP001398,ORD001398,CUS0017,SKU0009,CAR003,LOC004,LOC014,20250303,20250304,20250306,20250306,2025-03-03,2025-03-04,2025-03-06,2025-03-06,2,6,833,3409.98,2043.24,503.07,863.67,0.2533,2,0,True,False,12
SHP001571,ORD001571,CUS0061,SKU0009,CAR003,LOC007,LOC028,20250303,20250303,20250304,20250306,2025-03-03,2025-03-03,2025-03-04,2025-03-06,3,5,1329,2841.65,1702.7,935.75,203.2,0.0715,3,2,False,False,81
SHP001633,ORD001633,CUS0190,SKU0002,CAR005,LOC004,LOC031,20250303,20250304,20250309,20250309,2025-03-03,2025-03-04,2025-03-09,2025-03-09,1,6,2464,3059.16,1720.8,381.93,956.43,0.3126,5,0,True,False,5
SHP001761,ORD001761,CUS0026,SKU0014,CAR004,LOC002,LOC022,20250303,20250303,20250309,20250309,2025-03-03,2025-03-03,2025-03-09,2025-03-09,1,17,1720,3602.81,2728.67,251.68,622.46,0.1728,6,0,True,False,5
SHP001983,ORD001983,CUS0154,SKU0040,CAR001,LOC005,LOC028,20250303,20250304,20250306,20250305,2025-03-03,2025-03-04,2025-03-06,2025-03-05,2,15,622,4214.7,2585.7,152.85,1476.15,0.3502,1,0,True,False,12
SHP002061,ORD002061,CUS0232,SKU0029,CAR001,LOC002,LOC019,20250303,20250304,20250306,20250306,2025-03-03,2025-03-04,2025-03-06,2025-03-06,2,9,947,2499.21,1684.08,268.75,546.38,0.2186,2,0,True,False,12
SHP002148,ORD002148,CUS0034,SKU0040,CAR003,LOC009,LOC015,20250303,20250304,20250306,20250307,2025-03-03,2025-03-04,2025-03-06,2025-03-07,2,1,371,280.98,172.38,179.59,-70.99,-0.2527,3,1,False,False,55
SHP002218,ORD002218,CUS0240,SKU0029,CAR001,LOC002,LOC026,20250303,20250303,20250304,20250304,2025-03-03,2025-03-03,2025-03-04,2025-03-04,3,13,1833,3609.97,2432.56,507.67,669.74,0.1855,1,0,True,False,20
SHP002327,ORD002327,CUS0113,SKU0018,CAR001,LOC004,LOC019,20250303,20250304,20250309,20250309,2025-03-03,2025-03-04,2025-03-09,2025-03-09,1,8,815,984.0,818.96,159.21,5.83,0.0059,5,0,True,False,5
SHP002456,ORD002456,CUS0177,SKU0010,CAR003,LOC002,LOC024,20250303,20250303,20250309,20250307,2025-03-03,2025-03-03,2025-03-09,2025-03-07,1,18,254,1002.6,728.46,250.71,23.43,0.0234,4,0,True,False,5
SHP002485,ORD002485,CUS0117,SKU0025,CAR005,LOC001,LOC029,20250303,20250304,20250309,20250310,2025-03-03,2025-03-04,2025-03-09,2025-03-10,1,1,1016,489.09,334.34,147.07,7.68,0.0157,6,1,False,False,48
SHP002490,ORD002490,CUS0243,SKU0014,CAR006,LOC005,LOC026,20250303,20250303,20250306,20250307,2025-03-03,2025-03-03,2025-03-06,2025-03-07,2,10,866,2119.3,1605.1,170.11,344.09,0.1624,4,1,False,False,55
SHP002495,ORD002495,CUS0137,SKU0015,CAR002,LOC010,LOC014,20250303,20250303,20250309,20250310,2025-03-03,2025-03-03,2025-03-09,2025-03-10,1,12,1720,4023.24,3107.52,316.91,598.81,0.1488,7,1,False,False,48
SHP000077,ORD000077,CUS0240,SKU0036,CAR006,LOC006,LOC015,20250304,20250305,20250310,20250310,2025-03-04,2025-03-05,2025-03-10,2025-03-10,1,12,2294,782.16,519.48,336.73,-74.05,-0.0947,5,0,True,False,5
SHP000131,ORD000131,CUS0216,SKU0021,CAR004,LOC007,LOC028,20250304,20250305,20250310,20250308,2025-03-04,2025-03-05,2025-03-10,2025-03-08,1,6,109,510.9,401.16,60.9,48.84,0.0956,3,0,True,False,5
SHP000132,ORD000132,CUS0043,SKU0032,CAR001,LOC005,LOC012,20250304,20250305,20250310,20250308,2025-03-04,2025-03-05,2025-03-10,2025-03-08,1,15,2385,1930.2,1349.25,448.5,132.45,0.0686,3,0,True,False,5
SHP000520,ORD000520,CUS0018,SKU0023,CAR001,LOC008,LOC021,20250304,20250305,20250310,20250310,2025-03-04,2025-03-05,2025-03-10,2025-03-10,1,18,1780,5227.74,2828.52,312.78,2086.44,0.3991,5,0,True,False,5
SHP000571,ORD000571,CUS0074,SKU0006,CAR006,LOC003,LOC024,20250304,20250304,20250310,20250311,2025-03-04,2025-03-04,2025-03-10,2025-03-11,1,2,1288,825.28,641.26,186.07,-2.05,-0.0025,7,1,False,False,48
SHP000630,ORD000630,CUS0222,SKU0037,CAR003,LOC001,LOC016,20250304,20250305,20250310,20250311,2025-03-04,2025-03-05,2025-03-10,2025-03-11,1,12,2329,4914.96,3882.24,998.62,34.1,0.0069,6,1,False,False,48
SHP000649,ORD000649,CUS0025,SKU0008,CAR006,LOC006,LOC029,20250304,20250305,20250310,20250312,2025-03-04,2025-03-05,2025-03-10,2025-03-12,1,10,603,2337.2,1645.3,119.5,572.4,0.2449,7,2,False,False,66
SHP000714,ORD000714,CUS0153,SKU0028,CAR006,LOC010,LOC023,20250304,20250305,20250310,20250313,2025-03-04,2025-03-05,2025-03-10,2025-03-13,1,15,1182,8068.65,4760.4,234.35,3073.9,0.381,8,3,False,False,84
SHP000806,ORD000806,CUS0092,SKU0039,CAR005,LOC005,LOC024,20250304,20250305,20250307,20250306,2025-03-04,2025-03-05,2025-03-07,2025-03-06,2,13,2040,8563.75,5079.23,434.55,3049.97,0.3561,1,0,True,False,12
SHP000818,ORD000818,CUS0104,SKU0010,CAR005,LOC004,LOC012,20250304,20250305,20250310,20250310,2025-03-04,2025-03-05,2025-03-10,2025-03-10,1,3,2009,167.1,121.41,370.91,-325.22,-1.9463,5,0,True,False,5
SHP000831,ORD000831,CUS0143,SKU0008,CAR004,LOC006,LOC024,20250304,20250304,20250307,20250306,2025-03-04,2025-03-04,2025-03-07,2025-03-06,2,9,1567,2103.48,1480.77,287.52,335.19,0.1594,2,0,True,False,12
SHP000899,ORD000899,CUS0026,SKU0004,CAR001,LOC008,LOC015,20250304,20250304,20250310,20250309,2025-03-04,2025-03-04,2025-03-10,2025-03-09,1,13,1583,323.18,246.09,341.73,-264.64,-0.8189,5,0,True,False,5
SHP000942,ORD000942,CUS0194,SKU0024,CAR002,LOC010,LOC020,20250304,20250305,20250310,20250311,2025-03-04,2025-03-05,2025-03-10,2025-03-11,1,15,760,826.05,681.75,108.66,35.64,0.0431,6,1,False,False,48
SHP001022,ORD001022,CUS0226,SKU0038,CAR003,LOC004,LOC015,20250304,20250304,20250310,20250310,2025-03-04,2025-03-04,2025-03-10,2025-03-10,1,3,2155,349.8,228.09,920.9,-799.19,-2.2847,6,0,True,False,5
SHP001082,ORD001082,CUS0112,SKU0014,CAR006,LOC003,LOC031,20250304,20250305,20250310,20250310,2025-03-04,2025-03-05,2025-03-10,2025-03-10,1,1,672,211.93,160.51,89.69,-38.27,-0.1806,5,0,True,False,5
SHP001144,ORD001144,CUS0228,SKU0027,CAR003,LOC010,LOC019,20250304,20250304,20250307,20250307,2025-03-04,2025-03-04,2025-03-07,2025-03-07,2,7,479,3014.9,2538.48,305.55,170.87,0.0567,3,0,True,False,12
SHP001197,ORD001197,CUS0237,SKU0025,CAR001,LOC001,LOC023,20250304,20250305,20250307,20250309,2025-03-04,2025-03-05,2025-03-07,2025-03-09,2,16,2534,7825.44,5349.44,548.64,1927.36,0.2463,4,2,False,False,73
SHP001221,ORD001221,CUS0058,SKU0017,CAR001,LOC010,LOC013,20250304,20250304,20250307,20250308,2025-03-04,2025-03-04,2025-03-07,2025-03-08,2,10,561,1376.0,984.8,256.64,134.56,0.0978,4,1,False,False,55
SHP001274,ORD001274,CUS0123,SKU0032,CAR005,LOC006,LOC024,20250304,20250304,20250310,20250311,2025-03-04,2025-03-04,2025-03-10,2025-03-11,1,2,1160,257.36,179.9,202.6,-125.14,-0.4862,7,1,False,False,48
SHP001300,ORD001300,CUS0229,SKU0035,CAR001,LOC006,LOC018,20250304,20250304,20250307,20250308,2025-03-04,2025-03-04,2025-03-07,2025-03-08,2,11,2409,1573.66,1173.15,616.51,-216.0,-0.1373,4,1,False,False,55
SHP001507,ORD001507,CUS0033,SKU0034,CAR005,LOC010,LOC025,20250304,20250304,20250310,20250310,2025-03-04,2025-03-04,2025-03-10,2025-03-10,1,12,280,8294.52,4689.48,118.33,3486.71,0.4204,6,0,True,False,5
SHP001511,ORD001511,CUS0242,SKU0018,CAR003,LOC010,LOC031,20250304,20250304,20250307,20250305,2025-03-04,2025-03-04,2025-03-07,2025-03-05,2,3,162,369.0,307.11,104.26,-42.37,-0.1148,1,0,True,False,12
SHP001584,ORD001584,CUS0125,SKU0013,CAR003,LOC009,LOC014,20250304,20250304,20250307,20250306,2025-03-04,2025-03-04,2025-03-07,2025-03-06,2,18,998,4396.5,2962.98,718.48,715.04,0.1626,2,0,True,False,12
SHP001692,ORD001692,CUS0128,SKU0005,CAR003,LOC010,LOC032,20250304,20250304,20250310,20250310,2025-03-04,2025-03-04,2025-03-10,2025-03-10,1,6,324,1606.92,1085.04,145.65,376.23,0.2341,6,0,True,False,5
SHP001710,ORD001710,CUS0056,SKU0001,CAR004,LOC001,LOC023,20250304,20250304,20250307,20250310,2025-03-04,2025-03-04,2025-03-07,2025-03-10,2,15,2187,374.55,274.5,328.57,-228.52,-0.6101,6,3,False,False,91
SHP002195,ORD002195,CUS0125,SKU0018,CAR006,LOC006,LOC015,20250304,20250305,20250310,20250309,2025-03-04,2025-03-05,2025-03-10,2025-03-09,1,10,1633,1230.0,1023.7,247.43,-41.13,-0.0334,4,0,True,False,5
SHP002200,ORD002200,CUS0075,SKU0014,CAR001,LOC002,LOC017,20250304,20250304,20250310,20250310,2025-03-04,2025-03-04,2025-03-10,2025-03-10,1,18,255,3814.74,2889.18,78.75,846.81,0.222,6,0,True,False,5
SHP002269,ORD002269,CUS0114,SKU0004,CAR006,LOC004,LOC021,20250304,20250304,20250307,20250306,2025-03-04,2025-03-04,2025-03-07,2025-03-06,2,7,1978,174.02,132.51,336.27,-294.76,-1.6938,2,0,True,False,12
SHP002279,ORD002279,CUS0186,SKU0037,CAR005,LOC004,LOC023,20250304,20250305,20250310,20250312,2025-03-04,2025-03-05,2025-03-10,2025-03-12,1,7,1753,2867.06,2264.64,303.25,299.17,0.1043,7,2,False,False,66
SHP000101,ORD000101,CUS0235,SKU0021,CAR002,LOC001,LOC019,20250305,20250306,20250311,20250310,2025-03-05,2025-03-06,2025-03-11,2025-03-10,1,16,2374,1362.4,1069.76,541.47,-248.83,-0.1826,4,0,True,False,5
SHP000148,ORD000148,CUS0228,SKU0034,CAR001,LOC010,LOC024,20250305,20250306,20250308,20250308,2025-03-05,2025-03-06,2025-03-08,2025-03-08,2,3,1549,2073.63,1172.37,312.75,588.51,0.2838,2,0,True,False,12
SHP000223,ORD000223,CUS0191,SKU0032,CAR006,LOC002,LOC030,20250305,20250306,20250311,20250312,2025-03-05,2025-03-06,2025-03-11,2025-03-12,1,4,216,514.72,359.8,30.85,124.07,0.241,6,1,False,False,48
SHP000280,ORD000280,CUS0047,SKU0032,CAR005,LOC003,LOC012,20250305,20250306,20250308,20250306,2025-03-05,2025-03-06,2025-03-08,2025-03-06,2,9,1217,1158.12,809.55,259.47,89.1,0.0769,0,0,True,False,12
SHP000343,ORD000343,CUS0156,SKU0001,CAR004,LOC010,LOC030,20250305,20250305,20250308,20250308,2025-03-05,2025-03-05,2025-03-08,2025-03-08,2,18,2018,449.46,329.4,325.21,-205.15,-0.4564,3,0,True,False,12
SHP000400,ORD000400,CUS0090,SKU0020,CAR004,LOC009,LOC014,20250305,20250306,20250311,20250313,2025-03-05,2025-03-06,2025-03-11,2025-03-13,1,3,88,434.34,286.8,40.32,107.22,0.2469,7,2,False,False,66
SHP000443,ORD000443,CUS0154,SKU0030,CAR006,LOC007,LOC017,20250305,20250305,20250311,20250310,2025-03-05,2025-03-05,2025-03-11,2025-03-10,1,10,1888,6904.4,4084.2,278.19,2542.01,0.3682,5,0,True,False,5
SHP000713,ORD000713,CUS0065,SKU0013,CAR002,LOC010,LOC020,20250305,20250305,20250311,20250312,2025-03-05,2025-03-05,2025-03-11,2025-03-12,1,13,1221,3175.25,2139.93,308.26,727.06,0.229,7,1,False,False,48
SHP000719,ORD000719,CUS0031,SKU0027,CAR001,LOC005,LOC011,20250305,20250305,20250311,20250309,2025-03-05,2025-03-05,2025-03-11,2025-03-09,1,9,2491,3876.3,3263.76,498.95,113.59,0.0293,4,0,True,False,5
SHP001005,ORD001005,CUS0072,SKU0036,CAR002,LOC003,LOC026,20250305,20250305,20250311,20250312,2025-03-05,2025-03-05,2025-03-11,2025-03-12,1,10,2114,651.8,432.9,331.35,-112.45,-0.1725,7,1,False,False,48
SHP001081,ORD001081,CUS0019,SKU0014,CAR005,LOC007,LOC020,20250305,20250306,20250311,20250314,2025-03-05,2025-03-06,2025-03-11,2025-03-14,1,2,543,423.86,321.02,90.51,12.33,0.0291,8,3,False,True,100
SHP001106,ORD001106,CUS0107,SKU0012,CAR001,LOC010,LOC022,20250305,20250306,20250306,20250306,2025-03-05,2025-03-06,2025-03-06,2025-03-06,3,7,107,4205.53,2285.5,111.43,1808.6,0.4301,0,0,True,True,50
SHP001200,ORD001200,CUS0032,SKU0025,CAR002,LOC009,LOC020,20250305,20250306,20250311,20250310,2025-03-05,2025-03-06,2025-03-11,2025-03-10,1,12,963,5869.08,4012.08,155.44,1701.56,0.2899,4,0,True,False,5
SHP001251,ORD001251,CUS0102,SKU0010,CAR001,LOC008,LOC024,20250305,20250306,20250311,20250309,2025-03-05,2025-03-06,2025-03-11,2025-03-09,1,4,543,222.8,161.88,102.65,-41.73,-0.1873,3,0,True,False,5
SHP001405,ORD001405,CUS0137,SKU0017,CAR003,LOC003,LOC017,20250305,20250305,20250308,20250308,2025-03-05,2025-03-05,2025-03-08,2025-03-08,2,14,1398,1926.4,1378.72,820.83,-273.15,-0.1418,3,0,True,False,12
SHP001623,ORD001623,CUS0118,SKU0031,CAR003,LOC010,LOC019,20250305,20250305,20250311,20250310,2025-03-05,2025-03-05,2025-03-11,2025-03-10,1,3,338,1517.88,1099.95,179.24,238.69,0.1573,5,0,True,False,5
SHP001717,ORD001717,CUS0180,SKU0021,CAR004,LOC003,LOC020,20250305,20250306,20250311,20250310,2025-03-05,2025-03-06,2025-03-11,2025-03-10,1,2,1742,170.3,133.72,214.12,-177.54,-1.0425,4,0,True,False,5
SHP001835,ORD001835,CUS0036,SKU0001,CAR006,LOC009,LOC030,20250305,20250306,20250308,20250307,2025-03-05,2025-03-06,2025-03-08,2025-03-07,2,3,336,74.91,54.9,60.45,-40.44,-0.5398,1,0,True,False,12
SHP001913,ORD001913,CUS0011,SKU0001,CAR001,LOC001,LOC013,20250305,20250306,20250308,20250307,2025-03-05,2025-03-06,2025-03-08,2025-03-07,2,10,648,249.7,183.0,141.07,-74.37,-0.2978,1,0,True,False,12
SHP001973,ORD001973,CUS0188,SKU0029,CAR006,LOC007,LOC018,20250305,20250306,20250311,20250312,2025-03-05,2025-03-06,2025-03-11,2025-03-12,1,15,2122,4165.35,2806.8,468.78,889.77,0.2136,6,1,False,False,48
SHP002040,ORD002040,CUS0024,SKU0014,CAR002,LOC001,LOC015,20250305,20250306,20250311,20250312,2025-03-05,2025-03-06,2025-03-11,2025-03-12,1,4,1571,847.72,642.04,232.35,-26.67,-0.0315,6,1,False,False,48
SHP002092,ORD002092,CUS0250,SKU0016,CAR003,LOC010,LOC021,20250305,20250305,20250308,20250309,2025-03-05,2025-03-05,2025-03-08,2025-03-09,2,16,579,4320.96,3175.2,527.18,618.58,0.1432,4,1,False,False,55
SHP002143,ORD002143,CUS0223,SKU0004,CAR003,LOC002,LOC022,20250305,20250305,20250311,20250310,2025-03-05,2025-03-05,2025-03-11,2025-03-10,1,3,1980,74.58,56.79,983.31,-965.52,-12.9461,5,0,True,False,5
SHP002189,ORD002189,CUS0134,SKU0016,CAR005,LOC005,LOC018,20250305,20250305,20250311,20250310,2025-03-05,2025-03-05,2025-03-11,2025-03-10,1,15,468,4050.9,2976.75,197.07,877.08,0.2165,5,0,True,False,5
SHP002233,ORD002233,CUS0180,SKU0021,CAR003,LOC003,LOC026,20250305,20250306,20250311,20250309,2025-03-05,2025-03-06,2025-03-11,2025-03-09,1,11,298,936.65,735.46,284.95,-83.76,-0.0894,3,0,True,False,5
SHP002261,ORD002261,CUS0192,SKU0008,CAR002,LOC010,LOC015,20250305,20250306,20250311,20250311,2025-03-05,2025-03-06,2025-03-11,2025-03-11,1,4,2687,934.88,658.12,420.67,-143.91,-0.1539,5,0,True,False,5
SHP002462,ORD002462,CUS0021,SKU0029,CAR006,LOC004,LOC013,20250305,20250305,20250311,20250314,2025-03-05,2025-03-05,2025-03-11,2025-03-14,1,17,599,4720.73,3181.04,199.85,1339.84,0.2838,9,3,False,False,84
SHP000254,ORD000254,CUS0129,SKU0024,CAR001,LOC010,LOC032,20250306,20250306,20250312,20250311,2025-03-06,2025-03-06,2025-03-12,2025-03-11,1,13,1048,715.91,590.85,215.7,-90.64,-0.1266,5,0,True,False,5
SHP000356,ORD000356,CUS0188,SKU0031,CAR005,LOC002,LOC027,20250306,20250306,20250312,20250313,2025-03-06,2025-03-06,2025-03-12,2025-03-13,1,11,1341,5565.56,4033.15,285.0,1247.41,0.2241,7,1,False,False,48
SHP000441,ORD000441,CUS0179,SKU0024,CAR005,LOC007,LOC024,20250306,20250306,20250309,20250310,2025-03-06,2025-03-06,2025-03-09,2025-03-10,2,16,509,881.12,727.2,107.13,46.79,0.0531,4,1,False,False,55
SHP000455,ORD000455,CUS0158,SKU0011,CAR003,LOC002,LOC028,20250306,20250306,20250309,20250308,2025-03-06,2025-03-06,2025-03-09,2025-03-08,2,11,2105,4468.09,2704.57,1287.03,476.49,0.1066,2,0,True,False,12
SHP000464,ORD000464,CUS0244,SKU0038,CAR005,LOC010,LOC014,20250306,20250307,20250307,20250307,2025-03-06,2025-03-07,2025-03-07,2025-03-07,3,17,1101,1982.2,1292.51,330.14,359.55,0.1814,0,0,True,False,20
SHP000528,ORD000528,CUS0016,SKU0018,CAR003,LOC001,LOC024,20250306,20250306,20250312,20250311,2025-03-06,2025-03-06,2025-03-12,2025-03-11,1,4,1973,492.0,409.48,809.23,-726.71,-1.4771,5,0,True,False,5
SHP000570,ORD000570,CUS0052,SKU0018,CAR001,LOC010,LOC018,20250306,20250307,20250309,20250310,2025-03-06,2025-03-07,2025-03-09,2025-03-10,2,15,654,1845.0,1535.55,201.22,108.23,0.0587,3,1,False,False,55
SHP000653,ORD000653,CUS0071,SKU0039,CAR006,LOC004,LOC023,20250306,20250307,20250309,20250310,2025-03-06,2025-03-07,2025-03-09,2025-03-10,2,6,2389,3952.5,2344.26,435.7,1172.54,0.2967,3,1,False,False,55
SHP000702,ORD000702,CUS0215,SKU0020,CAR004,LOC001,LOC011,20250306,20250306,20250312,20250312,2025-03-06,2025-03-06,2025-03-12,2025-03-12,1,9,1059,1303.02,860.4,203.79,238.83,0.1833,6,0,True,False,5
SHP000843,ORD000843,CUS0132,SKU0006,CAR002,LOC003,LOC026,20250306,20250306,20250312,20250312,2025-03-06,2025-03-06,2025-03-12,2025-03-12,1,9,198,3713.76,2885.67,89.38,738.71,0.1989,6,0,True,False,5
SHP000948,ORD000948,CUS0027,SKU0021,CAR005,LOC009,LOC018,20250306,20250307,20250309,20250312,2025-03-06,2025-03-07,2025-03-09,2025-03-12,2,18,1003,1532.7,1203.48,399.42,-70.2,-0.0458,5,3,False,False,91
SHP001220,ORD001220,CUS0094,SKU0024,CAR001,LOC009,LOC021,20250306,20250306,20250312,20250314,2025-03-06,2025-03-06,2025-03-12,2025-03-14,1,13,2075,715.91,590.85,411.68,-286.62,-0.4004,8,2,False,False,66
SHP001295,ORD001295,CUS0084,SKU0006,CAR003,LOC010,LOC032,20250306,20250306,20250312,20250309,2025-03-06,2025-03-06,2025-03-12,2025-03-09,1,10,271,4126.4,3206.3,164.05,756.05,0.1832,3,0,True,False,5
SHP001379,ORD001379,CUS0227,SKU0036,CAR003,LOC001,LOC023,20250306,20250306,20250312,20250313,2025-03-06,2025-03-06,2025-03-12,2025-03-13,1,13,1680,847.34,562.77,831.36,-546.79,-0.6453,7,1,False,False,48
SHP001446,ORD001446,CUS0125,SKU0016,CAR002,LOC002,LOC016,20250306,20250306,20250309,20250308,2025-03-06,2025-03-06,2025-03-09,2025-03-08,2,5,2639,1350.3,992.25,473.71,-115.66,-0.0857,2,0,True,False,12
SHP001598,ORD001598,CUS0099,SKU0012,CAR001,LOC007,LOC032,20250306,20250307,20250309,20250309,2025-03-06,2025-03-07,2025-03-09,2025-03-09,2,15,733,9011.85,4897.5,293.92,3820.43,0.4239,2,0,True,False,12
SHP001961,ORD001961,CUS0026,SKU0011,CAR005,LOC008,LOC024,20250306,20250307,20250312,20250311,2025-03-06,2025-03-07,2025-03-12,2025-03-11,1,5,379,2030.95,1229.35,62.73,738.87,0.3638,4,0,True,False,5
SHP002038,ORD002038,CUS0077,SKU0030,CAR003,LOC005,LOC020,20250306,20250306,20250312,20250312,2025-03-06,2025-03-06,2025-03-12,2025-03-12,1,9,595,6213.96,3675.78,290.79,2247.39,0.3617,6,0,True,True,35
SHP002067,ORD002067,CUS0083,SKU0018,CAR005,LOC008,LOC021,20250306,20250306,20250312,20250313,2025-03-06,2025-03-06,2025-03-12,2025-03-13,1,13,1219,1599.0,1330.81,267.35,0.84,0.0005,7,1,False,False,48
SHP002194,ORD002194,CUS0018,SKU0022,CAR004,LOC002,LOC016,20250306,20250306,20250309,20250308,2025-03-06,2025-03-06,2025-03-09,2025-03-08,2,1,1718,182.71,116.25,264.74,-198.28,-1.0852,2,0,True,False,12
SHP002354,ORD002354,CUS0010,SKU0019,CAR003,LOC003,LOC011,20250306,20250306,20250309,20250309,2025-03-06,2025-03-06,2025-03-09,2025-03-09,2,16,193,1011.2,564.32,190.67,256.21,0.2534,3,0,True,False,12
SHP000067,ORD000067,CUS0006,SKU0032,CAR001,LOC001,LOC020,20250307,20250308,20250313,20250315,2025-03-07,2025-03-08,2025-03-13,2025-03-15,1,10,1056,1286.8,899.5,185.18,202.12,0.1571,7,2,False,False,66
SHP000072,ORD000072,CUS0209,SKU0031,CAR001,LOC007,LOC029,20250307,20250308,20250313,20250313,2025-03-07,2025-03-08,2025-03-13,2025-03-13,1,10,1578,5059.6,3666.5,296.78,1096.32,0.2167,5,0,True,False,5
SHP000154,ORD000154,CUS0043,SKU0037,CAR003,LOC010,LOC032,20250307,20250307,20250313,20250314,2025-03-07,2025-03-07,2025-03-13,2025-03-14,1,16,714,6553.28,5176.32,357.48,1019.48,0.1556,7,1,False,False,48
SHP000155,ORD000155,CUS0012,SKU0016,CAR004,LOC009,LOC031,20250307,20250308,20250313,20250311,2025-03-07,2025-03-08,2025-03-13,2025-03-11,1,1,803,270.06,198.45,120.84,-49.23,-0.1823,3,0,True,False,5
SHP000194,ORD000194,CUS0182,SKU0020,CAR005,LOC010,LOC011,20250307,20250307,20250310,20250310,2025-03-07,2025-03-07,2025-03-10,2025-03-10,2,3,1722,434.34,286.8,375.3,-227.76,-0.5244,3,0,True,False,12
SHP000458,ORD000458,CUS0226,SKU0012,CAR001,LOC010,LOC026,20250307,20250307,20250313,20250312,2025-03-07,2025-03-07,2025-03-13,2025-03-12,1,18,2641,10814.22,5877.0,723.52,4213.7,0.3896,5,0,True,False,5
SHP000492,ORD000492,CUS0025,SKU0027,CAR004,LOC010,LOC013,20250307,20250307,20250313,20250312,2025-03-07,2025-03-07,2025-03-13,2025-03-12,1,14,2398,6029.8,5076.96,419.99,532.85,0.0884,5,0,True,False,5
SHP000625,ORD000625,CUS0061,SKU0003,CAR001,LOC004,LOC029,20250307,20250308,20250313,20250313,2025-03-07,2025-03-08,2025-03-13,2025-03-13,1,4,951,104.84,84.36,180.08,-159.6,-1.5223,5,0,True,False,5
SHP000654,ORD000654,CUS0193,SKU0029,CAR005,LOC010,LOC019,20250307,20250307,20250308,20250308,2025-03-07,2025-03-07,2025-03-08,2025-03-08,3,6,1643,1666.14,1122.72,427.11,116.31,0.0698,1,0,True,False,20
SHP000878,ORD000878,CUS0202,SKU0028,CAR001,LOC010,LOC014,20250307,20250307,20250310,20250310,2025-03-07,2025-03-07,2025-03-10,2025-03-10,2,15,494,8068.65,4760.4,133.5,3174.75,0.3935,3,0,True,False,12
SHP000892,ORD000892,CUS0017,SKU0012,CAR004,LOC006,LOC031,20250307,20250307,20250313,20250312,2025-03-07,2025-03-07,2025-03-13,2025-03-12,1,6,1317,3604.74,1959.0,217.34,1428.4,0.3963,5,0,True,False,5
SHP000992,ORD000992,CUS0182,SKU0027,CAR003,LOC009,LOC017,20250307,20250308,20250310,20250312,2025-03-07,2025-03-08,2025-03-10,2025-03-12,2,14,612,6029.8,5076.96,524.12,428.72,0.0711,4,2,False,False,73
SHP001056,ORD001056,CUS0154,SKU0016,CAR005,LOC010,LOC011,20250307,20250308,20250310,20250310,2025-03-07,2025-03-08,2025-03-10,2025-03-10,2,6,1248,1620.36,1190.7,264.71,164.95,0.1018,2,0,True,False,12
SHP001085,ORD001085,CUS0018,SKU0031,CAR003,LOC003,LOC028,20250307,20250308,20250313,20250312,2025-03-07,2025-03-08,2025-03-13,2025-03-12,1,2,2145,1011.92,733.3,1121.29,-842.67,-0.8327,4,0,True,False,5
SHP001086,ORD001086,CUS0007,SKU0024,CAR004,LOC006,LOC030,20250307,20250308,20250313,20250314,2025-03-07,2025-03-08,2025-03-13,2025-03-14,1,17,1722,936.19,772.65,231.85,-68.31,-0.073,6,1,False,False,48
SHP001343,ORD001343,CUS0207,SKU0013,CAR003,LOC003,LOC022,20250307,20250308,20250308,20250308,2025-03-07,2025-03-08,2025-03-08,2025-03-08,3,16,359,3908.0,2633.76,318.88,955.36,0.2445,0,0,True,False,20
SHP001506,ORD001506,CUS0193,SKU0040,CAR006,LOC008,LOC016,20250307,20250308,20250310,20250311,2025-03-07,2025-03-08,2025-03-10,2025-03-11,2,10,2589,2809.8,1723.8,447.3,638.7,0.2273,3,1,False,False,55
SHP001817,ORD001817,CUS0008,SKU0006,CAR002,LOC003,LOC011,20250307,20250307,20250310,20250313,2025-03-07,2025-03-07,2025-03-10,2025-03-13,2,15,2011,6189.6,4809.45,331.86,1048.29,0.1694,6,3,False,False,91
SHP001891,ORD001891,CUS0049,SKU0022,CAR005,LOC008,LOC021,20250307,20250308,20250313,20250313,2025-03-07,2025-03-08,2025-03-13,2025-03-13,1,7,2179,1278.97,813.75,425.44,39.78,0.0311,5,0,True,False,5
SHP001996,ORD001996,CUS0247,SKU0014,CAR005,LOC001,LOC026,20250307,20250307,20250313,20250312,2025-03-07,2025-03-07,2025-03-13,2025-03-12,1,7,1997,1483.51,1123.57,325.67,34.27,0.0231,5,0,True,False,5
SHP002059,ORD002059,CUS0109,SKU0023,CAR006,LOC007,LOC032,20250307,20250307,20250313,20250317,2025-03-07,2025-03-07,2025-03-13,2025-03-17,1,13,2623,3775.59,2042.82,317.19,1415.58,0.3749,10,4,False,False,100
SHP002080,ORD002080,CUS0115,SKU0001,CAR005,LOC008,LOC021,20250307,20250307,20250313,20250313,2025-03-07,2025-03-07,2025-03-13,2025-03-13,1,13,2566,324.61,237.9,390.67,-303.96,-0.9364,6,0,True,False,5
SHP002314,ORD002314,CUS0248,SKU0019,CAR001,LOC010,LOC015,20250307,20250307,20250313,20250313,2025-03-07,2025-03-07,2025-03-13,2025-03-13,1,15,1035,948.0,529.05,231.74,187.21,0.1975,6,0,True,False,5
SHP002344,ORD002344,CUS0077,SKU0010,CAR001,LOC004,LOC016,20250307,20250307,20250310,20250310,2025-03-07,2025-03-07,2025-03-10,2025-03-10,2,18,842,1002.6,728.46,326.67,-52.53,-0.0524,3,0,True,False,12
SHP000061,ORD000061,CUS0083,SKU0011,CAR006,LOC005,LOC017,20250308,20250309,20250314,20250315,2025-03-08,2025-03-09,2025-03-14,2025-03-15,1,6,2195,2437.14,1475.22,306.94,654.98,0.2687,6,1,False,False,48
SHP000088,ORD000088,CUS0126,SKU0038,CAR001,LOC003,LOC027,20250308,20250309,20250314,20250313,2025-03-08,2025-03-09,2025-03-14,2025-03-13,1,7,2160,816.2,532.21,362.27,-78.28,-0.0959,4,0,True,False,5
SHP000257,ORD000257,CUS0149,SKU0017,CAR005,LOC002,LOC027,20250308,20250309,20250311,20250310,2025-03-08,2025-03-09,2025-03-11,2025-03-10,2,9,1620,1238.4,886.32,391.33,-39.25,-0.0317,1,0,True,False,12
SHP000277,ORD000277,CUS0074,SKU0016,CAR001,LOC008,LOC021,20250308,20250309,20250314,20250312,2025-03-08,2025-03-09,2025-03-14,2025-03-12,1,9,1470,2430.54,1786.05,349.31,295.18,0.1214,3,0,True,False,5
SHP000308,ORD000308,CUS0046,SKU0009,CAR001,LOC001,LOC029,20250308,20250309,20250311,20250313,2025-03-08,2025-03-09,2025-03-11,2025-03-13,2,2,897,1136.66,681.08,170.96,284.62,0.2504,4,2,False,False,73
SHP000325,ORD000325,CUS0160,SKU0031,CAR006,LOC009,LOC012,20250308,20250309,20250311,20250313,2025-03-08,2025-03-09,2025-03-11,2025-03-13,2,18,145,9107.28,6599.7,163.24,2344.34,0.2574,4,2,False,False,73
SHP000601,ORD000601,CUS0134,SKU0039,CAR003,LOC006,LOC021,20250308,20250308,20250311,20250312,2025-03-08,2025-03-08,2025-03-11,2025-03-12,2,13,1450,8563.75,5079.23,858.88,2625.64,0.3066,4,1,False,False,55
SHP000725,ORD000725,CUS0250,SKU0032,CAR003,LOC002,LOC022,20250308,20250308,20250314,20250313,2025-03-08,2025-03-08,2025-03-14,2025-03-13,1,16,995,2058.88,1439.2,510.07,109.61,0.0532,5,0,True,False,5
SHP000738,ORD000738,CUS0106,SKU0010,CAR002,LOC010,LOC024,20250308,20250309,20250311,20250312,2025-03-08,2025-03-09,2025-03-11,2025-03-12,2,1,650,55.7,40.47,96.85,-81.62,-1.4654,3,1,False,False,55
SHP000765,ORD000765,CUS0060,SKU0032,CAR001,LOC005,LOC023,20250308,20250309,20250314,20250313,2025-03-08,2025-03-09,2025-03-14,2025-03-13,1,4,987,514.72,359.8,165.82,-10.9,-0.0212,4,0,True,False,5
SHP000970,ORD000970,CUS0028,SKU0031,CAR001,LOC002,LOC013,20250308,20250308,20250309,20250312,2025-03-08,2025-03-08,2025-03-09,2025-03-12,3,16,1006,8095.36,5866.4,308.12,1920.84,0.2373,4,3,False,False,99
SHP001157,ORD001157,CUS0045,SKU0010,CAR003,LOC007,LOC025,20250308,20250308,20250309,20250309,2025-03-08,2025-03-08,2025-03-09,2025-03-09,3,3,1356,167.1,121.41,788.0,-742.31,-4.4423,1,0,True,False,20
SHP001429,ORD001429,CUS0095,SKU0027,CAR003,LOC005,LOC019,20250308,20250309,20250314,20250312,2025-03-08,2025-03-09,2025-03-14,2025-03-12,1,10,584,4307.0,3626.4,279.03,401.57,0.0932,3,0,True,False,5
SHP001654,ORD001654,CUS0167,SKU0030,CAR005,LOC006,LOC024,20250308,20250309,20250314,20250312,2025-03-08,2025-03-09,2025-03-14,2025-03-12,1,2,1647,1380.88,816.84,301.37,262.67,0.1902,3,0,True,False,5
SHP001671,ORD001671,CUS0048,SKU0037,CAR006,LOC007,LOC029,20250308,20250308,20250314,20250313,2025-03-08,2025-03-08,2025-03-14,2025-03-13,1,11,433,4505.38,3558.72,97.45,849.21,0.1885,5,0,True,False,5
SHP001759,ORD001759,CUS0082,SKU0039,CAR006,LOC010,LOC024,20250308,20250308,20250311,20250310,2025-03-08,2025-03-08,2025-03-11,2025-03-10,2,5,2176,3293.75,1953.55,351.92,988.28,0.3,2,0,True,False,12
SHP002043,ORD002043,CUS0118,SKU0025,CAR003,LOC010,LOC018,20250308,20250309,20250311,20250311,2025-03-08,2025-03-09,2025-03-11,2025-03-11,2,4,2273,1956.36,1337.36,1343.33,-724.33,-0.3702,2,0,True,False,12
SHP002110,ORD002110,CUS0027,SKU0020,CAR005,LOC004,LOC032,20250308,20250308,20250314,20250314,2025-03-08,2025-03-08,2025-03-14,2025-03-14,1,2,1667,289.56,191.2,267.76,-169.4,-0.585,6,0,True,False,5
SHP002182,ORD002182,CUS0165,SKU0007,CAR003,LOC004,LOC024,20250308,20250309,20250311,20250311,2025-03-08,2025-03-09,2025-03-11,2025-03-11,2,12,1489,1575.0,864.72,895.38,-185.1,-0.1175,2,0,True,False,12
SHP002429,ORD002429,CUS0096,SKU0014,CAR002,LOC009,LOC021,20250308,20250309,20250314,20250315,2025-03-08,2025-03-09,2025-03-14,2025-03-15,1,7,1712,1483.51,1123.57,267.1,92.84,0.0626,6,1,False,False,48
SHP002458,ORD002458,CUS0174,SKU0014,CAR003,LOC005,LOC022,20250308,20250308,20250311,20250309,2025-03-08,2025-03-08,2025-03-11,2025-03-09,2,14,1551,2967.02,2247.14,869.94,-150.06,-0.0506,1,0,True,False,12
SHP002476,ORD002476,CUS0026,SKU0023,CAR002,LOC007,LOC018,20250308,20250309,20250311,20250314,2025-03-08,2025-03-09,2025-03-11,2025-03-14,2,14,1140,4066.02,2199.96,175.43,1690.63,0.4158,5,3,False,False,91
SHP000309,ORD000309,CUS0094,SKU0004,CAR002,LOC002,LOC025,20250309,20250309,20250312,20250312,2025-03-09,2025-03-09,2025-03-12,2025-03-12,2,9,924,223.74,170.37,253.97,-200.6,-0.8966,3,0,True,False,12
SHP000328,ORD000328,CUS0191,SKU0026,CAR002,LOC005,LOC018,20250309,20250310,20250315,20250314,2025-03-09,2025-03-10,2025-03-15,2025-03-14,1,16,145,6058.24,4056.16,60.84,1941.24,0.3204,4,0,True,False,5
SHP000457,ORD000457,CUS0204,SKU0023,CAR001,LOC004,LOC024,20250309,20250310,20250315,20250314,2025-03-09,2025-03-10,2025-03-15,2025-03-14,1,7,1298,2033.01,1099.98,231.78,701.25,0.3449,4,0,True,False,5
SHP000480,ORD000480,CUS0081,SKU0008,CAR001,LOC005,LOC022,20250309,20250310,20250315,20250315,2025-03-09,2025-03-10,2025-03-15,2025-03-15,1,9,593,2103.48,1480.77,154.9,467.81,0.2224,5,0,True,False,5
SHP000508,ORD000508,CUS0206,SKU0009,CAR004,LOC009,LOC032,20250309,20250310,20250315,20250316,2025-03-09,2025-03-10,2025-03-15,2025-03-16,1,8,1763,4546.64,2724.32,308.45,1513.87,0.333,6,1,False,False,48
SHP000511,ORD000511,CUS0115,SKU0026,CAR006,LOC007,LOC017,20250309,20250310,20250315,20250315,2025-03-09,2025-03-10,2025-03-15,2025-03-15,1,5,2602,1893.2,1267.55,362.51,263.14,0.139,5,0,True,False,5
SHP000568,ORD000568,CUS0133,SKU0024,CAR001,LOC007,LOC016,20250309,20250309,20250315,20250315,2025-03-09,2025-03-09,2025-03-15,2025-03-15,1,2,773,110.14,90.9,146.64,-127.4,-1.1567,6,0,True,False,5
SHP000603,ORD000603,CUS0116,SKU0024,CAR005,LOC006,LOC011,20250309,20250310,20250315,20250314,2025-03-09,2025-03-10,2025-03-15,2025-03-14,1,8,2179,440.56,363.6,324.12,-247.16,-0.561,4,0,True,False,5
SHP000662,ORD000662,CUS0026,SKU0039,CAR004,LOC001,LOC015,20250309,20250309,20250315,20250313,2025-03-09,2025-03-09,2025-03-15,2025-03-13,1,1,1642,658.75,390.71,217.4,50.64,0.0769,4,0,True,False,5
SHP000667,ORD000667,CUS0039,SKU0028,CAR006,LOC008,LOC032,20250309,20250310,20250315,20250314,2025-03-09,2025-03-10,2025-03-15,2025-03-14,1,6,1245,3227.46,1904.16,159.33,1163.97,0.3606,4,0,True,False,5
SHP000903,ORD000903,CUS0005,SKU0024,CAR005,LOC009,LOC026,20250309,20250310,20250315,20250315,2025-03-09,2025-03-10,2025-03-15,2025-03-15,1,17,2135,936.19,772.65,350.5,-186.96,-0.1997,5,0,True,False,5
SHP000932,ORD000932,CUS0170,SKU0015,CAR004,LOC010,LOC025,20250309,20250309,20250315,20250314,2025-03-09,2025-03-09,2025-03-15,2025-03-14,1,16,1293,5364.32,4143.36,334.54,886.42,0.1652,5,0,True,False,5
SHP000956,ORD000956,CUS0079,SKU0025,CAR001,LOC003,LOC017,20250309,20250310,20250315,20250315,2025-03-09,2025-03-10,2025-03-15,2025-03-15,1,11,2396,5379.99,3677.74,451.63,1250.62,0.2325,5,0,True,False,5
SHP001110,ORD001110,CUS0062,SKU0029,CAR004,LOC005,LOC028,20250309,20250310,20250315,20250316,2025-03-09,2025-03-10,2025-03-15,2025-03-16,1,8,79,2221.52,1496.96,108.19,616.37,0.2775,6,1,False,True,78
SHP001217,ORD001217,CUS0036,SKU0013,CAR003,LOC003,LOC032,20250309,20250310,20250315,20250316,2025-03-09,2025-03-10,2025-03-15,2025-03-16,1,13,830,3175.25,2139.93,543.17,492.15,0.155,6,1,False,False,48
SHP001224,ORD001224,CUS0218,SKU0029,CAR003,LOC003,LOC031,20250309,20250309,20250315,20250314,2025-03-09,2025-03-09,2025-03-15,2025-03-14,1,14,257,3887.66,2619.68,223.05,1044.93,0.2688,5,0,True,False,5
SHP001373,ORD001373,CUS0250,SKU0027,CAR003,LOC001,LOC015,20250309,20250309,20250312,20250310,2025-03-09,2025-03-09,2025-03-12,2025-03-10,2,3,111,1292.1,1087.92,95.25,108.93,0.0843,1,0,True,False,12
SHP001524,ORD001524,CUS0082,SKU0038,CAR002,LOC001,LOC024,20250309,20250310,20250312,20250314,2025-03-09,2025-03-10,2025-03-12,2025-03-14,2,8,158,932.8,608.24,89.5,235.06,0.252,4,2,False,False,73
SHP001560,ORD001560,CUS0068,SKU0032,CAR006,LOC006,LOC031,20250309,20250309,20250315,20250314,2025-03-09,2025-03-09,2025-03-15,2025-03-14,1,3,1400,386.04,269.85,182.29,-66.1,-0.1712,5,0,True,False,5
SHP001577,ORD001577,CUS0037,SKU0032,CAR001,LOC004,LOC016,20250309,20250309,20250315,20250315,2025-03-09,2025-03-09,2025-03-15,2025-03-15,1,8,2139,1029.44,719.6,422.52,-112.68,-0.1095,6,0,True,False,5
SHP001605,ORD001605,CUS0054,SKU0031,CAR004,LOC003,LOC031,20250309,20250309,20250315,20250315,2025-03-09,2025-03-09,2025-03-15,2025-03-15,1,6,914,3035.76,2199.9,150.89,684.97,0.2256,6,0,True,False,5
SHP001670,ORD001670,CUS0045,SKU0036,CAR006,LOC006,LOC011,20250309,20250309,20250315,20250315,2025-03-09,2025-03-09,2025-03-15,2025-03-15,1,14,1282,912.52,606.06,193.88,112.58,0.1234,6,0,True,False,5
SHP001722,ORD001722,CUS0112,SKU0026,CAR006,LOC004,LOC024,20250309,20250310,20250312,20250311,2025-03-09,2025-03-10,2025-03-12,2025-03-11,2,18,1300,6815.52,4563.18,257.44,1994.9,0.2927,1,0,True,False,12
SHP001762,ORD001762,CUS0139,SKU0030,CAR005,LOC007,LOC022,20250309,20250310,20250310,20250310,2025-03-09,2025-03-10,2025-03-10,2025-03-10,3,3,682,2071.32,1225.26,152.09,693.97,0.335,0,0,True,False,20
SHP001798,ORD001798,CUS0016,SKU0004,CAR001,LOC005,LOC017,20250309,20250309,20250312,20250311,2025-03-09,2025-03-09,2025-03-12,2025-03-11,2,17,2265,422.62,321.81,539.92,-439.11,-1.039,2,0,True,False,12
SHP001890,ORD001890,CUS0066,SKU0019,CAR006,LOC004,LOC013,20250309,20250310,20250312,20250313,2025-03-09,2025-03-10,2025-03-12,2025-03-13,2,2,349,126.4,70.54,53.49,2.37,0.0187,3,1,False,False,55
SHP001975,ORD001975,CUS0043,SKU0003,CAR006,LOC005,LOC020,20250309,20250310,20250315,20250316,2025-03-09,2025-03-10,2025-03-15,2025-03-16,1,10,1252,262.1,210.9,213.56,-162.36,-0.6195,6,1,False,False,48
SHP001989,ORD001989,CUS0080,SKU0003,CAR006,LOC005,LOC022,20250309,20250310,20250315,20250315,2025-03-09,2025-03-10,2025-03-15,2025-03-15,1,2,2020,52.42,42.18,267.35,-257.11,-4.9048,5,0,True,False,5
SHP002007,ORD002007,CUS0130,SKU0003,CAR004,LOC009,LOC016,20250309,20250310,20250315,20250315,2025-03-09,2025-03-10,2025-03-15,2025-03-15,1,9,1249,235.89,189.81,156.02,-109.94,-0.4661,5,0,True,False,5
SHP002073,ORD002073,CUS0079,SKU0014,CAR006,LOC009,LOC019,20250309,20250310,20250315,20250314,2025-03-09,2025-03-10,2025-03-15,2025-03-14,1,18,1750,3814.74,2889.18,286.77,638.79,0.1675,4,0,True,False,5
SHP002227,ORD002227,CUS0106,SKU0002,CAR002,LOC007,LOC013,20250309,20250309,20250315,20250315,2025-03-09,2025-03-09,2025-03-15,2025-03-15,1,5,1698,2549.3,1434.0,213.43,901.87,0.3538,6,0,True,False,5
SHP002351,ORD002351,CUS0140,SKU0036,CAR006,LOC006,LOC016,20250309,20250309,20250310,20250310,2025-03-09,2025-03-09,2025-03-10,2025-03-10,3,2,1625,130.36,86.58,276.34,-232.56,-1.784,1,0,True,False,20
SHP000008,ORD000008,CUS0150,SKU0017,CAR004,LOC004,LOC026,20250310,20250310,20250316,20250319,2025-03-10,2025-03-10,2025-03-16,2025-03-19,1,12,2685,1651.2,1181.76,419.67,49.77,0.0301,9,3,False,False,84
SHP000027,ORD000027,CUS0214,SKU0036,CAR006,LOC002,LOC021,20250310,20250311,20250313,20250313,2025-03-10,2025-03-11,2025-03-13,2025-03-13,2,17,243,1108.06,735.93,50.49,321.64,0.2903,2,0,True,False,12
SHP000264,ORD000264,CUS0124,SKU0006,CAR006,LOC001,LOC032,20250310,20250311,20250316,20250314,2025-03-10,2025-03-11,2025-03-16,2025-03-14,1,4,603,1650.56,1282.52,104.08,263.96,0.1599,3,0,True,False,5
SHP000296,ORD000296,CUS0219,SKU0013,CAR001,LOC008,LOC030,20250310,20250311,20250313,20250311,2025-03-10,2025-03-11,2025-03-13,2025-03-11,2,14,817,3419.5,2304.54,234.31,880.65,0.2575,0,0,True,False,12
SHP000381,ORD000381,CUS0068,SKU0031,CAR002,LOC006,LOC027,20250310,20250310,20250316,20250315,2025-03-10,2025-03-10,2025-03-16,2025-03-15,1,13,1252,6577.48,4766.45,300.83,1510.2,0.2296,5,0,True,False,5
SHP000382,ORD000382,CUS0236,SKU0040,CAR006,LOC002,LOC019,20250310,20250311,20250313,20250313,2025-03-10,2025-03-11,2025-03-13,2025-03-13,2,14,1186,3933.72,2413.32,216.77,1303.63,0.3314,2,0,True,False,12
SHP000512,ORD000512,CUS0139,SKU0034,CAR003,LOC009,LOC021,20250310,20250310,20250316,20250318,2025-03-10,2025-03-10,2025-03-16,2025-03-18,1,5,945,3456.05,1953.95,471.57,1030.53,0.2982,8,2,False,True,96
SHP000524,ORD000524,CUS0202,SKU0018,CAR002,LOC010,LOC025,20250310,20250310,20250316,20250315,2025-03-10,2025-03-10,2025-03-16,2025-03-15,1,1,1074,123.0,102.37,164.41,-143.78,-1.1689,5,0,True,False,5
SHP000877,ORD000877,CUS0113,SKU0002,CAR004,LOC001,LOC022,20250310,20250311,20250316,20250316,2025-03-10,2025-03-11,2025-03-16,2025-03-16,1,18,1701,9177.48,5162.4,241.47,3773.61,0.4112,5,0,True,False,5
SHP000886,ORD000886,CUS0249,SKU0006,CAR001,LOC005,LOC016,20250310,20250310,20250313,20250312,2025-03-10,2025-03-10,2025-03-13,2025-03-12,2,18,1899,7427.52,5771.34,441.46,1214.72,0.1635,2,0,True,False,12
SHP000943,ORD000943,CUS0024,SKU0013,CAR001,LOC006,LOC028,20250310,20250311,20250316,20250315,2025-03-10,2025-03-11,2025-03-16,2025-03-15,1,3,1727,732.75,493.83,297.06,-58.14,-0.0793,4,0,True,False,5
SHP001305,ORD001305,CUS0133,SKU0038,CAR004,LOC003,LOC029,20250310,20250311,20250316,20250314,2025-03-10,2025-03-11,2025-03-16,2025-03-14,1,16,2358,1865.6,1216.48,398.79,250.33,0.1342,3,0,True,False,5
SHP001535,ORD001535,CUS0050,SKU0003,CAR003,LOC003,LOC028,20250310,20250311,20250313,20250312,2025-03-10,2025-03-11,2025-03-13,2025-03-12,2,2,1632,52.42,42.18,877.21,-866.97,-16.5389,1,0,True,False,12
SHP001714,ORD001714,CUS0090,SKU0030,CAR004,LOC005,LOC031,20250310,20250310,20250316,20250315,2025-03-10,2025-03-10,2025-03-16,2025-03-15,1,5,1279,3452.2,2042.1,174.35,1235.75,0.358,5,0,True,False,5
SHP001831,ORD001831,CUS0035,SKU0021,CAR004,LOC009,LOC022,20250310,20250311,20250316,20250317,2025-03-10,2025-03-11,2025-03-16,2025-03-17,1,10,2558,851.5,668.6,366.33,-183.43,-0.2154,6,1,False,False,48
SHP001896,ORD001896,CUS0092,SKU0017,CAR006,LOC006,LOC025,20250310,20250310,20250316,20250314,2025-03-10,2025-03-10,2025-03-16,2025-03-14,1,7,2278,963.2,689.36,315.12,-41.28,-0.0429,4,0,True,False,5
SHP001919,ORD001919,CUS0202,SKU0033,CAR001,LOC010,LOC020,20250310,20250311,20250311,20250311,2025-03-10,2025-03-11,2025-03-11,2025-03-11,3,1,2671,611.04,386.42,566.82,-342.2,-0.56,0,0,True,False,20
SHP001938,ORD001938,CUS0238,SKU0023,CAR005,LOC009,LOC017,20250310,20250311,20250313,20250314,2025-03-10,2025-03-11,2025-03-13,2025-03-14,2,14,883,4066.02,2199.96,211.31,1654.75,0.407,3,1,False,False,55
SHP002289,ORD002289,CUS0208,SKU0001,CAR006,LOC001,LOC024,20250310,20250310,20250316,20250316,2025-03-10,2025-03-10,2025-03-16,2025-03-16,1,15,1372,374.55,274.5,210.77,-110.72,-0.2956,6,0,True,False,5
SHP000050,ORD000050,CUS0074,SKU0013,CAR003,LOC002,LOC022,20250311,20250312,20250317,20250317,2025-03-11,2025-03-12,2025-03-17,2025-03-17,1,2,265,488.5,329.22,140.33,18.95,0.0388,5,0,True,False,5
SHP000094,ORD000094,CUS0129,SKU0009,CAR003,LOC006,LOC029,20250311,20250312,20250317,20250317,2025-03-11,2025-03-12,2025-03-17,2025-03-17,1,2,1029,1136.66,681.08,516.14,-60.56,-0.0533,5,0,True,False,5
SHP000281,ORD000281,CUS0221,SKU0026,CAR006,LOC001,LOC011,20250311,20250311,20250317,20250317,2025-03-11,2025-03-11,2025-03-17,2025-03-17,1,12,563,4543.68,3042.12,112.74,1388.82,0.3057,6,0,True,False,5
SHP000292,ORD000292,CUS0035,SKU0029,CAR006,LOC010,LOC024,20250311,20250312,20250312,20250313,2025-03-11,2025-03-12,2025-03-12,2025-03-13,3,18,2278,4998.42,3368.16,574.59,1055.67,0.2112,1,1,False,False,63
SHP000401,ORD000401,CUS0071,SKU0014,CAR001,LOC001,LOC012,20250311,20250312,20250317,20250318,2025-03-11,2025-03-12,2025-03-17,2025-03-18,1,15,2013,3178.95,2407.65,351.49,419.81,0.1321,6,1,False,False,48
SHP000422,ORD000422,CUS0122,SKU0019,CAR003,LOC008,LOC021,20250311,20250311,20250312,20250312,2025-03-11,2025-03-11,2025-03-12,2025-03-12,3,11,2419,695.2,387.97,1786.59,-1479.36,-2.128,1,0,True,False,20
SHP000449,ORD000449,CUS0226,SKU0028,CAR001,LOC003,LOC028,20250311,20250312,20250317,20250316,2025-03-11,2025-03-12,2025-03-17,2025-03-16,1,2,1611,1075.82,634.72,243.38,197.72,0.1838,4,0,True,False,5
SHP000513,ORD000513,CUS0186,SKU0020,CAR004,LOC009,LOC022,20250311,20250311,20250317,20250318,2025-03-11,2025-03-11,2025-03-17,2025-03-18,1,8,315,1158.24,764.8,136.73,256.71,0.2216,7,1,False,False,48
SHP000526,ORD000526,CUS0066,SKU0012,CAR001,LOC003,LOC012,20250311,20250312,20250317,20250318,2025-03-11,2025-03-12,2025-03-17,2025-03-18,1,5,701,3003.95,1632.5,157.21,1214.24,0.4042,6,1,False,False,48
SHP001199,ORD001199,CUS0053,SKU0001,CAR002,LOC007,LOC018,20250311,20250312,20250312,20250312,2025-03-11,2025-03-12,2025-03-12,2025-03-12,3,15,739,374.55,274.5,149.93,-49.88,-0.1332,0,0,True,False,20
SHP001287,ORD001287,CUS0246,SKU0037,CAR002,LOC007,LOC015,20250311,20250312,20250317,20250317,2025-03-11,2025-03-12,2025-03-17,2025-03-17,1,17,2125,6962.86,5499.84,320.25,1142.77,0.1641,5,0,True,False,5
SHP001348,ORD001348,CUS0011,SKU0007,CAR004,LOC010,LOC014,20250311,20250311,20250312,20250312,2025-03-11,2025-03-11,2025-03-12,2025-03-12,3,11,2646,1443.75,792.66,529.08,122.01,0.0845,1,0,True,False,20
SHP001378,ORD001378,CUS0100,SKU0040,CAR004,LOC004,LOC014,20250311,20250312,20250314,20250314,2025-03-11,2025-03-12,2025-03-14,2025-03-14,2,3,734,842.94,517.14,99.87,225.93,0.268,2,0,True,False,12
SHP001483,ORD001483,CUS0092,SKU0017,CAR005,LOC004,LOC032,20250311,20250311,20250317,20250318,2025-03-11,2025-03-11,2025-03-17,2025-03-18,1,18,2348,2476.8,1772.64,599.29,104.87,0.0423,7,1,False,False,48
SHP001554,ORD001554,CUS0140,SKU0020,CAR001,LOC007,LOC018,20250311,20250311,20250314,20250315,2025-03-11,2025-03-11,2025-03-14,2025-03-15,2,11,2313,1592.58,1051.6,644.7,-103.72,-0.0651,4,1,False,False,55
SHP001559,ORD001559,CUS0236,SKU0010,CAR002,LOC001,LOC015,20250311,20250312,20250312,20250312,2025-03-11,2025-03-12,2025-03-12,2025-03-12,3,17,2513,946.9,687.99,620.34,-361.43,-0.3817,0,0,True,False,20
SHP001687,ORD001687,CUS0077,SKU0025,CAR002,LOC010,LOC031,20250311,20250311,20250317,20250317,2025-03-11,2025-03-11,2025-03-17,2025-03-17,1,11,624,5379.99,3677.74,80.45,1621.8,0.3015,6,0,True,False,5
SHP001700,ORD001700,CUS0098,SKU0038,CAR004,LOC001,LOC018,20250311,20250312,20250317,20250317,2025-03-11,2025-03-12,2025-03-17,2025-03-17,1,7,726,816.2,532.21,158.14,125.85,0.1542,5,0,True,False,5
SHP001701,ORD001701,CUS0169,SKU0002,CAR004,LOC006,LOC013,20250311,20250312,20250317,20250317,2025-03-11,2025-03-12,2025-03-17,2025-03-17,1,9,1674,4588.74,2581.2,213.33,1794.21,0.391,5,0,True,False,5
SHP001738,ORD001738,CUS0154,SKU0017,CAR006,LOC010,LOC021,20250311,20250312,20250314,20250313,2025-03-11,2025-03-12,2025-03-14,2025-03-13,2,3,2142,412.8,295.44,351.93,-234.57,-0.5682,1,0,True,True,42
SHP001766,ORD001766,CUS0192,SKU0029,CAR002,LOC002,LOC021,20250311,20250312,20250317,20250316,2025-03-11,2025-03-12,2025-03-17,2025-03-16,1,2,1965,555.38,374.24,278.48,-97.34,-0.1753,4,0,True,False,5
SHP001829,ORD001829,CUS0202,SKU0021,CAR004,LOC003,LOC014,20250311,20250312,20250317,20250319,2025-03-11,2025-03-12,2025-03-17,2025-03-19,1,3,423,255.45,200.58,74.85,-19.98,-0.0782,7,2,False,False,66
SHP001937,ORD001937,CUS0166,SKU0024,CAR003,LOC007,LOC031,20250311,20250312,20250312,20250312,2025-03-11,2025-03-12,2025-03-12,2025-03-12,3,7,1111,385.49,318.15,643.23,-575.89,-1.4939,0,0,True,False,20
SHP002145,ORD002145,CUS0004,SKU0013,CAR005,LOC009,LOC017,20250311,20250312,20250312,20250314,2025-03-11,2025-03-12,2025-03-12,2025-03-14,3,7,2091,1709.75,1152.27,481.6,75.88,0.0444,2,2,False,False,81
SHP002197,ORD002197,CUS0063,SKU0005,CAR004,LOC002,LOC028,20250311,20250311,20250314,20250314,2025-03-11,2025-03-11,2025-03-14,2025-03-14,2,7,1573,1874.74,1265.88,263.34,345.52,0.1843,3,0,True,False,12
SHP002232,ORD002232,CUS0020,SKU0008,CAR003,LOC001,LOC030,20250311,20250311,20250317,20250318,2025-03-11,2025-03-11,2025-03-17,2025-03-18,1,4,981,934.88,658.12,451.57,-174.81,-0.187,7,1,False,False,48
SHP002326,ORD002326,CUS0121,SKU0012,CAR002,LOC001,LOC018,20250311,20250311,20250314,20250313,2025-03-11,2025-03-11,2025-03-14,2025-03-13,2,11,2237,6608.69,3591.5,453.24,2563.95,0.388,2,0,True,True,42
SHP000183,ORD000183,CUS0093,SKU0004,CAR001,LOC001,LOC017,20250312,20250312,20250315,20250314,2025-03-12,2025-03-12,2025-03-15,2025-03-14,2,5,2630,124.3,94.65,517.46,-487.81,-3.9245,2,0,True,False,12
SHP000214,ORD000214,CUS0085,SKU0031,CAR002,LOC002,LOC029,20250312,20250313,20250318,20250318,2025-03-12,2025-03-13,2025-03-18,2025-03-18,1,7,81,3541.72,2566.55,39.2,935.97,0.2643,5,0,True,False,5
SHP000301,ORD000301,CUS0164,SKU0031,CAR003,LOC007,LOC021,20250312,20250312,20250318,20250319,2025-03-12,2025-03-12,2025-03-18,2025-03-19,1,9,962,4553.64,3299.85,497.03,756.76,0.1662,7,1,False,False,48
SHP000344,ORD000344,CUS0013,SKU0014,CAR002,LOC003,LOC012,20250312,20250313,20250318,20250320,2025-03-12,2025-03-13,2025-03-18,2025-03-20,1,18,677,3814.74,2889.18,124.81,800.75,0.2099,7,2,False,False,66
SHP000588,ORD000588,CUS0130,SKU0016,CAR001,LOC004,LOC018,20250312,20250313,20250315,20250316,2025-03-12,2025-03-13,2025-03-15,2025-03-16,2,7,1815,1890.42,1389.15,428.53,72.74,0.0385,3,1,False,False,55
SHP000670,ORD000670,CUS0137,SKU0032,CAR005,LOC007,LOC027,20250312,20250312,20250318,20250319,2025-03-12,2025-03-12,2025-03-18,2025-03-19,1,18,1012,2316.24,1619.1,196.92,500.22,0.216,7,1,False,False,48
SHP000672,ORD000672,CUS0054,SKU0016,CAR002,LOC003,LOC023,20250312,20250312,20250313,20250313,2025-03-12,2025-03-12,2025-03-13,2025-03-13,3,14,298,3780.84,2778.3,219.52,783.02,0.2071,1,0,True,False,20
SHP000811,ORD000811,CUS0054,SKU0034,CAR003,LOC005,LOC016,20250312,20250313,20250318,20250314,2025-03-12,2025-03-13,2025-03-18,2025-03-14,1,2,2264,1382.42,781.58,1113.15,-512.31,-0.3706,1,0,True,False,5
SHP000822,ORD000822,CUS0031,SKU0019,CAR004,LOC005,LOC027,20250312,20250313,20250318,20250317,2025-03-12,2025-03-13,2025-03-18,2025-03-17,1,1,1275,63.2,35.27,175.57,-147.64,-2.3361,4,0,True,False,5
SHP001061,ORD001061,CUS0134,SKU0038,CAR002,LOC006,LOC016,20250312,20250313,20250318,20250320,2025-03-12,2025-03-13,2025-03-18,2025-03-20,1,15,1263,1749.0,1140.45,270.74,337.81,0.1931,7,2,False,False,66
SHP001091,ORD001091,CUS0135,SKU0021,CAR002,LOC010,LOC018,20250312,20250312,20250315,20250314,2025-03-12,2025-03-12,2025-03-15,2025-03-14,2,11,2485,936.65,735.46,469.05,-267.86,-0.286,2,0,True,False,12
SHP001120,ORD001120,CUS0160,SKU0008,CAR001,LOC007,LOC020,20250312,20250312,20250315,20250316,2025-03-12,2025-03-12,2025-03-15,2025-03-16,2,11,2683,2570.92,1809.83,541.67,219.42,0.0853,4,1,False,False,55
SHP001124,ORD001124,CUS0233,SKU0020,CAR005,LOC001,LOC020,20250312,20250313,20250313,20250314,2025-03-12,2025-03-13,2025-03-13,2025-03-14,3,18,1288,2606.04,1720.8,408.15,477.09,0.1831,1,1,False,False,63
SHP001136,ORD001136,CUS0069,SKU0008,CAR006,LOC005,LOC032,20250312,20250313,20250318,20250318,2025-03-12,2025-03-13,2025-03-18,2025-03-18,1,5,1588,1168.6,822.65,232.18,113.77,0.0974,5,0,True,False,5
SHP001152,ORD001152,CUS0024,SKU0035,CAR003,LOC003,LOC012,20250312,20250313,20250318,20250318,2025-03-12,2025-03-13,2025-03-18,2025-03-18,1,17,1139,2432.02,1813.05,560.27,58.7,0.0241,5,0,True,False,5
SHP001160,ORD001160,CUS0105,SKU0004,CAR002,LOC009,LOC025,20250312,20250313,20250315,20250315,2025-03-12,2025-03-13,2025-03-15,2025-03-15,2,16,1054,397.76,302.88,313.17,-218.29,-0.5488,2,0,True,False,12
SHP001241,ORD001241,CUS0168,SKU0021,CAR003,LOC006,LOC028,20250312,20250313,20250318,20250318,2025-03-12,2025-03-13,2025-03-18,2025-03-18,1,6,2435,510.9,401.16,1193.34,-1083.6,-2.121,5,0,True,False,5
SHP001316,ORD001316,CUS0165,SKU0016,CAR005,LOC009,LOC027,20250312,20250313,20250318,20250319,2025-03-12,2025-03-13,2025-03-18,2025-03-19,1,11,575,2970.66,2182.95,176.7,611.01,0.2057,6,1,False,False,48
SHP001620,ORD001620,CUS0160,SKU0014,CAR002,LOC004,LOC023,20250312,20250312,20250315,20250314,2025-03-12,2025-03-12,2025-03-15,2025-03-14,2,10,1075,2119.3,1605.1,179.11,335.09,0.1581,2,0,True,False,12
SHP001765,ORD001765,CUS0149,SKU0029,CAR003,LOC004,LOC029,20250312,20250312,20250318,20250318,2025-03-12,2025-03-12,2025-03-18,2025-03-18,1,15,1893,4165.35,2806.8,974.12,384.43,0.0923,6,0,True,False,5
SHP001794,ORD001794,CUS0088,SKU0022,CAR001,LOC005,LOC020,20250312,20250313,20250318,20250319,2025-03-12,2025-03-13,2025-03-18,2025-03-19,1,6,923,1096.26,697.5,255.08,143.68,0.1311,6,1,False,False,48
SHP002054,ORD002054,CUS0041,SKU0013,CAR002,LOC008,LOC019,20250312,20250313,20250315,20250315,2025-03-12,2025-03-13,2025-03-15,2025-03-15,2,2,194,488.5,329.22,45.64,113.64,0.2326,2,0,True,False,12
SHP002254,ORD002254,CUS0057,SKU0003,CAR001,LOC004,LOC011,20250312,20250313,20250318,20250315,2025-03-12,2025-03-13,2025-03-18,2025-03-15,1,13,1893,340.73,274.17,356.48,-289.92,-0.8509,2,0,True,False,5
SHP002322,ORD002322,CUS0036,SKU0022,CAR001,LOC009,LOC023,20250312,20250313,20250315,20250316,2025-03-12,2025-03-13,2025-03-15,2025-03-16,2,6,771,1096.26,697.5,240.71,158.05,0.1442,3,1,False,False,55
SHP002461,ORD002461,CUS0247,SKU0033,CAR004,LOC007,LOC012,20250312,20250312,20250315,20250317,2025-03-12,2025-03-12,2025-03-15,2025-03-17,2,6,1877,3666.24,2318.52,290.17,1057.55,0.2885,5,2,False,False,73
SHP000009,ORD000009,CUS0163,SKU0005,CAR004,LOC001,LOC020,20250313,20250314,20250319,20250320,2025-03-13,2025-03-14,2025-03-19,2025-03-20,1,8,1742,2142.56,1446.72,197.96,497.88,0.2324,6,1,False,False,48
SHP000022,ORD000022,CUS0156,SKU0002,CAR006,LOC005,LOC021,20250313,20250314,20250314,20250314,2025-03-13,2025-03-14,2025-03-14,2025-03-14,3,18,1165,9177.48,5162.4,207.11,3807.97,0.4149,0,0,True,True,50
SHP000165,ORD000165,CUS0119,SKU0007,CAR001,LOC004,LOC015,20250313,20250313,20250316,20250316,2025-03-13,2025-03-13,2025-03-16,2025-03-16,2,8,118,1050.0,576.48,48.19,425.33,0.4051,3,0,True,False,12
SHP000176,ORD000176,CUS0171,SKU0015,CAR005,LOC005,LOC015,20250313,20250313,20250316,20250317,2025-03-13,2025-03-13,2025-03-16,2025-03-17,2,12,788,4023.24,3107.52,257.34,658.38,0.1636,4,1,False,False,55
SHP000224,ORD000224,CUS0094,SKU0022,CAR001,LOC010,LOC030,20250313,20250314,20250319,20250319,2025-03-13,2025-03-14,2025-03-19,2025-03-19,1,15,983,2740.65,1743.75,355.42,641.48,0.2341,5,0,True,False,5
SHP000234,ORD000234,CUS0178,SKU0019,CAR006,LOC006,LOC028,20250313,20250313,20250319,20250318,2025-03-13,2025-03-13,2025-03-19,2025-03-18,1,17,262,1074.4,599.59,184.17,290.64,0.2705,5,0,True,True,35
SHP000286,ORD000286,CUS0006,SKU0023,CAR004,LOC010,LOC017,20250313,20250313,20250319,20250320,2025-03-13,2025-03-13,2025-03-19,2025-03-20,1,9,566,2613.87,1414.26,84.96,1114.65,0.4264,7,1,False,False,48
SHP000295,ORD000295,CUS0184,SKU0011,CAR006,LOC004,LOC027,20250313,20250314,20250319,20250317,2025-03-13,2025-03-14,2025-03-19,2025-03-17,1,8,973,3249.52,1966.96,123.76,1158.8,0.3566,3,0,True,False,5
SHP000304,ORD000304,CUS0188,SKU0029,CAR002,LOC003,LOC019,20250313,20250313,20250316,20250316,2025-03-13,2025-03-13,2025-03-16,2025-03-16,2,12,157,3332.28,2245.44,177.15,909.69,0.273,3,0,True,False,12
SHP000409,ORD000409,CUS0034,SKU0014,CAR003,LOC003,LOC025,20250313,20250313,20250316,20250315,2025-03-13,2025-03-13,2025-03-16,2025-03-15,2,14,441,2967.02,2247.14,277.82,442.06,0.149,2,0,True,False,12
SHP000428,ORD000428,CUS0048,SKU0013,CAR004,LOC005,LOC029,20250313,20250314,20250319,20250319,2025-03-13,2025-03-14,2025-03-19,2025-03-19,1,5,1255,1221.25,823.05,176.55,221.65,0.1815,5,0,True,False,5
SHP000478,ORD000478,CUS0121,SKU0016,CAR003,LOC010,LOC012,20250313,20250313,20250319,20250320,2025-03-13,2025-03-13,2025-03-19,2025-03-20,1,11,2553,2970.66,2182.95,1498.44,-710.73,-0.2392,7,1,False,False,48
SHP000483,ORD000483,CUS0217,SKU0008,CAR006,LOC003,LOC027,20250313,20250314,20250319,20250319,2025-03-13,2025-03-14,2025-03-19,2025-03-19,1,16,453,3739.52,2632.48,102.08,1004.96,0.2687,5,0,True,False,5
SHP000803,ORD000803,CUS0063,SKU0001,CAR002,LOC003,LOC026,20250313,20250313,20250316,20250314,2025-03-13,2025-03-13,2025-03-16,2025-03-14,2,2,971,49.94,36.6,151.59,-138.25,-2.7683,1,0,True,False,12
SHP000985,ORD000985,CUS0107,SKU0011,CAR001,LOC005,LOC018,20250313,20250313,20250319,20250317,2025-03-13,2025-03-13,2025-03-19,2025-03-17,1,5,718,2030.95,1229.35,128.11,673.49,0.3316,4,0,True,False,5
SHP001009,ORD001009,CUS0231,SKU0013,CAR002,LOC010,LOC030,20250313,20250313,20250319,20250321,2025-03-13,2025-03-13,2025-03-19,2025-03-21,1,11,2414,2686.75,1810.71,445.24,430.8,0.1603,8,2,False,False,66
SHP001020,ORD001020,CUS0011,SKU0031,CAR001,LOC003,LOC027,20250313,20250314,20250319,20250318,2025-03-13,2025-03-14,2025-03-19,2025-03-18,1,8,967,4047.68,2933.2,265.65,848.83,0.2097,4,0,True,False,5
SHP001227,ORD001227,CUS0015,SKU0027,CAR003,LOC008,LOC019,20250313,20250314,20250316,20250317,2025-03-13,2025-03-14,2025-03-16,2025-03-17,2,14,1771,6029.8,5076.96,1089.32,-136.48,-0.0226,3,1,False,False,55
SHP001255,ORD001255,CUS0237,SKU0009,CAR003,LOC005,LOC023,20250313,20250313,20250316,20250317,2025-03-13,2025-03-13,2025-03-16,2025-03-17,2,17,1407,9661.61,5789.18,825.26,3047.17,0.3154,4,1,False,True,85
SHP001299,ORD001299,CUS0106,SKU0032,CAR001,LOC005,LOC021,20250313,20250314,20250319,20250318,2025-03-13,2025-03-14,2025-03-19,2025-03-18,1,14,732,1801.52,1259.3,151.15,391.07,0.2171,4,0,True,False,5
SHP001342,ORD001342,CUS0034,SKU0023,CAR005,LOC002,LOC024,20250313,20250313,20250319,20250319,2025-03-13,2025-03-13,2025-03-19,2025-03-19,1,14,1123,4066.02,2199.96,195.72,1670.34,0.4108,6,0,True,False,5
SHP001394,ORD001394,CUS0093,SKU0014,CAR006,LOC009,LOC025,20250313,20250314,20250319,20250316,2025-03-13,2025-03-14,2025-03-19,2025-03-16,1,6,1214,1271.58,963.06,160.68,147.84,0.1163,2,0,True,False,5
SHP001432,ORD001432,CUS0157,SKU0037,CAR002,LOC005,LOC017,20250313,20250314,20250314,20250314,2025-03-13,2025-03-14,2025-03-14,2025-03-14,3,3,351,1228.74,970.56,78.62,179.56,0.1461,0,0,True,False,20
SHP001546,ORD001546,CUS0033,SKU0027,CAR002,LOC001,LOC027,20250313,20250314,20250319,20250320,2025-03-13,2025-03-14,2025-03-19,2025-03-20,1,17,1968,7321.9,6164.88,353.44,803.58,0.1098,6,1,False,False,48
SHP001662,ORD001662,CUS0198,SKU0014,CAR002,LOC001,LOC028,20250313,20250314,20250319,20250318,2025-03-13,2025-03-14,2025-03-19,2025-03-18,1,11,1969,2331.23,1765.61,310.26,255.36,0.1095,4,0,True,False,5
SHP001767,ORD001767,CUS0156,SKU0033,CAR006,LOC009,LOC025,20250313,20250314,20250319,20250318,2025-03-13,2025-03-14,2025-03-19,2025-03-18,1,12,2322,7332.48,4637.04,324.36,2371.08,0.3234,4,0,True,False,5
SHP001813,ORD001813,CUS0196,SKU0009,CAR006,LOC004,LOC023,20250313,20250314,20250319,20250320,2025-03-13,2025-03-14,2025-03-19,2025-03-20,1,14,1458,7956.62,4767.56,265.19,2923.87,0.3675,6,1,False,False,48
SHP001847,ORD001847,CUS0188,SKU0019,CAR006,LOC010,LOC018,20250313,20250313,20250319,20250319,2025-03-13,2025-03-13,2025-03-19,2025-03-19,1,15,418,948.0,529.05,175.35,243.6,0.257,6,0,True,False,5
SHP001853,ORD001853,CUS0036,SKU0004,CAR003,LOC010,LOC030,20250313,20250313,20250319,20250319,2025-03-13,2025-03-13,2025-03-19,2025-03-19,1,18,1218,447.48,340.74,702.68,-595.94,-1.3318,6,0,True,False,5
SHP002009,ORD002009,CUS0096,SKU0040,CAR005,LOC004,LOC029,20250313,20250314,20250316,20250315,2025-03-13,2025-03-14,2025-03-16,2025-03-15,2,17,2034,4776.66,2930.46,524.17,1322.03,0.2768,1,0,True,False,12
SHP002062,ORD002062,CUS0019,SKU0020,CAR005,LOC001,LOC022,20250313,20250313,20250319,20250317,2025-03-13,2025-03-13,2025-03-19,2025-03-17,1,10,569,1447.8,956.0,190.59,301.21,0.208,4,0,True,False,5
SHP002064,ORD002064,CUS0104,SKU0034,CAR006,LOC006,LOC023,20250313,20250313,20250319,20250320,2025-03-13,2025-03-13,2025-03-19,2025-03-20,1,17,2235,11750.57,6643.43,474.2,4632.94,0.3943,7,1,False,False,48
SHP002100,ORD002100,CUS0132,SKU0002,CAR002,LOC007,LOC018,20250313,20250314,20250316,20250318,2025-03-13,2025-03-14,2025-03-16,2025-03-18,2,13,1473,6628.18,3728.4,279.68,2620.1,0.3953,4,2,False,False,73
SHP002239,ORD002239,CUS0054,SKU0014,CAR001,LOC009,LOC015,20250313,20250313,20250319,20250320,2025-03-13,2025-03-13,2025-03-19,2025-03-20,1,6,1550,1271.58,963.06,259.33,49.19,0.0387,7,1,False,False,48
SHP002263,ORD002263,CUS0132,SKU0026,CAR006,LOC008,LOC023,20250313,20250313,20250316,20250318,2025-03-13,2025-03-13,2025-03-16,2025-03-18,2,17,1127,6436.88,4309.67,260.83,1866.38,0.29,5,2,False,False,73
SHP002481,ORD002481,CUS0205,SKU0035,CAR003,LOC001,LOC032,20250313,20250314,20250319,20250320,2025-03-13,2025-03-14,2025-03-19,2025-03-20,1,18,603,2575.08,1919.7,379.29,276.09,0.1072,6,1,False,False,48
SHP000063,ORD000063,CUS0012,SKU0006,CAR006,LOC001,LOC026,20250314,20250315,20250320,20250320,2025-03-14,2025-03-15,2025-03-20,2025-03-20,1,1,933,412.64,320.63,120.65,-28.64,-0.0694,5,0,True,False,5
SHP000136,ORD000136,CUS0138,SKU0039,CAR002,LOC010,LOC019,20250314,20250314,20250320,20250319,2025-03-14,2025-03-14,2025-03-20,2025-03-19,1,9,1395,5928.75,3516.39,276.97,2135.39,0.3602,5,0,True,False,5
SHP000145,ORD000145,CUS0090,SKU0029,CAR006,LOC004,LOC013,20250314,20250314,20250320,20250321,2025-03-14,2025-03-14,2025-03-20,2025-03-21,1,6,1756,1666.14,1122.72,291.4,252.02,0.1513,7,1,False,False,48
SHP000170,ORD000170,CUS0047,SKU0018,CAR001,LOC005,LOC012,20250314,20250315,20250320,20250324,2025-03-14,2025-03-15,2025-03-20,2025-03-24,1,13,1376,1599.0,1330.81,248.95,19.24,0.012,9,4,False,False,100
SHP000319,ORD000319,CUS0040,SKU0015,CAR001,LOC002,LOC018,20250314,20250315,20250320,20250318,2025-03-14,2025-03-15,2025-03-20,2025-03-18,1,17,1895,5699.59,4402.32,508.22,789.05,0.1384,3,0,True,False,5
SHP000498,ORD000498,CUS0086,SKU0004,CAR001,LOC007,LOC026,20250314,20250315,20250317,20250316,2025-03-14,2025-03-15,2025-03-17,2025-03-16,2,13,490,323.18,246.09,222.1,-145.01,-0.4487,1,0,True,False,12
SHP000680,ORD000680,CUS0013,SKU0003,CAR003,LOC006,LOC020,20250314,20250315,20250320,20250320,2025-03-14,2025-03-15,2025-03-20,2025-03-20,1,16,451,419.36,337.44,232.86,-150.94,-0.3599,5,0,True,False,5
SHP000741,ORD000741,CUS0029,SKU0019,CAR001,LOC005,LOC030,20250314,20250314,20250315,20250315,2025-03-14,2025-03-14,2025-03-15,2025-03-15,3,12,1980,758.4,423.24,569.64,-234.48,-0.3092,1,0,True,False,20
SHP001028,ORD001028,CUS0095,SKU0004,CAR002,LOC006,LOC013,20250314,20250315,20250315,20250315,2025-03-14,2025-03-15,2025-03-15,2025-03-15,3,4,851,99.44,75.72,220.89,-197.17,-1.9828,0,0,True,False,20
SHP001046,ORD001046,CUS0065,SKU0004,CAR005,LOC008,LOC020,20250314,20250314,20250320,20250322,2025-03-14,2025-03-14,2025-03-20,2025-03-22,1,18,551,447.48,340.74,250.48,-143.74,-0.3212,8,2,False,False,66
SHP001105,ORD001105,CUS0223,SKU0001,CAR002,LOC001,LOC015,20250314,20250314,20250317,20250318,2025-03-14,2025-03-14,2025-03-17,2025-03-18,2,6,2064,149.82,109.8,336.5,-296.48,-1.9789,4,1,False,False,55
SHP001159,ORD001159,CUS0205,SKU0010,CAR003,LOC003,LOC029,20250314,20250315,20250320,20250316,2025-03-14,2025-03-15,2025-03-20,2025-03-16,1,14,1583,779.8,566.58,812.46,-599.24,-0.7685,1,0,True,False,5
SHP001364,ORD001364,CUS0083,SKU0029,CAR005,LOC010,LOC024,20250314,20250315,20250320,20250321,2025-03-14,2025-03-15,2025-03-20,2025-03-21,1,18,832,4998.42,3368.16,276.74,1353.52,0.2708,6,1,False,False,48
SHP001415,ORD001415,CUS0019,SKU0014,CAR002,LOC003,LOC015,20250314,20250315,20250315,20250315,2025-03-14,2025-03-15,2025-03-15,2025-03-15,3,16,1017,3390.88,2568.16,237.36,585.36,0.1726,0,0,True,False,20
SHP001419,ORD001419,CUS0002,SKU0031,CAR006,LOC009,LOC032,20250314,20250315,20250317,20250318,2025-03-14,2025-03-15,2025-03-17,2025-03-18,2,10,2368,5059.6,3666.5,403.91,989.19,0.1955,3,1,False,False,55
SHP001487,ORD001487,CUS0168,SKU0002,CAR001,LOC004,LOC024,20250314,20250315,20250320,20250319,2025-03-14,2025-03-15,2025-03-20,2025-03-19,1,16,213,8157.76,4588.8,48.82,3520.14,0.4315,4,0,True,False,5
SHP001502,ORD001502,CUS0176,SKU0028,CAR004,LOC008,LOC013,20250314,20250315,20250317,20250318,2025-03-14,2025-03-15,2025-03-17,2025-03-18,2,12,840,6454.92,3808.32,175.12,2471.48,0.3829,3,1,False,False,55
SHP001538,ORD001538,CUS0056,SKU0030,CAR005,LOC001,LOC031,20250314,20250315,20250315,20250316,2025-03-14,2025-03-15,2025-03-15,2025-03-16,3,1,1960,690.44,408.42,472.78,-190.76,-0.2763,1,1,False,False,63
SHP001857,ORD001857,CUS0072,SKU0011,CAR002,LOC006,LOC032,20250314,20250315,20250317,20250317,2025-03-14,2025-03-15,2025-03-17,2025-03-17,2,1,942,406.19,245.87,136.88,23.44,0.0577,2,0,True,False,12
SHP001874,ORD001874,CUS0236,SKU0014,CAR005,LOC005,LOC032,20250314,20250314,20250320,20250324,2025-03-14,2025-03-14,2025-03-20,2025-03-24,1,11,641,2331.23,1765.61,110.55,455.07,0.1952,10,4,False,False,100
SHP001927,ORD001927,CUS0088,SKU0021,CAR005,LOC008,LOC023,20250314,20250315,20250320,20250318,2025-03-14,2025-03-15,2025-03-20,2025-03-18,1,5,1846,425.75,334.3,338.7,-247.25,-0.5807,3,0,True,True,35
SHP002081,ORD002081,CUS0130,SKU0039,CAR001,LOC005,LOC020,20250314,20250314,20250317,20250316,2025-03-14,2025-03-14,2025-03-17,2025-03-16,2,4,350,2635.0,1562.84,97.87,974.29,0.3697,2,0,True,False,12
SHP002099,ORD002099,CUS0134,SKU0018,CAR001,LOC004,LOC022,20250314,20250315,20250320,20250321,2025-03-14,2025-03-15,2025-03-20,2025-03-21,1,3,115,369.0,307.11,36.06,25.83,0.07,6,1,False,False,48
SHP002156,ORD002156,CUS0179,SKU0027,CAR003,LOC005,LOC016,20250314,20250315,20250320,20250318,2025-03-14,2025-03-15,2025-03-20,2025-03-18,1,3,2048,1292.1,1087.92,933.18,-729.0,-0.5642,3,0,True,False,5
SHP002264,ORD002264,CUS0061,SKU0031,CAR004,LOC010,LOC031,20250314,20250315,20250320,20250321,2025-03-14,2025-03-15,2025-03-20,2025-03-21,1,1,2475,505.96,366.65,306.5,-167.19,-0.3304,6,1,False,False,48
SHP002480,ORD002480,CUS0019,SKU0028,CAR002,LOC010,LOC013,20250314,20250315,20250320,20250321,2025-03-14,2025-03-15,2025-03-20,2025-03-21,1,18,1334,9682.38,5712.48,216.32,3753.58,0.3877,6,1,False,False,48
SHP000046,ORD000046,CUS0110,SKU0019,CAR001,LOC003,LOC032,20250315,20250315,20250321,20250320,2025-03-15,2025-03-15,2025-03-21,2025-03-20,1,5,2588,316.0,176.35,473.22,-333.57,-1.0556,5,0,True,False,5
SHP000085,ORD000085,CUS0016,SKU0016,CAR006,LOC005,LOC014,20250315,20250316,20250321,20250322,2025-03-15,2025-03-16,2025-03-21,2025-03-22,1,12,1730,3240.72,2381.4,413.56,445.76,0.1375,6,1,False,False,48
SHP000191,ORD000191,CUS0071,SKU0012,CAR004,LOC006,LOC018,20250315,20250315,20250321,20250322,2025-03-15,2025-03-15,2025-03-21,2025-03-22,1,2,1715,1201.58,653.0,239.07,309.51,0.2576,7,1,False,False,48
SHP000278,ORD000278,CUS0189,SKU0032,CAR002,LOC004,LOC018,20250315,20250315,20250321,20250322,2025-03-15,2025-03-15,2025-03-21,2025-03-22,1,7,1031,900.76,629.65,172.61,98.5,0.1094,7,1,False,False,48
SHP000330,ORD000330,CUS0085,SKU0039,CAR004,LOC010,LOC028,20250315,20250315,20250321,20250321,2025-03-15,2025-03-15,2025-03-21,2025-03-21,1,10,2290,6587.5,3907.1,344.01,2336.39,0.3547,6,0,True,False,5
SHP000397,ORD000397,CUS0196,SKU0014,CAR001,LOC003,LOC022,20250315,20250315,20250321,20250320,2025-03-15,2025-03-15,2025-03-21,2025-03-20,1,11,564,2331.23,1765.61,132.91,432.71,0.1856,5,0,True,False,5
SHP000610,ORD000610,CUS0152,SKU0004,CAR005,LOC006,LOC022,20250315,20250315,20250318,20250320,2025-03-15,2025-03-15,2025-03-18,2025-03-20,2,10,847,248.6,189.3,291.46,-232.16,-0.9339,5,2,False,False,73
SHP000620,ORD000620,CUS0047,SKU0038,CAR004,LOC005,LOC029,20250315,20250315,20250321,20250320,2025-03-15,2025-03-15,2025-03-21,2025-03-20,1,4,2053,466.4,304.12,300.15,-137.87,-0.2956,5,0,True,False,5
SHP000704,ORD000704,CUS0104,SKU0012,CAR003,LOC003,LOC027,20250315,20250315,20250321,20250323,2025-03-15,2025-03-15,2025-03-21,2025-03-23,1,13,2188,7810.27,4244.5,1016.63,2549.14,0.3264,8,2,False,False,66
SHP000732,ORD000732,CUS0026,SKU0035,CAR003,LOC007,LOC023,20250315,20250316,20250321,20250321,2025-03-15,2025-03-16,2025-03-21,2025-03-21,1,3,997,429.18,319.95,507.81,-398.58,-0.9287,5,0,True,False,5
SHP000817,ORD000817,CUS0115,SKU0015,CAR003,LOC002,LOC014,20250315,20250315,20250316,20250316,2025-03-15,2025-03-15,2025-03-16,2025-03-16,3,13,1342,4358.51,3366.48,1049.65,-57.62,-0.0132,1,0,True,False,20
SHP000867,ORD000867,CUS0089,SKU0036,CAR001,LOC008,LOC032,20250315,20250316,20250316,20250317,2025-03-15,2025-03-16,2025-03-16,2025-03-17,3,16,1582,1042.88,692.64,415.59,-65.35,-0.0627,1,1,False,False,63
SHP000994,ORD000994,CUS0003,SKU0005,CAR006,LOC010,LOC013,20250315,20250315,20250318,20250318,2025-03-15,2025-03-15,2025-03-18,2025-03-18,2,3,125,803.46,542.52,29.45,231.49,0.2881,3,0,True,False,12
SHP001184,ORD001184,CUS0165,SKU0036,CAR005,LOC008,LOC013,20250315,20250316,20250318,20250317,2025-03-15,2025-03-16,2025-03-18,2025-03-17,2,10,2528,651.8,432.9,503.95,-285.05,-0.4373,1,0,True,False,12
SHP001214,ORD001214,CUS0184,SKU0032,CAR002,LOC008,LOC012,20250315,20250316,20250316,20250317,2025-03-15,2025-03-16,2025-03-16,2025-03-17,3,17,600,2187.56,1529.15,148.27,510.14,0.2332,1,1,False,False,63
SHP001240,ORD001240,CUS0226,SKU0027,CAR002,LOC010,LOC013,20250315,20250316,20250316,20250316,2025-03-15,2025-03-16,2025-03-16,2025-03-16,3,7,482,3014.9,2538.48,178.66,297.76,0.0988,0,0,True,False,20
SHP001243,ORD001243,CUS0184,SKU0040,CAR006,LOC008,LOC011,20250315,20250315,20250318,20250320,2025-03-15,2025-03-15,2025-03-18,2025-03-20,2,16,2542,4495.68,2758.08,514.32,1223.28,0.2721,5,2,False,False,73
SHP001249,ORD001249,CUS0200,SKU0002,CAR002,LOC002,LOC020,20250315,20250315,20250318,20250317,2025-03-15,2025-03-15,2025-03-18,2025-03-17,2,3,2473,1529.58,860.4,417.84,251.34,0.1643,2,0,True,False,12
SHP001339,ORD001339,CUS0046,SKU0040,CAR004,LOC001,LOC022,20250315,20250315,20250321,20250322,2025-03-15,2025-03-15,2025-03-21,2025-03-22,1,1,422,280.98,172.38,52.87,55.73,0.1983,7,1,False,False,48
SHP001545,ORD001545,CUS0149,SKU0035,CAR001,LOC010,LOC028,20250315,20250316,20250318,20250319,2025-03-15,2025-03-16,2025-03-18,2025-03-19,2,11,1727,1573.66,1173.15,471.91,-71.4,-0.0454,3,1,False,False,55
SHP001658,ORD001658,CUS0179,SKU0011,CAR005,LOC008,LOC023,20250315,20250315,20250321,20250321,2025-03-15,2025-03-15,2025-03-21,2025-03-21,1,10,2600,4061.9,2458.7,418.5,1184.7,0.2917,6,0,True,False,5
SHP001833,ORD001833,CUS0165,SKU0016,CAR002,LOC006,LOC017,20250315,20250316,20250316,20250317,2025-03-15,2025-03-16,2025-03-16,2025-03-17,3,6,266,1620.36,1190.7,88.81,340.85,0.2104,1,1,False,False,63
SHP001868,ORD001868,CUS0123,SKU0021,CAR005,LOC010,LOC012,20250315,20250315,20250321,20250320,2025-03-15,2025-03-15,2025-03-21,2025-03-20,1,3,295,255.45,200.58,63.31,-8.44,-0.033,5,0,True,False,5
SHP002001,ORD002001,CUS0090,SKU0032,CAR002,LOC006,LOC020,20250315,20250315,20250321,20250320,2025-03-15,2025-03-15,2025-03-21,2025-03-20,1,10,336,1286.8,899.5,71.8,315.5,0.2452,5,0,True,False,5
SHP002044,ORD002044,CUS0051,SKU0004,CAR005,LOC004,LOC019,20250315,20250315,20250321,20250320,2025-03-15,2025-03-15,2025-03-21,2025-03-20,1,2,336,49.72,37.86,79.88,-68.02,-1.3681,5,0,True,False,5
SHP002120,ORD002120,CUS0233,SKU0017,CAR006,LOC007,LOC019,20250315,20250315,20250321,20250321,2025-03-15,2025-03-15,2025-03-21,2025-03-21,1,5,1634,688.0,492.4,207.71,-12.11,-0.0176,6,0,True,False,5
SHP002352,ORD002352,CUS0040,SKU0033,CAR001,LOC009,LOC017,20250315,20250315,20250321,20250321,2025-03-15,2025-03-15,2025-03-21,2025-03-21,1,2,958,1222.08,772.84,164.71,284.53,0.2328,6,0,True,False,5
SHP002358,ORD002358,CUS0109,SKU0004,CAR004,LOC010,LOC019,20250315,20250316,20250321,20250319,2025-03-15,2025-03-16,2025-03-21,2025-03-19,1,7,1960,174.02,132.51,255.37,-213.86,-1.2289,3,0,True,False,5
SHP002367,ORD002367,CUS0032,SKU0003,CAR003,LOC005,LOC019,20250315,20250315,20250321,20250320,2025-03-15,2025-03-15,2025-03-21,2025-03-20,1,13,2170,340.73,274.17,1083.97,-1017.41,-2.986,5,0,True,False,5
SHP002387,ORD002387,CUS0188,SKU0012,CAR003,LOC006,LOC016,20250315,20250315,20250321,20250322,2025-03-15,2025-03-15,2025-03-21,2025-03-22,1,10,2184,6007.9,3265.0,1243.72,1499.18,0.2495,7,1,False,False,48
SHP002396,ORD002396,CUS0079,SKU0013,CAR003,LOC007,LOC016,20250315,20250316,20250321,20250322,2025-03-15,2025-03-16,2025-03-21,2025-03-22,1,2,612,488.5,329.22,267.65,-108.37,-0.2218,6,1,False,False,48
SHP002408,ORD002408,CUS0234,SKU0040,CAR005,LOC009,LOC017,20250315,20250315,20250321,20250322,2025-03-15,2025-03-15,2025-03-21,2025-03-22,1,15,1989,4214.7,2585.7,423.89,1205.11,0.2859,7,1,False,False,48
SHP002413,ORD002413,CUS0153,SKU0015,CAR005,LOC010,LOC022,20250315,20250316,20250318,20250318,2025-03-15,2025-03-16,2025-03-18,2025-03-18,2,14,2513,4693.78,3625.44,524.03,544.31,0.116,2,0,True,False,12
SHP000036,ORD000036,CUS0248,SKU0020,CAR006,LOC002,LOC020,20250316,20250317,20250319,20250319,2025-03-16,2025-03-17,2025-03-19,2025-03-19,2,12,1675,1737.36,1147.2,357.39,232.77,0.134,2,0,True,False,12
SHP000171,ORD000171,CUS0064,SKU0007,CAR006,LOC010,LOC023,20250316,20250317,20250317,20250317,2025-03-16,2025-03-17,2025-03-17,2025-03-17,3,6,299,787.5,432.36,93.37,261.77,0.3324,0,0,True,False,20
SHP000253,ORD000253,CUS0142,SKU0003,CAR003,LOC007,LOC018,20250316,20250317,20250322,20250317,2025-03-16,2025-03-17,2025-03-22,2025-03-17,1,7,2003,183.47,147.63,848.06,-812.22,-4.427,0,0,True,False,5
SHP000316,ORD000316,CUS0024,SKU0020,CAR005,LOC002,LOC021,20250316,20250317,20250322,20250322,2025-03-16,2025-03-17,2025-03-22,2025-03-22,1,9,1707,1303.02,860.4,342.25,100.37,0.077,5,0,True,False,5
SHP000369,ORD000369,CUS0217,SKU0026,CAR002,LOC009,LOC022,20250316,20250316,20250322,20250322,2025-03-16,2025-03-16,2025-03-22,2025-03-22,1,17,2318,6436.88,4309.67,335.25,1791.96,0.2784,6,0,True,False,5
SHP000398,ORD000398,CUS0097,SKU0040,CAR002,LOC001,LOC016,20250316,20250316,20250322,20250321,2025-03-16,2025-03-16,2025-03-22,2025-03-21,1,4,134,1123.92,689.52,37.27,397.13,0.3533,5,0,True,False,5
SHP000446,ORD000446,CUS0122,SKU0023,CAR006,LOC009,LOC019,20250316,20250316,20250322,20250322,2025-03-16,2025-03-16,2025-03-22,2025-03-22,1,13,2540,3775.59,2042.82,396.0,1336.77,0.3541,6,0,True,False,5
SHP000465,ORD000465,CUS0056,SKU0028,CAR002,LOC010,LOC012,20250316,20250317,20250319,20250320,2025-03-16,2025-03-17,2025-03-19,2025-03-20,2,8,1194,4303.28,2538.88,208.23,1556.17,0.3616,3,1,False,False,55
SHP000517,ORD000517,CUS0177,SKU0029,CAR004,LOC008,LOC015,20250316,20250316,20250322,20250322,2025-03-16,2025-03-16,2025-03-22,2025-03-22,1,14,737,3887.66,2619.68,182.33,1085.65,0.2793,6,0,True,False,5
SHP000696,ORD000696,CUS0108,SKU0013,CAR006,LOC004,LOC022,20250316,20250316,20250322,20250324,2025-03-16,2025-03-16,2025-03-22,2025-03-24,1,7,2306,1709.75,1152.27,385.84,171.64,0.1004,8,2,False,False,66
SHP000842,ORD000842,CUS0054,SKU0037,CAR006,LOC005,LOC017,20250316,20250317,20250322,20250321,2025-03-16,2025-03-17,2025-03-22,2025-03-21,1,18,1847,7372.44,5823.36,350.45,1198.63,0.1626,4,0,True,False,5
SHP000888,ORD000888,CUS0026,SKU0030,CAR005,LOC004,LOC026,20250316,20250316,20250319,20250317,2025-03-16,2025-03-16,2025-03-19,2025-03-17,2,16,279,11047.04,6534.72,141.28,4371.04,0.3957,1,0,True,False,12
SHP000987,ORD000987,CUS0249,SKU0002,CAR004,LOC002,LOC016,20250316,20250316,20250322,20250324,2025-03-16,2025-03-16,2025-03-22,2025-03-24,1,15,1461,7647.9,4302.0,217.58,3128.32,0.409,8,2,False,False,66
SHP001130,ORD001130,CUS0183,SKU0009,CAR001,LOC002,LOC032,20250316,20250317,20250322,20250322,2025-03-16,2025-03-17,2025-03-22,2025-03-22,1,8,1015,4546.64,2724.32,259.15,1563.17,0.3438,5,0,True,False,5
SHP001183,ORD001183,CUS0147,SKU0019,CAR002,LOC003,LOC023,20250316,20250317,20250319,20250321,2025-03-16,2025-03-17,2025-03-19,2025-03-21,2,10,1925,632.0,352.7,413.28,-133.98,-0.212,4,2,False,False,73
SHP001355,ORD001355,CUS0033,SKU0023,CAR001,LOC005,LOC013,20250316,20250316,20250322,20250323,2025-03-16,2025-03-16,2025-03-22,2025-03-23,1,9,2144,2613.87,1414.26,424.69,774.92,0.2965,7,1,False,False,48
SHP001452,ORD001452,CUS0119,SKU0018,CAR001,LOC007,LOC027,20250316,20250317,20250317,20250318,2025-03-16,2025-03-17,2025-03-17,2025-03-18,3,1,750,123.0,102.37,174.83,-154.2,-1.2537,1,1,False,False,63
SHP001622,ORD001622,CUS0101,SKU0039,CAR003,LOC001,LOC014,20250316,20250316,20250322,20250320,2025-03-16,2025-03-16,2025-03-22,2025-03-20,1,11,2575,7246.25,4297.81,1148.71,1799.73,0.2484,4,0,True,False,5
SHP001753,ORD001753,CUS0211,SKU0005,CAR005,LOC005,LOC021,20250316,20250316,20250322,20250320,2025-03-16,2025-03-16,2025-03-22,2025-03-20,1,14,2428,3749.48,2531.76,401.37,816.35,0.2177,4,0,True,False,5
SHP001777,ORD001777,CUS0115,SKU0040,CAR005,LOC005,LOC022,20250316,20250317,20250319,20250322,2025-03-16,2025-03-17,2025-03-19,2025-03-22,2,15,1020,4214.7,2585.7,251.67,1377.33,0.3268,5,3,False,False,91
SHP001812,ORD001812,CUS0225,SKU0019,CAR004,LOC006,LOC032,20250316,20250316,20250319,20250319,2025-03-16,2025-03-16,2025-03-19,2025-03-19,2,6,1179,379.2,211.62,213.98,-46.4,-0.1224,3,0,True,False,12
SHP001982,ORD001982,CUS0218,SKU0004,CAR004,LOC009,LOC031,20250316,20250317,20250319,20250320,2025-03-16,2025-03-17,2025-03-19,2025-03-20,2,13,1440,323.18,246.09,320.58,-243.49,-0.7534,3,1,False,False,55
SHP002237,ORD002237,CUS0145,SKU0005,CAR006,LOC002,LOC026,20250316,20250316,20250322,20250322,2025-03-16,2025-03-16,2025-03-22,2025-03-22,1,12,1919,3213.84,2170.08,243.92,799.84,0.2489,6,0,True,False,5
SHP002267,ORD002267,CUS0236,SKU0014,CAR005,LOC001,LOC025,20250316,20250317,20250319,20250317,2025-03-16,2025-03-17,2025-03-19,2025-03-17,2,17,2678,3602.81,2728.67,573.65,300.49,0.0834,0,0,True,False,12
SHP002332,ORD002332,CUS0223,SKU0026,CAR006,LOC006,LOC023,20250316,20250316,20250322,20250319,2025-03-16,2025-03-16,2025-03-22,2025-03-19,1,10,1955,3786.4,2535.1,262.05,989.25,0.2613,3,0,True,False,5
SHP002360,ORD002360,CUS0168,SKU0018,CAR001,LOC004,LOC020,20250316,20250316,20250322,20250324,2025-03-16,2025-03-16,2025-03-22,2025-03-24,1,3,2361,369.0,307.11,379.41,-317.52,-0.8605,8,2,False,False,66
SHP002390,ORD002390,CUS0106,SKU0026,CAR006,LOC004,LOC028,20250316,20250316,20250322,20250320,2025-03-16,2025-03-16,2025-03-22,2025-03-20,1,14,149,5300.96,3549.14,49.08,1702.74,0.3212,4,0,True,False,5
SHP002393,ORD002393,CUS0205,SKU0032,CAR006,LOC010,LOC015,20250316,20250317,20250322,20250326,2025-03-16,2025-03-17,2025-03-22,2025-03-26,1,2,2178,257.36,179.9,277.06,-199.6,-0.7756,9,4,False,False,100
SHP002478,ORD002478,CUS0207,SKU0036,CAR006,LOC002,LOC030,20250316,20250316,20250322,20250321,2025-03-16,2025-03-16,2025-03-22,2025-03-21,1,12,1594,782.16,519.48,198.19,64.49,0.0825,5,0,True,False,5
SHP000020,ORD000020,CUS0172,SKU0022,CAR001,LOC007,LOC012,20250317,20250318,20250318,20250318,2025-03-17,2025-03-18,2025-03-18,2025-03-18,3,18,1752,3288.78,2092.5,615.73,580.55,0.1765,0,0,True,False,20
SHP000079,ORD000079,CUS0058,SKU0034,CAR006,LOC003,LOC011,20250317,20250317,20250323,20250323,2025-03-17,2025-03-17,2025-03-23,2025-03-23,1,2,1422,1382.42,781.58,180.43,420.41,0.3041,6,0,True,False,5
SHP000099,ORD000099,CUS0123,SKU0014,CAR002,LOC002,LOC026,20250317,20250317,20250320,20250321,2025-03-17,2025-03-17,2025-03-20,2025-03-21,2,18,132,3814.74,2889.18,61.23,864.33,0.2266,4,1,False,False,55
SHP000260,ORD000260,CUS0063,SKU0002,CAR001,LOC009,LOC012,20250317,20250317,20250323,20250321,2025-03-17,2025-03-17,2025-03-23,2025-03-21,1,14,593,7138.04,4015.2,105.78,3017.06,0.4227,4,0,True,False,5
SHP000276,ORD000276,CUS0067,SKU0008,CAR001,LOC004,LOC021,20250317,20250318,20250320,20250318,2025-03-17,2025-03-18,2025-03-20,2025-03-18,2,16,1637,3739.52,2632.48,451.69,655.35,0.1752,0,0,True,False,12
SHP000399,ORD000399,CUS0178,SKU0031,CAR002,LOC003,LOC030,20250317,20250317,20250320,20250321,2025-03-17,2025-03-17,2025-03-20,2025-03-21,2,14,2212,7083.44,5133.1,426.21,1524.13,0.2152,4,1,False,False,55
SHP000911,ORD000911,CUS0130,SKU0012,CAR005,LOC010,LOC022,20250317,20250318,20250320,20250320,2025-03-17,2025-03-18,2025-03-20,2025-03-20,2,3,928,1802.37,979.5,193.55,629.32,0.3492,2,0,True,False,12
SHP000989,ORD000989,CUS0218,SKU0024,CAR003,LOC006,LOC016,20250317,20250317,20250323,20250323,2025-03-17,2025-03-17,2025-03-23,2025-03-23,1,6,2201,330.42,272.7,885.25,-827.53,-2.5045,6,0,True,False,5
SHP001099,ORD001099,CUS0213,SKU0005,CAR005,LOC009,LOC014,20250317,20250318,20250323,20250323,2025-03-17,2025-03-18,2025-03-23,2025-03-23,1,17,2552,4552.94,3074.28,432.9,1045.76,0.2297,5,0,True,False,5
SHP001126,ORD001126,CUS0086,SKU0006,CAR002,LOC002,LOC031,20250317,20250317,20250318,20250318,2025-03-17,2025-03-17,2025-03-18,2025-03-18,3,8,828,3301.12,2565.04,209.57,526.51,0.1595,1,0,True,False,20
SHP001256,ORD001256,CUS0185,SKU0023,CAR004,LOC001,LOC017,20250317,20250318,20250323,20250322,2025-03-17,2025-03-18,2025-03-23,2025-03-22,1,12,340,3485.16,1885.68,70.87,1528.61,0.4386,4,0,True,False,5
SHP001283,ORD001283,CUS0232,SKU0017,CAR001,LOC009,LOC031,20250317,20250317,20250323,20250323,2025-03-17,2025-03-17,2025-03-23,2025-03-23,1,4,1522,550.4,393.92,289.81,-133.33,-0.2422,6,0,True,False,5
SHP001423,ORD001423,CUS0095,SKU0012,CAR003,LOC005,LOC018,20250317,20250317,20250323,20250324,2025-03-17,2025-03-17,2025-03-23,2025-03-24,1,1,1965,600.79,326.5,834.61,-560.32,-0.9326,7,1,False,False,48
SHP001528,ORD001528,CUS0130,SKU0005,CAR004,LOC006,LOC027,20250317,20250317,20250323,20250320,2025-03-17,2025-03-17,2025-03-23,2025-03-20,1,17,911,4552.94,3074.28,166.03,1312.63,0.2883,3,0,True,False,5
SHP001727,ORD001727,CUS0113,SKU0011,CAR004,LOC006,LOC031,20250317,20250317,20250320,20250322,2025-03-17,2025-03-17,2025-03-20,2025-03-22,2,9,723,3655.71,2212.83,106.71,1336.17,0.3655,5,2,False,False,73
SHP001771,ORD001771,CUS0151,SKU0010,CAR005,LOC009,LOC032,20250317,20250318,20250323,20250324,2025-03-17,2025-03-18,2025-03-23,2025-03-24,1,16,1016,891.2,647.52,282.95,-39.27,-0.0441,6,1,False,False,48
SHP001932,ORD001932,CUS0188,SKU0007,CAR002,LOC009,LOC023,20250317,20250317,20250323,20250322,2025-03-17,2025-03-17,2025-03-23,2025-03-22,1,4,1462,525.0,288.24,191.25,45.51,0.0867,5,0,True,False,5
SHP002029,ORD002029,CUS0147,SKU0003,CAR003,LOC003,LOC018,20250317,20250318,20250323,20250323,2025-03-17,2025-03-18,2025-03-23,2025-03-23,1,2,1596,52.42,42.18,778.19,-767.95,-14.6499,5,0,True,False,5
SHP002202,ORD002202,CUS0116,SKU0020,CAR001,LOC005,LOC012,20250317,20250318,20250320,20250320,2025-03-17,2025-03-18,2025-03-20,2025-03-20,2,10,2127,1447.8,956.0,446.63,45.17,0.0312,2,0,True,False,12
SHP002335,ORD002335,CUS0108,SKU0011,CAR003,LOC001,LOC013,20250317,20250317,20250320,20250321,2025-03-17,2025-03-17,2025-03-20,2025-03-21,2,9,2675,3655.71,2212.83,1377.51,65.37,0.0179,4,1,False,False,55
SHP000198,ORD000198,CUS0156,SKU0017,CAR003,LOC006,LOC025,20250318,20250319,20250321,20250320,2025-03-18,2025-03-19,2025-03-21,2025-03-20,2,8,1197,1100.8,787.84,690.57,-377.61,-0.343,1,0,True,False,12
SHP000272,ORD000272,CUS0044,SKU0040,CAR006,LOC003,LOC013,20250318,20250319,20250324,20250325,2025-03-18,2025-03-19,2025-03-24,2025-03-25,1,8,217,2247.84,1379.04,62.2,806.6,0.3588,6,1,False,False,48
SHP000396,ORD000396,CUS0206,SKU0005,CAR002,LOC007,LOC021,20250318,20250318,20250321,20250321,2025-03-18,2025-03-18,2025-03-21,2025-03-21,2,8,1815,2142.56,1446.72,343.0,352.84,0.1647,3,0,True,False,12
SHP000427,ORD000427,CUS0122,SKU0020,CAR005,LOC007,LOC031,20250318,20250319,20250324,20250325,2025-03-18,2025-03-19,2025-03-24,2025-03-25,1,7,2489,1013.46,669.2,428.85,-84.59,-0.0835,6,1,False,False,48
SHP000433,ORD000433,CUS0224,SKU0021,CAR003,LOC006,LOC014,20250318,20250319,20250321,20250322,2025-03-18,2025-03-19,2025-03-21,2025-03-22,2,18,1303,1532.7,1203.48,878.64,-549.42,-0.3585,3,1,False,False,55
SHP000461,ORD000461,CUS0039,SKU0008,CAR002,LOC007,LOC024,20250318,20250318,20250324,20250326,2025-03-18,2025-03-18,2025-03-24,2025-03-26,1,8,1341,1869.76,1316.24,218.24,335.28,0.1793,8,2,False,False,66
SHP000644,ORD000644,CUS0075,SKU0031,CAR003,LOC010,LOC015,20250318,20250318,20250321,20250320,2025-03-18,2025-03-18,2025-03-21,2025-03-20,2,14,2060,7083.44,5133.1,1158.81,791.53,0.1117,2,0,True,False,12
SHP001047,ORD001047,CUS0248,SKU0010,CAR001,LOC003,LOC023,20250318,20250318,20250324,20250325,2025-03-18,2025-03-18,2025-03-24,2025-03-25,1,4,93,222.8,161.88,46.19,14.73,0.0661,7,1,False,False,48
SHP001222,ORD001222,CUS0134,SKU0013,CAR006,LOC001,LOC013,20250318,20250319,20250324,20250326,2025-03-18,2025-03-19,2025-03-24,2025-03-26,1,2,1436,488.5,329.22,189.27,-29.99,-0.0614,7,2,False,False,66
SHP001282,ORD001282,CUS0039,SKU0033,CAR004,LOC008,LOC032,20250318,20250318,20250321,20250321,2025-03-18,2025-03-18,2025-03-21,2025-03-21,2,18,1676,10998.72,6955.56,395.03,3648.13,0.3317,3,0,True,False,12
SHP001297,ORD001297,CUS0054,SKU0026,CAR004,LOC006,LOC022,20250318,20250318,20250324,20250323,2025-03-18,2025-03-18,2025-03-24,2025-03-23,1,18,585,6815.52,4563.18,109.74,2142.6,0.3144,5,0,True,False,5
SHP001377,ORD001377,CUS0077,SKU0031,CAR004,LOC004,LOC014,20250318,20250318,20250324,20250324,2025-03-18,2025-03-18,2025-03-24,2025-03-24,1,3,721,1517.88,1099.95,123.77,294.16,0.1938,6,0,True,False,5
SHP001388,ORD001388,CUS0111,SKU0005,CAR002,LOC005,LOC022,20250318,20250318,20250321,20250322,2025-03-18,2025-03-18,2025-03-21,2025-03-22,2,13,1218,3481.66,2350.92,206.67,924.07,0.2654,4,1,False,False,55
SHP001465,ORD001465,CUS0177,SKU0037,CAR005,LOC001,LOC018,20250318,20250319,20250319,20250320,2025-03-18,2025-03-19,2025-03-19,2025-03-20,3,9,885,3686.22,2911.68,237.01,537.53,0.1458,1,1,False,False,63
SHP001493,ORD001493,CUS0033,SKU0026,CAR006,LOC004,LOC031,20250318,20250318,20250324,20250324,2025-03-18,2025-03-18,2025-03-24,2025-03-24,1,8,348,3029.12,2028.08,82.94,918.1,0.3031,6,0,True,False,5
SHP001555,ORD001555,CUS0176,SKU0018,CAR002,LOC008,LOC013,20250318,20250318,20250321,20250321,2025-03-18,2025-03-18,2025-03-21,2025-03-21,2,17,466,2091.0,1740.29,141.82,208.89,0.0999,3,0,True,False,12
SHP001595,ORD001595,CUS0005,SKU0025,CAR002,LOC008,LOC025,20250318,20250318,20250324,20250324,2025-03-18,2025-03-18,2025-03-24,2025-03-24,1,8,1584,3912.72,2674.72,218.75,1019.25,0.2605,6,0,True,False,5
SHP001788,ORD001788,CUS0112,SKU0027,CAR001,LOC007,LOC018,20250318,20250319,20250321,20250320,2025-03-18,2025-03-19,2025-03-21,2025-03-20,2,14,76,6029.8,5076.96,96.83,856.01,0.142,1,0,True,False,12
SHP001834,ORD001834,CUS0018,SKU0025,CAR004,LOC003,LOC021,20250318,20250318,20250321,20250322,2025-03-18,2025-03-18,2025-03-21,2025-03-22,2,6,2314,2934.54,2006.04,314.15,614.35,0.2094,4,1,False,False,55
SHP001931,ORD001931,CUS0243,SKU0034,CAR004,LOC004,LOC031,20250318,20250318,20250321,20250319,2025-03-18,2025-03-18,2025-03-21,2025-03-19,2,6,1501,4147.26,2344.74,313.75,1488.77,0.359,1,0,True,False,12
SHP002113,ORD002113,CUS0142,SKU0008,CAR001,LOC009,LOC015,20250318,20250319,20250324,20250324,2025-03-18,2025-03-19,2025-03-24,2025-03-24,1,2,2420,467.44,329.06,400.17,-261.79,-0.5601,5,0,True,False,5
SHP002348,ORD002348,CUS0205,SKU0014,CAR003,LOC006,LOC026,20250318,20250318,20250324,20250325,2025-03-18,2025-03-18,2025-03-24,2025-03-25,1,4,1025,847.72,642.04,478.69,-273.01,-0.3221,7,1,False,False,48
SHP002349,ORD002349,CUS0229,SKU0012,CAR004,LOC003,LOC014,20250318,20250318,20250321,20250320,2025-03-18,2025-03-18,2025-03-21,2025-03-20,2,14,830,8411.06,4571.0,245.36,3594.7,0.4274,2,0,True,False,12
SHP000018,ORD000018,CUS0185,SKU0036,CAR002,LOC006,LOC025,20250319,20250320,20250325,20250325,2025-03-19,2025-03-20,2025-03-25,2025-03-25,1,4,1831,260.72,173.16,233.66,-146.1,-0.5604,5,0,True,False,5
SHP000229,ORD000229,CUS0108,SKU0025,CAR005,LOC005,LOC025,20250319,20250319,20250322,20250324,2025-03-19,2025-03-19,2025-03-22,2025-03-24,2,17,1190,8314.53,5683.78,224.79,2405.96,0.2894,5,2,False,False,73
SHP000230,ORD000230,CUS0216,SKU0020,CAR006,LOC009,LOC031,20250319,20250319,20250322,20250321,2025-03-19,2025-03-19,2025-03-22,2025-03-21,2,17,2313,2461.26,1625.2,609.71,226.35,0.092,2,0,True,False,12
SHP000348,ORD000348,CUS0156,SKU0028,CAR003,LOC006,LOC015,20250319,20250320,20250320,20250321,2025-03-19,2025-03-20,2025-03-20,2025-03-21,3,10,1133,5379.1,3173.6,880.21,1325.29,0.2464,1,1,False,False,63
SHP000521,ORD000521,CUS0163,SKU0033,CAR004,LOC010,LOC032,20250319,20250320,20250325,20250325,2025-03-19,2025-03-20,2025-03-25,2025-03-25,1,5,680,3055.2,1932.1,113.47,1009.63,0.3305,5,0,True,False,5
SHP000525,ORD000525,CUS0221,SKU0032,CAR001,LOC005,LOC013,20250319,20250319,20250325,20250325,2025-03-19,2025-03-19,2025-03-25,2025-03-25,1,2,168,257.36,179.9,31.77,45.69,0.1775,6,0,True,False,5
SHP000611,ORD000611,CUS0003,SKU0026,CAR005,LOC008,LOC015,20250319,20250320,20250325,20250326,2025-03-19,2025-03-20,2025-03-25,2025-03-26,1,4,1285,1514.56,1014.04,218.26,282.26,0.1864,6,1,False,False,48
SHP000778,ORD000778,CUS0208,SKU0017,CAR005,LOC010,LOC024,20250319,20250320,20250322,20250322,2025-03-19,2025-03-20,2025-03-22,2025-03-22,2,11,956,1513.6,1083.28,288.12,142.2,0.0939,2,0,True,False,12
SHP001001,ORD001001,CUS0068,SKU0037,CAR006,LOC008,LOC021,20250319,20250319,20250322,20250323,2025-03-19,2025-03-19,2025-03-22,2025-03-23,2,3,2037,1228.74,970.56,300.35,-42.17,-0.0343,4,1,False,False,55
SHP001301,ORD001301,CUS0220,SKU0016,CAR003,LOC003,LOC024,20250319,20250320,20250325,20250325,2025-03-19,2025-03-20,2025-03-25,2025-03-25,1,5,1631,1350.3,992.25,890.27,-532.22,-0.3941,5,0,True,False,5
SHP001328,ORD001328,CUS0060,SKU0034,CAR005,LOC010,LOC014,20250319,20250320,20250325,20250325,2025-03-19,2025-03-20,2025-03-25,2025-03-25,1,1,1845,691.21,390.79,302.84,-2.42,-0.0035,5,0,True,False,5
SHP001333,ORD001333,CUS0112,SKU0009,CAR003,LOC008,LOC012,20250319,20250320,20250322,20250322,2025-03-19,2025-03-20,2025-03-22,2025-03-22,2,13,2025,7388.29,4427.02,1191.27,1770.0,0.2396,2,0,True,False,12
SHP001402,ORD001402,CUS0094,SKU0019,CAR004,LOC004,LOC024,20250319,20250320,20250325,20250322,2025-03-19,2025-03-20,2025-03-25,2025-03-22,1,1,979,63.2,35.27,115.31,-87.38,-1.3826,2,0,True,False,5
SHP001426,ORD001426,CUS0071,SKU0017,CAR005,LOC005,LOC024,20250319,20250320,20250325,20250324,2025-03-19,2025-03-20,2025-03-25,2025-03-24,1,8,1916,1100.8,787.84,370.78,-57.82,-0.0525,4,0,True,True,35
SHP001477,ORD001477,CUS0196,SKU0001,CAR004,LOC005,LOC031,20250319,20250320,20250325,20250325,2025-03-19,2025-03-20,2025-03-25,2025-03-25,1,14,2442,349.58,256.2,295.91,-202.53,-0.5794,5,0,True,False,5
SHP001563,ORD001563,CUS0110,SKU0017,CAR004,LOC002,LOC011,20250319,20250319,20250325,20250326,2025-03-19,2025-03-19,2025-03-25,2025-03-26,1,2,2370,275.2,196.96,267.34,-189.1,-0.6871,7,1,False,False,48
SHP001650,ORD001650,CUS0200,SKU0038,CAR002,LOC007,LOC012,20250319,20250320,20250325,20250324,2025-03-19,2025-03-20,2025-03-25,2025-03-24,1,2,2023,233.2,152.06,271.1,-189.96,-0.8146,4,0,True,False,5
SHP001682,ORD001682,CUS0056,SKU0016,CAR003,LOC007,LOC028,20250319,20250320,20250322,20250324,2025-03-19,2025-03-20,2025-03-22,2025-03-24,2,18,2334,4861.08,3572.1,1642.6,-353.62,-0.0727,4,2,False,False,73
SHP001772,ORD001772,CUS0183,SKU0016,CAR003,LOC009,LOC030,20250319,20250320,20250320,20250321,2025-03-19,2025-03-20,2025-03-20,2025-03-21,3,2,251,540.12,396.9,175.06,-31.84,-0.0589,1,1,False,False,63
SHP001903,ORD001903,CUS0038,SKU0006,CAR001,LOC005,LOC026,20250319,20250319,20250325,20250326,2025-03-19,2025-03-19,2025-03-25,2025-03-26,1,15,1211,6189.6,4809.45,243.99,1136.16,0.1836,7,1,False,False,48
SHP002010,ORD002010,CUS0084,SKU0019,CAR002,LOC008,LOC023,20250319,20250320,20250322,20250326,2025-03-19,2025-03-20,2025-03-22,2025-03-26,2,14,1391,884.8,493.78,356.86,34.16,0.0386,6,4,False,False,100
SHP002082,ORD002082,CUS0173,SKU0014,CAR001,LOC003,LOC027,20250319,20250319,20250322,20250322,2025-03-19,2025-03-19,2025-03-22,2025-03-22,2,11,1829,2331.23,1765.61,423.56,142.06,0.0609,3,0,True,False,12
SHP002109,ORD002109,CUS0168,SKU0027,CAR004,LOC003,LOC012,20250319,20250320,20250325,20250325,2025-03-19,2025-03-20,2025-03-25,2025-03-25,1,16,1774,6891.2,5802.24,280.36,808.6,0.1173,5,0,True,False,5
SHP002116,ORD002116,CUS0060,SKU0035,CAR005,LOC002,LOC011,20250319,20250320,20250325,20250324,2025-03-19,2025-03-20,2025-03-25,2025-03-24,1,12,1290,1716.72,1279.8,289.81,147.11,0.0857,4,0,True,False,5
SHP002375,ORD002375,CUS0009,SKU0024,CAR005,LOC001,LOC018,20250319,20250320,20250325,20250326,2025-03-19,2025-03-20,2025-03-25,2025-03-26,1,14,1133,770.98,636.3,217.89,-83.21,-0.1079,6,1,False,False,48
SHP002423,ORD002423,CUS0159,SKU0021,CAR002,LOC009,LOC029,20250319,20250320,20250322,20250321,2025-03-19,2025-03-20,2025-03-22,2025-03-21,2,17,1394,1447.55,1136.62,299.7,11.23,0.0078,1,0,True,False,12
SHP002424,ORD002424,CUS0239,SKU0017,CAR002,LOC005,LOC027,20250319,20250320,20250320,20250320,2025-03-19,2025-03-20,2025-03-20,2025-03-20,3,6,1291,825.6,590.88,293.97,-59.25,-0.0718,0,0,True,False,20
SHP000011,ORD000011,CUS0177,SKU0003,CAR003,LOC006,LOC028,20250320,20250321,20250326,20250326,2025-03-20,2025-03-21,2025-03-26,2025-03-26,1,9,1037,235.89,189.81,451.91,-405.83,-1.7204,5,0,True,False,5
SHP000016,ORD000016,CUS0118,SKU0020,CAR006,LOC007,LOC024,20250320,20250320,20250326,20250326,2025-03-20,2025-03-20,2025-03-26,2025-03-26,1,17,197,2461.26,1625.2,141.76,694.3,0.2821,6,0,True,False,5
SHP000129,ORD000129,CUS0091,SKU0023,CAR004,LOC003,LOC021,20250320,20250320,20250326,20250324,2025-03-20,2025-03-20,2025-03-26,2025-03-24,1,4,1288,1161.72,628.56,166.03,367.13,0.316,4,0,True,False,5
SHP000219,ORD000219,CUS0236,SKU0031,CAR004,LOC001,LOC032,20250320,20250320,20250326,20250327,2025-03-20,2025-03-20,2025-03-26,2025-03-27,1,5,258,2529.8,1833.25,58.12,638.43,0.2524,7,1,False,False,48
SHP000248,ORD000248,CUS0047,SKU0008,CAR006,LOC009,LOC025,20250320,20250320,20250323,20250325,2025-03-20,2025-03-20,2025-03-23,2025-03-25,2,7,2393,1636.04,1151.71,429.58,54.75,0.0335,5,2,False,False,73
SHP000250,ORD000250,CUS0146,SKU0037,CAR003,LOC006,LOC018,20250320,20250320,20250323,20250325,2025-03-20,2025-03-20,2025-03-23,2025-03-25,2,5,1365,2047.9,1617.6,705.43,-275.13,-0.1343,5,2,False,False,73
SHP000288,ORD000288,CUS0042,SKU0006,CAR003,LOC005,LOC030,20250320,20250321,20250326,20250326,2025-03-20,2025-03-21,2025-03-26,2025-03-26,1,3,1004,1237.92,961.89,490.71,-214.68,-0.1734,5,0,True,False,5
SHP000375,ORD000375,CUS0176,SKU0005,CAR006,LOC001,LOC026,20250320,20250321,20250326,20250324,2025-03-20,2025-03-21,2025-03-26,2025-03-24,1,16,2581,4285.12,2893.44,344.25,1047.43,0.2444,3,0,True,False,5
SHP000556,ORD000556,CUS0193,SKU0025,CAR006,LOC003,LOC021,20250320,20250321,20250326,20250323,2025-03-20,2025-03-21,2025-03-26,2025-03-23,1,17,2155,8314.53,5683.78,285.27,2345.48,0.2821,2,0,True,False,5
SHP000771,ORD000771,CUS0050,SKU0023,CAR003,LOC007,LOC028,20250320,20250320,20250321,20250321,2025-03-20,2025-03-20,2025-03-21,2025-03-21,3,12,1020,3485.16,1885.68,586.06,1013.42,0.2908,1,0,True,False,20
SHP000777,ORD000777,CUS0099,SKU0025,CAR004,LOC005,LOC012,20250320,20250321,20250326,20250327,2025-03-20,2025-03-21,2025-03-26,2025-03-27,1,1,825,489.09,334.34,99.65,55.1,0.1127,6,1,False,False,48
SHP000783,ORD000783,CUS0047,SKU0029,CAR003,LOC003,LOC030,20250320,20250320,20250326,20250326,2025-03-20,2025-03-20,2025-03-26,2025-03-26,1,3,2097,833.07,561.36,1015.52,-743.81,-0.8929,6,0,True,False,5
SHP000828,ORD000828,CUS0044,SKU0014,CAR001,LOC010,LOC015,20250320,20250320,20250323,20250323,2025-03-20,2025-03-20,2025-03-23,2025-03-23,2,16,1019,3390.88,2568.16,244.77,577.95,0.1704,3,0,True,False,12
SHP000835,ORD000835,CUS0223,SKU0012,CAR002,LOC001,LOC021,20250320,20250320,20250323,20250325,2025-03-20,2025-03-20,2025-03-23,2025-03-25,2,5,559,3003.95,1632.5,127.39,1244.06,0.4141,5,2,False,False,73
SHP000952,ORD000952,CUS0031,SKU0038,CAR001,LOC003,LOC017,20250320,20250320,20250326,20250325,2025-03-20,2025-03-20,2025-03-26,2025-03-25,1,12,2584,1399.2,912.36,479.41,7.43,0.0053,5,0,True,False,5
SHP000959,ORD000959,CUS0213,SKU0036,CAR004,LOC003,LOC018,20250320,20250321,20250321,20250322,2025-03-20,2025-03-21,2025-03-21,2025-03-22,3,15,2341,977.7,649.35,375.69,-47.34,-0.0484,1,1,False,False,63
SHP000965,ORD000965,CUS0231,SKU0014,CAR006,LOC006,LOC016,20250320,20250321,20250326,20250327,2025-03-20,2025-03-21,2025-03-26,2025-03-27,1,13,1054,2755.09,2086.63,200.89,467.57,0.1697,6,1,False,False,48
SHP000983,ORD000983,CUS0202,SKU0007,CAR001,LOC006,LOC017,20250320,20250320,20250326,20250326,2025-03-20,2025-03-20,2025-03-26,2025-03-26,1,2,286,262.5,144.12,49.02,69.36,0.2642,6,0,True,False,5
SHP001129,ORD001129,CUS0066,SKU0027,CAR006,LOC005,LOC015,20250320,20250320,20250323,20250323,2025-03-20,2025-03-20,2025-03-23,2025-03-23,2,4,539,1722.8,1450.56,102.81,169.43,0.0983,3,0,True,False,12
SHP001213,ORD001213,CUS0247,SKU0005,CAR005,LOC007,LOC028,20250320,20250320,20250326,20250328,2025-03-20,2025-03-20,2025-03-26,2025-03-28,1,13,1959,3481.66,2350.92,356.15,774.59,0.2225,8,2,False,False,66
SHP001327,ORD001327,CUS0111,SKU0013,CAR004,LOC010,LOC030,20250320,20250321,20250326,20250325,2025-03-20,2025-03-21,2025-03-26,2025-03-25,1,18,646,4396.5,2962.98,254.9,1178.62,0.2681,4,0,True,False,5
SHP001337,ORD001337,CUS0015,SKU0001,CAR001,LOC008,LOC018,20250320,20250320,20250326,20250324,2025-03-20,2025-03-20,2025-03-26,2025-03-24,1,9,2186,224.73,164.7,404.8,-344.77,-1.5342,4,0,True,False,5
SHP001424,ORD001424,CUS0218,SKU0040,CAR005,LOC006,LOC020,20250320,20250321,20250326,20250327,2025-03-20,2025-03-21,2025-03-26,2025-03-27,1,17,2404,4776.66,2930.46,487.06,1359.14,0.2845,6,1,False,False,48
SHP001476,ORD001476,CUS0083,SKU0009,CAR004,LOC010,LOC016,20250320,20250321,20250323,20250323,2025-03-20,2025-03-21,2025-03-23,2025-03-23,2,4,906,2273.32,1362.16,149.1,762.06,0.3352,2,0,True,False,12
SHP001552,ORD001552,CUS0147,SKU0034,CAR005,LOC001,LOC011,20250320,20250320,20250326,20250326,2025-03-20,2025-03-20,2025-03-26,2025-03-26,1,17,438,11750.57,6643.43,168.82,4938.32,0.4203,6,0,True,False,5
SHP001592,ORD001592,CUS0141,SKU0020,CAR001,LOC002,LOC019,20250320,20250321,20250323,20250325,2025-03-20,2025-03-21,2025-03-23,2025-03-25,2,8,452,1158.24,764.8,122.62,270.82,0.2338,4,2,False,False,73
SHP001657,ORD001657,CUS0131,SKU0029,CAR006,LOC001,LOC023,20250320,20250321,20250326,20250325,2025-03-20,2025-03-21,2025-03-26,2025-03-25,1,17,2127,4720.73,3181.04,527.37,1012.32,0.2144,4,0,True,False,5
SHP001758,ORD001758,CUS0018,SKU0020,CAR005,LOC009,LOC016,20250320,20250320,20250326,20250327,2025-03-20,2025-03-20,2025-03-26,2025-03-27,1,4,1812,579.12,382.4,381.06,-184.34,-0.3183,7,1,False,True,78
SHP001818,ORD001818,CUS0232,SKU0036,CAR006,LOC005,LOC029,20250320,20250320,20250326,20250326,2025-03-20,2025-03-20,2025-03-26,2025-03-26,1,16,148,1042.88,692.64,30.85,319.39,0.3063,6,0,True,False,5
SHP002048,ORD002048,CUS0158,SKU0024,CAR005,LOC008,LOC024,20250320,20250321,20250321,20250321,2025-03-20,2025-03-21,2025-03-21,2025-03-21,3,14,1311,770.98,636.3,299.8,-165.12,-0.2142,0,0,True,False,20
SHP002084,ORD002084,CUS0057,SKU0020,CAR004,LOC006,LOC024,20250320,20250320,20250326,20250327,2025-03-20,2025-03-20,2025-03-26,2025-03-27,1,7,2269,1013.46,669.2,341.38,2.88,0.0028,7,1,False,False,48
SHP002155,ORD002155,CUS0070,SKU0015,CAR005,LOC007,LOC012,20250320,20250320,20250321,20250321,2025-03-20,2025-03-20,2025-03-21,2025-03-21,3,2,583,670.54,517.92,148.33,4.29,0.0064,1,0,True,False,20
SHP002282,ORD002282,CUS0122,SKU0039,CAR002,LOC009,LOC031,20250320,20250320,20250326,20250326,2025-03-20,2025-03-20,2025-03-26,2025-03-26,1,14,539,9222.5,5469.94,190.12,3562.44,0.3863,6,0,True,False,5
SHP002290,ORD002290,CUS0140,SKU0010,CAR003,LOC010,LOC015,20250320,20250320,20250326,20250325,2025-03-20,2025-03-20,2025-03-26,2025-03-25,1,15,705,835.5,607.05,376.38,-147.93,-0.1771,5,0,True,False,5
SHP000105,ORD000105,CUS0005,SKU0032,CAR001,LOC005,LOC011,20250321,20250322,20250324,20250323,2025-03-21,2025-03-22,2025-03-24,2025-03-23,2,16,138,2058.88,1439.2,56.98,562.7,0.2733,1,0,True,False,12
SHP000113,ORD000113,CUS0022,SKU0005,CAR003,LOC006,LOC014,20250321,20250321,20250327,20250328,2025-03-21,2025-03-21,2025-03-27,2025-03-28,1,8,2666,2142.56,1446.72,1199.62,-503.78,-0.2351,7,1,False,True,78
SHP000217,ORD000217,CUS0209,SKU0024,CAR003,LOC008,LOC024,20250321,20250321,20250327,20250328,2025-03-21,2025-03-21,2025-03-27,2025-03-28,1,3,1939,165.21,136.35,860.9,-832.04,-5.0363,7,1,False,False,48
SHP000231,ORD000231,CUS0182,SKU0009,CAR006,LOC002,LOC022,20250321,20250322,20250324,20250325,2025-03-21,2025-03-22,2025-03-24,2025-03-25,2,12,2292,6819.96,4086.48,409.43,2324.05,0.3408,3,1,False,False,55
SHP000279,ORD000279,CUS0236,SKU0008,CAR001,LOC001,LOC026,20250321,20250322,20250327,20250326,2025-03-21,2025-03-22,2025-03-27,2025-03-26,1,4,2584,934.88,658.12,486.19,-209.43,-0.224,4,0,True,False,5
SHP000297,ORD000297,CUS0039,SKU0002,CAR001,LOC008,LOC011,20250321,20250321,20250327,20250327,2025-03-21,2025-03-21,2025-03-27,2025-03-27,1,11,488,5608.46,3154.8,82.92,2370.74,0.4227,6,0,True,False,5
SHP000324,ORD000324,CUS0088,SKU0001,CAR006,LOC006,LOC017,20250321,20250321,20250322,20250323,2025-03-21,2025-03-21,2025-03-22,2025-03-23,3,10,525,249.7,183.0,116.12,-49.42,-0.1979,2,1,False,False,63
SHP000395,ORD000395,CUS0045,SKU0001,CAR006,LOC010,LOC013,20250321,20250321,20250327,20250328,2025-03-21,2025-03-21,2025-03-27,2025-03-28,1,5,468,124.85,91.5,65.75,-32.4,-0.2595,7,1,False,False,48
SHP000479,ORD000479,CUS0034,SKU0024,CAR005,LOC008,LOC015,20250321,20250321,20250327,20250328,2025-03-21,2025-03-21,2025-03-27,2025-03-28,1,13,765,715.91,590.85,155.08,-30.02,-0.0419,7,1,False,False,48
SHP000572,ORD000572,CUS0234,SKU0025,CAR006,LOC001,LOC018,20250321,20250321,20250324,20250323,2025-03-21,2025-03-21,2025-03-24,2025-03-23,2,15,821,7336.35,5015.1,121.78,2199.47,0.2998,2,0,True,False,12
SHP000626,ORD000626,CUS0067,SKU0017,CAR004,LOC005,LOC032,20250321,20250322,20250327,20250328,2025-03-21,2025-03-22,2025-03-27,2025-03-28,1,18,738,2476.8,1772.64,214.32,489.84,0.1978,6,1,False,False,48
SHP000775,ORD000775,CUS0234,SKU0014,CAR002,LOC006,LOC015,20250321,20250321,20250327,20250328,2025-03-21,2025-03-21,2025-03-27,2025-03-28,1,3,1319,635.79,481.53,175.96,-21.7,-0.0341,7,1,False,False,48
SHP000868,ORD000868,CUS0111,SKU0037,CAR004,LOC008,LOC018,20250321,20250322,20250327,20250331,2025-03-21,2025-03-22,2025-03-27,2025-03-31,1,12,165,4914.96,3882.24,97.0,935.72,0.1904,9,4,False,False,100
SHP001023,ORD001023,CUS0131,SKU0024,CAR004,LOC005,LOC023,20250321,20250321,20250327,20250328,2025-03-21,2025-03-21,2025-03-27,2025-03-28,1,18,2558,991.26,818.1,297.25,-124.09,-0.1252,7,1,False,False,48
SHP001400,ORD001400,CUS0199,SKU0034,CAR004,LOC003,LOC029,20250321,20250322,20250327,20250327,2025-03-21,2025-03-22,2025-03-27,2025-03-27,1,5,790,3456.05,1953.95,139.84,1362.26,0.3942,5,0,True,False,5
SHP001444,ORD001444,CUS0013,SKU0017,CAR004,LOC008,LOC015,20250321,20250322,20250324,20250325,2025-03-21,2025-03-22,2025-03-24,2025-03-25,2,6,1543,825.6,590.88,257.47,-22.75,-0.0276,3,1,False,False,55
SHP001457,ORD001457,CUS0111,SKU0003,CAR004,LOC009,LOC021,20250321,20250321,20250324,20250326,2025-03-21,2025-03-21,2025-03-24,2025-03-26,2,6,2623,157.26,126.54,399.63,-368.91,-2.3459,5,2,False,False,73
SHP001478,ORD001478,CUS0196,SKU0005,CAR004,LOC009,LOC011,20250321,20250322,20250327,20250324,2025-03-21,2025-03-22,2025-03-27,2025-03-24,1,10,2421,2678.2,1808.4,323.25,546.55,0.2041,2,0,True,False,5
SHP001689,ORD001689,CUS0167,SKU0003,CAR003,LOC004,LOC031,20250321,20250321,20250327,20250326,2025-03-21,2025-03-21,2025-03-27,2025-03-26,1,18,87,471.78,379.62,77.6,14.56,0.0309,5,0,True,False,5
SHP001849,ORD001849,CUS0239,SKU0017,CAR002,LOC009,LOC021,20250321,20250322,20250324,20250325,2025-03-21,2025-03-22,2025-03-24,2025-03-25,2,15,2428,2064.0,1477.2,514.13,72.67,0.0352,3,1,False,False,55
SHP001953,ORD001953,CUS0060,SKU0037,CAR001,LOC010,LOC030,20250321,20250322,20250322,20250322,2025-03-21,2025-03-22,2025-03-22,2025-03-22,3,14,152,5734.12,4529.28,126.33,1078.51,0.1881,0,0,True,False,20
SHP002070,ORD002070,CUS0058,SKU0022,CAR003,LOC002,LOC022,20250321,20250322,20250327,20250329,2025-03-21,2025-03-22,2025-03-27,2025-03-29,1,9,2581,1644.39,1046.25,1365.98,-767.84,-0.4669,7,2,False,False,66
SHP002103,ORD002103,CUS0116,SKU0021,CAR003,LOC006,LOC019,20250321,20250322,20250324,20250323,2025-03-21,2025-03-22,2025-03-24,2025-03-23,2,13,1594,1106.95,869.18,908.79,-671.02,-0.6062,1,0,True,False,12
SHP002236,ORD002236,CUS0198,SKU0030,CAR002,LOC004,LOC030,20250321,20250322,20250327,20250328,2025-03-21,2025-03-22,2025-03-27,2025-03-28,1,16,1935,11047.04,6534.72,430.43,4081.89,0.3695,6,1,False,False,48
SHP000329,ORD000329,CUS0242,SKU0002,CAR005,LOC002,LOC023,20250322,20250322,20250328,20250329,2025-03-22,2025-03-22,2025-03-28,2025-03-29,1,13,1469,6628.18,3728.4,261.66,2638.12,0.398,7,1,False,False,48
SHP000349,ORD000349,CUS0060,SKU0040,CAR006,LOC002,LOC017,20250322,20250323,20250328,20250328,2025-03-22,2025-03-23,2025-03-28,2025-03-28,1,6,554,1685.88,1034.28,89.47,562.13,0.3334,5,0,True,False,5
SHP000391,ORD000391,CUS0137,SKU0024,CAR003,LOC001,LOC023,20250322,20250322,20250323,20250324,2025-03-22,2025-03-22,2025-03-23,2025-03-24,3,3,1257,165.21,136.35,747.89,-719.03,-4.3522,2,1,False,False,63
SHP000543,ORD000543,CUS0250,SKU0006,CAR001,LOC008,LOC012,20250322,20250323,20250328,20250329,2025-03-22,2025-03-23,2025-03-28,2025-03-29,1,4,336,1650.56,1282.52,72.02,296.02,0.1793,6,1,False,False,48
SHP000573,ORD000573,CUS0233,SKU0014,CAR004,LOC002,LOC027,20250322,20250323,20250328,20250326,2025-03-22,2025-03-23,2025-03-28,2025-03-26,1,3,566,635.79,481.53,71.69,82.57,0.1299,3,0,True,False,5
SHP000618,ORD000618,CUS0031,SKU0003,CAR002,LOC003,LOC031,20250322,20250323,20250325,20250325,2025-03-22,2025-03-23,2025-03-25,2025-03-25,2,8,1694,209.68,168.72,309.07,-268.11,-1.2787,2,0,True,False,12
SHP000658,ORD000658,CUS0188,SKU0015,CAR003,LOC010,LOC014,20250322,20250323,20250325,20250325,2025-03-22,2025-03-23,2025-03-25,2025-03-25,2,12,793,4023.24,3107.52,445.4,470.32,0.1169,2,0,True,False,12
SHP001195,ORD001195,CUS0161,SKU0027,CAR002,LOC008,LOC025,20250322,20250323,20250328,20250329,2025-03-22,2025-03-23,2025-03-28,2025-03-29,1,15,2681,6460.5,5439.6,410.31,610.59,0.0945,6,1,False,False,48
SHP001294,ORD001294,CUS0109,SKU0035,CAR005,LOC010,LOC023,20250322,20250323,20250328,20250330,2025-03-22,2025-03-23,2025-03-28,2025-03-30,1,9,2275,1287.54,959.85,473.92,-146.23,-0.1136,7,2,False,False,66
SHP001356,ORD001356,CUS0168,SKU0015,CAR003,LOC009,LOC022,20250322,20250323,20250328,20250327,2025-03-22,2025-03-23,2025-03-28,2025-03-27,1,4,2590,1341.08,1035.84,1113.38,-808.14,-0.6026,4,0,True,False,5
SHP001372,ORD001372,CUS0170,SKU0009,CAR002,LOC008,LOC019,20250322,20250322,20250323,20250323,2025-03-22,2025-03-22,2025-03-23,2025-03-23,3,8,312,4546.64,2724.32,95.81,1726.51,0.3797,1,0,True,False,20
SHP001518,ORD001518,CUS0024,SKU0028,CAR003,LOC004,LOC013,20250322,20250323,20250328,20250330,2025-03-22,2025-03-23,2025-03-28,2025-03-30,1,11,2662,5917.01,3490.96,1260.23,1165.82,0.197,7,2,False,False,66
SHP001553,ORD001553,CUS0176,SKU0009,CAR004,LOC010,LOC025,20250322,20250322,20250328,20250328,2025-03-22,2025-03-22,2025-03-28,2025-03-28,1,8,2453,4546.64,2724.32,392.15,1430.17,0.3146,6,0,True,False,5
SHP001567,ORD001567,CUS0217,SKU0032,CAR002,LOC009,LOC016,20250322,20250322,20250323,20250323,2025-03-22,2025-03-22,2025-03-23,2025-03-23,3,10,1797,1286.8,899.5,408.26,-20.96,-0.0163,1,0,True,False,20
SHP001985,ORD001985,CUS0221,SKU0027,CAR002,LOC006,LOC022,20250322,20250323,20250325,20250326,2025-03-22,2025-03-23,2025-03-25,2025-03-26,2,11,455,4737.7,3989.04,141.85,606.81,0.1281,3,1,False,False,55
SHP002031,ORD002031,CUS0067,SKU0003,CAR004,LOC005,LOC029,20250322,20250323,20250325,20250330,2025-03-22,2025-03-23,2025-03-25,2025-03-30,2,1,392,26.21,21.09,60.33,-55.21,-2.1064,7,5,False,False,100
SHP002053,ORD002053,CUS0003,SKU0001,CAR003,LOC006,LOC026,20250322,20250322,20250328,20250327,2025-03-22,2025-03-22,2025-03-28,2025-03-27,1,3,2667,74.91,54.9,1370.41,-1350.4,-18.027,5,0,True,False,5
SHP002121,ORD002121,CUS0062,SKU0014,CAR004,LOC008,LOC025,20250322,20250323,20250328,20250327,2025-03-22,2025-03-23,2025-03-28,2025-03-27,1,11,2352,2331.23,1765.61,341.88,223.74,0.096,4,0,True,False,5
SHP002150,ORD002150,CUS0020,SKU0008,CAR004,LOC002,LOC020,20250322,20250322,20250323,20250323,2025-03-22,2025-03-22,2025-03-23,2025-03-23,3,11,934,2570.92,1809.83,223.3,537.79,0.2092,1,0,True,False,20
SHP002158,ORD002158,CUS0038,SKU0022,CAR004,LOC008,LOC016,20250322,20250322,20250323,20250323,2025-03-22,2025-03-22,2025-03-23,2025-03-23,3,4,1060,730.84,465.0,220.06,45.78,0.0626,1,0,True,False,20
SHP002167,ORD002167,CUS0047,SKU0004,CAR002,LOC005,LOC011,20250322,20250323,20250325,20250324,2025-03-22,2025-03-23,2025-03-25,2025-03-24,2,7,802,174.02,132.51,179.95,-138.44,-0.7955,1,0,True,False,12
SHP002181,ORD002181,CUS0108,SKU0023,CAR003,LOC007,LOC030,20250322,20250323,20250328,20250330,2025-03-22,2025-03-23,2025-03-28,2025-03-30,1,7,187,2033.01,1099.98,94.51,838.52,0.4125,7,2,False,False,66
SHP002205,ORD002205,CUS0001,SKU0029,CAR005,LOC010,LOC020,20250322,20250322,20250328,20250329,2025-03-22,2025-03-22,2025-03-28,2025-03-29,1,17,506,4720.73,3181.04,299.12,1240.57,0.2628,7,1,False,False,48
SHP002206,ORD002206,CUS0002,SKU0005,CAR004,LOC008,LOC022,20250322,20250322,20250328,20250328,2025-03-22,2025-03-22,2025-03-28,2025-03-28,1,10,139,2678.2,1808.4,42.37,827.43,0.309,6,0,True,False,5
SHP002277,ORD002277,CUS0073,SKU0019,CAR004,LOC006,LOC021,20250322,20250323,20250328,20250327,2025-03-22,2025-03-23,2025-03-28,2025-03-27,1,13,87,821.6,458.51,126.58,236.51,0.2879,4,0,True,False,5
SHP002299,ORD002299,CUS0021,SKU0003,CAR001,LOC010,LOC026,20250322,20250323,20250328,20250329,2025-03-22,2025-03-23,2025-03-28,2025-03-29,1,6,1997,157.26,126.54,362.07,-331.35,-2.107,6,1,False,False,48
SHP002376,ORD002376,CUS0224,SKU0013,CAR006,LOC007,LOC016,20250322,20250323,20250328,20250329,2025-03-22,2025-03-23,2025-03-28,2025-03-29,1,9,2010,2198.25,1481.49,319.94,396.82,0.1805,6,1,False,False,48
SHP002432,ORD002432,CUS0225,SKU0003,CAR003,LOC010,LOC018,20250322,20250323,20250325,20250325,2025-03-22,2025-03-23,2025-03-25,2025-03-25,2,12,1446,314.52,253.08,715.16,-653.72,-2.0785,2,0,True,False,12
SHP000028,ORD000028,CUS0006,SKU0026,CAR003,LOC006,LOC013,20250323,20250324,20250329,20250328,2025-03-23,2025-03-24,2025-03-29,2025-03-28,1,4,773,1514.56,1014.04,379.88,120.64,0.0797,4,0,True,False,5
SHP000119,ORD000119,CUS0097,SKU0021,CAR003,LOC009,LOC016,20250323,20250323,20250329,20250330,2025-03-23,2025-03-23,2025-03-29,2025-03-30,1,8,536,681.2,534.88,314.01,-167.69,-0.2462,7,1,False,False,48
SHP000151,ORD000151,CUS0179,SKU0020,CAR004,LOC002,LOC025,20250323,20250323,20250326,20250326,2025-03-23,2025-03-23,2025-03-26,2025-03-26,2,3,307,434.34,286.8,76.28,71.26,0.1641,3,0,True,False,12
SHP000161,ORD000161,CUS0146,SKU0038,CAR001,LOC007,LOC021,20250323,20250324,20250326,20250324,2025-03-23,2025-03-24,2025-03-26,2025-03-24,2,3,1039,349.8,228.09,245.16,-123.45,-0.3529,0,0,True,False,12
SHP000202,ORD000202,CUS0077,SKU0033,CAR002,LOC003,LOC019,20250323,20250323,20250326,20250325,2025-03-23,2025-03-23,2025-03-26,2025-03-25,2,12,2356,7332.48,4637.04,383.83,2311.61,0.3153,2,0,True,False,12
SHP000204,ORD000204,CUS0228,SKU0031,CAR002,LOC009,LOC020,20250323,20250324,20250329,20250328,2025-03-23,2025-03-24,2025-03-29,2025-03-28,1,3,2119,1517.88,1099.95,318.54,99.39,0.0655,4,0,True,False,5
SHP000211,ORD000211,CUS0013,SKU0040,CAR005,LOC008,LOC023,20250323,20250323,20250329,20250331,2025-03-23,2025-03-23,2025-03-29,2025-03-31,1,18,150,5057.64,3102.84,68.28,1886.52,0.373,8,2,False,False,66
SHP000270,ORD000270,CUS0121,SKU0010,CAR005,LOC006,LOC013,20250323,20250323,20250329,20250329,2025-03-23,2025-03-23,2025-03-29,2025-03-29,1,3,1853,167.1,121.41,287.69,-242.0,-1.4482,6,0,True,False,5
SHP000380,ORD000380,CUS0165,SKU0004,CAR003,LOC008,LOC020,20250323,20250324,20250329,20250329,2025-03-23,2025-03-24,2025-03-29,2025-03-29,1,12,545,298.32,227.16,306.37,-235.21,-0.7884,5,0,True,False,5
SHP000385,ORD000385,CUS0220,SKU0006,CAR005,LOC002,LOC016,20250323,20250324,20250329,20250330,2025-03-23,2025-03-24,2025-03-29,2025-03-30,1,4,2388,1650.56,1282.52,367.78,0.26,0.0002,6,1,False,False,48
SHP000389,ORD000389,CUS0069,SKU0025,CAR002,LOC008,LOC026,20250323,20250324,20250329,20250328,2025-03-23,2025-03-24,2025-03-29,2025-03-28,1,2,2423,978.18,668.68,348.33,-38.83,-0.0397,4,0,True,False,5
SHP000537,ORD000537,CUS0129,SKU0037,CAR004,LOC003,LOC013,20250323,20250323,20250329,20250329,2025-03-23,2025-03-23,2025-03-29,2025-03-29,1,9,2387,3686.22,2911.68,351.77,422.77,0.1147,6,0,True,False,5
SHP000629,ORD000629,CUS0038,SKU0018,CAR002,LOC002,LOC016,20250323,20250324,20250329,20250329,2025-03-23,2025-03-24,2025-03-29,2025-03-29,1,11,980,1353.0,1126.07,153.27,73.66,0.0544,5,0,True,False,5
SHP000692,ORD000692,CUS0071,SKU0005,CAR004,LOC007,LOC027,20250323,20250323,20250329,20250330,2025-03-23,2025-03-23,2025-03-29,2025-03-30,1,5,404,1339.1,904.2,65.85,369.05,0.2756,7,1,False,False,48
SHP000751,ORD000751,CUS0185,SKU0020,CAR001,LOC010,LOC014,20250323,20250323,20250326,20250327,2025-03-23,2025-03-23,2025-03-26,2025-03-27,2,10,892,1447.8,956.0,216.72,275.08,0.19,4,1,False,False,55
SHP000890,ORD000890,CUS0065,SKU0001,CAR004,LOC006,LOC027,20250323,20250324,20250329,20250329,2025-03-23,2025-03-24,2025-03-29,2025-03-29,1,15,2533,374.55,274.5,346.08,-246.03,-0.6569,5,0,True,False,5
SHP000904,ORD000904,CUS0024,SKU0037,CAR005,LOC002,LOC029,20250323,20250324,20250329,20250329,2025-03-23,2025-03-24,2025-03-29,2025-03-29,1,3,530,1228.74,970.56,109.46,148.72,0.121,5,0,True,False,5
SHP000977,ORD000977,CUS0138,SKU0030,CAR003,LOC005,LOC016,20250323,20250324,20250329,20250329,2025-03-23,2025-03-24,2025-03-29,2025-03-29,1,5,784,3452.2,2042.1,388.04,1022.06,0.2961,5,0,True,False,5
SHP001021,ORD001021,CUS0196,SKU0033,CAR003,LOC010,LOC012,20250323,20250323,20250326,20250324,2025-03-23,2025-03-23,2025-03-26,2025-03-24,2,1,1769,611.04,386.42,839.98,-615.36,-1.0071,1,0,True,False,12
SHP001034,ORD001034,CUS0103,SKU0038,CAR003,LOC003,LOC032,20250323,20250324,20250329,20250330,2025-03-23,2025-03-24,2025-03-29,2025-03-30,1,6,1984,699.6,456.18,1036.09,-792.67,-1.133,6,1,False,False,48
SHP001084,ORD001084,CUS0014,SKU0024,CAR003,LOC007,LOC013,20250323,20250324,20250324,20250325,2025-03-23,2025-03-24,2025-03-24,2025-03-25,3,10,1975,550.7,454.5,1433.78,-1337.58,-2.4289,1,1,False,False,63
SHP001111,ORD001111,CUS0149,SKU0032,CAR002,LOC007,LOC028,20250323,20250324,20250326,20250324,2025-03-23,2025-03-24,2025-03-26,2025-03-24,2,2,544,257.36,179.9,102.93,-25.47,-0.099,0,0,True,False,12
SHP001155,ORD001155,CUS0124,SKU0013,CAR001,LOC010,LOC011,20250323,20250323,20250329,20250326,2025-03-23,2025-03-23,2025-03-29,2025-03-26,1,3,1591,732.75,493.83,296.43,-57.51,-0.0785,3,0,True,False,5
SHP001187,ORD001187,CUS0165,SKU0002,CAR004,LOC009,LOC030,20250323,20250323,20250329,20250329,2025-03-23,2025-03-23,2025-03-29,2025-03-29,1,14,2370,7138.04,4015.2,320.97,2801.87,0.3925,6,0,True,False,5
SHP001233,ORD001233,CUS0039,SKU0027,CAR006,LOC006,LOC020,20250323,20250323,20250326,20250327,2025-03-23,2025-03-23,2025-03-26,2025-03-27,2,10,2180,4307.0,3626.4,468.46,212.14,0.0493,4,1,False,False,55
SHP001285,ORD001285,CUS0214,SKU0019,CAR005,LOC005,LOC025,20250323,20250324,20250329,20250328,2025-03-23,2025-03-24,2025-03-29,2025-03-28,1,14,1154,884.8,493.78,305.9,85.12,0.0962,4,0,True,False,5
SHP001313,ORD001313,CUS0203,SKU0039,CAR002,LOC006,LOC018,20250323,20250324,20250329,20250328,2025-03-23,2025-03-24,2025-03-29,2025-03-28,1,13,663,8563.75,5079.23,197.24,3287.28,0.3839,4,0,True,True,35
SHP001417,ORD001417,CUS0030,SKU0013,CAR005,LOC009,LOC032,20250323,20250324,20250324,20250326,2025-03-23,2025-03-24,2025-03-24,2025-03-26,3,10,1416,2442.5,1646.1,351.39,445.01,0.1822,2,2,False,False,81
SHP001787,ORD001787,CUS0186,SKU0037,CAR006,LOC007,LOC023,20250323,20250324,20250329,20250327,2025-03-23,2025-03-24,2025-03-29,2025-03-27,1,1,836,409.58,323.52,120.46,-34.4,-0.084,3,0,True,False,5
SHP001793,ORD001793,CUS0125,SKU0012,CAR006,LOC001,LOC011,20250323,20250323,20250329,20250326,2025-03-23,2025-03-23,2025-03-29,2025-03-26,1,6,1146,3604.74,1959.0,209.38,1436.36,0.3985,3,0,True,False,5
SHP001934,ORD001934,CUS0227,SKU0011,CAR001,LOC004,LOC011,20250323,20250323,20250329,20250329,2025-03-23,2025-03-23,2025-03-29,2025-03-29,1,13,125,5280.47,3196.31,31.33,2052.83,0.3888,6,0,True,False,5
SHP002052,ORD002052,CUS0044,SKU0026,CAR006,LOC007,LOC015,20250323,20250323,20250326,20250329,2025-03-23,2025-03-23,2025-03-26,2025-03-29,2,12,1630,4543.68,3042.12,294.23,1207.33,0.2657,6,3,False,False,91
SHP002230,ORD002230,CUS0045,SKU0007,CAR004,LOC010,LOC030,20250323,20250324,20250326,20250324,2025-03-23,2025-03-24,2025-03-26,2025-03-24,2,15,2537,1968.75,1080.9,413.04,474.81,0.2412,0,0,True,False,12
SHP002240,ORD002240,CUS0058,SKU0030,CAR002,LOC009,LOC027,20250323,20250323,20250329,20250327,2025-03-23,2025-03-23,2025-03-29,2025-03-27,1,17,523,11737.48,6943.14,136.23,4658.11,0.3969,4,0,True,False,5
SHP002241,ORD002241,CUS0196,SKU0023,CAR003,LOC010,LOC025,20250323,20250323,20250329,20250328,2025-03-23,2025-03-23,2025-03-29,2025-03-28,1,14,80,4066.02,2199.96,52.51,1813.55,0.446,5,0,True,False,5
SHP002328,ORD002328,CUS0088,SKU0016,CAR004,LOC008,LOC026,20250323,20250323,20250326,20250326,2025-03-23,2025-03-23,2025-03-26,2025-03-26,2,16,780,4320.96,3175.2,253.83,891.93,0.2064,3,0,True,False,12
SHP002464,ORD002464,CUS0021,SKU0025,CAR003,LOC010,LOC023,20250323,20250324,20250326,20250327,2025-03-23,2025-03-24,2025-03-26,2025-03-27,2,1,1242,489.09,334.34,685.88,-531.13,-1.086,3,1,False,False,55
SHP000060,ORD000060,CUS0089,SKU0034,CAR002,LOC003,LOC024,20250324,20250324,20250330,20250331,2025-03-24,2025-03-24,2025-03-30,2025-03-31,1,15,2328,10368.15,5861.85,442.17,4064.13,0.392,7,1,False,False,48
SHP000083,ORD000083,CUS0189,SKU0001,CAR003,LOC007,LOC024,20250324,20250325,20250330,20250330,2025-03-24,2025-03-25,2025-03-30,2025-03-30,1,6,861,149.82,109.8,444.04,-404.02,-2.6967,5,0,True,False,5
SHP000103,ORD000103,CUS0188,SKU0011,CAR003,LOC001,LOC027,20250324,20250324,20250327,20250328,2025-03-24,2025-03-24,2025-03-27,2025-03-28,2,15,2070,6092.85,3688.05,1239.46,1165.34,0.1913,4,1,False,False,55
SHP000123,ORD000123,CUS0248,SKU0022,CAR004,LOC010,LOC029,20250324,20250324,20250327,20250328,2025-03-24,2025-03-24,2025-03-27,2025-03-28,2,13,979,2375.23,1511.25,280.51,583.47,0.2456,4,1,False,False,55
SHP000221,ORD000221,CUS0014,SKU0040,CAR001,LOC002,LOC026,20250324,20250325,20250330,20250329,2025-03-24,2025-03-25,2025-03-30,2025-03-29,1,18,1992,5057.64,3102.84,483.18,1471.62,0.291,4,0,True,False,5
SHP000251,ORD000251,CUS0174,SKU0009,CAR006,LOC009,LOC014,20250324,20250324,20250330,20250329,2025-03-24,2025-03-24,2025-03-30,2025-03-29,1,12,1894,6819.96,4086.48,291.12,2442.36,0.3581,5,0,True,False,5
SHP000259,ORD000259,CUS0041,SKU0012,CAR003,LOC002,LOC026,20250324,20250325,20250330,20250328,2025-03-24,2025-03-25,2025-03-30,2025-03-28,1,5,1013,3003.95,1632.5,487.04,884.41,0.2944,3,0,True,False,5
SHP000388,ORD000388,CUS0027,SKU0017,CAR001,LOC008,LOC011,20250324,20250325,20250330,20250330,2025-03-24,2025-03-25,2025-03-30,2025-03-30,1,15,368,2064.0,1477.2,162.59,424.21,0.2055,5,0,True,False,5
SHP000453,ORD000453,CUS0223,SKU0005,CAR003,LOC007,LOC029,20250324,20250325,20250330,20250331,2025-03-24,2025-03-25,2025-03-30,2025-03-31,1,3,2275,803.46,542.52,1035.93,-774.99,-0.9646,6,1,False,False,48
SHP000469,ORD000469,CUS0222,SKU0018,CAR001,LOC006,LOC024,20250324,20250324,20250330,20250331,2025-03-24,2025-03-24,2025-03-30,2025-03-31,1,2,1999,246.0,204.74,384.01,-342.75,-1.3933,7,1,False,False,48
SHP000471,ORD000471,CUS0161,SKU0013,CAR003,LOC003,LOC030,20250324,20250325,20250330,20250330,2025-03-24,2025-03-25,2025-03-30,2025-03-30,1,13,716,3175.25,2139.93,456.31,579.01,0.1824,5,0,True,False,5
SHP000487,ORD000487,CUS0141,SKU0005,CAR005,LOC007,LOC013,20250324,20250324,20250330,20250329,2025-03-24,2025-03-24,2025-03-30,2025-03-29,1,2,799,535.64,361.68,140.9,33.06,0.0617,5,0,True,False,5
SHP000500,ORD000500,CUS0042,SKU0002,CAR003,LOC009,LOC018,20250324,20250325,20250330,20250330,2025-03-24,2025-03-25,2025-03-30,2025-03-30,1,14,857,7138.04,4015.2,399.89,2722.95,0.3815,5,0,True,False,5
SHP000688,ORD000688,CUS0003,SKU0036,CAR002,LOC007,LOC013,20250324,20250324,20250330,20250327,2025-03-24,2025-03-24,2025-03-30,2025-03-27,1,8,501,521.44,346.32,67.37,107.75,0.2066,3,0,True,False,5
SHP000891,ORD000891,CUS0088,SKU0016,CAR003,LOC003,LOC026,20250324,20250324,20250330,20250329,2025-03-24,2025-03-24,2025-03-30,2025-03-29,1,18,2633,4861.08,3572.1,1571.85,-282.87,-0.0582,5,0,True,False,5
SHP000961,ORD000961,CUS0115,SKU0009,CAR002,LOC001,LOC026,20250324,20250324,20250330,20250329,2025-03-24,2025-03-24,2025-03-30,2025-03-29,1,11,1725,6251.63,3745.94,268.12,2237.57,0.3579,5,0,True,False,5
SHP001019,ORD001019,CUS0211,SKU0036,CAR001,LOC004,LOC018,20250324,20250324,20250327,20250328,2025-03-24,2025-03-24,2025-03-27,2025-03-28,2,5,542,325.9,216.45,124.1,-14.65,-0.045,4,1,False,False,55
SHP001135,ORD001135,CUS0215,SKU0018,CAR004,LOC001,LOC018,20250324,20250325,20250330,20250331,2025-03-24,2025-03-25,2025-03-30,2025-03-31,1,7,2037,861.0,716.59,291.2,-146.79,-0.1705,6,1,False,False,48
SHP001235,ORD001235,CUS0024,SKU0040,CAR001,LOC008,LOC016,20250324,20250324,20250330,20250330,2025-03-24,2025-03-24,2025-03-30,2025-03-30,1,10,438,2809.8,1723.8,117.14,968.86,0.3448,6,0,True,False,5
SHP001273,ORD001273,CUS0113,SKU0038,CAR006,LOC007,LOC023,20250324,20250324,20250330,20250331,2025-03-24,2025-03-24,2025-03-30,2025-03-31,1,15,2539,1749.0,1140.45,409.98,198.57,0.1135,7,1,False,False,48
SHP001393,ORD001393,CUS0241,SKU0032,CAR005,LOC009,LOC025,20250324,20250324,20250327,20250328,2025-03-24,2025-03-24,2025-03-27,2025-03-28,2,4,651,514.72,359.8,117.05,37.87,0.0736,4,1,False,False,55
SHP001597,ORD001597,CUS0056,SKU0004,CAR001,LOC008,LOC020,20250324,20250324,20250327,20250326,2025-03-24,2025-03-24,2025-03-27,2025-03-26,2,16,1004,397.76,302.88,352.12,-257.24,-0.6467,2,0,True,False,12
SHP001651,ORD001651,CUS0057,SKU0019,CAR004,LOC007,LOC023,20250324,20250324,20250327,20250325,2025-03-24,2025-03-24,2025-03-27,2025-03-25,2,4,1142,252.8,141.08,180.26,-68.54,-0.2711,1,0,True,False,12
SHP002083,ORD002083,CUS0113,SKU0018,CAR004,LOC001,LOC022,20250324,20250325,20250330,20250329,2025-03-24,2025-03-25,2025-03-30,2025-03-29,1,16,1377,1968.0,1637.92,200.77,129.31,0.0657,4,0,True,False,5
SHP002088,ORD002088,CUS0025,SKU0020,CAR004,LOC008,LOC017,20250324,20250325,20250325,20250328,2025-03-24,2025-03-25,2025-03-25,2025-03-28,3,16,2257,2316.48,1529.6,548.64,238.24,0.1028,3,3,False,False,99
SHP002146,ORD002146,CUS0222,SKU0006,CAR003,LOC004,LOC015,20250324,20250325,20250330,20250330,2025-03-24,2025-03-25,2025-03-30,2025-03-30,1,2,1444,825.28,641.26,685.76,-501.74,-0.608,5,0,True,False,5
SHP002153,ORD002153,CUS0044,SKU0031,CAR003,LOC005,LOC030,20250324,20250325,20250330,20250329,2025-03-24,2025-03-25,2025-03-30,2025-03-29,1,15,879,7589.4,5499.75,506.9,1582.75,0.2085,4,0,True,False,5
SHP002357,ORD002357,CUS0167,SKU0006,CAR006,LOC008,LOC011,20250324,20250324,20250330,20250330,2025-03-24,2025-03-24,2025-03-30,2025-03-30,1,3,1362,1237.92,961.89,199.58,76.45,0.0618,6,0,True,False,5
SHP002391,ORD002391,CUS0105,SKU0005,CAR003,LOC001,LOC011,20250324,20250324,20250325,20250325,2025-03-24,2025-03-24,2025-03-25,2025-03-25,3,15,2239,4017.3,2712.6,1330.36,-25.66,-0.0064,1,0,True,False,20
SHP002438,ORD002438,CUS0171,SKU0008,CAR006,LOC004,LOC032,20250324,20250324,20250330,20250329,2025-03-24,2025-03-24,2025-03-30,2025-03-29,1,3,609,701.16,493.59,98.07,109.5,0.1562,5,0,True,False,5
SHP000031,ORD000031,CUS0194,SKU0030,CAR005,LOC006,LOC031,20250325,20250326,20250331,20250331,2025-03-25,2025-03-26,2025-03-31,2025-03-31,1,16,2382,11047.04,6534.72,549.0,3963.32,0.3588,5,0,True,False,5
SHP000068,ORD000068,CUS0003,SKU0035,CAR001,LOC006,LOC023,20250325,20250326,20250328,20250327,2025-03-25,2025-03-26,2025-03-28,2025-03-27,2,10,1835,1430.6,1066.5,385.72,-21.62,-0.0151,1,0,True,False,12
SHP000327,ORD000327,CUS0182,SKU0033,CAR001,LOC009,LOC025,20250325,20250325,20250331,20250401,2025-03-25,2025-03-25,2025-03-31,2025-04-01,1,13,2515,7943.52,5023.46,458.73,2461.33,0.3099,7,1,False,False,48
SHP000394,ORD000394,CUS0039,SKU0035,CAR006,LOC003,LOC026,20250325,20250325,20250328,20250328,2025-03-25,2025-03-25,2025-03-28,2025-03-28,2,15,2443,2145.9,1599.75,392.2,153.95,0.0717,3,0,True,False,12
SHP000514,ORD000514,CUS0147,SKU0020,CAR006,LOC010,LOC029,20250325,20250325,20250326,20250326,2025-03-25,2025-03-25,2025-03-26,2025-03-26,3,15,91,2171.7,1434.0,192.66,545.04,0.251,1,0,True,False,20
SHP000784,ORD000784,CUS0149,SKU0029,CAR003,LOC005,LOC019,20250325,20250325,20250331,20250330,2025-03-25,2025-03-25,2025-03-31,2025-03-30,1,17,241,4720.73,3181.04,291.01,1248.68,0.2645,5,0,True,False,5
SHP000820,ORD000820,CUS0132,SKU0031,CAR005,LOC002,LOC023,20250325,20250325,20250331,20250330,2025-03-25,2025-03-25,2025-03-31,2025-03-30,1,15,403,7589.4,5499.75,214.46,1875.19,0.2471,5,0,True,False,5
SHP000967,ORD000967,CUS0177,SKU0027,CAR001,LOC008,LOC019,20250325,20250325,20250328,20250327,2025-03-25,2025-03-25,2025-03-28,2025-03-27,2,9,1209,3876.3,3263.76,310.91,301.63,0.0778,2,0,True,False,12
SHP001112,ORD001112,CUS0085,SKU0006,CAR006,LOC003,LOC019,20250325,20250325,20250331,20250331,2025-03-25,2025-03-25,2025-03-31,2025-03-31,1,14,1075,5776.96,4488.82,202.95,1085.19,0.1878,6,0,True,False,5
SHP001250,ORD001250,CUS0015,SKU0013,CAR005,LOC008,LOC013,20250325,20250325,20250328,20250327,2025-03-25,2025-03-25,2025-03-28,2025-03-27,2,17,874,4152.25,2798.37,398.32,955.56,0.2301,2,0,True,False,12
SHP001271,ORD001271,CUS0197,SKU0035,CAR005,LOC006,LOC018,20250325,20250325,20250331,20250402,2025-03-25,2025-03-25,2025-03-31,2025-04-02,1,8,2654,1144.48,853.2,491.56,-200.28,-0.175,8,2,False,False,66
SHP001323,ORD001323,CUS0131,SKU0038,CAR001,LOC005,LOC024,20250325,20250326,20250331,20250331,2025-03-25,2025-03-26,2025-03-31,2025-03-31,1,3,2324,349.8,228.09,380.29,-258.58,-0.7392,5,0,True,False,5
SHP001536,ORD001536,CUS0009,SKU0003,CAR005,LOC007,LOC015,20250325,20250325,20250331,20250401,2025-03-25,2025-03-25,2025-03-31,2025-04-01,1,5,1443,131.05,105.45,227.64,-202.04,-1.5417,7,1,False,False,48
SHP001589,ORD001589,CUS0073,SKU0011,CAR002,LOC003,LOC020,20250325,20250326,20250331,20250330,2025-03-25,2025-03-26,2025-03-31,2025-03-30,1,9,2609,3655.71,2212.83,333.19,1109.69,0.3035,4,0,True,False,5
SHP001614,ORD001614,CUS0033,SKU0004,CAR004,LOC003,LOC025,20250325,20250325,20250331,20250402,2025-03-25,2025-03-25,2025-03-31,2025-04-02,1,14,1789,348.04,265.02,330.69,-247.67,-0.7116,8,2,False,False,66
SHP001619,ORD001619,CUS0030,SKU0004,CAR005,LOC001,LOC018,20250325,20250326,20250328,20250329,2025-03-25,2025-03-26,2025-03-28,2025-03-29,2,12,1452,298.32,227.16,375.89,-304.73,-1.0215,3,1,False,False,55
SHP001668,ORD001668,CUS0052,SKU0001,CAR004,LOC010,LOC015,20250325,20250326,20250331,20250331,2025-03-25,2025-03-26,2025-03-31,2025-03-31,1,11,259,274.67,201.3,45.58,27.79,0.1012,5,0,True,False,5
SHP001839,ORD001839,CUS0002,SKU0015,CAR004,LOC009,LOC025,20250325,20250325,20250326,20250326,2025-03-25,2025-03-25,2025-03-26,2025-03-26,3,4,1794,1341.08,1035.84,325.13,-19.89,-0.0148,1,0,True,False,20
SHP001889,ORD001889,CUS0028,SKU0005,CAR003,LOC001,LOC028,20250325,20250325,20250326,20250326,2025-03-25,2025-03-25,2025-03-26,2025-03-26,3,1,1483,267.82,180.84,973.07,-886.09,-3.3085,1,0,True,False,20
SHP001915,ORD001915,CUS0061,SKU0013,CAR003,LOC004,LOC011,20250325,20250325,20250331,20250402,2025-03-25,2025-03-25,2025-03-31,2025-04-02,1,2,959,488.5,329.22,481.95,-322.67,-0.6605,8,2,False,False,66
SHP001941,ORD001941,CUS0169,SKU0014,CAR006,LOC009,LOC012,20250325,20250326,20250331,20250331,2025-03-25,2025-03-26,2025-03-31,2025-03-31,1,18,1833,3814.74,2889.18,329.18,596.38,0.1563,5,0,True,True,35
SHP002026,ORD002026,CUS0183,SKU0033,CAR003,LOC008,LOC025,20250325,20250326,20250331,20250330,2025-03-25,2025-03-26,2025-03-31,2025-03-30,1,10,636,6110.4,3864.2,387.03,1859.17,0.3043,4,0,True,False,5
SHP002129,ORD002129,CUS0056,SKU0005,CAR005,LOC008,LOC025,20250325,20250326,20250328,20250329,2025-03-25,2025-03-26,2025-03-28,2025-03-29,2,14,2314,3749.48,2531.76,493.4,724.32,0.1932,3,1,False,False,55
SHP002249,ORD002249,CUS0037,SKU0020,CAR005,LOC005,LOC014,20250325,20250325,20250331,20250402,2025-03-25,2025-03-25,2025-03-31,2025-04-02,1,14,766,2026.92,1338.4,278.49,410.03,0.2023,8,2,False,False,66
SHP002437,ORD002437,CUS0152,SKU0025,CAR003,LOC002,LOC028,20250325,20250326,20250331,20250401,2025-03-25,2025-03-26,2025-03-31,2025-04-01,1,2,2078,978.18,668.68,865.23,-555.73,-0.5681,6,1,False,False,48
SHP000093,ORD000093,CUS0053,SKU0016,CAR001,LOC004,LOC012,20250326,20250327,20250401,20250401,2025-03-26,2025-03-27,2025-04-01,2025-04-01,1,1,2518,270.06,198.45,478.57,-406.96,-1.5069,5,0,True,False,5
SHP000152,ORD000152,CUS0182,SKU0001,CAR002,LOC009,LOC027,20250326,20250327,20250329,20250327,2025-03-26,2025-03-27,2025-03-29,2025-03-27,2,4,116,99.88,73.2,29.94,-3.26,-0.0326,0,0,True,False,12
SHP000239,ORD000239,CUS0056,SKU0019,CAR005,LOC004,LOC031,20250326,20250326,20250401,20250327,2025-03-26,2025-03-26,2025-04-01,2025-03-27,1,12,106,758.4,423.24,70.81,264.35,0.3486,1,0,True,False,5
SHP000386,ORD000386,CUS0197,SKU0018,CAR004,LOC005,LOC012,20250326,20250327,20250327,20250328,2025-03-26,2025-03-27,2025-03-27,2025-03-28,3,15,1394,1845.0,1535.55,302.83,6.62,0.0036,1,1,False,False,63
SHP000438,ORD000438,CUS0031,SKU0031,CAR003,LOC002,LOC014,20250326,20250326,20250401,20250401,2025-03-26,2025-03-26,2025-04-01,2025-04-01,1,2,247,1011.92,733.3,128.36,150.26,0.1485,6,0,True,False,5
SHP000484,ORD000484,CUS0197,SKU0034,CAR005,LOC008,LOC032,20250326,20250326,20250401,20250331,2025-03-26,2025-03-26,2025-04-01,2025-03-31,1,1,809,691.21,390.79,121.25,179.17,0.2592,5,0,True,False,5
SHP000493,ORD000493,CUS0012,SKU0026,CAR001,LOC008,LOC030,20250326,20250327,20250401,20250330,2025-03-26,2025-03-27,2025-04-01,2025-03-30,1,6,1355,2271.84,1521.06,244.21,506.57,0.223,3,0,True,False,5
SHP000501,ORD000501,CUS0246,SKU0025,CAR004,LOC003,LOC030,20250326,20250326,20250401,20250402,2025-03-26,2025-03-26,2025-04-01,2025-04-02,1,10,1545,4890.9,3343.4,209.5,1338.0,0.2736,7,1,False,False,48
SHP000595,ORD000595,CUS0198,SKU0008,CAR001,LOC002,LOC027,20250326,20250326,20250329,20250327,2025-03-26,2025-03-26,2025-03-29,2025-03-27,2,1,1698,233.72,164.53,384.44,-315.25,-1.3488,1,0,True,False,12
SHP000614,ORD000614,CUS0141,SKU0002,CAR004,LOC006,LOC023,20250326,20250327,20250327,20250329,2025-03-26,2025-03-27,2025-03-27,2025-03-29,3,6,1452,3059.16,1720.8,249.09,1089.27,0.3561,2,2,False,False,81
SHP000710,ORD000710,CUS0250,SKU0008,CAR003,LOC009,LOC011,20250326,20250326,20250401,20250402,2025-03-26,2025-03-26,2025-04-01,2025-04-02,1,2,1490,467.44,329.06,709.34,-570.96,-1.2215,7,1,False,False,48
SHP000807,ORD000807,CUS0245,SKU0030,CAR003,LOC008,LOC026,20250326,20250327,20250401,20250331,2025-03-26,2025-03-27,2025-04-01,2025-03-31,1,6,1700,4142.64,2450.52,879.17,812.95,0.1962,4,0,True,False,5
SHP000879,ORD000879,CUS0054,SKU0031,CAR003,LOC004,LOC019,20250326,20250327,20250401,20250403,2025-03-26,2025-03-27,2025-04-01,2025-04-03,1,8,373,4047.68,2933.2,243.05,871.43,0.2153,7,2,False,False,66
SHP001004,ORD001004,CUS0243,SKU0038,CAR002,LOC003,LOC019,20250326,20250327,20250327,20250327,2025-03-26,2025-03-27,2025-03-27,2025-03-27,3,5,958,583.0,380.15,203.37,-0.52,-0.0009,0,0,True,False,20
SHP001188,ORD001188,CUS0231,SKU0016,CAR005,LOC001,LOC020,20250326,20250326,20250401,20250402,2025-03-26,2025-03-26,2025-04-01,2025-04-02,1,12,637,3240.72,2381.4,255.43,603.89,0.1863,7,1,False,False,48
SHP001276,ORD001276,CUS0014,SKU0030,CAR005,LOC003,LOC014,20250326,20250326,20250401,20250401,2025-03-26,2025-03-26,2025-04-01,2025-04-01,1,7,1957,4833.08,2858.94,366.59,1607.55,0.3326,6,0,True,False,5
SHP001410,ORD001410,CUS0059,SKU0026,CAR005,LOC006,LOC019,20250326,20250327,20250401,20250331,2025-03-26,2025-03-27,2025-04-01,2025-03-31,1,10,2009,3786.4,2535.1,340.78,910.52,0.2405,4,0,True,False,5
SHP001635,ORD001635,CUS0194,SKU0011,CAR003,LOC003,LOC031,20250326,20250326,20250327,20250327,2025-03-26,2025-03-26,2025-03-27,2025-03-27,3,13,842,5280.47,3196.31,517.6,1566.56,0.2967,1,0,True,False,20
SHP001642,ORD001642,CUS0053,SKU0008,CAR002,LOC010,LOC019,20250326,20250327,20250401,20250401,2025-03-26,2025-03-27,2025-04-01,2025-04-01,1,8,1750,1869.76,1316.24,270.89,282.63,0.1512,5,0,True,False,5
SHP001685,ORD001685,CUS0216,SKU0010,CAR005,LOC001,LOC020,20250326,20250326,20250329,20250328,2025-03-26,2025-03-26,2025-03-29,2025-03-28,2,13,1319,724.1,526.11,379.24,-181.25,-0.2503,2,0,True,False,12
SHP001912,ORD001912,CUS0200,SKU0010,CAR005,LOC005,LOC029,20250326,20250326,20250401,20250330,2025-03-26,2025-03-26,2025-04-01,2025-03-30,1,12,651,668.4,485.64,182.05,0.71,0.0011,4,0,True,False,5
SHP001997,ORD001997,CUS0181,SKU0001,CAR002,LOC002,LOC030,20250326,20250326,20250401,20250331,2025-03-26,2025-03-26,2025-04-01,2025-03-31,1,10,769,249.7,183.0,153.76,-87.06,-0.3487,5,0,True,False,5
SHP002217,ORD002217,CUS0169,SKU0031,CAR004,LOC004,LOC019,20250326,20250326,20250401,20250330,2025-03-26,2025-03-26,2025-04-01,2025-03-30,1,5,1138,2529.8,1833.25,203.67,492.88,0.1948,4,0,True,False,5
SHP002304,ORD002304,CUS0077,SKU0034,CAR005,LOC005,LOC029,20250326,20250326,20250401,20250329,2025-03-26,2025-03-26,2025-04-01,2025-03-29,1,12,1671,8294.52,4689.48,341.75,3263.29,0.3934,3,0,True,False,5
SHP002374,ORD002374,CUS0084,SKU0038,CAR006,LOC010,LOC017,20250326,20250327,20250329,20250327,2025-03-26,2025-03-27,2025-03-29,2025-03-27,2,2,2654,233.2,152.06,460.06,-378.92,-1.6249,0,0,True,False,12
SHP000084,ORD000084,CUS0083,SKU0031,CAR002,LOC005,LOC021,20250327,20250328,20250402,20250331,2025-03-27,2025-03-28,2025-04-02,2025-03-31,1,5,97,2529.8,1833.25,41.32,655.23,0.259,3,0,True,False,5
SHP000220,ORD000220,CUS0177,SKU0034,CAR006,LOC004,LOC026,20250327,20250328,20250330,20250331,2025-03-27,2025-03-28,2025-03-30,2025-03-31,2,17,2602,11750.57,6643.43,522.93,4584.21,0.3901,3,1,False,False,55
SHP000232,ORD000232,CUS0225,SKU0019,CAR004,LOC003,LOC012,20250327,20250327,20250330,20250330,2025-03-27,2025-03-27,2025-03-30,2025-03-30,2,18,122,1137.6,634.86,124.97,377.77,0.3321,3,0,True,False,12
SHP000335,ORD000335,CUS0046,SKU0005,CAR004,LOC007,LOC023,20250327,20250327,20250328,20250329,2025-03-27,2025-03-27,2025-03-28,2025-03-29,3,7,1400,1874.74,1265.88,294.61,314.25,0.1676,2,1,False,False,63
SHP000366,ORD000366,CUS0152,SKU0008,CAR005,LOC008,LOC016,20250327,20250328,20250402,20250404,2025-03-27,2025-03-28,2025-04-02,2025-04-04,1,16,1966,3739.52,2632.48,327.98,779.06,0.2083,7,2,False,False,66
SHP000418,ORD000418,CUS0118,SKU0029,CAR003,LOC003,LOC019,20250327,20250327,20250330,20250330,2025-03-27,2025-03-27,2025-03-30,2025-03-30,2,18,2393,4998.42,3368.16,1546.42,83.84,0.0168,3,0,True,False,12
SHP000602,ORD000602,CUS0224,SKU0023,CAR003,LOC007,LOC015,20250327,20250327,20250402,20250401,2025-03-27,2025-03-27,2025-04-02,2025-04-01,1,2,480,580.86,314.28,243.2,23.38,0.0403,5,0,True,False,5
SHP000612,ORD000612,CUS0082,SKU0039,CAR003,LOC010,LOC026,20250327,20250327,20250330,20250329,2025-03-27,2025-03-27,2025-03-30,2025-03-29,2,2,2127,1317.5,781.42,1050.06,-513.98,-0.3901,2,0,True,False,12
SHP000619,ORD000619,CUS0071,SKU0025,CAR006,LOC009,LOC018,20250327,20250327,20250330,20250329,2025-03-27,2025-03-27,2025-03-30,2025-03-29,2,15,561,7336.35,5015.1,82.74,2238.51,0.3051,2,0,True,False,12
SHP000837,ORD000837,CUS0050,SKU0005,CAR005,LOC004,LOC027,20250327,20250328,20250402,20250403,2025-03-27,2025-03-28,2025-04-02,2025-04-03,1,2,776,535.64,361.68,121.03,52.93,0.0988,6,1,False,False,48
SHP000982,ORD000982,CUS0148,SKU0026,CAR002,LOC003,LOC026,20250327,20250328,20250402,20250405,2025-03-27,2025-03-28,2025-04-02,2025-04-05,1,5,687,1893.2,1267.55,106.78,518.87,0.2741,8,3,False,False,84
SHP001027,ORD001027,CUS0158,SKU0005,CAR001,LOC005,LOC011,20250327,20250328,20250330,20250401,2025-03-27,2025-03-28,2025-03-30,2025-04-01,2,8,2606,2142.56,1446.72,463.09,232.75,0.1086,4,2,False,False,73
SHP001103,ORD001103,CUS0078,SKU0038,CAR006,LOC006,LOC013,20250327,20250327,20250328,20250328,2025-03-27,2025-03-27,2025-03-28,2025-03-28,3,18,208,2098.8,1368.54,150.6,579.66,0.2762,1,0,True,False,20
SHP001113,ORD001113,CUS0053,SKU0028,CAR006,LOC009,LOC031,20250327,20250327,20250402,20250402,2025-03-27,2025-03-27,2025-04-02,2025-04-02,1,6,1252,3227.46,1904.16,180.48,1142.82,0.3541,6,0,True,False,5
SHP001238,ORD001238,CUS0062,SKU0036,CAR006,LOC003,LOC025,20250327,20250327,20250330,20250331,2025-03-27,2025-03-27,2025-03-30,2025-03-31,2,13,488,847.34,562.77,84.49,200.08,0.2361,4,1,False,False,55
SHP001265,ORD001265,CUS0152,SKU0010,CAR001,LOC004,LOC027,20250327,20250327,20250402,20250402,2025-03-27,2025-03-27,2025-04-02,2025-04-02,1,4,1473,222.8,161.88,279.72,-218.8,-0.982,6,0,True,False,5
SHP001407,ORD001407,CUS0188,SKU0012,CAR003,LOC006,LOC031,20250327,20250327,20250328,20250328,2025-03-27,2025-03-27,2025-03-28,2025-03-28,3,6,2601,3604.74,1959.0,1694.26,-48.52,-0.0135,1,0,True,False,20
SHP001574,ORD001574,CUS0087,SKU0015,CAR006,LOC009,LOC016,20250327,20250327,20250402,20250331,2025-03-27,2025-03-27,2025-04-02,2025-03-31,1,10,2473,3352.7,2589.6,419.24,343.86,0.1026,4,0,True,False,5
SHP001769,ORD001769,CUS0141,SKU0006,CAR005,LOC002,LOC027,20250327,20250327,20250402,20250405,2025-03-27,2025-03-27,2025-04-02,2025-04-05,1,11,2281,4539.04,3526.93,404.48,607.63,0.1339,9,3,False,False,84
SHP001800,ORD001800,CUS0109,SKU0021,CAR003,LOC001,LOC024,20250327,20250327,20250402,20250403,2025-03-27,2025-03-27,2025-04-02,2025-04-03,1,17,597,1447.55,1136.62,399.9,-88.97,-0.0615,7,1,False,False,48
SHP001867,ORD001867,CUS0249,SKU0028,CAR004,LOC007,LOC013,20250327,20250327,20250402,20250402,2025-03-27,2025-03-27,2025-04-02,2025-04-02,1,16,1481,8606.56,5077.76,223.32,3305.48,0.3841,6,0,True,False,5
SHP001924,ORD001924,CUS0187,SKU0006,CAR006,LOC003,LOC025,20250327,20250328,20250330,20250329,2025-03-27,2025-03-28,2025-03-30,2025-03-29,2,1,1694,412.64,320.63,277.34,-185.33,-0.4491,1,0,True,False,12
SHP001948,ORD001948,CUS0094,SKU0034,CAR004,LOC006,LOC022,20250327,20250328,20250402,20250403,2025-03-27,2025-03-28,2025-04-02,2025-04-03,1,2,985,1382.42,781.58,139.34,461.5,0.3338,6,1,False,False,48
SHP001977,ORD001977,CUS0131,SKU0019,CAR002,LOC007,LOC019,20250327,20250328,20250402,20250403,2025-03-27,2025-03-28,2025-04-02,2025-04-03,1,6,2248,379.2,211.62,326.33,-158.75,-0.4186,6,1,False,False,48
SHP002034,ORD002034,CUS0106,SKU0038,CAR004,LOC010,LOC011,20250327,20250328,20250402,20250403,2025-03-27,2025-03-28,2025-04-02,2025-04-03,1,15,1640,1749.0,1140.45,279.68,328.87,0.188,6,1,False,False,48
SHP002342,ORD002342,CUS0199,SKU0011,CAR001,LOC002,LOC030,20250327,20250327,20250330,20250328,2025-03-27,2025-03-27,2025-03-30,2025-03-28,2,17,1685,6905.23,4179.79,308.24,2417.2,0.3501,1,0,True,False,12
SHP002388,ORD002388,CUS0173,SKU0036,CAR006,LOC009,LOC028,20250327,20250327,20250402,20250401,2025-03-27,2025-03-27,2025-04-02,2025-04-01,1,10,2099,651.8,432.9,240.05,-21.15,-0.0324,5,0,True,False,5
SHP000055,ORD000055,CUS0114,SKU0024,CAR001,LOC002,LOC011,20250328,20250328,20250403,20250401,2025-03-28,2025-03-28,2025-04-03,2025-04-01,1,12,1700,660.84,545.4,281.69,-166.25,-0.2516,4,0,True,False,5
SHP000126,ORD000126,CUS0045,SKU0034,CAR005,LOC008,LOC018,20250328,20250329,20250331,20250331,2025-03-28,2025-03-29,2025-03-31,2025-03-31,2,8,725,5529.68,3126.32,200.28,2203.08,0.3984,2,0,True,False,12
SHP000216,ORD000216,CUS0218,SKU0007,CAR001,LOC003,LOC021,20250328,20250329,20250403,20250402,2025-03-28,2025-03-29,2025-04-03,2025-04-02,1,4,109,525.0,288.24,41.18,195.58,0.3725,4,0,True,False,5
SHP000353,ORD000353,CUS0054,SKU0002,CAR005,LOC001,LOC021,20250328,20250329,20250403,20250402,2025-03-28,2025-03-29,2025-04-03,2025-04-02,1,18,1518,9177.48,5162.4,228.77,3786.31,0.4126,4,0,True,False,5
SHP000383,ORD000383,CUS0087,SKU0034,CAR006,LOC002,LOC011,20250328,20250329,20250331,20250331,2025-03-28,2025-03-29,2025-03-31,2025-03-31,2,7,2313,4838.47,2735.53,334.54,1768.4,0.3655,2,0,True,False,12
SHP000415,ORD000415,CUS0229,SKU0013,CAR004,LOC002,LOC016,20250328,20250329,20250329,20250330,2025-03-28,2025-03-29,2025-03-29,2025-03-30,3,3,802,732.75,493.83,179.83,59.09,0.0806,1,1,False,False,63
SHP000697,ORD000697,CUS0209,SKU0024,CAR003,LOC008,LOC031,20250328,20250329,20250403,20250406,2025-03-28,2025-03-29,2025-04-03,2025-04-06,1,1,2126,55.07,45.45,873.68,-864.06,-15.6902,8,3,False,False,84
SHP000988,ORD000988,CUS0240,SKU0008,CAR006,LOC002,LOC022,20250328,20250329,20250403,20250402,2025-03-28,2025-03-29,2025-04-03,2025-04-02,1,5,877,1168.6,822.65,132.3,213.65,0.1828,4,0,True,True,35
SHP000997,ORD000997,CUS0048,SKU0029,CAR005,LOC010,LOC017,20250328,20250328,20250403,20250404,2025-03-28,2025-03-28,2025-04-03,2025-04-04,1,2,879,555.38,374.24,173.16,7.98,0.0144,7,1,False,False,48
SHP001025,ORD001025,CUS0119,SKU0024,CAR001,LOC001,LOC017,20250328,20250328,20250403,20250402,2025-03-28,2025-03-28,2025-04-03,2025-04-02,1,10,1103,550.7,454.5,170.8,-74.6,-0.1355,5,0,True,False,5
SHP001070,ORD001070,CUS0083,SKU0022,CAR001,LOC008,LOC030,20250328,20250328,20250403,20250404,2025-03-28,2025-03-28,2025-04-03,2025-04-04,1,17,2114,3106.07,1976.25,523.63,606.19,0.1952,7,1,False,False,48
SHP001416,ORD001416,CUS0179,SKU0022,CAR005,LOC009,LOC024,20250328,20250329,20250331,20250401,2025-03-28,2025-03-29,2025-03-31,2025-04-01,2,15,2242,2740.65,1743.75,580.07,416.83,0.1521,3,1,False,False,55
SHP001427,ORD001427,CUS0038,SKU0011,CAR002,LOC004,LOC029,20250328,20250329,20250331,20250401,2025-03-28,2025-03-29,2025-03-31,2025-04-01,2,18,1790,7311.42,4425.66,312.6,2573.16,0.3519,3,1,False,False,55
SHP001661,ORD001661,CUS0050,SKU0031,CAR005,LOC010,LOC028,20250328,20250328,20250331,20250329,2025-03-28,2025-03-28,2025-03-31,2025-03-29,2,1,2154,505.96,366.65,363.93,-224.62,-0.4439,1,0,True,False,12
SHP001704,ORD001704,CUS0215,SKU0035,CAR006,LOC004,LOC013,20250328,20250328,20250331,20250331,2025-03-28,2025-03-28,2025-03-31,2025-03-31,2,3,2647,429.18,319.95,394.7,-285.47,-0.6652,3,0,True,False,12
SHP001885,ORD001885,CUS0033,SKU0018,CAR004,LOC004,LOC024,20250328,20250329,20250403,20250404,2025-03-28,2025-03-29,2025-04-03,2025-04-04,1,17,2294,2091.0,1740.29,365.02,-14.31,-0.0068,6,1,False,False,48
SHP002039,ORD002039,CUS0124,SKU0033,CAR006,LOC007,LOC024,20250328,20250329,20250403,20250403,2025-03-28,2025-03-29,2025-04-03,2025-04-03,1,8,406,4888.32,3091.36,106.65,1690.31,0.3458,5,0,True,False,5
SHP002079,ORD002079,CUS0141,SKU0021,CAR002,LOC010,LOC022,20250328,20250329,20250403,20250404,2025-03-28,2025-03-29,2025-04-03,2025-04-04,1,11,817,936.65,735.46,187.97,13.22,0.0141,6,1,False,False,48
SHP002094,ORD002094,CUS0113,SKU0007,CAR006,LOC005,LOC029,20250328,20250328,20250403,20250403,2025-03-28,2025-03-28,2025-04-03,2025-04-03,1,2,214,262.5,144.12,37.63,80.75,0.3076,6,0,True,False,5
SHP002096,ORD002096,CUS0125,SKU0028,CAR002,LOC009,LOC030,20250328,20250329,20250403,20250402,2025-03-28,2025-03-29,2025-04-03,2025-04-02,1,7,1577,3765.37,2221.52,272.16,1271.69,0.3377,4,0,True,False,5
SHP002300,ORD002300,CUS0223,SKU0015,CAR005,LOC008,LOC020,20250328,20250329,20250331,20250331,2025-03-28,2025-03-29,2025-03-31,2025-03-31,2,11,1799,3687.97,2848.56,458.93,380.48,0.1032,2,0,True,False,12
SHP000074,ORD000074,CUS0005,SKU0013,CAR004,LOC004,LOC024,20250329,20250330,20250404,20250402,2025-03-29,2025-03-30,2025-04-04,2025-04-02,1,4,1354,977.0,658.44,193.58,124.98,0.1279,3,0,True,False,5
SHP000076,ORD000076,CUS0124,SKU0040,CAR002,LOC005,LOC020,20250329,20250329,20250401,20250401,2025-03-29,2025-03-29,2025-04-01,2025-04-01,2,9,1079,2528.82,1551.42,195.45,781.95,0.3092,3,0,True,False,12
SHP000087,ORD000087,CUS0115,SKU0034,CAR005,LOC009,LOC017,20250329,20250329,20250401,20250401,2025-03-29,2025-03-29,2025-04-01,2025-04-01,2,3,2380,2073.63,1172.37,504.3,396.96,0.1914,3,0,True,False,12
SHP000201,ORD000201,CUS0076,SKU0032,CAR003,LOC004,LOC021,20250329,20250329,20250404,20250405,2025-03-29,2025-03-29,2025-04-04,2025-04-05,1,1,214,128.68,89.95,113.12,-74.39,-0.5781,7,1,False,False,48
SHP000236,ORD000236,CUS0031,SKU0033,CAR004,LOC003,LOC016,20250329,20250330,20250404,20250402,2025-03-29,2025-03-30,2025-04-04,2025-04-02,1,6,236,3666.24,2318.52,62.56,1285.16,0.3505,3,0,True,True,35
SHP000240,ORD000240,CUS0099,SKU0008,CAR003,LOC009,LOC022,20250329,20250330,20250401,20250331,2025-03-29,2025-03-30,2025-04-01,2025-03-31,2,13,2282,3038.36,2138.89,1127.86,-228.39,-0.0752,1,0,True,False,12
SHP000635,ORD000635,CUS0104,SKU0008,CAR001,LOC006,LOC018,20250329,20250329,20250330,20250330,2025-03-29,2025-03-29,2025-03-30,2025-03-30,3,18,99,4206.96,2961.54,118.65,1126.77,0.2678,1,0,True,False,20
SHP000684,ORD000684,CUS0156,SKU0040,CAR001,LOC002,LOC011,20250329,20250329,20250404,20250401,2025-03-29,2025-03-29,2025-04-04,2025-04-01,1,7,694,1966.86,1206.66,170.06,590.14,0.3,3,0,True,False,5
SHP000753,ORD000753,CUS0038,SKU0028,CAR006,LOC009,LOC017,20250329,20250330,20250404,20250405,2025-03-29,2025-03-30,2025-04-04,2025-04-05,1,4,1055,2151.64,1269.44,154.2,728.0,0.3383,6,1,False,False,48
SHP000786,ORD000786,CUS0037,SKU0019,CAR001,LOC007,LOC031,20250329,20250330,20250404,20250405,2025-03-29,2025-03-30,2025-04-04,2025-04-05,1,14,1407,884.8,493.78,327.81,63.21,0.0714,6,1,False,False,48
SHP001072,ORD001072,CUS0116,SKU0005,CAR006,LOC007,LOC011,20250329,20250330,20250330,20250331,2025-03-29,2025-03-30,2025-03-30,2025-03-31,3,8,159,2142.56,1446.72,51.14,644.7,0.3009,1,1,False,False,63
SHP001168,ORD001168,CUS0053,SKU0016,CAR002,LOC004,LOC027,20250329,20250330,20250401,20250331,2025-03-29,2025-03-30,2025-04-01,2025-03-31,2,10,925,2700.6,1984.5,328.16,387.94,0.1436,1,0,True,False,12
SHP001296,ORD001296,CUS0179,SKU0016,CAR004,LOC002,LOC024,20250329,20250329,20250401,20250330,2025-03-29,2025-03-29,2025-04-01,2025-03-30,2,12,252,3240.72,2381.4,135.62,723.7,0.2233,1,0,True,False,12
SHP001329,ORD001329,CUS0019,SKU0040,CAR003,LOC002,LOC029,20250329,20250330,20250401,20250403,2025-03-29,2025-03-30,2025-04-01,2025-04-03,2,16,1826,4495.68,2758.08,1024.63,712.97,0.1586,4,2,False,False,73
SHP001368,ORD001368,CUS0028,SKU0028,CAR001,LOC006,LOC028,20250329,20250329,20250404,20250403,2025-03-29,2025-03-29,2025-04-04,2025-04-03,1,4,2130,2151.64,1269.44,376.61,505.59,0.235,5,0,True,False,5
SHP001395,ORD001395,CUS0029,SKU0004,CAR004,LOC006,LOC015,20250329,20250329,20250401,20250402,2025-03-29,2025-03-29,2025-04-01,2025-04-02,2,16,173,397.76,302.88,165.48,-70.6,-0.1775,4,1,False,False,55
SHP001479,ORD001479,CUS0176,SKU0023,CAR005,LOC010,LOC027,20250329,20250330,20250404,20250405,2025-03-29,2025-03-30,2025-04-04,2025-04-05,1,18,1199,5227.74,2828.52,210.31,2188.91,0.4187,6,1,False,False,48
SHP001501,ORD001501,CUS0114,SKU0008,CAR006,LOC008,LOC027,20250329,20250329,20250404,20250404,2025-03-29,2025-03-29,2025-04-04,2025-04-04,1,6,941,1402.32,987.18,161.49,253.65,0.1809,6,0,True,False,5
SHP001946,ORD001946,CUS0193,SKU0015,CAR004,LOC004,LOC013,20250329,20250329,20250401,20250330,2025-03-29,2025-03-29,2025-04-01,2025-03-30,2,8,2611,2682.16,2071.68,487.85,122.63,0.0457,1,0,True,False,12
SHP001981,ORD001981,CUS0140,SKU0006,CAR004,LOC001,LOC013,20250329,20250329,20250404,20250405,2025-03-29,2025-03-29,2025-04-04,2025-04-05,1,4,1220,1650.56,1282.52,165.77,202.27,0.1225,7,1,False,False,48
SHP001988,ORD001988,CUS0057,SKU0025,CAR006,LOC004,LOC013,20250329,20250330,20250401,20250331,2025-03-29,2025-03-30,2025-04-01,2025-03-31,2,4,866,1956.36,1337.36,118.12,500.88,0.256,1,0,True,False,12
SHP002015,ORD002015,CUS0067,SKU0019,CAR005,LOC006,LOC030,20250329,20250330,20250404,20250406,2025-03-29,2025-03-30,2025-04-04,2025-04-06,1,16,907,1011.2,564.32,215.63,231.25,0.2287,7,2,False,False,66
SHP002144,ORD002144,CUS0044,SKU0018,CAR001,LOC008,LOC028,20250329,20250330,20250404,20250404,2025-03-29,2025-03-30,2025-04-04,2025-04-04,1,9,1011,1107.0,921.33,208.82,-23.15,-0.0209,5,0,True,False,5
SHP002176,ORD002176,CUS0234,SKU0002,CAR005,LOC002,LOC012,20250329,20250329,20250404,20250403,2025-03-29,2025-03-29,2025-04-04,2025-04-03,1,14,242,7138.04,4015.2,58.72,3064.12,0.4293,5,0,True,False,5
SHP002179,ORD002179,CUS0012,SKU0039,CAR003,LOC009,LOC028,20250329,20250329,20250404,20250403,2025-03-29,2025-03-29,2025-04-04,2025-04-03,1,14,1633,9222.5,5469.94,823.85,2928.71,0.3176,5,0,True,False,5
SHP002283,ORD002283,CUS0041,SKU0039,CAR005,LOC006,LOC018,20250329,20250329,20250401,20250403,2025-03-29,2025-03-29,2025-04-01,2025-04-03,2,3,2566,1976.25,1172.13,428.74,375.38,0.1899,5,2,False,False,73
SHP002291,ORD002291,CUS0031,SKU0017,CAR004,LOC007,LOC012,20250329,20250330,20250401,20250402,2025-03-29,2025-03-30,2025-04-01,2025-04-02,2,13,2088,1788.8,1280.24,373.4,135.16,0.0756,3,1,False,False,55
SHP002381,ORD002381,CUS0114,SKU0006,CAR001,LOC005,LOC031,20250329,20250330,20250401,20250330,2025-03-29,2025-03-30,2025-04-01,2025-03-30,2,2,493,825.28,641.26,110.77,73.25,0.0888,0,0,True,False,12
SHP002405,ORD002405,CUS0147,SKU0027,CAR006,LOC006,LOC020,20250329,20250330,20250401,20250401,2025-03-29,2025-03-30,2025-04-01,2025-04-01,2,16,2641,6891.2,5802.24,500.02,588.94,0.0855,2,0,True,False,12
SHP002488,ORD002488,CUS0174,SKU0030,CAR004,LOC007,LOC011,20250329,20250330,20250404,20250406,2025-03-29,2025-03-30,2025-04-04,2025-04-06,1,4,912,2761.76,1633.68,123.75,1004.33,0.3637,7,2,False,False,66
SHP000073,ORD000073,CUS0248,SKU0017,CAR006,LOC008,LOC016,20250330,20250331,20250402,20250402,2025-03-30,2025-03-31,2025-04-02,2025-04-02,2,16,2435,2201.6,1575.68,419.48,206.44,0.0938,2,0,True,False,12
SHP000109,ORD000109,CUS0012,SKU0018,CAR001,LOC006,LOC011,20250330,20250330,20250402,20250402,2025-03-30,2025-03-30,2025-04-02,2025-04-02,2,16,2294,1968.0,1637.92,453.85,-123.77,-0.0629,3,0,True,False,12
SHP000147,ORD000147,CUS0133,SKU0014,CAR005,LOC004,LOC026,20250330,20250331,20250405,20250403,2025-03-30,2025-03-31,2025-04-05,2025-04-03,1,10,1280,2119.3,1605.1,256.72,257.48,0.1215,3,0,True,False,5
SHP000159,ORD000159,CUS0195,SKU0001,CAR006,LOC004,LOC024,20250330,20250331,20250402,20250331,2025-03-30,2025-03-31,2025-04-02,2025-03-31,2,11,1329,274.67,201.3,219.52,-146.15,-0.5321,0,0,True,False,12
SHP000317,ORD000317,CUS0165,SKU0039,CAR003,LOC006,LOC022,20250330,20250331,20250402,20250404,2025-03-30,2025-03-31,2025-04-02,2025-04-04,2,4,1632,2635.0,1562.84,793.17,278.99,0.1059,4,2,False,False,73
SHP000347,ORD000347,CUS0106,SKU0034,CAR005,LOC009,LOC013,20250330,20250331,20250402,20250402,2025-03-30,2025-03-31,2025-04-02,2025-04-02,2,11,308,7603.31,4298.69,141.51,3163.11,0.416,2,0,True,False,12
SHP000430,ORD000430,CUS0196,SKU0008,CAR003,LOC006,LOC029,20250330,20250331,20250402,20250401,2025-03-30,2025-03-31,2025-04-02,2025-04-01,2,1,2089,233.72,164.53,998.78,-929.59,-3.9774,1,0,True,False,12
SHP000437,ORD000437,CUS0033,SKU0020,CAR002,LOC007,LOC012,20250330,20250330,20250405,20250405,2025-03-30,2025-03-30,2025-04-05,2025-04-05,1,8,527,1158.24,764.8,137.6,255.84,0.2209,6,0,True,False,5
SHP000583,ORD000583,CUS0218,SKU0021,CAR006,LOC009,LOC031,20250330,20250330,20250405,20250404,2025-03-30,2025-03-30,2025-04-05,2025-04-04,1,6,2562,510.9,401.16,388.24,-278.5,-0.5451,5,0,True,False,5
SHP000608,ORD000608,CUS0197,SKU0037,CAR005,LOC007,LOC031,20250330,20250331,20250405,20250406,2025-03-30,2025-03-31,2025-04-05,2025-04-06,1,8,334,3276.64,2588.16,100.82,587.66,0.1793,6,1,False,False,48
SHP000675,ORD000675,CUS0016,SKU0010,CAR006,LOC007,LOC032,20250330,20250331,20250405,20250407,2025-03-30,2025-03-31,2025-04-05,2025-04-07,1,4,2131,222.8,161.88,281.73,-220.81,-0.9911,7,2,False,False,66
SHP000717,ORD000717,CUS0120,SKU0014,CAR005,LOC004,LOC027,20250330,20250330,20250405,20250406,2025-03-30,2025-03-30,2025-04-05,2025-04-06,1,11,2370,2331.23,1765.61,373.96,191.66,0.0822,7,1,False,False,48
SHP000733,ORD000733,CUS0202,SKU0011,CAR002,LOC003,LOC027,20250330,20250331,20250405,20250404,2025-03-30,2025-03-31,2025-04-05,2025-04-04,1,7,2512,2843.33,1721.09,298.6,823.64,0.2897,4,0,True,False,5
SHP000734,ORD000734,CUS0043,SKU0005,CAR002,LOC001,LOC032,20250330,20250331,20250405,20250406,2025-03-30,2025-03-31,2025-04-05,2025-04-06,1,11,1430,2946.02,1989.24,220.39,736.39,0.25,6,1,False,False,48
SHP000747,ORD000747,CUS0091,SKU0030,CAR004,LOC007,LOC013,20250330,20250330,20250405,20250402,2025-03-30,2025-03-30,2025-04-05,2025-04-02,1,12,1959,8285.28,4901.04,282.78,3101.46,0.3743,3,0,True,False,5
SHP000906,ORD000906,CUS0103,SKU0002,CAR005,LOC001,LOC011,20250330,20250330,20250402,20250331,2025-03-30,2025-03-30,2025-04-02,2025-03-31,2,14,1273,7138.04,4015.2,268.14,2854.7,0.3999,1,0,True,False,12
SHP001040,ORD001040,CUS0078,SKU0026,CAR002,LOC004,LOC011,20250330,20250330,20250331,20250331,2025-03-30,2025-03-30,2025-03-31,2025-03-31,3,8,2289,3029.12,2028.08,525.78,475.26,0.1569,1,0,True,False,20
SHP001100,ORD001100,CUS0171,SKU0022,CAR002,LOC009,LOC020,20250330,20250331,20250405,20250406,2025-03-30,2025-03-31,2025-04-05,2025-04-06,1,13,2006,2375.23,1511.25,431.13,432.85,0.1822,6,1,False,False,48
SHP001247,ORD001247,CUS0092,SKU0033,CAR002,LOC001,LOC017,20250330,20250330,20250402,20250402,2025-03-30,2025-03-30,2025-04-02,2025-04-02,2,12,319,7332.48,4637.04,155.37,2540.07,0.3464,3,0,True,False,12
SHP001257,ORD001257,CUS0059,SKU0007,CAR004,LOC009,LOC022,20250330,20250331,20250405,20250406,2025-03-30,2025-03-31,2025-04-05,2025-04-06,1,1,1806,131.25,72.06,222.62,-163.43,-1.2452,6,1,False,False,48
SHP001275,ORD001275,CUS0146,SKU0038,CAR001,LOC005,LOC016,20250330,20250331,20250331,20250402,2025-03-30,2025-03-31,2025-03-31,2025-04-02,3,10,130,1166.0,760.3,85.92,319.78,0.2743,2,2,False,False,81
SHP001359,ORD001359,CUS0146,SKU0013,CAR003,LOC007,LOC026,20250330,20250331,20250402,20250401,2025-03-30,2025-03-31,2025-04-02,2025-04-01,2,7,1605,1709.75,1152.27,831.87,-274.39,-0.1605,1,0,True,False,12
SHP001525,ORD001525,CUS0045,SKU0037,CAR002,LOC005,LOC021,20250330,20250331,20250402,20250331,2025-03-30,2025-03-31,2025-04-02,2025-03-31,2,1,1209,409.58,323.52,201.94,-115.88,-0.2829,0,0,True,False,12
SHP001602,ORD001602,CUS0067,SKU0016,CAR001,LOC010,LOC015,20250330,20250331,20250405,20250404,2025-03-30,2025-03-31,2025-04-05,2025-04-04,1,12,1490,3240.72,2381.4,435.76,423.56,0.1307,4,0,True,False,5
SHP001637,ORD001637,CUS0103,SKU0027,CAR001,LOC010,LOC022,20250330,20250331,20250405,20250405,2025-03-30,2025-03-31,2025-04-05,2025-04-05,1,5,1473,2153.5,1813.2,265.7,74.6,0.0346,5,0,True,False,5
SHP001713,ORD001713,CUS0146,SKU0024,CAR004,LOC007,LOC012,20250330,20250330,20250405,20250405,2025-03-30,2025-03-30,2025-04-05,2025-04-05,1,15,529,826.05,681.75,92.64,51.66,0.0625,6,0,True,False,5
SHP001730,ORD001730,CUS0235,SKU0004,CAR004,LOC010,LOC013,20250330,20250330,20250405,20250405,2025-03-30,2025-03-30,2025-04-05,2025-04-05,1,13,1395,323.18,246.09,276.0,-198.91,-0.6155,6,0,True,False,5
SHP001752,ORD001752,CUS0157,SKU0035,CAR006,LOC005,LOC013,20250330,20250330,20250405,20250404,2025-03-30,2025-03-30,2025-04-05,2025-04-04,1,2,2260,286.12,213.3,332.85,-260.03,-0.9088,5,0,True,False,5
SHP001859,ORD001859,CUS0041,SKU0029,CAR001,LOC005,LOC013,20250330,20250331,20250405,20250402,2025-03-30,2025-03-31,2025-04-05,2025-04-02,1,3,2528,833.07,561.36,403.95,-132.24,-0.1587,2,0,True,False,5
SHP001881,ORD001881,CUS0234,SKU0019,CAR003,LOC002,LOC027,20250330,20250331,20250331,20250402,2025-03-30,2025-03-31,2025-03-31,2025-04-02,3,1,1969,63.2,35.27,1159.09,-1131.16,-17.8981,2,2,False,False,81
SHP001907,ORD001907,CUS0020,SKU0038,CAR003,LOC005,LOC026,20250330,20250330,20250405,20250405,2025-03-30,2025-03-30,2025-04-05,2025-04-05,1,3,124,349.8,228.09,75.03,46.68,0.1334,6,0,True,False,5
SHP001923,ORD001923,CUS0123,SKU0032,CAR004,LOC007,LOC018,20250330,20250331,20250402,20250402,2025-03-30,2025-03-31,2025-04-02,2025-04-02,2,17,2244,2187.56,1529.15,392.88,265.53,0.1214,2,0,True,False,12
SHP001936,ORD001936,CUS0101,SKU0020,CAR006,LOC008,LOC019,20250330,20250330,20250405,20250404,2025-03-30,2025-03-30,2025-04-05,2025-04-04,1,9,2517,1303.02,860.4,392.1,50.52,0.0388,5,0,True,False,5
SHP001987,ORD001987,CUS0136,SKU0026,CAR002,LOC002,LOC024,20250330,20250331,20250402,20250402,2025-03-30,2025-03-31,2025-04-02,2025-04-02,2,2,918,757.28,507.02,133.77,116.49,0.1538,2,0,True,False,12
SHP002058,ORD002058,CUS0231,SKU0007,CAR004,LOC003,LOC018,20250330,20250331,20250405,20250403,2025-03-30,2025-03-31,2025-04-05,2025-04-03,1,2,1418,262.5,144.12,170.27,-51.89,-0.1977,3,0,True,False,5
SHP002157,ORD002157,CUS0067,SKU0024,CAR005,LOC010,LOC013,20250330,20250331,20250402,20250402,2025-03-30,2025-03-31,2025-04-02,2025-04-02,2,5,1759,275.35,227.25,311.38,-263.28,-0.9562,2,0,True,False,12
SHP002161,ORD002161,CUS0091,SKU0006,CAR002,LOC003,LOC020,20250330,20250331,20250405,20250405,2025-03-30,2025-03-31,2025-04-05,2025-04-05,1,16,761,6602.24,5130.08,175.64,1296.52,0.1964,5,0,True,False,5
SHP002216,ORD002216,CUS0127,SKU0033,CAR006,LOC009,LOC022,20250330,20250331,20250331,20250331,2025-03-30,2025-03-31,2025-03-31,2025-03-31,3,9,693,5499.36,3477.78,179.48,1842.1,0.335,0,0,True,False,20
SHP002406,ORD002406,CUS0171,SKU0032,CAR006,LOC003,LOC024,20250330,20250331,20250405,20250405,2025-03-30,2025-03-31,2025-04-05,2025-04-05,1,12,2279,1544.16,1079.4,313.23,151.53,0.0981,5,0,True,False,5
SHP002440,ORD002440,CUS0226,SKU0002,CAR005,LOC007,LOC028,20250330,20250330,20250405,20250405,2025-03-30,2025-03-30,2025-04-05,2025-04-05,1,4,1654,2039.44,1147.2,270.73,621.51,0.3047,6,0,True,False,5
SHP000004,ORD000004,CUS0003,SKU0018,CAR005,LOC005,LOC018,20250331,20250401,20250406,20250406,2025-03-31,2025-04-01,2025-04-06,2025-04-06,1,13,270,1599.0,1330.81,116.73,151.46,0.0947,5,0,True,False,5
SHP000058,ORD000058,CUS0058,SKU0033,CAR001,LOC008,LOC011,20250331,20250401,20250403,20250402,2025-03-31,2025-04-01,2025-04-03,2025-04-02,2,12,893,7332.48,4637.04,245.98,2449.46,0.3341,1,0,True,False,12
SHP000108,ORD000108,CUS0166,SKU0028,CAR003,LOC009,LOC012,20250331,20250331,20250406,20250405,2025-03-31,2025-03-31,2025-04-06,2025-04-05,1,16,2387,8606.56,5077.76,1332.16,2196.64,0.2552,5,0,True,False,5
SHP000177,ORD000177,CUS0009,SKU0037,CAR002,LOC008,LOC015,20250331,20250401,20250401,20250401,2025-03-31,2025-04-01,2025-04-01,2025-04-01,3,13,2574,5324.54,4205.76,564.3,554.48,0.1041,0,0,True,False,20
SHP000218,ORD000218,CUS0107,SKU0007,CAR005,LOC003,LOC030,20250331,20250401,20250403,20250404,2025-03-31,2025-04-01,2025-04-03,2025-04-04,2,6,2047,787.5,432.36,431.1,-75.96,-0.0965,3,1,False,False,55
SHP000312,ORD000312,CUS0203,SKU0011,CAR002,LOC003,LOC028,20250331,20250401,20250403,20250405,2025-03-31,2025-04-01,2025-04-03,2025-04-05,2,4,2322,1624.76,983.48,357.89,283.39,0.1744,4,2,False,False,73
SHP000362,ORD000362,CUS0176,SKU0020,CAR006,LOC003,LOC030,20250331,20250401,20250406,20250407,2025-03-31,2025-04-01,2025-04-06,2025-04-07,1,15,1976,2171.7,1434.0,453.39,284.31,0.1309,6,1,False,False,48
SHP000454,ORD000454,CUS0097,SKU0021,CAR005,LOC008,LOC014,20250331,20250331,20250406,20250407,2025-03-31,2025-03-31,2025-04-06,2025-04-07,1,1,1668,85.15,66.86,241.24,-222.95,-2.6183,7,1,False,False,48
SHP000466,ORD000466,CUS0109,SKU0035,CAR004,LOC003,LOC022,20250331,20250401,20250401,20250402,2025-03-31,2025-04-01,2025-04-01,2025-04-02,3,11,1079,1573.66,1173.15,314.69,85.82,0.0545,1,1,False,False,63
SHP000470,ORD000470,CUS0108,SKU0023,CAR005,LOC001,LOC012,20250331,20250331,20250406,20250403,2025-03-31,2025-03-31,2025-04-06,2025-04-03,1,3,2313,871.29,471.42,366.05,33.82,0.0388,3,0,True,False,5
SHP000532,ORD000532,CUS0072,SKU0036,CAR004,LOC006,LOC032,20250331,20250401,20250406,20250409,2025-03-31,2025-04-01,2025-04-06,2025-04-09,1,5,933,325.9,216.45,129.93,-20.48,-0.0628,8,3,False,False,84
SHP000647,ORD000647,CUS0087,SKU0015,CAR004,LOC005,LOC022,20250331,20250401,20250403,20250401,2025-03-31,2025-04-01,2025-04-03,2025-04-01,2,8,281,2682.16,2071.68,92.71,517.77,0.193,0,0,True,False,12
SHP000776,ORD000776,CUS0006,SKU0008,CAR004,LOC005,LOC013,20250331,20250331,20250406,20250405,2025-03-31,2025-03-31,2025-04-06,2025-04-05,1,15,208,3505.8,2467.95,78.12,959.73,0.2738,5,0,True,False,5
SHP000940,ORD000940,CUS0054,SKU0011,CAR005,LOC006,LOC016,20250331,20250401,20250401,20250401,2025-03-31,2025-04-01,2025-04-01,2025-04-01,3,9,2311,3655.71,2212.83,557.54,885.34,0.2422,0,0,True,False,20
SHP000990,ORD000990,CUS0087,SKU0028,CAR001,LOC008,LOC032,20250331,20250331,20250406,20250407,2025-03-31,2025-03-31,2025-04-06,2025-04-07,1,15,1187,8068.65,4760.4,293.34,3014.91,0.3737,7,1,False,False,48
SHP001033,ORD001033,CUS0074,SKU0004,CAR003,LOC006,LOC028,20250331,20250331,20250406,20250407,2025-03-31,2025-03-31,2025-04-06,2025-04-07,1,8,2005,198.88,151.44,946.7,-899.26,-4.5216,7,1,False,False,48
SHP001314,ORD001314,CUS0018,SKU0033,CAR006,LOC009,LOC013,20250331,20250401,20250403,20250405,2025-03-31,2025-04-01,2025-04-03,2025-04-05,2,4,1693,2444.16,1545.68,273.91,624.57,0.2555,4,2,False,False,73
SHP001350,ORD001350,CUS0184,SKU0026,CAR005,LOC005,LOC013,20250331,20250331,20250406,20250408,2025-03-31,2025-03-31,2025-04-06,2025-04-08,1,1,1589,378.64,253.51,241.85,-116.72,-0.3083,8,2,False,False,66
SHP001370,ORD001370,CUS0141,SKU0005,CAR004,LOC010,LOC026,20250331,20250331,20250406,20250405,2025-03-31,2025-03-31,2025-04-06,2025-04-05,1,7,2563,1874.74,1265.88,337.17,271.69,0.1449,5,0,True,False,5
SHP001498,ORD001498,CUS0067,SKU0013,CAR003,LOC008,LOC027,20250331,20250331,20250403,20250406,2025-03-31,2025-03-31,2025-04-03,2025-04-06,2,15,2540,3663.75,2469.15,1416.39,-221.79,-0.0605,6,3,False,False,91
SHP001569,ORD001569,CUS0071,SKU0009,CAR001,LOC009,LOC025,20250331,20250401,20250403,20250405,2025-03-31,2025-04-01,2025-04-03,2025-04-05,2,5,1880,2841.65,1702.7,404.43,734.52,0.2585,4,2,False,False,73
SHP001646,ORD001646,CUS0144,SKU0019,CAR002,LOC002,LOC026,20250331,20250331,20250406,20250406,2025-03-31,2025-03-31,2025-04-06,2025-04-06,1,6,1893,379.2,211.62,313.22,-145.64,-0.3841,6,0,True,False,5
SHP001677,ORD001677,CUS0193,SKU0033,CAR001,LOC001,LOC018,20250331,20250401,20250403,20250402,2025-03-31,2025-04-01,2025-04-03,2025-04-02,2,9,1574,5499.36,3477.78,354.44,1667.14,0.3032,1,0,True,False,12
SHP001796,ORD001796,CUS0149,SKU0019,CAR002,LOC010,LOC025,20250331,20250401,20250406,20250406,2025-03-31,2025-04-01,2025-04-06,2025-04-06,1,16,679,1011.2,564.32,170.09,276.79,0.2737,5,0,True,False,5
SHP001820,ORD001820,CUS0235,SKU0014,CAR002,LOC010,LOC029,20250331,20250401,20250406,20250405,2025-03-31,2025-04-01,2025-04-06,2025-04-05,1,13,2518,2755.09,2086.63,335.08,333.38,0.121,4,0,True,True,35
SHP001845,ORD001845,CUS0143,SKU0032,CAR001,LOC001,LOC013,20250331,20250331,20250401,20250401,2025-03-31,2025-03-31,2025-04-01,2025-04-01,3,12,1054,1544.16,1079.4,296.81,167.95,0.1088,1,0,True,False,20
SHP001898,ORD001898,CUS0018,SKU0003,CAR006,LOC007,LOC024,20250331,20250401,20250406,20250405,2025-03-31,2025-04-01,2025-04-06,2025-04-05,1,18,1422,471.78,379.62,217.66,-125.5,-0.266,4,0,True,False,5
SHP001969,ORD001969,CUS0154,SKU0025,CAR001,LOC003,LOC012,20250331,20250331,20250406,20250404,2025-03-31,2025-03-31,2025-04-06,2025-04-04,1,8,1324,3912.72,2674.72,225.33,1012.67,0.2588,4,0,True,True,35
SHP002013,ORD002013,CUS0150,SKU0028,CAR001,LOC004,LOC027,20250331,20250401,20250406,20250407,2025-03-31,2025-04-01,2025-04-06,2025-04-07,1,1,1873,537.91,317.36,283.56,-63.01,-0.1171,6,1,False,False,48
SHP002207,ORD002207,CUS0126,SKU0023,CAR004,LOC010,LOC023,20250331,20250401,20250403,20250403,2025-03-31,2025-04-01,2025-04-03,2025-04-03,2,2,218,580.86,314.28,37.22,229.36,0.3949,2,0,True,False,12
SHP002295,ORD002295,CUS0200,SKU0033,CAR006,LOC008,LOC031,20250331,20250331,20250406,20250405,2025-03-31,2025-03-31,2025-04-06,2025-04-05,1,1,490,611.04,386.42,58.56,166.06,0.2718,5,0,True,False,5
SHP002434,ORD002434,CUS0040,SKU0006,CAR005,LOC004,LOC019,20250331,20250401,20250406,20250406,2025-03-31,2025-04-01,2025-04-06,2025-04-06,1,14,971,5776.96,4488.82,188.15,1099.99,0.1904,5,0,True,False,5
SHP002459,ORD002459,CUS0037,SKU0035,CAR002,LOC003,LOC015,20250331,20250401,20250406,20250406,2025-03-31,2025-04-01,2025-04-06,2025-04-06,1,17,2636,2432.02,1813.05,419.48,199.49,0.082,5,0,True,False,5
