post_id,platform,post_url,prompt_version,model,classified_at,content_lane,topic,emotional_frame,audience,cta_type,clarity_score,shareability_score,risk_score,visual_score,summary,failure_reason,repurpose_recommendation,confidence,raw_llm_json
3mwojirmlmw27,bluesky,https://bsky.app/profile/goodsuniteus.bsky.social/post/3mwojirmlmw27,social_content_descriptive_v1,ollama:llama3.1:8b,2026-10-01T12:36:24.608046+00:00,politician_issue_card,politics,informational,politically_engaged,link_in_bio,5,3,4,1,Breaking news about Reid Hoffman's donation to a Democratic super PAC,None,Consider sharing on other platforms to reach a broader audience,0.9,"{
  ""content_lane"": ""politician_issue_card"",
  ""topic"": ""politics"",
  ""emotional_frame"": ""informational"",
  ""audience"": ""politically_engaged"",
  ""cta_type"": ""link_in_bio"",
  ""clarity_score"": 5,
  ""shareability_score"": 3,
  ""risk_score"": 4,
  ""visual_score"": 1,
  ""summary"": ""Breaking news about Reid Hoffman's donation to a Democratic super PAC"",
  ""failure_reason"": ""None"",
  ""repurpose_recommendation"": ""Consider sharing on other platforms to reach a broader audience"",
  ""confidence"": 0.9
}"
3mwmt6su6dj2y,bluesky,https://bsky.app/profile/goodsuniteus.bsky.social/post/3mwmt6su6dj2y,social_content_descriptive_v1,ollama:llama3.1:8b,2026-10-01T12:36:30.921669+00:00,politician_issue_card,politics,informational,politically_engaged,link_in_bio,5,2,4,1,Breaking news about Michael Bloomberg's donation to 314 Action Fund,None,Consider sharing on other platforms for broader reach,0.9,"{
  ""content_lane"": ""politician_issue_card"",
  ""topic"": ""politics"",
  ""emotional_frame"": ""informational"",
  ""audience"": ""politically_engaged"",
  ""cta_type"": ""link_in_bio"",
  ""clarity_score"": 5,
  ""shareability_score"": 2,
  ""risk_score"": 4,
  ""visual_score"": 1,
  ""summary"": ""Breaking news about Michael Bloomberg's donation to 314 Action Fund"",
  ""failure_reason"": ""None"",
  ""repurpose_recommendation"": ""Consider sharing on other platforms for broader reach"",
  ""confidence"": 0.9
}"
3mwlitovds522,bluesky,https://bsky.app/profile/goodsuniteus.bsky.social/post/3mwlitovds522,social_content_descriptive_v1,ollama:llama3.1:8b,2026-10-01T12:36:37.620039+00:00,issue_breakdown,politics/economy,informational,politically_engaged,link_in_bio,4,3,2,5,"Post about Johnson & Johnson's stance on raising minimum wage, with a link to learn more.",Unclear,Consider adding more context or a clear call-to-action to increase engagement.,0.8,"{
  ""content_lane"": ""issue_breakdown"",
  ""topic"": ""politics/economy"",
  ""emotional_frame"": ""informational"",
  ""audience"": ""politically_engaged"",
  ""cta_type"": ""link_in_bio"",
  ""clarity_score"": 4,
  ""shareability_score"": 3,
  ""risk_score"": 2,
  ""visual_score"": 5,
  ""summary"": ""Post about Johnson & Johnson's stance on raising minimum wage, with a link to learn more."",
  ""failure_reason"": ""Unclear"",
  ""repurpose_recommendation"": ""Consider adding more context or a clear call-to-action to increase engagement."",
  ""confidence"": 0.8
}"
3mwdxg7ybu627,bluesky,https://bsky.app/profile/goodsuniteus.bsky.social/post/3mwdxg7ybu627,social_content_descriptive_v1,ollama:llama3.1:8b,2026-10-01T12:36:44.074517+00:00,politician_issue_card,politics,informational,politically_engaged,link_in_bio,5,3,4,5,"Post about a politician's stance on LGBTQ Rights, with a link to a website for more information.",None,Consider sharing on other platforms to reach a broader audience.,1,"{
  ""content_lane"": ""politician_issue_card"",
  ""topic"": ""politics"",
  ""emotional_frame"": ""informational"",
  ""audience"": ""politically_engaged"",
  ""cta_type"": ""link_in_bio"",
  ""clarity_score"": 5,
  ""shareability_score"": 3,
  ""risk_score"": 4,
  ""visual_score"": 5,
  ""summary"": ""Post about a politician's stance on LGBTQ Rights, with a link to a website for more information."",
  ""failure_reason"": ""None"",
  ""repurpose_recommendation"": ""Consider sharing on other platforms to reach a broader audience."",
  ""confidence"": 1.0
}"
3mw4ysbkoak2l,bluesky,https://bsky.app/profile/goodsuniteus.bsky.social/post/3mw4ysbkoak2l,social_content_descriptive_v1,ollama:llama3.1:8b,2026-10-01T12:36:50.883473+00:00,issue_breakdown,politics,informational,politically_engaged,link_in_bio,5,4,3,1,"Post about a political donation from Marc Andreessen to a Republican leadership PAC, with a link to a breakdown of Coinbase's donations.",,Consider sharing on other platforms to reach a broader audience.,0.9,"{
  ""content_lane"": ""issue_breakdown"",
  ""topic"": ""politics"",
  ""emotional_frame"": ""informational"",
  ""audience"": ""politically_engaged"",
  ""cta_type"": ""link_in_bio"",
  ""clarity_score"": 5,
  ""shareability_score"": 4,
  ""risk_score"": 3,
  ""visual_score"": 1,
  ""summary"": ""Post about a political donation from Marc Andreessen to a Republican leadership PAC, with a link to a breakdown of Coinbase's donations."",
  ""failure_reason"": """",
  ""repurpose_recommendation"": ""Consider sharing on other platforms to reach a broader audience."",
  ""confidence"": 0.9
}"
3mvzvkonbee2a,bluesky,https://bsky.app/profile/goodsuniteus.bsky.social/post/3mvzvkonbee2a,social_content_descriptive_v1,ollama:llama3.1:8b,2026-10-01T12:36:57.721617+00:00,issue_breakdown,environmental regulation,informational,politically_engaged,link_in_bio,4,2,3,1,"A post about Procter & Gamble's stance on environmental regulations and renewable energy spending, with a link to a related issue.",Unclear audience,Consider adding more context or visuals to make the post more engaging,0.8,"{
  ""content_lane"": ""issue_breakdown"",
  ""topic"": ""environmental regulation"",
  ""emotional_frame"": ""informational"",
  ""audience"": ""politically_engaged"",
  ""cta_type"": ""link_in_bio"",
  ""clarity_score"": 4,
  ""shareability_score"": 2,
  ""risk_score"": 3,
  ""visual_score"": 1,
  ""summary"": ""A post about Procter & Gamble's stance on environmental regulations and renewable energy spending, with a link to a related issue."",
  ""failure_reason"": ""Unclear audience"",
  ""repurpose_recommendation"": ""Consider adding more context or visuals to make the post more engaging"",
  ""confidence"": 0.8
}"
3mvt2ytsvmo2a,bluesky,https://bsky.app/profile/goodsuniteus.bsky.social/post/3mvt2ytsvmo2a,social_content_descriptive_v1,ollama:llama3.1:8b,2026-10-01T12:37:03.913552+00:00,issue_breakdown,politics,informational,politically_engaged,link_in_bio,5,3,4,1,Breaking news about a political donation to a Republican super PAC.,,"Consider breaking down the donation into smaller, more digestible chunks for easier understanding.",0.9,"{
  ""content_lane"": ""issue_breakdown"",
  ""topic"": ""politics"",
  ""emotional_frame"": ""informational"",
  ""audience"": ""politically_engaged"",
  ""cta_type"": ""link_in_bio"",
  ""clarity_score"": 5,
  ""shareability_score"": 3,
  ""risk_score"": 4,
  ""visual_score"": 1,
  ""summary"": ""Breaking news about a political donation to a Republican super PAC."",
  ""failure_reason"": """",
  ""repurpose_recommendation"": ""Consider breaking down the donation into smaller, more digestible chunks for easier understanding."",
  ""confidence"": 0.9
}"
3mvspqrl3lz26,bluesky,https://bsky.app/profile/goodsuniteus.bsky.social/post/3mvspqrl3lz26,social_content_descriptive_v1,ollama:llama3.1:8b,2026-10-01T12:37:09.891824+00:00,politician_issue_card,gun_control,informational,politically_engaged,link_in_bio,5,3,4,5,Post about politician's stance on gun control with link to app,None,Consider sharing on other platforms to reach broader audience,0.9,"{
  ""content_lane"": ""politician_issue_card"",
  ""topic"": ""gun_control"",
  ""emotional_frame"": ""informational"",
  ""audience"": ""politically_engaged"",
  ""cta_type"": ""link_in_bio"",
  ""clarity_score"": 5,
  ""shareability_score"": 3,
  ""risk_score"": 4,
  ""visual_score"": 5,
  ""summary"": ""Post about politician's stance on gun control with link to app"",
  ""failure_reason"": ""None"",
  ""repurpose_recommendation"": ""Consider sharing on other platforms to reach broader audience"",
  ""confidence"": 0.9
}"
3mvivjaf7aw2a,bluesky,https://bsky.app/profile/goodsuniteus.bsky.social/post/3mvivjaf7aw2a,social_content_descriptive_v1,ollama:llama3.1:8b,2026-10-01T12:37:16.163104+00:00,politician_issue_card,abortion and reproductive rights,informational,politically_engaged,link_in_bio,5,3,4,5,"A politician's stance on abortion and reproductive rights, with a link to learn more.",none,consider sharing on other platforms to reach a broader audience,0.9,"{
  ""content_lane"": ""politician_issue_card"",
  ""topic"": ""abortion and reproductive rights"",
  ""emotional_frame"": ""informational"",
  ""audience"": ""politically_engaged"",
  ""cta_type"": ""link_in_bio"",
  ""clarity_score"": 5,
  ""shareability_score"": 3,
  ""risk_score"": 4,
  ""visual_score"": 5,
  ""summary"": ""A politician's stance on abortion and reproductive rights, with a link to learn more."",
  ""failure_reason"": ""none"",
  ""repurpose_recommendation"": ""consider sharing on other platforms to reach a broader audience"",
  ""confidence"": 0.9
}"
3mviccrfs6y2a,bluesky,https://bsky.app/profile/goodsuniteus.bsky.social/post/3mviccrfs6y2a,social_content_descriptive_v1,ollama:llama3.1:8b,2026-10-01T12:37:22.364539+00:00,issue_breakdown,education,informational,politically_engaged,link_in_bio,5,3,4,1,"A post sharing a link to an issue page about education spending, from a progressive perspective.",Unclear audience engagement metrics.,Consider adding a visual element to increase shareability.,0.9,"{
  ""content_lane"": ""issue_breakdown"",
  ""topic"": ""education"",
  ""emotional_frame"": ""informational"",
  ""audience"": ""politically_engaged"",
  ""cta_type"": ""link_in_bio"",
  ""clarity_score"": 5,
  ""shareability_score"": 3,
  ""risk_score"": 4,
  ""visual_score"": 1,
  ""summary"": ""A post sharing a link to an issue page about education spending, from a progressive perspective."",
  ""failure_reason"": ""Unclear audience engagement metrics."",
  ""repurpose_recommendation"": ""Consider adding a visual element to increase shareability."",
  ""confidence"": 0.9
}"
3mvaqvyuz4r24,bluesky,https://bsky.app/profile/goodsuniteus.bsky.social/post/3mvaqvyuz4r24,social_content_descriptive_v1,ollama:llama3.1:8b,2026-10-01T12:37:28.610106+00:00,politician_issue_card,gun_control,informational,politically_engaged,link_in_bio,5,3,4,1,Post about a politician's stance on gun control with a link to more information,none,consider adding a visual element to make the post more engaging,0.9,"{
  ""content_lane"": ""politician_issue_card"",
  ""topic"": ""gun_control"",
  ""emotional_frame"": ""informational"",
  ""audience"": ""politically_engaged"",
  ""cta_type"": ""link_in_bio"",
  ""clarity_score"": 5,
  ""shareability_score"": 3,
  ""risk_score"": 4,
  ""visual_score"": 1,
  ""summary"": ""Post about a politician's stance on gun control with a link to more information"",
  ""failure_reason"": ""none"",
  ""repurpose_recommendation"": ""consider adding a visual element to make the post more engaging"",
  ""confidence"": 0.9
}"
3muwozmighy2g,bluesky,https://bsky.app/profile/goodsuniteus.bsky.social/post/3muwozmighy2g,social_content_descriptive_v1,ollama:llama3.1:8b,2026-10-01T12:37:36.364446+00:00,issue_breakdown,politics,accountability,politically_engaged,link_in_bio,4,3,4,1,"Post linking to an article about Home Depot's stance on Israel, targeting politically engaged audience.",Unclear why Home Depot's stance on Israel is relevant or newsworthy.,Consider adding context or a brief summary to make the post more engaging and clear.,0.8,"{
  ""content_lane"": ""issue_breakdown"",
  ""topic"": ""politics"",
  ""emotional_frame"": ""accountability"",
  ""audience"": ""politically_engaged"",
  ""cta_type"": ""link_in_bio"",
  ""clarity_score"": 4,
  ""shareability_score"": 3,
  ""risk_score"": 4,
  ""visual_score"": 1,
  ""summary"": ""Post linking to an article about Home Depot's stance on Israel, targeting politically engaged audience."",
  ""failure_reason"": ""Unclear why Home Depot's stance on Israel is relevant or newsworthy."",
  ""repurpose_recommendation"": ""Consider adding context or a brief summary to make the post more engaging and clear."",
  ""confidence"": 0.8
}"
3mup5n7x4ni2x,bluesky,https://bsky.app/profile/goodsuniteus.bsky.social/post/3mup5n7x4ni2x,social_content_descriptive_v1,ollama:llama3.1:8b,2026-10-01T12:37:43.416167+00:00,politician_issue_card,politics,informational,politically_engaged,link_in_bio,5,2,3,1,Post about a politician's stance on Social Security and Medicare expansion with a link to learn more.,None,Consider adding a visual element to make the post more engaging.,1,"{
  ""content_lane"": ""politician_issue_card"",
  ""topic"": ""politics"",
  ""emotional_frame"": ""informational"",
  ""audience"": ""politically_engaged"",
  ""cta_type"": ""link_in_bio"",
  ""clarity_score"": 5,
  ""shareability_score"": 2,
  ""risk_score"": 3,
  ""visual_score"": 1,
  ""summary"": ""Post about a politician's stance on Social Security and Medicare expansion with a link to learn more."",
  ""failure_reason"": ""None"",
  ""repurpose_recommendation"": ""Consider adding a visual element to make the post more engaging."",
  ""confidence"": 1.0
}"
3muf3reo63p2y,bluesky,https://bsky.app/profile/goodsuniteus.bsky.social/post/3muf3reo63p2y,social_content_descriptive_v1,ollama:llama3.1:8b,2026-10-01T12:37:51.005942+00:00,issue_breakdown,politics,accountability,politically_engaged,link_in_bio,4,3,4,1,"A user shares a link to an article about Airbnb's stance on Israel, aiming to hold the company accountable.",Unclear,Consider adding a visual element to make the post more engaging.,0.8,"{
  ""content_lane"": ""issue_breakdown"",
  ""topic"": ""politics"",
  ""emotional_frame"": ""accountability"",
  ""audience"": ""politically_engaged"",
  ""cta_type"": ""link_in_bio"",
  ""clarity_score"": 4,
  ""shareability_score"": 3,
  ""risk_score"": 4,
  ""visual_score"": 1,
  ""summary"": ""A user shares a link to an article about Airbnb's stance on Israel, aiming to hold the company accountable."",
  ""failure_reason"": ""Unclear"",
  ""repurpose_recommendation"": ""Consider adding a visual element to make the post more engaging."",
  ""confidence"": 0.8
}"
3mu5kesjer722,bluesky,https://bsky.app/profile/goodsuniteus.bsky.social/post/3mu5kesjer722,social_content_descriptive_v1,ollama:llama3.1:8b,2026-10-01T12:37:57.639295+00:00,politician_issue_card,gun_control,informational,politically_engaged,link_in_bio,5,3,4,1,Post linking to a politician's stance on gun control,None,Consider adding a visual element to enhance engagement,0.9,"{
  ""content_lane"": ""politician_issue_card"",
  ""topic"": ""gun_control"",
  ""emotional_frame"": ""informational"",
  ""audience"": ""politically_engaged"",
  ""cta_type"": ""link_in_bio"",
  ""clarity_score"": 5,
  ""shareability_score"": 3,
  ""risk_score"": 4,
  ""visual_score"": 1,
  ""summary"": ""Post linking to a politician's stance on gun control"",
  ""failure_reason"": ""None"",
  ""repurpose_recommendation"": ""Consider adding a visual element to enhance engagement"",
  ""confidence"": 0.9
}"
3mttliir2ei23,bluesky,https://bsky.app/profile/goodsuniteus.bsky.social/post/3mttliir2ei23,social_content_descriptive_v1,ollama:llama3.1:8b,2026-10-01T12:38:04.140579+00:00,politician_issue_card,gun_control,informational,politically_engaged,link_in_bio,5,3,4,1,Post linking to a politician's stance on gun control,None,Consider adding a visual element to enhance engagement,0.9,"{
  ""content_lane"": ""politician_issue_card"",
  ""topic"": ""gun_control"",
  ""emotional_frame"": ""informational"",
  ""audience"": ""politically_engaged"",
  ""cta_type"": ""link_in_bio"",
  ""clarity_score"": 5,
  ""shareability_score"": 3,
  ""risk_score"": 4,
  ""visual_score"": 1,
  ""summary"": ""Post linking to a politician's stance on gun control"",
  ""failure_reason"": ""None"",
  ""repurpose_recommendation"": ""Consider adding a visual element to enhance engagement"",
  ""confidence"": 0.9
}"
3mttlifhqaq23,bluesky,https://bsky.app/profile/goodsuniteus.bsky.social/post/3mttlifhqaq23,social_content_descriptive_v1,ollama:llama3.1:8b,2026-10-01T12:38:11.060372+00:00,issue_breakdown,politics,informational,politically_engaged,link_in_bio,4,2,3,1,Post linking to an issue page about Adobe Systems' stance on Social Security & Medicare Expansion,Unclear audience engagement metrics,Consider adding a visual element to increase shareability,0.8,"{
  ""content_lane"": ""issue_breakdown"",
  ""topic"": ""politics"",
  ""emotional_frame"": ""informational"",
  ""audience"": ""politically_engaged"",
  ""cta_type"": ""link_in_bio"",
  ""clarity_score"": 4,
  ""shareability_score"": 2,
  ""risk_score"": 3,
  ""visual_score"": 1,
  ""summary"": ""Post linking to an issue page about Adobe Systems' stance on Social Security & Medicare Expansion"",
  ""failure_reason"": ""Unclear audience engagement metrics"",
  ""repurpose_recommendation"": ""Consider adding a visual element to increase shareability"",
  ""confidence"": 0.8
}"
3mtlx4fq3sv2h,bluesky,https://bsky.app/profile/goodsuniteus.bsky.social/post/3mtlx4fq3sv2h,social_content_descriptive_v1,ollama:llama3.1:8b,2026-10-01T12:38:18.109580+00:00,politician_issue_card,social_security_and_medicare_expansion,informational,politically_engaged,link_in_bio,5,3,2,1,"Post about a politician's stance on a specific issue, with a link to learn more.",None,Consider sharing on other platforms to reach a broader audience.,1,"{
  ""content_lane"": ""politician_issue_card"",
  ""topic"": ""social_security_and_medicare_expansion"",
  ""emotional_frame"": ""informational"",
  ""audience"": ""politically_engaged"",
  ""cta_type"": ""link_in_bio"",
  ""clarity_score"": 5,
  ""shareability_score"": 3,
  ""risk_score"": 2,
  ""visual_score"": 1,
  ""summary"": ""Post about a politician's stance on a specific issue, with a link to learn more."",
  ""failure_reason"": ""None"",
  ""repurpose_recommendation"": ""Consider sharing on other platforms to reach a broader audience."",
  ""confidence"": 1.0
}"
3mtbvad4gmn2y,bluesky,https://bsky.app/profile/goodsuniteus.bsky.social/post/3mtbvad4gmn2y,social_content_descriptive_v1,ollama:llama3.1:8b,2026-10-01T12:38:24.983010+00:00,issue_breakdown,workplace safety,informational,politically_engaged,link_in_bio,4,3,2,1,Post links to an article about Alphabet Inc.'s stance on workplace safety.,Unclear audience,Consider adding a visual element to make the post more engaging.,0.8,"{
  ""content_lane"": ""issue_breakdown"",
  ""topic"": ""workplace safety"",
  ""emotional_frame"": ""informational"",
  ""audience"": ""politically_engaged"",
  ""cta_type"": ""link_in_bio"",
  ""clarity_score"": 4,
  ""shareability_score"": 3,
  ""risk_score"": 2,
  ""visual_score"": 1,
  ""summary"": ""Post links to an article about Alphabet Inc.'s stance on workplace safety."",
  ""failure_reason"": ""Unclear audience"",
  ""repurpose_recommendation"": ""Consider adding a visual element to make the post more engaging."",
  ""confidence"": 0.8
}"
3mt2du4wevs26,bluesky,https://bsky.app/profile/goodsuniteus.bsky.social/post/3mt2du4wevs26,social_content_descriptive_v1,ollama:llama3.1:8b,2026-10-01T12:38:31.896169+00:00,politician_issue_card,gun control,informational,politically_engaged,link_in_bio,5,3,4,1,Post about a politician's stance on gun control with a link to more information,None,Consider adding a visual element to make the post more engaging,0.9,"{
  ""content_lane"": ""politician_issue_card"",
  ""topic"": ""gun control"",
  ""emotional_frame"": ""informational"",
  ""audience"": ""politically_engaged"",
  ""cta_type"": ""link_in_bio"",
  ""clarity_score"": 5,
  ""shareability_score"": 3,
  ""risk_score"": 4,
  ""visual_score"": 1,
  ""summary"": ""Post about a politician's stance on gun control with a link to more information"",
  ""failure_reason"": ""None"",
  ""repurpose_recommendation"": ""Consider adding a visual element to make the post more engaging"",
  ""confidence"": 0.9
}"
3msqbyft25b2k,bluesky,https://bsky.app/profile/goodsuniteus.bsky.social/post/3msqbyft25b2k,social_content_descriptive_v1,ollama:llama3.1:8b,2026-10-01T12:38:38.866647+00:00,issue_breakdown,healthcare,informational,politically_engaged,link_in_bio,4,3,4,1,A post about Best Buy's stance on Universal Healthcare with a link to a related issue.,Unclear audience,Consider adding an image or visual element to enhance shareability,0.8,"{
  ""content_lane"": ""issue_breakdown"",
  ""topic"": ""healthcare"",
  ""emotional_frame"": ""informational"",
  ""audience"": ""politically_engaged"",
  ""cta_type"": ""link_in_bio"",
  ""clarity_score"": 4,
  ""shareability_score"": 3,
  ""risk_score"": 4,
  ""visual_score"": 1,
  ""summary"": ""A post about Best Buy's stance on Universal Healthcare with a link to a related issue."",
  ""failure_reason"": ""Unclear audience"",
  ""repurpose_recommendation"": ""Consider adding an image or visual element to enhance shareability"",
  ""confidence"": 0.8
}"
3msiql4ezm627,bluesky,https://bsky.app/profile/goodsuniteus.bsky.social/post/3msiql4ezm627,social_content_descriptive_v1,ollama:llama3.1:8b,2026-10-01T12:38:46.109393+00:00,politician_issue_card,immigrant_rights,informational,politically_engaged,link_in_bio,5,3,2,1,Post about Pramila Jayapal's stance on Immigrant Rights with a link to a website.,Unclear,Consider adding a visual element to make the post more engaging.,0.9,"{
  ""content_lane"": ""politician_issue_card"",
  ""topic"": ""immigrant_rights"",
  ""emotional_frame"": ""informational"",
  ""audience"": ""politically_engaged"",
  ""cta_type"": ""link_in_bio"",
  ""clarity_score"": 5,
  ""shareability_score"": 3,
  ""risk_score"": 2,
  ""visual_score"": 1,
  ""summary"": ""Post about Pramila Jayapal's stance on Immigrant Rights with a link to a website."",
  ""failure_reason"": ""Unclear"",
  ""repurpose_recommendation"": ""Consider adding a visual element to make the post more engaging."",
  ""confidence"": 0.9
}"
3ms72yluofx2z,bluesky,https://bsky.app/profile/goodsuniteus.bsky.social/post/3ms72yluofx2z,social_content_descriptive_v1,ollama:llama3.1:8b,2026-10-01T12:38:53.408451+00:00,politician_issue_card,abortion_and_reproductive_rights,informational,politically_engaged,link_in_bio,5,3,4,1,Post about a politician's stance on abortion and reproductive rights with a link to more information.,None,Consider sharing a visual representation of the politician's stance or a breakdown of the issue.,1,"{
  ""content_lane"": ""politician_issue_card"",
  ""topic"": ""abortion_and_reproductive_rights"",
  ""emotional_frame"": ""informational"",
  ""audience"": ""politically_engaged"",
  ""cta_type"": ""link_in_bio"",
  ""clarity_score"": 5,
  ""shareability_score"": 3,
  ""risk_score"": 4,
  ""visual_score"": 1,
  ""summary"": ""Post about a politician's stance on abortion and reproductive rights with a link to more information."",
  ""failure_reason"": ""None"",
  ""repurpose_recommendation"": ""Consider sharing a visual representation of the politician's stance or a breakdown of the issue."",
  ""confidence"": 1.0
}"
3ms72yhpndz2p,bluesky,https://bsky.app/profile/goodsuniteus.bsky.social/post/3ms72yhpndz2p,social_content_descriptive_v1,ollama:llama3.1:8b,2026-10-01T12:39:00.287081+00:00,issue_breakdown,defense_spending,informational,politically_engaged,link_in_bio,5,2,3,1,Link to an issue breakdown on defense spending from Goodsuniteus,Unclear engagement metrics,Consider adding a visual to make the post more engaging,0.8,"{
  ""content_lane"": ""issue_breakdown"",
  ""topic"": ""defense_spending"",
  ""emotional_frame"": ""informational"",
  ""audience"": ""politically_engaged"",
  ""cta_type"": ""link_in_bio"",
  ""clarity_score"": 5,
  ""shareability_score"": 2,
  ""risk_score"": 3,
  ""visual_score"": 1,
  ""summary"": ""Link to an issue breakdown on defense spending from Goodsuniteus"",
  ""failure_reason"": ""Unclear engagement metrics"",
  ""repurpose_recommendation"": ""Consider adding a visual to make the post more engaging"",
  ""confidence"": 0.8
}"
3ms6opr6aqz24,bluesky,https://bsky.app/profile/goodsuniteus.bsky.social/post/3ms6opr6aqz24,social_content_descriptive_v1,ollama:llama3.1:8b,2026-10-01T12:39:07.376405+00:00,issue_breakdown,gun_control,informational,politically_engaged,link_in_bio,4,3,4,1,Abercrombie & Fitch's stance on gun control is linked to a webpage.,Unclear audience engagement metrics.,Consider adding a visual element to enhance shareability.,0.8,"{
  ""content_lane"": ""issue_breakdown"",
  ""topic"": ""gun_control"",
  ""emotional_frame"": ""informational"",
  ""audience"": ""politically_engaged"",
  ""cta_type"": ""link_in_bio"",
  ""clarity_score"": 4,
  ""shareability_score"": 3,
  ""risk_score"": 4,
  ""visual_score"": 1,
  ""summary"": ""Abercrombie & Fitch's stance on gun control is linked to a webpage."",
  ""failure_reason"": ""Unclear audience engagement metrics."",
  ""repurpose_recommendation"": ""Consider adding a visual element to enhance shareability."",
  ""confidence"": 0.8
}"
3mrxam55omp24,bluesky,https://bsky.app/profile/goodsuniteus.bsky.social/post/3mrxam55omp24,social_content_descriptive_v1,ollama:llama3.1:8b,2026-10-01T12:39:14.097946+00:00,politician_issue_card,politics,informational,politically_engaged,link_in_bio,5,3,4,1,Post about Sara Jacobs' stance on DEI with link to more info,Unclear,None,0.9,"{
  ""content_lane"": ""politician_issue_card"",
  ""topic"": ""politics"",
  ""emotional_frame"": ""informational"",
  ""audience"": ""politically_engaged"",
  ""cta_type"": ""link_in_bio"",
  ""clarity_score"": 5,
  ""shareability_score"": 3,
  ""risk_score"": 4,
  ""visual_score"": 1,
  ""summary"": ""Post about Sara Jacobs' stance on DEI with link to more info"",
  ""failure_reason"": ""Unclear"",
  ""repurpose_recommendation"": ""None"",
  ""confidence"": 0.9
}"
3mrx5cmdya22s,bluesky,https://bsky.app/profile/goodsuniteus.bsky.social/post/3mrx5cmdya22s,social_content_descriptive_v1,ollama:llama3.1:8b,2026-10-01T12:39:21.201392+00:00,politician_issue_card,union_support,informational,politically_engaged,link_in_bio,5,2,4,1,A politician's stance on union support is presented with a link to a website for further information.,Unclear audience engagement metrics.,Consider adding a visual element to enhance shareability.,0.8,"{
  ""content_lane"": ""politician_issue_card"",
  ""topic"": ""union_support"",
  ""emotional_frame"": ""informational"",
  ""audience"": ""politically_engaged"",
  ""cta_type"": ""link_in_bio"",
  ""clarity_score"": 5,
  ""shareability_score"": 2,
  ""risk_score"": 4,
  ""visual_score"": 1,
  ""summary"": ""A politician's stance on union support is presented with a link to a website for further information."",
  ""failure_reason"": ""Unclear audience engagement metrics."",
  ""repurpose_recommendation"": ""Consider adding a visual element to enhance shareability."",
  ""confidence"": 0.8
}"
3mrn3gv2xdw2v,bluesky,https://bsky.app/profile/goodsuniteus.bsky.social/post/3mrn3gv2xdw2v,social_content_descriptive_v1,ollama:llama3.1:8b,2026-10-01T12:39:28.057197+00:00,issue_breakdown,minimum wage,informational,politically_engaged,link_in_bio,4,2,3,1,Post links to a webpage discussing Macy's stance on raising the minimum wage.,Unclear audience,Consider adding a visual element to make the post more engaging.,0.8,"{
  ""content_lane"": ""issue_breakdown"",
  ""topic"": ""minimum wage"",
  ""emotional_frame"": ""informational"",
  ""audience"": ""politically_engaged"",
  ""cta_type"": ""link_in_bio"",
  ""clarity_score"": 4,
  ""shareability_score"": 2,
  ""risk_score"": 3,
  ""visual_score"": 1,
  ""summary"": ""Post links to a webpage discussing Macy's stance on raising the minimum wage."",
  ""failure_reason"": ""Unclear audience"",
  ""repurpose_recommendation"": ""Consider adding a visual element to make the post more engaging."",
  ""confidence"": 0.8
}"
3mrfk22uvjn27,bluesky,https://bsky.app/profile/goodsuniteus.bsky.social/post/3mrfk22uvjn27,social_content_descriptive_v1,ollama:llama3.1:8b,2026-10-01T12:39:34.549356+00:00,politician_issue_card,immigrant_rights,informational,politically_engaged,link_in_bio,5,3,2,1,Post linking to a politician's stance on immigrant rights,none,consider adding an image or visual element,0.9,"{
  ""content_lane"": ""politician_issue_card"",
  ""topic"": ""immigrant_rights"",
  ""emotional_frame"": ""informational"",
  ""audience"": ""politically_engaged"",
  ""cta_type"": ""link_in_bio"",
  ""clarity_score"": 5,
  ""shareability_score"": 3,
  ""risk_score"": 2,
  ""visual_score"": 1,
  ""summary"": ""Post linking to a politician's stance on immigrant rights"",
  ""failure_reason"": ""none"",
  ""repurpose_recommendation"": ""consider adding an image or visual element"",
  ""confidence"": 0.9
}"
3mrbz6vba272g,bluesky,https://bsky.app/profile/goodsuniteus.bsky.social/post/3mrbz6vba272g,social_content_descriptive_v1,ollama:llama3.1:8b,2026-10-01T12:39:41.269418+00:00,issue_breakdown,social_justice,accountability,politically_engaged,link_in_bio,4,3,4,1,Post linking to an article about Walmart's stance on LGBTQ rights,Unclear audience engagement metrics,Consider adding a visual element to increase engagement,0.8,"{
  ""content_lane"": ""issue_breakdown"",
  ""topic"": ""social_justice"",
  ""emotional_frame"": ""accountability"",
  ""audience"": ""politically_engaged"",
  ""cta_type"": ""link_in_bio"",
  ""clarity_score"": 4,
  ""shareability_score"": 3,
  ""risk_score"": 4,
  ""visual_score"": 1,
  ""summary"": ""Post linking to an article about Walmart's stance on LGBTQ rights"",
  ""failure_reason"": ""Unclear audience engagement metrics"",
  ""repurpose_recommendation"": ""Consider adding a visual element to increase engagement"",
  ""confidence"": 0.8
}"
3lzo6rjnlxk2r,bluesky,https://bsky.app/profile/goodsuniteus.bsky.social/post/3lzo6rjnlxk2r,social_content_descriptive_v1,ollama:llama3.1:8b,2026-10-01T12:39:48.035560+00:00,community_prompt,unclear,neutral,unclear,none,3,4,2,5,"A video post with unclear content and audience, but visually engaging.",Unclear content and audience,Consider adding a clear call-to-action or more context to the post.,0.8,"{
  ""content_lane"": ""community_prompt"",
  ""topic"": ""unclear"",
  ""emotional_frame"": ""neutral"",
  ""audience"": ""unclear"",
  ""cta_type"": ""none"",
  ""clarity_score"": 3,
  ""shareability_score"": 4,
  ""risk_score"": 2,
  ""visual_score"": 5,
  ""summary"": ""A video post with unclear content and audience, but visually engaging."",
  ""failure_reason"": ""Unclear content and audience"",
  ""repurpose_recommendation"": ""Consider adding a clear call-to-action or more context to the post."",
  ""confidence"": 0.8
}"
3lzgspieksk2n,bluesky,https://bsky.app/profile/goodsuniteus.bsky.social/post/3lzgspieksk2n,social_content_descriptive_v1,ollama:llama3.1:8b,2026-10-01T12:39:54.667642+00:00,brand_value,entertainment,values_based,general_consumers,other,4,4,2,5,"A Disney-themed post from @goodsuniteus, promoting shopping and voting.",Unclear call-to-action,Consider adding a clear call-to-action or more context,0.8,"{
  ""content_lane"": ""brand_value"",
  ""topic"": ""entertainment"",
  ""emotional_frame"": ""values_based"",
  ""audience"": ""general_consumers"",
  ""cta_type"": ""other"",
  ""clarity_score"": 4,
  ""shareability_score"": 4,
  ""risk_score"": 2,
  ""visual_score"": 5,
  ""summary"": ""A Disney-themed post from @goodsuniteus, promoting shopping and voting."",
  ""failure_reason"": ""Unclear call-to-action"",
  ""repurpose_recommendation"": ""Consider adding a clear call-to-action or more context"",
  ""confidence"": 0.8
}"
3lsmn5mnjqc24,bluesky,https://bsky.app/profile/goodsuniteus.bsky.social/post/3lsmn5mnjqc24,social_content_descriptive_v1,ollama:llama3.1:8b,2026-10-01T12:40:02.171567+00:00,politician_issue_card,politics,accountability,politically_engaged,vote_with_wallet,5,4,4,3,A politician or political organization is calling for campaign finance reform and encouraging people to vote with their wallets.,"Unclear call to action, but clear message",Use as a starting point for a more in-depth discussion on campaign finance reform,0.9,"{
  ""content_lane"": ""politician_issue_card"",
  ""topic"": ""politics"",
  ""emotional_frame"": ""accountability"",
  ""audience"": ""politically_engaged"",
  ""cta_type"": ""vote_with_wallet"",
  ""clarity_score"": 5,
  ""shareability_score"": 4,
  ""risk_score"": 4,
  ""visual_score"": 3,
  ""summary"": ""A politician or political organization is calling for campaign finance reform and encouraging people to vote with their wallets."",
  ""failure_reason"": ""Unclear call to action, but clear message"",
  ""repurpose_recommendation"": ""Use as a starting point for a more in-depth discussion on campaign finance reform"",
  ""confidence"": 0.9
}"
3lscqome4t22b,bluesky,https://bsky.app/profile/goodsuniteus.bsky.social/post/3lscqome4t22b,social_content_descriptive_v1,ollama:llama3.1:8b,2026-10-01T12:40:08.736465+00:00,politician_issue_card,politics,accountability,politically_engaged,none,4,3,4,5,A politician or campaign is promoting campaign finance reform.,Unclear call to action.,Consider adding a clear call to action or a link to learn more.,0.9,"{
  ""content_lane"": ""politician_issue_card"",
  ""topic"": ""politics"",
  ""emotional_frame"": ""accountability"",
  ""audience"": ""politically_engaged"",
  ""cta_type"": ""none"",
  ""clarity_score"": 4,
  ""shareability_score"": 3,
  ""risk_score"": 4,
  ""visual_score"": 5,
  ""summary"": ""A politician or campaign is promoting campaign finance reform."",
  ""failure_reason"": ""Unclear call to action."",
  ""repurpose_recommendation"": ""Consider adding a clear call to action or a link to learn more."",
  ""confidence"": 0.9
}"
3ls4qwphww22h,bluesky,https://bsky.app/profile/goodsuniteus.bsky.social/post/3ls4qwphww22h,social_content_descriptive_v1,ollama:llama3.1:8b,2026-10-01T12:40:15.309279+00:00,politician_issue_card,campaign finance reform,informational,politically_engaged,none,5,4,3,5,A politician or political organization posting about campaign finance reform.,,Consider sharing a related article or personal story to add depth to the issue.,0.9,"{
  ""content_lane"": ""politician_issue_card"",
  ""topic"": ""campaign finance reform"",
  ""emotional_frame"": ""informational"",
  ""audience"": ""politically_engaged"",
  ""cta_type"": ""none"",
  ""clarity_score"": 5,
  ""shareability_score"": 4,
  ""risk_score"": 3,
  ""visual_score"": 5,
  ""summary"": ""A politician or political organization posting about campaign finance reform."",
  ""failure_reason"": """",
  ""repurpose_recommendation"": ""Consider sharing a related article or personal story to add depth to the issue."",
  ""confidence"": 0.9
}"
3lqzurma7dc2a,bluesky,https://bsky.app/profile/goodsuniteus.bsky.social/post/3lqzurma7dc2a,social_content_descriptive_v1,ollama:llama3.1:8b,2026-10-01T12:40:22.160092+00:00,issue_breakdown,politics,accountability,politically_engaged,none,4,3,2,5,"Post highlights Citi's political contributions to politicians not supporting LGBTQ+ rights, using the #pride hashtag.",,Consider sharing on other platforms to reach a broader audience.,0.9,"{
  ""content_lane"": ""issue_breakdown"",
  ""topic"": ""politics"",
  ""emotional_frame"": ""accountability"",
  ""audience"": ""politically_engaged"",
  ""cta_type"": ""none"",
  ""clarity_score"": 4,
  ""shareability_score"": 3,
  ""risk_score"": 2,
  ""visual_score"": 5,
  ""summary"": ""Post highlights Citi's political contributions to politicians not supporting LGBTQ+ rights, using the #pride hashtag."",
  ""failure_reason"": """",
  ""repurpose_recommendation"": ""Consider sharing on other platforms to reach a broader audience."",
  ""confidence"": 0.9
}"
3lqx3swudys2i,bluesky,https://bsky.app/profile/goodsuniteus.bsky.social/post/3lqx3swudys2i,social_content_descriptive_v1,ollama:llama3.1:8b,2026-10-01T12:40:28.660411+00:00,politician_issue_card,US politics,informational,politically_engaged,none,4,3,2,5,Post about Dick's funding of politicians supporting LGBTQ+ rights,,Consider sharing on other platforms to reach a broader audience,0.9,"{
  ""content_lane"": ""politician_issue_card"",
  ""topic"": ""US politics"",
  ""emotional_frame"": ""informational"",
  ""audience"": ""politically_engaged"",
  ""cta_type"": ""none"",
  ""clarity_score"": 4,
  ""shareability_score"": 3,
  ""risk_score"": 2,
  ""visual_score"": 5,
  ""summary"": ""Post about Dick's funding of politicians supporting LGBTQ+ rights"",
  ""failure_reason"": """",
  ""repurpose_recommendation"": ""Consider sharing on other platforms to reach a broader audience"",
  ""confidence"": 0.9
}"
3lqse5o25ac2v,bluesky,https://bsky.app/profile/goodsuniteus.bsky.social/post/3lqse5o25ac2v,social_content_descriptive_v1,ollama:llama3.1:8b,2026-10-01T12:40:35.491784+00:00,community_prompt,social_awareness,values_based,general_consumers,none,5,4,1,5,"A short video post with a single hashtag #pride, indicating a community-driven social awareness post.",Unclear,Consider adding more context or a clear call-to-action to enhance engagement.,0.9,"{
  ""content_lane"": ""community_prompt"",
  ""topic"": ""social_awareness"",
  ""emotional_frame"": ""values_based"",
  ""audience"": ""general_consumers"",
  ""cta_type"": ""none"",
  ""clarity_score"": 5,
  ""shareability_score"": 4,
  ""risk_score"": 1,
  ""visual_score"": 5,
  ""summary"": ""A short video post with a single hashtag #pride, indicating a community-driven social awareness post."",
  ""failure_reason"": ""Unclear"",
  ""repurpose_recommendation"": ""Consider adding more context or a clear call-to-action to enhance engagement."",
  ""confidence"": 0.9
}"
3lqse4vgg7c2v,bluesky,https://bsky.app/profile/goodsuniteus.bsky.social/post/3lqse4vgg7c2v,social_content_descriptive_v1,ollama:llama3.1:8b,2026-10-01T12:40:42.353599+00:00,community_prompt,social_awareness,values_based,general_consumers,none,5,4,1,5,"A short video post with a single hashtag #pride, indicating a community-driven social awareness post.",Unclear,Consider adding more context or a clear call-to-action to enhance engagement.,0.9,"{
  ""content_lane"": ""community_prompt"",
  ""topic"": ""social_awareness"",
  ""emotional_frame"": ""values_based"",
  ""audience"": ""general_consumers"",
  ""cta_type"": ""none"",
  ""clarity_score"": 5,
  ""shareability_score"": 4,
  ""risk_score"": 1,
  ""visual_score"": 5,
  ""summary"": ""A short video post with a single hashtag #pride, indicating a community-driven social awareness post."",
  ""failure_reason"": ""Unclear"",
  ""repurpose_recommendation"": ""Consider adding more context or a clear call-to-action to enhance engagement."",
  ""confidence"": 0.9
}"
3lqnlsdyk7s2d,bluesky,https://bsky.app/profile/goodsuniteus.bsky.social/post/3lqnlsdyk7s2d,social_content_descriptive_v1,ollama:llama3.1:8b,2026-10-01T12:40:49.024717+00:00,issue_breakdown,politics,accountability,politically_engaged,none,5,4,4,5,Calling out brands on their political contributions to LGBTQ+ rights during Pride Month,,Consider sharing a breakdown of the specific brands and their contributions,1,"{
  ""content_lane"": ""issue_breakdown"",
  ""topic"": ""politics"",
  ""emotional_frame"": ""accountability"",
  ""audience"": ""politically_engaged"",
  ""cta_type"": ""none"",
  ""clarity_score"": 5,
  ""shareability_score"": 4,
  ""risk_score"": 4,
  ""visual_score"": 5,
  ""summary"": ""Calling out brands on their political contributions to LGBTQ+ rights during Pride Month"",
  ""failure_reason"": """",
  ""repurpose_recommendation"": ""Consider sharing a breakdown of the specific brands and their contributions"",
  ""confidence"": 1
}"
3lq3hxrvfdk27,bluesky,https://bsky.app/profile/goodsuniteus.bsky.social/post/3lq3hxrvfdk27,social_content_descriptive_v1,ollama:llama3.1:8b,2026-10-01T12:40:55.936516+00:00,politician_issue_card,politics,neutral,politically_engaged,none,4,3,2,4,"A politician or political organization posted a video with a neutral tone, likely discussing a political issue.",Unclear,Consider adding a clear call-to-action or more context to increase engagement.,0.8,"{
  ""content_lane"": ""politician_issue_card"",
  ""topic"": ""politics"",
  ""emotional_frame"": ""neutral"",
  ""audience"": ""politically_engaged"",
  ""cta_type"": ""none"",
  ""clarity_score"": 4,
  ""shareability_score"": 3,
  ""risk_score"": 2,
  ""visual_score"": 4,
  ""summary"": ""A politician or political organization posted a video with a neutral tone, likely discussing a political issue."",
  ""failure_reason"": ""Unclear"",
  ""repurpose_recommendation"": ""Consider adding a clear call-to-action or more context to increase engagement."",
  ""confidence"": 0.8
}"
3lpf7wqv76k2k,bluesky,https://bsky.app/profile/goodsuniteus.bsky.social/post/3lpf7wqv76k2k,social_content_descriptive_v1,ollama:llama3.1:8b,2026-10-01T12:41:02.929079+00:00,issue_breakdown,politics,accountability,politically_engaged,none,4,3,4,5,"A video post about politics, specifically money in politics, with a hashtag #kroger.",Unclear why Kroger is mentioned.,Consider adding more context or a clear call to action.,0.8,"{
  ""content_lane"": ""issue_breakdown"",
  ""topic"": ""politics"",
  ""emotional_frame"": ""accountability"",
  ""audience"": ""politically_engaged"",
  ""cta_type"": ""none"",
  ""clarity_score"": 4,
  ""shareability_score"": 3,
  ""risk_score"": 4,
  ""visual_score"": 5,
  ""summary"": ""A video post about politics, specifically money in politics, with a hashtag #kroger."",
  ""failure_reason"": ""Unclear why Kroger is mentioned."",
  ""repurpose_recommendation"": ""Consider adding more context or a clear call to action."",
  ""confidence"": 0.8
}"
3logp34kxhc2f,bluesky,https://bsky.app/profile/goodsuniteus.bsky.social/post/3logp34kxhc2f,social_content_descriptive_v1,ollama:llama3.1:8b,2026-10-01T12:41:09.570851+00:00,other,unclear,neutral,unclear,none,3,2,2,4,"A video post with a hashtag #USPOL, but no clear content or context.",Lack of clear content or context,Request more information from the poster,0.8,"{
  ""content_lane"": ""other"",
  ""topic"": ""unclear"",
  ""emotional_frame"": ""neutral"",
  ""audience"": ""unclear"",
  ""cta_type"": ""none"",
  ""clarity_score"": 3,
  ""shareability_score"": 2,
  ""risk_score"": 2,
  ""visual_score"": 4,
  ""summary"": ""A video post with a hashtag #USPOL, but no clear content or context."",
  ""failure_reason"": ""Lack of clear content or context"",
  ""repurpose_recommendation"": ""Request more information from the poster"",
  ""confidence"": 0.8
}"
3lnjhbnevy22z,bluesky,https://bsky.app/profile/goodsuniteus.bsky.social/post/3lnjhbnevy22z,social_content_descriptive_v1,ollama:llama3.1:8b,2026-10-01T12:41:15.674146+00:00,issue_breakdown,politics,informational,politically_engaged,none,4,3,2,5,"Introduction to Index Align, a political topic",None,Consider adding a clear call-to-action or more context,0.9,"{
  ""content_lane"": ""issue_breakdown"",
  ""topic"": ""politics"",
  ""emotional_frame"": ""informational"",
  ""audience"": ""politically_engaged"",
  ""cta_type"": ""none"",
  ""clarity_score"": 4,
  ""shareability_score"": 3,
  ""risk_score"": 2,
  ""visual_score"": 5,
  ""summary"": ""Introduction to Index Align, a political topic"",
  ""failure_reason"": ""None"",
  ""repurpose_recommendation"": ""Consider adding a clear call-to-action or more context"",
  ""confidence"": 0.9
}"
3lndjqguk3k25,bluesky,https://bsky.app/profile/goodsuniteus.bsky.social/post/3lndjqguk3k25,social_content_descriptive_v1,ollama:llama3.1:8b,2026-10-01T12:41:21.768034+00:00,other,politics,surprising,politically_engaged,none,3,4,4,2,A short video about office politics with a call to boycott and shop responsibly.,Unclear call to action,Consider adding a clear call to action or more context,0.8,"{
  ""content_lane"": ""other"",
  ""topic"": ""politics"",
  ""emotional_frame"": ""surprising"",
  ""audience"": ""politically_engaged"",
  ""cta_type"": ""none"",
  ""clarity_score"": 3,
  ""shareability_score"": 4,
  ""risk_score"": 4,
  ""visual_score"": 2,
  ""summary"": ""A short video about office politics with a call to boycott and shop responsibly."",
  ""failure_reason"": ""Unclear call to action"",
  ""repurpose_recommendation"": ""Consider adding a clear call to action or more context"",
  ""confidence"": 0.8
}"
3lmfvctydus2s,bluesky,https://bsky.app/profile/goodsuniteus.bsky.social/post/3lmfvctydus2s,social_content_descriptive_v1,ollama:llama3.1:8b,2026-10-01T12:41:28.122959+00:00,other,US politics,accountability,politically_engaged,none,4,4,3,5,A video post calling for a boycott of US products.,Unclear call to action,Consider adding a clear call to action or more context,0.8,"{
  ""content_lane"": ""other"",
  ""topic"": ""US politics"",
  ""emotional_frame"": ""accountability"",
  ""audience"": ""politically_engaged"",
  ""cta_type"": ""none"",
  ""clarity_score"": 4,
  ""shareability_score"": 4,
  ""risk_score"": 3,
  ""visual_score"": 5,
  ""summary"": ""A video post calling for a boycott of US products."",
  ""failure_reason"": ""Unclear call to action"",
  ""repurpose_recommendation"": ""Consider adding a clear call to action or more context"",
  ""confidence"": 0.8
}"
3llubiiueg22x,bluesky,https://bsky.app/profile/goodsuniteus.bsky.social/post/3llubiiueg22x,social_content_descriptive_v1,ollama:llama3.1:8b,2026-10-01T12:41:35.024260+00:00,company_callout,politics,surprising,politically_engaged,download_app,4,3,2,5,"Promoting the Goods Unite Us app with a surprising tone, targeting politically engaged users.",Unclear call-to-action for non-politically engaged users.,"Targeted ads for app users, emphasizing the app's value proposition.",0.8,"{
  ""content_lane"": ""company_callout"",
  ""topic"": ""politics"",
  ""emotional_frame"": ""surprising"",
  ""audience"": ""politically_engaged"",
  ""cta_type"": ""download_app"",
  ""clarity_score"": 4,
  ""shareability_score"": 3,
  ""risk_score"": 2,
  ""visual_score"": 5,
  ""summary"": ""Promoting the Goods Unite Us app with a surprising tone, targeting politically engaged users."",
  ""failure_reason"": ""Unclear call-to-action for non-politically engaged users."",
  ""repurpose_recommendation"": ""Targeted ads for app users, emphasizing the app's value proposition."",
  ""confidence"": 0.8
}"
3lli54cotys2c,bluesky,https://bsky.app/profile/goodsuniteus.bsky.social/post/3lli54cotys2c,social_content_descriptive_v1,ollama:llama3.1:8b,2026-10-01T12:41:41.723614+00:00,politician_issue_card,politics,accountability,politically_engaged,none,4,3,4,5,"A post with a hashtag #politics and #boycott, likely related to a political issue or call to action.",Unclear,Consider adding more context or information to make the post more clear and engaging.,0.8,"{
  ""content_lane"": ""politician_issue_card"",
  ""topic"": ""politics"",
  ""emotional_frame"": ""accountability"",
  ""audience"": ""politically_engaged"",
  ""cta_type"": ""none"",
  ""clarity_score"": 4,
  ""shareability_score"": 3,
  ""risk_score"": 4,
  ""visual_score"": 5,
  ""summary"": ""A post with a hashtag #politics and #boycott, likely related to a political issue or call to action."",
  ""failure_reason"": ""Unclear"",
  ""repurpose_recommendation"": ""Consider adding more context or information to make the post more clear and engaging."",
  ""confidence"": 0.8
}"
3lklo74nb2c2k,bluesky,https://bsky.app/profile/goodsuniteus.bsky.social/post/3lklo74nb2c2k,social_content_descriptive_v1,ollama:llama3.1:8b,2026-10-01T12:41:48.144420+00:00,issue_breakdown,politics,informational,politically_engaged,none,4,3,2,5,"A video post sharing information about data, with a political tone.",Unclear,Consider adding a clear call-to-action or a more specific topic to improve engagement.,0.8,"{
  ""content_lane"": ""issue_breakdown"",
  ""topic"": ""politics"",
  ""emotional_frame"": ""informational"",
  ""audience"": ""politically_engaged"",
  ""cta_type"": ""none"",
  ""clarity_score"": 4,
  ""shareability_score"": 3,
  ""risk_score"": 2,
  ""visual_score"": 5,
  ""summary"": ""A video post sharing information about data, with a political tone."",
  ""failure_reason"": ""Unclear"",
  ""repurpose_recommendation"": ""Consider adding a clear call-to-action or a more specific topic to improve engagement."",
  ""confidence"": 0.8
}"
3lkk74gunn22u,bluesky,https://bsky.app/profile/goodsuniteus.bsky.social/post/3lkk74gunn22u,social_content_descriptive_v1,ollama:llama3.1:8b,2026-10-01T12:41:54.457742+00:00,company_callout,social_awareness,practical,politically_engaged,link_in_bio,4,3,4,5,Encourages users to shop with purpose and check the Goods Unite Us app.,Unclear call to action,Use a clear and direct call to action,0.9,"{
  ""content_lane"": ""company_callout"",
  ""topic"": ""social_awareness"",
  ""emotional_frame"": ""practical"",
  ""audience"": ""politically_engaged"",
  ""cta_type"": ""link_in_bio"",
  ""clarity_score"": 4,
  ""shareability_score"": 3,
  ""risk_score"": 4,
  ""visual_score"": 5,
  ""summary"": ""Encourages users to shop with purpose and check the Goods Unite Us app."",
  ""failure_reason"": ""Unclear call to action"",
  ""repurpose_recommendation"": ""Use a clear and direct call to action"",
  ""confidence"": 0.9
}"
3lkgst4rpjs2a,bluesky,https://bsky.app/profile/goodsuniteus.bsky.social/post/3lkgst4rpjs2a,social_content_descriptive_v1,ollama:llama3.1:8b,2026-10-01T12:42:00.899875+00:00,issue_breakdown,politics,informational,politically_engaged,none,5,3,2,4,"Post highlights FEC-reported political contribution data, excluding DEI data and corporate behavior, focusing on money in politics.",,"Consider sharing on a platform with a broader audience, such as Twitter or Facebook.",0.9,"{
  ""content_lane"": ""issue_breakdown"",
  ""topic"": ""politics"",
  ""emotional_frame"": ""informational"",
  ""audience"": ""politically_engaged"",
  ""cta_type"": ""none"",
  ""clarity_score"": 5,
  ""shareability_score"": 3,
  ""risk_score"": 2,
  ""visual_score"": 4,
  ""summary"": ""Post highlights FEC-reported political contribution data, excluding DEI data and corporate behavior, focusing on money in politics."",
  ""failure_reason"": """",
  ""repurpose_recommendation"": ""Consider sharing on a platform with a broader audience, such as Twitter or Facebook."",
  ""confidence"": 0.9
}"
3lk33t4wex22l,bluesky,https://bsky.app/profile/goodsuniteus.bsky.social/post/3lk33t4wex22l,social_content_descriptive_v1,ollama:llama3.1:8b,2026-10-01T12:42:07.552337+00:00,politician_issue_card,politics,accountability,politically_engaged,none,4,3,4,5,"A video post with a hashtag #politics and #boycott, indicating a political issue or call to action.",Unclear call to action or specific issue,Consider adding a clear call to action or more specific information about the issue,0.9,"{
  ""content_lane"": ""politician_issue_card"",
  ""topic"": ""politics"",
  ""emotional_frame"": ""accountability"",
  ""audience"": ""politically_engaged"",
  ""cta_type"": ""none"",
  ""clarity_score"": 4,
  ""shareability_score"": 3,
  ""risk_score"": 4,
  ""visual_score"": 5,
  ""summary"": ""A video post with a hashtag #politics and #boycott, indicating a political issue or call to action."",
  ""failure_reason"": ""Unclear call to action or specific issue"",
  ""repurpose_recommendation"": ""Consider adding a clear call to action or more specific information about the issue"",
  ""confidence"": 0.9
}"
3ljolbolq522x,bluesky,https://bsky.app/profile/goodsuniteus.bsky.social/post/3ljolbolq522x,social_content_descriptive_v1,ollama:llama3.1:8b,2026-10-01T12:42:13.468340+00:00,community_prompt,unclear,neutral,unclear,none,3,4,2,5,"A video post with unclear content and audience, but visually engaging.",Unclear content and audience,More context or information is needed to effectively repurpose this content.,0.6,"{
  ""content_lane"": ""community_prompt"",
  ""topic"": ""unclear"",
  ""emotional_frame"": ""neutral"",
  ""audience"": ""unclear"",
  ""cta_type"": ""none"",
  ""clarity_score"": 3,
  ""shareability_score"": 4,
  ""risk_score"": 2,
  ""visual_score"": 5,
  ""summary"": ""A video post with unclear content and audience, but visually engaging."",
  ""failure_reason"": ""Unclear content and audience"",
  ""repurpose_recommendation"": ""More context or information is needed to effectively repurpose this content."",
  ""confidence"": 0.6
}"
3lip5l4fhwk2m,bluesky,https://bsky.app/profile/goodsuniteus.bsky.social/post/3lip5l4fhwk2m,social_content_descriptive_v1,ollama:llama3.1:8b,2026-10-01T12:42:19.571419+00:00,issue_breakdown,politics,accountability,politically_engaged,none,4,4,4,3,"Post exposing a company's political donations, encouraging consumers to shop with purpose.",Unclear,Use as a starting point for a more in-depth discussion or analysis.,0.8,"{
  ""content_lane"": ""issue_breakdown"",
  ""topic"": ""politics"",
  ""emotional_frame"": ""accountability"",
  ""audience"": ""politically_engaged"",
  ""cta_type"": ""none"",
  ""clarity_score"": 4,
  ""shareability_score"": 4,
  ""risk_score"": 4,
  ""visual_score"": 3,
  ""summary"": ""Post exposing a company's political donations, encouraging consumers to shop with purpose."",
  ""failure_reason"": ""Unclear"",
  ""repurpose_recommendation"": ""Use as a starting point for a more in-depth discussion or analysis."",
  ""confidence"": 0.8
}"
3ligg3dcwns2w,bluesky,https://bsky.app/profile/goodsuniteus.bsky.social/post/3ligg3dcwns2w,social_content_descriptive_v1,ollama:llama3.1:8b,2026-10-01T12:42:26.057258+00:00,company_callout,US politics,practical,politically_engaged,link_in_bio,4,3,2,5,Promoting the Goods Unite Us app with a call to action to learn more.,Unclear why the app is relevant to the audience.,Consider adding more context or information about the app's purpose and benefits.,0.8,"{
  ""content_lane"": ""company_callout"",
  ""topic"": ""US politics"",
  ""emotional_frame"": ""practical"",
  ""audience"": ""politically_engaged"",
  ""cta_type"": ""link_in_bio"",
  ""clarity_score"": 4,
  ""shareability_score"": 3,
  ""risk_score"": 2,
  ""visual_score"": 5,
  ""summary"": ""Promoting the Goods Unite Us app with a call to action to learn more."",
  ""failure_reason"": ""Unclear why the app is relevant to the audience."",
  ""repurpose_recommendation"": ""Consider adding more context or information about the app's purpose and benefits."",
  ""confidence"": 0.8
}"
3lif6vikshk2a,bluesky,https://bsky.app/profile/goodsuniteus.bsky.social/post/3lif6vikshk2a,social_content_descriptive_v1,ollama:llama3.1:8b,2026-10-01T12:42:32.264732+00:00,app_education,streaming,practical,app_users,learn_more,5,4,1,5,"Promoting the Goods Unite Us app, encouraging users to check their app for updates.",,Consider sharing a screenshot of the app's features or a testimonial from a satisfied user.,1,"{
  ""content_lane"": ""app_education"",
  ""topic"": ""streaming"",
  ""emotional_frame"": ""practical"",
  ""audience"": ""app_users"",
  ""cta_type"": ""learn_more"",
  ""clarity_score"": 5,
  ""shareability_score"": 4,
  ""risk_score"": 1,
  ""visual_score"": 5,
  ""summary"": ""Promoting the Goods Unite Us app, encouraging users to check their app for updates."",
  ""failure_reason"": """",
  ""repurpose_recommendation"": ""Consider sharing a screenshot of the app's features or a testimonial from a satisfied user."",
  ""confidence"": 1.0
}"
3li3dd2mre22k,bluesky,https://bsky.app/profile/goodsuniteus.bsky.social/post/3li3dd2mre22k,social_content_descriptive_v1,ollama:llama3.1:8b,2026-10-01T12:42:38.274392+00:00,community_prompt,unclear,neutral,unclear,none,3,4,2,5,"A video post on Bluesky with unclear content and audience, but visually engaging.",Unclear content and audience,Consider adding a clear call-to-action or more context to the post,0.8,"{
  ""content_lane"": ""community_prompt"",
  ""topic"": ""unclear"",
  ""emotional_frame"": ""neutral"",
  ""audience"": ""unclear"",
  ""cta_type"": ""none"",
  ""clarity_score"": 3,
  ""shareability_score"": 4,
  ""risk_score"": 2,
  ""visual_score"": 5,
  ""summary"": ""A video post on Bluesky with unclear content and audience, but visually engaging."",
  ""failure_reason"": ""Unclear content and audience"",
  ""repurpose_recommendation"": ""Consider adding a clear call-to-action or more context to the post"",
  ""confidence"": 0.8
}"
3lhhe52mvf22t,bluesky,https://bsky.app/profile/goodsuniteus.bsky.social/post/3lhhe52mvf22t,social_content_descriptive_v1,ollama:llama3.1:8b,2026-10-01T12:42:44.301445+00:00,politician_issue_card,us_politics,informational,politically_engaged,none,5,4,3,5,A politician or political organization posting about a specific issue or policy.,,Consider sharing the video on other platforms or in a newsletter to reach a broader audience.,0.9,"{
  ""content_lane"": ""politician_issue_card"",
  ""topic"": ""us_politics"",
  ""emotional_frame"": ""informational"",
  ""audience"": ""politically_engaged"",
  ""cta_type"": ""none"",
  ""clarity_score"": 5,
  ""shareability_score"": 4,
  ""risk_score"": 3,
  ""visual_score"": 5,
  ""summary"": ""A politician or political organization posting about a specific issue or policy."",
  ""failure_reason"": """",
  ""repurpose_recommendation"": ""Consider sharing the video on other platforms or in a newsletter to reach a broader audience."",
  ""confidence"": 0.9
}"
3lhbvpbklkc2t,bluesky,https://bsky.app/profile/goodsuniteus.bsky.social/post/3lhbvpbklkc2t,social_content_descriptive_v1,ollama:llama3.1:8b,2026-10-01T12:42:51.263437+00:00,other,unclear,neutral,unclear,none,3,4,2,5,"A post with a hashtag #USPOL, but no clear content or context.",Lack of clear content or context.,None,0.8,"{
  ""content_lane"": ""other"",
  ""topic"": ""unclear"",
  ""emotional_frame"": ""neutral"",
  ""audience"": ""unclear"",
  ""cta_type"": ""none"",
  ""clarity_score"": 3,
  ""shareability_score"": 4,
  ""risk_score"": 2,
  ""visual_score"": 5,
  ""summary"": ""A post with a hashtag #USPOL, but no clear content or context."",
  ""failure_reason"": ""Lack of clear content or context."",
  ""repurpose_recommendation"": ""None"",
  ""confidence"": 0.8
}"
3lgy7tgely22c,bluesky,https://bsky.app/profile/goodsuniteus.bsky.social/post/3lgy7tgely22c,social_content_descriptive_v1,ollama:llama3.1:8b,2026-10-01T12:42:57.839478+00:00,politician_issue_card,campaign finance reform,urgent,politically_engaged,none,5,4,3,2,A politician expresses urgency for campaign finance reform.,Unclear,Consider adding a clear call-to-action or more information about the issue.,0.9,"{
  ""content_lane"": ""politician_issue_card"",
  ""topic"": ""campaign finance reform"",
  ""emotional_frame"": ""urgent"",
  ""audience"": ""politically_engaged"",
  ""cta_type"": ""none"",
  ""clarity_score"": 5,
  ""shareability_score"": 4,
  ""risk_score"": 3,
  ""visual_score"": 2,
  ""summary"": ""A politician expresses urgency for campaign finance reform."",
  ""failure_reason"": ""Unclear"",
  ""repurpose_recommendation"": ""Consider adding a clear call-to-action or more information about the issue."",
  ""confidence"": 0.9
}"
3lgjb5hvsks25,bluesky,https://bsky.app/profile/goodsuniteus.bsky.social/post/3lgjb5hvsks25,social_content_descriptive_v1,ollama:llama3.1:8b,2026-10-01T12:43:04.102837+00:00,other,unclear,neutral,unclear,none,2,3,2,4,"A post with a hashtag #USPOL, but no clear content or context.",Lack of clear content or context.,None,0.8,"{
  ""content_lane"": ""other"",
  ""topic"": ""unclear"",
  ""emotional_frame"": ""neutral"",
  ""audience"": ""unclear"",
  ""cta_type"": ""none"",
  ""clarity_score"": 2,
  ""shareability_score"": 3,
  ""risk_score"": 2,
  ""visual_score"": 4,
  ""summary"": ""A post with a hashtag #USPOL, but no clear content or context."",
  ""failure_reason"": ""Lack of clear content or context."",
  ""repurpose_recommendation"": ""None"",
  ""confidence"": 0.8
}"
3lgen4cvg4s2z,bluesky,https://bsky.app/profile/goodsuniteus.bsky.social/post/3lgen4cvg4s2z,social_content_descriptive_v1,ollama:llama3.1:8b,2026-10-01T12:43:11.227792+00:00,company_callout,US politics,practical,politically_engaged,link_in_bio,4,3,2,5,A post from Goods Unite Us promoting their app with a call to action to check it for more insights.,None,Consider sharing a breakdown of the app's features and benefits to increase engagement.,0.9,"{
  ""content_lane"": ""company_callout"",
  ""topic"": ""US politics"",
  ""emotional_frame"": ""practical"",
  ""audience"": ""politically_engaged"",
  ""cta_type"": ""link_in_bio"",
  ""clarity_score"": 4,
  ""shareability_score"": 3,
  ""risk_score"": 2,
  ""visual_score"": 5,
  ""summary"": ""A post from Goods Unite Us promoting their app with a call to action to check it for more insights."",
  ""failure_reason"": ""None"",
  ""repurpose_recommendation"": ""Consider sharing a breakdown of the app's features and benefits to increase engagement."",
  ""confidence"": 0.9
}"
3lg7lcjx7mc2p,bluesky,https://bsky.app/profile/goodsuniteus.bsky.social/post/3lg7lcjx7mc2p,social_content_descriptive_v1,ollama:llama3.1:8b,2026-10-01T12:43:18.470266+00:00,other,us_politics,neutral,politically_engaged,none,3,4,2,5,"A post with a neutral tone discussing US politics, likely referencing a news event or issue.","Unclear context, but likely a news reaction or issue breakdown.",Consider adding a clear call-to-action or more context to increase engagement.,0.8,"{
  ""content_lane"": ""other"",
  ""topic"": ""us_politics"",
  ""emotional_frame"": ""neutral"",
  ""audience"": ""politically_engaged"",
  ""cta_type"": ""none"",
  ""clarity_score"": 3,
  ""shareability_score"": 4,
  ""risk_score"": 2,
  ""visual_score"": 5,
  ""summary"": ""A post with a neutral tone discussing US politics, likely referencing a news event or issue."",
  ""failure_reason"": ""Unclear context, but likely a news reaction or issue breakdown."",
  ""repurpose_recommendation"": ""Consider adding a clear call-to-action or more context to increase engagement."",
  ""confidence"": 0.8
}"
3lfbufgrovs2s,bluesky,https://bsky.app/profile/goodsuniteus.bsky.social/post/3lfbufgrovs2s,social_content_descriptive_v1,ollama:llama3.1:8b,2026-10-01T12:43:24.757183+00:00,other,unclear,neutral,unclear,none,3,2,2,4,"A post with an image on Bluesky, but the caption is empty and the topic is unclear.",Unclear topic and caption,Add a clear caption or description to improve understanding and engagement.,0.8,"{
  ""content_lane"": ""other"",
  ""topic"": ""unclear"",
  ""emotional_frame"": ""neutral"",
  ""audience"": ""unclear"",
  ""cta_type"": ""none"",
  ""clarity_score"": 3,
  ""shareability_score"": 2,
  ""risk_score"": 2,
  ""visual_score"": 4,
  ""summary"": ""A post with an image on Bluesky, but the caption is empty and the topic is unclear."",
  ""failure_reason"": ""Unclear topic and caption"",
  ""repurpose_recommendation"": ""Add a clear caption or description to improve understanding and engagement."",
  ""confidence"": 0.8
}"
3lf6b3btiic2e,bluesky,https://bsky.app/profile/goodsuniteus.bsky.social/post/3lf6b3btiic2e,social_content_descriptive_v1,ollama:llama3.1:8b,2026-10-01T12:43:31.013201+00:00,issue_breakdown,politics,informational,politically_engaged,link_in_bio,5,4,3,2,"Post about new political contribution data, encouraging users to check the app.",None,Consider sharing on other platforms to reach a broader audience.,0.9,"{
  ""content_lane"": ""issue_breakdown"",
  ""topic"": ""politics"",
  ""emotional_frame"": ""informational"",
  ""audience"": ""politically_engaged"",
  ""cta_type"": ""link_in_bio"",
  ""clarity_score"": 5,
  ""shareability_score"": 4,
  ""risk_score"": 3,
  ""visual_score"": 2,
  ""summary"": ""Post about new political contribution data, encouraging users to check the app."",
  ""failure_reason"": ""None"",
  ""repurpose_recommendation"": ""Consider sharing on other platforms to reach a broader audience."",
  ""confidence"": 0.9
}"
3lf4mfbebjk23,bluesky,https://bsky.app/profile/goodsuniteus.bsky.social/post/3lf4mfbebjk23,social_content_descriptive_v1,ollama:llama3.1:8b,2026-10-01T12:43:37.523323+00:00,issue_breakdown,politics,accountability,politically_engaged,none,5,4,4,3,AT&T broke its pledge not to donate to Republican lawmakers who voted against certifying the election.,none,use as a fact-checking resource,0.9,"{
  ""content_lane"": ""issue_breakdown"",
  ""topic"": ""politics"",
  ""emotional_frame"": ""accountability"",
  ""audience"": ""politically_engaged"",
  ""cta_type"": ""none"",
  ""clarity_score"": 5,
  ""shareability_score"": 4,
  ""risk_score"": 4,
  ""visual_score"": 3,
  ""summary"": ""AT&T broke its pledge not to donate to Republican lawmakers who voted against certifying the election."",
  ""failure_reason"": ""none"",
  ""repurpose_recommendation"": ""use as a fact-checking resource"",
  ""confidence"": 0.9
}"
3lepmd55nks2l,bluesky,https://bsky.app/profile/goodsuniteus.bsky.social/post/3lepmd55nks2l,social_content_descriptive_v1,ollama:llama3.1:8b,2026-10-01T12:43:43.867132+00:00,issue_breakdown,politics/elections,informational,politically_engaged,none,4,3,2,5,Post about the importance of knowing how consumer and investment dollars affect elections in 2025.,Unclear,Consider adding a clear call to action or a link to a related resource.,0.8,"{
  ""content_lane"": ""issue_breakdown"",
  ""topic"": ""politics/elections"",
  ""emotional_frame"": ""informational"",
  ""audience"": ""politically_engaged"",
  ""cta_type"": ""none"",
  ""clarity_score"": 4,
  ""shareability_score"": 3,
  ""risk_score"": 2,
  ""visual_score"": 5,
  ""summary"": ""Post about the importance of knowing how consumer and investment dollars affect elections in 2025."",
  ""failure_reason"": ""Unclear"",
  ""repurpose_recommendation"": ""Consider adding a clear call to action or a link to a related resource."",
  ""confidence"": 0.8
}"
3lekjeqq5cc2z,bluesky,https://bsky.app/profile/goodsuniteus.bsky.social/post/3lekjeqq5cc2z,social_content_descriptive_v1,ollama:llama3.1:8b,2026-10-01T12:43:50.211147+00:00,brand_value,social_justice,values_based,politically_engaged,link_in_bio,4,4,3,5,Promoting a social justice app with a call to action to shop with purpose.,Unclear,Consider shortening the caption to focus on the app's benefits.,0.8,"{
  ""content_lane"": ""brand_value"",
  ""topic"": ""social_justice"",
  ""emotional_frame"": ""values_based"",
  ""audience"": ""politically_engaged"",
  ""cta_type"": ""link_in_bio"",
  ""clarity_score"": 4,
  ""shareability_score"": 4,
  ""risk_score"": 3,
  ""visual_score"": 5,
  ""summary"": ""Promoting a social justice app with a call to action to shop with purpose."",
  ""failure_reason"": ""Unclear"",
  ""repurpose_recommendation"": ""Consider shortening the caption to focus on the app's benefits."",
  ""confidence"": 0.8
}"
3leetdez2r22p,bluesky,https://bsky.app/profile/goodsuniteus.bsky.social/post/3leetdez2r22p,social_content_descriptive_v1,ollama:llama3.1:8b,2026-10-01T12:43:56.353243+00:00,brand_value,app_education,values_based,general_consumers,link_in_bio,5,4,3,5,"App developer celebrates reaching 1 million downloads, encouraging users to shop with purpose.",,Consider sharing a breakdown of the app's features or benefits to further engage users.,0.9,"{
  ""content_lane"": ""brand_value"",
  ""topic"": ""app_education"",
  ""emotional_frame"": ""values_based"",
  ""audience"": ""general_consumers"",
  ""cta_type"": ""link_in_bio"",
  ""clarity_score"": 5,
  ""shareability_score"": 4,
  ""risk_score"": 3,
  ""visual_score"": 5,
  ""summary"": ""App developer celebrates reaching 1 million downloads, encouraging users to shop with purpose."",
  ""failure_reason"": """",
  ""repurpose_recommendation"": ""Consider sharing a breakdown of the app's features or benefits to further engage users."",
  ""confidence"": 0.9
}"
3le5k3nwmvc22,bluesky,https://bsky.app/profile/goodsuniteus.bsky.social/post/3le5k3nwmvc22,social_content_descriptive_v1,ollama:llama3.1:8b,2026-10-01T12:44:02.355950+00:00,other,holiday,neutral,general_consumers,none,4,3,2,5,"A holiday-themed post with a neutral tone, likely intended for a general audience.",Unclear purpose or call-to-action.,Consider adding a clear call-to-action or more context to the post.,0.8,"{
  ""content_lane"": ""other"",
  ""topic"": ""holiday"",
  ""emotional_frame"": ""neutral"",
  ""audience"": ""general_consumers"",
  ""cta_type"": ""none"",
  ""clarity_score"": 4,
  ""shareability_score"": 3,
  ""risk_score"": 2,
  ""visual_score"": 5,
  ""summary"": ""A holiday-themed post with a neutral tone, likely intended for a general audience."",
  ""failure_reason"": ""Unclear purpose or call-to-action."",
  ""repurpose_recommendation"": ""Consider adding a clear call-to-action or more context to the post."",
  ""confidence"": 0.8
}"
3le5d4oqs5222,bluesky,https://bsky.app/profile/goodsuniteus.bsky.social/post/3le5d4oqs5222,social_content_descriptive_v1,ollama:llama3.1:8b,2026-10-01T12:44:08.061919+00:00,news_reaction,business,informational,general_consumers,link_in_bio,5,3,1,1,A news article link from the WSJ about business.,None,Consider adding a brief summary or quote from the article to increase engagement.,1,"{
  ""content_lane"": ""news_reaction"",
  ""topic"": ""business"",
  ""emotional_frame"": ""informational"",
  ""audience"": ""general_consumers"",
  ""cta_type"": ""link_in_bio"",
  ""clarity_score"": 5,
  ""shareability_score"": 3,
  ""risk_score"": 1,
  ""visual_score"": 1,
  ""summary"": ""A news article link from the WSJ about business."",
  ""failure_reason"": ""None"",
  ""repurpose_recommendation"": ""Consider adding a brief summary or quote from the article to increase engagement."",
  ""confidence"": 1
}"
3le3wgpexfs27,bluesky,https://bsky.app/profile/goodsuniteus.bsky.social/post/3le3wgpexfs27,social_content_descriptive_v1,ollama:llama3.1:8b,2026-10-01T12:44:14.254216+00:00,other,unclear,neutral,unclear,none,3,2,1,5,"A post with an image on Bluesky, but the caption is empty and there's no clear topic or call to action.",Unclear topic and lack of context,Add a clear caption or description to provide context,0.8,"{
  ""content_lane"": ""other"",
  ""topic"": ""unclear"",
  ""emotional_frame"": ""neutral"",
  ""audience"": ""unclear"",
  ""cta_type"": ""none"",
  ""clarity_score"": 3,
  ""shareability_score"": 2,
  ""risk_score"": 1,
  ""visual_score"": 5,
  ""summary"": ""A post with an image on Bluesky, but the caption is empty and there's no clear topic or call to action."",
  ""failure_reason"": ""Unclear topic and lack of context"",
  ""repurpose_recommendation"": ""Add a clear caption or description to provide context"",
  ""confidence"": 0.8
}"
3ldzmlguy4227,bluesky,https://bsky.app/profile/goodsuniteus.bsky.social/post/3ldzmlguy4227,social_content_descriptive_v1,ollama:llama3.1:8b,2026-10-01T12:44:20.033358+00:00,company_callout,consumer_action,practical,general_consumers,link_in_bio,5,4,1,5,Promoting the Goods Unite Us app for shopping with purpose.,,Consider sharing a breakdown of the app's features or benefits.,1,"{
  ""content_lane"": ""company_callout"",
  ""topic"": ""consumer_action"",
  ""emotional_frame"": ""practical"",
  ""audience"": ""general_consumers"",
  ""cta_type"": ""link_in_bio"",
  ""clarity_score"": 5,
  ""shareability_score"": 4,
  ""risk_score"": 1,
  ""visual_score"": 5,
  ""summary"": ""Promoting the Goods Unite Us app for shopping with purpose."",
  ""failure_reason"": """",
  ""repurpose_recommendation"": ""Consider sharing a breakdown of the app's features or benefits."",
  ""confidence"": 1
}"
3ldyo7qxgek27,bluesky,https://bsky.app/profile/goodsuniteus.bsky.social/post/3ldyo7qxgek27,social_content_descriptive_v1,ollama:llama3.1:8b,2026-10-01T12:44:26.129132+00:00,brand_value,US politics,values_based,politically_engaged,none,4,3,2,5,"A brand promoting shopping with purpose during the holiday season, referencing US politics.",Unclear call-to-action,Consider adding a clear call-to-action or a link to a related resource,0.8,"{
  ""content_lane"": ""brand_value"",
  ""topic"": ""US politics"",
  ""emotional_frame"": ""values_based"",
  ""audience"": ""politically_engaged"",
  ""cta_type"": ""none"",
  ""clarity_score"": 4,
  ""shareability_score"": 3,
  ""risk_score"": 2,
  ""visual_score"": 5,
  ""summary"": ""A brand promoting shopping with purpose during the holiday season, referencing US politics."",
  ""failure_reason"": ""Unclear call-to-action"",
  ""repurpose_recommendation"": ""Consider adding a clear call-to-action or a link to a related resource"",
  ""confidence"": 0.8
}"
3ldu4zck4ps27,bluesky,https://bsky.app/profile/goodsuniteus.bsky.social/post/3ldu4zck4ps27,social_content_descriptive_v1,ollama:llama3.1:8b,2026-10-01T12:44:31.837158+00:00,brand_value,winter gear,practical,general_consumers,link_in_bio,5,4,1,5,A brand promoting winter gear with a practical tone.,None,Consider repurposing as a sponsored post or influencer collaboration.,0.9,"{
  ""content_lane"": ""brand_value"",
  ""topic"": ""winter gear"",
  ""emotional_frame"": ""practical"",
  ""audience"": ""general_consumers"",
  ""cta_type"": ""link_in_bio"",
  ""clarity_score"": 5,
  ""shareability_score"": 4,
  ""risk_score"": 1,
  ""visual_score"": 5,
  ""summary"": ""A brand promoting winter gear with a practical tone."",
  ""failure_reason"": ""None"",
  ""repurpose_recommendation"": ""Consider repurposing as a sponsored post or influencer collaboration."",
  ""confidence"": 0.9
}"
3ldorwtoaxc2r,bluesky,https://bsky.app/profile/goodsuniteus.bsky.social/post/3ldorwtoaxc2r,social_content_descriptive_v1,ollama:llama3.1:8b,2026-10-01T12:44:37.701209+00:00,brand_value,shopping,practical,general_consumers,download_app,5,3,2,5,Promoting the app and encouraging users to shop with purpose.,,Consider sharing a breakdown of the app's features or benefits to increase engagement.,0.9,"{
  ""content_lane"": ""brand_value"",
  ""topic"": ""shopping"",
  ""emotional_frame"": ""practical"",
  ""audience"": ""general_consumers"",
  ""cta_type"": ""download_app"",
  ""clarity_score"": 5,
  ""shareability_score"": 3,
  ""risk_score"": 2,
  ""visual_score"": 5,
  ""summary"": ""Promoting the app and encouraging users to shop with purpose."",
  ""failure_reason"": """",
  ""repurpose_recommendation"": ""Consider sharing a breakdown of the app's features or benefits to increase engagement."",
  ""confidence"": 0.9
}"
3ldkixnltps2r,bluesky,https://bsky.app/profile/goodsuniteus.bsky.social/post/3ldkixnltps2r,social_content_descriptive_v1,ollama:llama3.1:8b,2026-10-01T12:44:43.113171+00:00,other,unclear,surprising,unclear,none,3,2,2,5,"A brief, image-based post with unclear content and context.",Unclear content and context,None,0.8,"{
  ""content_lane"": ""other"",
  ""topic"": ""unclear"",
  ""emotional_frame"": ""surprising"",
  ""audience"": ""unclear"",
  ""cta_type"": ""none"",
  ""clarity_score"": 3,
  ""shareability_score"": 2,
  ""risk_score"": 2,
  ""visual_score"": 5,
  ""summary"": ""A brief, image-based post with unclear content and context."",
  ""failure_reason"": ""Unclear content and context"",
  ""repurpose_recommendation"": ""None"",
  ""confidence"": 0.8
}"
3ldgmxvztk22l,bluesky,https://bsky.app/profile/goodsuniteus.bsky.social/post/3ldgmxvztk22l,social_content_descriptive_v1,ollama:llama3.1:8b,2026-10-01T12:44:50.249531+00:00,other,US politics,neutral,politically_engaged,none,3,4,2,5,"A post on US politics with a mix of hashtags and an image, likely from a political account.",Unclear purpose or goal,Consider adding a clear call-to-action or more context,0.8,"{
  ""content_lane"": ""other"",
  ""topic"": ""US politics"",
  ""emotional_frame"": ""neutral"",
  ""audience"": ""politically_engaged"",
  ""cta_type"": ""none"",
  ""clarity_score"": 3,
  ""shareability_score"": 4,
  ""risk_score"": 2,
  ""visual_score"": 5,
  ""summary"": ""A post on US politics with a mix of hashtags and an image, likely from a political account."",
  ""failure_reason"": ""Unclear purpose or goal"",
  ""repurpose_recommendation"": ""Consider adding a clear call-to-action or more context"",
  ""confidence"": 0.8
}"
3ld7dmimlws23,bluesky,https://bsky.app/profile/goodsuniteus.bsky.social/post/3ld7dmimlws23,social_content_descriptive_v1,ollama:llama3.1:8b,2026-10-01T12:44:57.115240+00:00,issue_breakdown,finance/economy,practical,politically_engaged,none,4,2,3,5,"Post discusses the growth of JP Morgan shares after the election, highlighting the company's politics.",Unclear engagement metrics,Consider adding more context or data to support the claim,0.8,"{
  ""content_lane"": ""issue_breakdown"",
  ""topic"": ""finance/economy"",
  ""emotional_frame"": ""practical"",
  ""audience"": ""politically_engaged"",
  ""cta_type"": ""none"",
  ""clarity_score"": 4,
  ""shareability_score"": 2,
  ""risk_score"": 3,
  ""visual_score"": 5,
  ""summary"": ""Post discusses the growth of JP Morgan shares after the election, highlighting the company's politics."",
  ""failure_reason"": ""Unclear engagement metrics"",
  ""repurpose_recommendation"": ""Consider adding more context or data to support the claim"",
  ""confidence"": 0.8
}"
3ld5rjkjzbc2s,bluesky,https://bsky.app/profile/goodsuniteus.bsky.social/post/3ld5rjkjzbc2s,social_content_descriptive_v1,ollama:llama3.1:8b,2026-10-01T12:45:04.266068+00:00,issue_breakdown,health_insurance,informational,politically_engaged,download_app,4,3,2,1,"Post highlights the influence of health insurance industry profits on politics, promoting the Goods Unite Us app for more information.",Unclear,Consider adding more context or visuals to increase engagement and clarity.,0.8,"{
  ""content_lane"": ""issue_breakdown"",
  ""topic"": ""health_insurance"",
  ""emotional_frame"": ""informational"",
  ""audience"": ""politically_engaged"",
  ""cta_type"": ""download_app"",
  ""clarity_score"": 4,
  ""shareability_score"": 3,
  ""risk_score"": 2,
  ""visual_score"": 1,
  ""summary"": ""Post highlights the influence of health insurance industry profits on politics, promoting the Goods Unite Us app for more information."",
  ""failure_reason"": ""Unclear"",
  ""repurpose_recommendation"": ""Consider adding more context or visuals to increase engagement and clarity."",
  ""confidence"": 0.8
}"
3ld4schcwyk2w,bluesky,https://bsky.app/profile/goodsuniteus.bsky.social/post/3ld4schcwyk2w,social_content_descriptive_v1,ollama:llama3.1:8b,2026-10-01T12:45:10.890178+00:00,other,healthinsurance,neutral,general_consumers,none,4,3,2,5,"A post about health insurance with a neutral tone, likely from a public figure or organization.",Unclear,Consider adding a clear call-to-action or more context to increase engagement.,0.8,"{
  ""content_lane"": ""other"",
  ""topic"": ""healthinsurance"",
  ""emotional_frame"": ""neutral"",
  ""audience"": ""general_consumers"",
  ""cta_type"": ""none"",
  ""clarity_score"": 4,
  ""shareability_score"": 3,
  ""risk_score"": 2,
  ""visual_score"": 5,
  ""summary"": ""A post about health insurance with a neutral tone, likely from a public figure or organization."",
  ""failure_reason"": ""Unclear"",
  ""repurpose_recommendation"": ""Consider adding a clear call-to-action or more context to increase engagement."",
  ""confidence"": 0.8
}"
3ld2ic6xq6s2b,bluesky,https://bsky.app/profile/goodsuniteus.bsky.social/post/3ld2ic6xq6s2b,social_content_descriptive_v1,ollama:llama3.1:8b,2026-10-01T12:45:17.276902+00:00,other,vacation,neutral,general_consumers,none,5,3,1,5,A user posted a photo with the hashtags #vacation and #USPOL.,,Consider adding a clear call-to-action or more context to the post.,0.8,"{
  ""content_lane"": ""other"",
  ""topic"": ""vacation"",
  ""emotional_frame"": ""neutral"",
  ""audience"": ""general_consumers"",
  ""cta_type"": ""none"",
  ""clarity_score"": 5,
  ""shareability_score"": 3,
  ""risk_score"": 1,
  ""visual_score"": 5,
  ""summary"": ""A user posted a photo with the hashtags #vacation and #USPOL."",
  ""failure_reason"": """",
  ""repurpose_recommendation"": ""Consider adding a clear call-to-action or more context to the post."",
  ""confidence"": 0.8
}"
3lcy6slhrz22w,bluesky,https://bsky.app/profile/goodsuniteus.bsky.social/post/3lcy6slhrz22w,social_content_descriptive_v1,ollama:llama3.1:8b,2026-10-01T12:45:23.549257+00:00,politician_issue_card,banking,urgent,politically_engaged,other,4,3,4,5,"A politician's post about banking, urging a vote.",Unclear call to action,Use as a news reaction,0.8,"{
  ""content_lane"": ""politician_issue_card"",
  ""topic"": ""banking"",
  ""emotional_frame"": ""urgent"",
  ""audience"": ""politically_engaged"",
  ""cta_type"": ""vote"",
  ""clarity_score"": 4,
  ""shareability_score"": 3,
  ""risk_score"": 4,
  ""visual_score"": 5,
  ""summary"": ""A politician's post about banking, urging a vote."",
  ""failure_reason"": ""Unclear call to action"",
  ""repurpose_recommendation"": ""Use as a news reaction"",
  ""confidence"": 0.8
}"
3lcy64uwjys22,bluesky,https://bsky.app/profile/goodsuniteus.bsky.social/post/3lcy64uwjys22,social_content_descriptive_v1,ollama:llama3.1:8b,2026-10-01T12:45:29.856795+00:00,other,unclear,neutral,unclear,none,2,3,2,4,"A post with a single hashtag #USPOL, but no clear content or context.",Lack of clear content or context,None,0.8,"{
  ""content_lane"": ""other"",
  ""topic"": ""unclear"",
  ""emotional_frame"": ""neutral"",
  ""audience"": ""unclear"",
  ""cta_type"": ""none"",
  ""clarity_score"": 2,
  ""shareability_score"": 3,
  ""risk_score"": 2,
  ""visual_score"": 4,
  ""summary"": ""A post with a single hashtag #USPOL, but no clear content or context."",
  ""failure_reason"": ""Lack of clear content or context"",
  ""repurpose_recommendation"": ""None"",
  ""confidence"": 0.8
}"
3lcy636kxyc22,bluesky,https://bsky.app/profile/goodsuniteus.bsky.social/post/3lcy636kxyc22,social_content_descriptive_v1,ollama:llama3.1:8b,2026-10-01T12:45:36.002854+00:00,other,unclear,neutral,unclear,none,3,2,1,5,"A post with an image on Bluesky, but no caption or clear topic.",Insufficient information,Request more context or information,0.8,"{
  ""content_lane"": ""other"",
  ""topic"": ""unclear"",
  ""emotional_frame"": ""neutral"",
  ""audience"": ""unclear"",
  ""cta_type"": ""none"",
  ""clarity_score"": 3,
  ""shareability_score"": 2,
  ""risk_score"": 1,
  ""visual_score"": 5,
  ""summary"": ""A post with an image on Bluesky, but no caption or clear topic."",
  ""failure_reason"": ""Insufficient information"",
  ""repurpose_recommendation"": ""Request more context or information"",
  ""confidence"": 0.8
}"
3lctqlaeros2y,bluesky,https://bsky.app/profile/goodsuniteus.bsky.social/post/3lctqlaeros2y,social_content_descriptive_v1,ollama:llama3.1:8b,2026-10-01T12:45:42.501768+00:00,other,unclear,neutral,unclear,none,3,2,2,4,"A post with an image on Bluesky, but no caption or clear topic.",Unclear topic and lack of context.,Add a clear caption or description to provide context.,0.8,"{
  ""content_lane"": ""other"",
  ""topic"": ""unclear"",
  ""emotional_frame"": ""neutral"",
  ""audience"": ""unclear"",
  ""cta_type"": ""none"",
  ""clarity_score"": 3,
  ""shareability_score"": 2,
  ""risk_score"": 2,
  ""visual_score"": 4,
  ""summary"": ""A post with an image on Bluesky, but no caption or clear topic."",
  ""failure_reason"": ""Unclear topic and lack of context."",
  ""repurpose_recommendation"": ""Add a clear caption or description to provide context."",
  ""confidence"": 0.8
}"
3lchcps73vs2c,bluesky,https://bsky.app/profile/goodsuniteus.bsky.social/post/3lchcps73vs2c,social_content_descriptive_v1,ollama:llama3.1:8b,2026-10-01T12:45:48.907233+00:00,other,unclear,neutral,unclear,none,1,2,1,3,A post with a hashtag #USPOL but no clear content or context.,Lack of clear content or context,Uncertain,0.6,"{
  ""content_lane"": ""other"",
  ""topic"": ""unclear"",
  ""emotional_frame"": ""neutral"",
  ""audience"": ""unclear"",
  ""cta_type"": ""none"",
  ""clarity_score"": 1,
  ""shareability_score"": 2,
  ""risk_score"": 1,
  ""visual_score"": 3,
  ""summary"": ""A post with a hashtag #USPOL but no clear content or context."",
  ""failure_reason"": ""Lack of clear content or context"",
  ""repurpose_recommendation"": ""Uncertain"",
  ""confidence"": 0.6
}"
3lce3wcgvxs2t,bluesky,https://bsky.app/profile/goodsuniteus.bsky.social/post/3lce3wcgvxs2t,social_content_descriptive_v1,ollama:llama3.1:8b,2026-10-01T12:45:55.122435+00:00,other,unclear,neutral,unclear,none,3,2,2,4,"A post with an image on Bluesky, but no caption or clear topic.",Unclear topic and audience,None,0.6,"{
  ""content_lane"": ""other"",
  ""topic"": ""unclear"",
  ""emotional_frame"": ""neutral"",
  ""audience"": ""unclear"",
  ""cta_type"": ""none"",
  ""clarity_score"": 3,
  ""shareability_score"": 2,
  ""risk_score"": 2,
  ""visual_score"": 4,
  ""summary"": ""A post with an image on Bluesky, but no caption or clear topic."",
  ""failure_reason"": ""Unclear topic and audience"",
  ""repurpose_recommendation"": ""None"",
  ""confidence"": 0.6
}"
3lcccjfgccc2z,bluesky,https://bsky.app/profile/goodsuniteus.bsky.social/post/3lcccjfgccc2z,social_content_descriptive_v1,ollama:llama3.1:8b,2026-10-01T12:46:00.954022+00:00,other,holiday,neutral,general_consumers,none,5,4,1,5,"A post on Bluesky with a neutral tone, likely a holiday promotion.",Unclear,Consider adding a clear call-to-action or more context.,0.8,"{
  ""content_lane"": ""other"",
  ""topic"": ""holiday"",
  ""emotional_frame"": ""neutral"",
  ""audience"": ""general_consumers"",
  ""cta_type"": ""none"",
  ""clarity_score"": 5,
  ""shareability_score"": 4,
  ""risk_score"": 1,
  ""visual_score"": 5,
  ""summary"": ""A post on Bluesky with a neutral tone, likely a holiday promotion."",
  ""failure_reason"": ""Unclear"",
  ""repurpose_recommendation"": ""Consider adding a clear call-to-action or more context."",
  ""confidence"": 0.8
}"
3lcbyid7xy22k,bluesky,https://bsky.app/profile/goodsuniteus.bsky.social/post/3lcbyid7xy22k,social_content_descriptive_v1,ollama:llama3.1:8b,2026-10-01T12:46:07.285909+00:00,other,unclear,neutral,unclear,none,3,2,2,1,"A post with an external link to a YouTube video, but no further context or description.",Lack of context or description,Add a brief description or summary of the content to improve clarity and shareability,0.8,"{
  ""content_lane"": ""other"",
  ""topic"": ""unclear"",
  ""emotional_frame"": ""neutral"",
  ""audience"": ""unclear"",
  ""cta_type"": ""none"",
  ""clarity_score"": 3,
  ""shareability_score"": 2,
  ""risk_score"": 2,
  ""visual_score"": 1,
  ""summary"": ""A post with an external link to a YouTube video, but no further context or description."",
  ""failure_reason"": ""Lack of context or description"",
  ""repurpose_recommendation"": ""Add a brief description or summary of the content to improve clarity and shareability"",
  ""confidence"": 0.8
}"
3lc72usma722p,bluesky,https://bsky.app/profile/goodsuniteus.bsky.social/post/3lc72usma722p,social_content_descriptive_v1,ollama:llama3.1:8b,2026-10-01T12:46:12.966545+00:00,other,unclear,neutral,unclear,none,3,2,2,4,A post with a hashtag #USPOL but no clear content or context.,Lack of clear content or context,None,0.8,"{
  ""content_lane"": ""other"",
  ""topic"": ""unclear"",
  ""emotional_frame"": ""neutral"",
  ""audience"": ""unclear"",
  ""cta_type"": ""none"",
  ""clarity_score"": 3,
  ""shareability_score"": 2,
  ""risk_score"": 2,
  ""visual_score"": 4,
  ""summary"": ""A post with a hashtag #USPOL but no clear content or context."",
  ""failure_reason"": ""Lack of clear content or context"",
  ""repurpose_recommendation"": ""None"",
  ""confidence"": 0.8
}"
3lc4hof6zsk2y,bluesky,https://bsky.app/profile/goodsuniteus.bsky.social/post/3lc4hof6zsk2y,social_content_descriptive_v1,ollama:llama3.1:8b,2026-10-01T12:46:18.787862+00:00,other,holiday,neutral,general_consumers,none,5,3,1,5,A post on Bluesky with a black Friday hashtag and an image.,Unclear purpose or goal.,Consider adding a clear call-to-action or more context.,0.8,"{
  ""content_lane"": ""other"",
  ""topic"": ""holiday"",
  ""emotional_frame"": ""neutral"",
  ""audience"": ""general_consumers"",
  ""cta_type"": ""none"",
  ""clarity_score"": 5,
  ""shareability_score"": 3,
  ""risk_score"": 1,
  ""visual_score"": 5,
  ""summary"": ""A post on Bluesky with a black Friday hashtag and an image."",
  ""failure_reason"": ""Unclear purpose or goal."",
  ""repurpose_recommendation"": ""Consider adding a clear call-to-action or more context."",
  ""confidence"": 0.8
}"
3lc4cjhmars2o,bluesky,https://bsky.app/profile/goodsuniteus.bsky.social/post/3lc4cjhmars2o,social_content_descriptive_v1,ollama:llama3.1:8b,2026-10-01T12:46:24.516371+00:00,other,unclear,neutral,unclear,none,3,2,2,5,Image-only post with no caption or clear content.,Unclear content and lack of engagement metrics.,Consider adding a caption or description to provide context.,0.6,"{
  ""content_lane"": ""other"",
  ""topic"": ""unclear"",
  ""emotional_frame"": ""neutral"",
  ""audience"": ""unclear"",
  ""cta_type"": ""none"",
  ""clarity_score"": 3,
  ""shareability_score"": 2,
  ""risk_score"": 2,
  ""visual_score"": 5,
  ""summary"": ""Image-only post with no caption or clear content."",
  ""failure_reason"": ""Unclear content and lack of engagement metrics."",
  ""repurpose_recommendation"": ""Consider adding a caption or description to provide context."",
  ""confidence"": 0.6
}"
3lc464grja22o,bluesky,https://bsky.app/profile/goodsuniteus.bsky.social/post/3lc464grja22o,social_content_descriptive_v1,ollama:llama3.1:8b,2026-10-01T12:46:30.017288+00:00,other,unclear,neutral,unclear,link_in_bio,3,2,2,1,External link shared on Bluesky with no image or clear topic.,Unclear topic and audience,None,0.6,"{
  ""content_lane"": ""other"",
  ""topic"": ""unclear"",
  ""emotional_frame"": ""neutral"",
  ""audience"": ""unclear"",
  ""cta_type"": ""link_in_bio"",
  ""clarity_score"": 3,
  ""shareability_score"": 2,
  ""risk_score"": 2,
  ""visual_score"": 1,
  ""summary"": ""External link shared on Bluesky with no image or clear topic."",
  ""failure_reason"": ""Unclear topic and audience"",
  ""repurpose_recommendation"": ""None"",
  ""confidence"": 0.6
}"
3lbsewckmdk2l,bluesky,https://bsky.app/profile/goodsuniteus.bsky.social/post/3lbsewckmdk2l,social_content_descriptive_v1,ollama:llama3.1:8b,2026-10-01T12:46:36.045986+00:00,other,us_politics,surprising,politically_engaged,none,4,3,2,5,"A short, image-based post with a surprising tone, likely referencing US politics.",Unclear without additional context,Consider adding more context or a clear call-to-action,0.8,"{
  ""content_lane"": ""other"",
  ""topic"": ""us_politics"",
  ""emotional_frame"": ""surprising"",
  ""audience"": ""politically_engaged"",
  ""cta_type"": ""none"",
  ""clarity_score"": 4,
  ""shareability_score"": 3,
  ""risk_score"": 2,
  ""visual_score"": 5,
  ""summary"": ""A short, image-based post with a surprising tone, likely referencing US politics."",
  ""failure_reason"": ""Unclear without additional context"",
  ""repurpose_recommendation"": ""Consider adding more context or a clear call-to-action"",
  ""confidence"": 0.8
}"
3lbsbjkm4ns2l,bluesky,https://bsky.app/profile/goodsuniteus.bsky.social/post/3lbsbjkm4ns2l,social_content_descriptive_v1,ollama:llama3.1:8b,2026-10-01T12:46:42.681541+00:00,company_callout,issue_breakdown,practical,politically_engaged,download_app,4,3,2,5,"Tesla's change in FEC data status is highlighted, with a call to download the Goods Unite Us app for more information.",,"Consider sharing a breakdown of the FEC data on the app, with a clear explanation of its significance.",0.9,"{
  ""content_lane"": ""company_callout"",
  ""topic"": ""issue_breakdown"",
  ""emotional_frame"": ""practical"",
  ""audience"": ""politically_engaged"",
  ""cta_type"": ""download_app"",
  ""clarity_score"": 4,
  ""shareability_score"": 3,
  ""risk_score"": 2,
  ""visual_score"": 5,
  ""summary"": ""Tesla's change in FEC data status is highlighted, with a call to download the Goods Unite Us app for more information."",
  ""failure_reason"": """",
  ""repurpose_recommendation"": ""Consider sharing a breakdown of the FEC data on the app, with a clear explanation of its significance."",
  ""confidence"": 0.9
}"
3lbiqtz32552r,bluesky,https://bsky.app/profile/goodsuniteus.bsky.social/post/3lbiqtz32552r,social_content_descriptive_v1,ollama:llama3.1:8b,2026-10-01T12:46:48.600647+00:00,company_callout,app_education,practical,general_consumers,download_app,5,3,2,5,Promoting an app for voting with money,None,Consider sharing a breakdown of how the app works or its benefits,1,"{
  ""content_lane"": ""company_callout"",
  ""topic"": ""app_education"",
  ""emotional_frame"": ""practical"",
  ""audience"": ""general_consumers"",
  ""cta_type"": ""download_app"",
  ""clarity_score"": 5,
  ""shareability_score"": 3,
  ""risk_score"": 2,
  ""visual_score"": 5,
  ""summary"": ""Promoting an app for voting with money"",
  ""failure_reason"": ""None"",
  ""repurpose_recommendation"": ""Consider sharing a breakdown of how the app works or its benefits"",
  ""confidence"": 1.0
}"
DcbQQGfoIfI,instagram,https://www.instagram.com/p/DcbQQGfoIfI,social_content_descriptive_v1,ollama:llama3.1:8b,2026-10-01T12:50:01.686599+00:00,issue_breakdown,corporate social responsibility,accountability,politically_engaged,link_in_bio,4,3,4,2,"Post criticizing Adobe Systems' stance on diversity, equity, and inclusion, with a link to a full breakdown.","Unclear call to action, potentially misleading",Consider rephrasing to clearly state the issue and desired action,0.8,"{
  ""content_lane"": ""issue_breakdown"",
  ""topic"": ""corporate social responsibility"",
  ""emotional_frame"": ""accountability"",
  ""audience"": ""politically_engaged"",
  ""cta_type"": ""link_in_bio"",
  ""clarity_score"": 4,
  ""shareability_score"": 3,
  ""risk_score"": 4,
  ""visual_score"": 2,
  ""summary"": ""Post criticizing Adobe Systems' stance on diversity, equity, and inclusion, with a link to a full breakdown."",
  ""failure_reason"": ""Unclear call to action, potentially misleading"",
  ""repurpose_recommendation"": ""Consider rephrasing to clearly state the issue and desired action"",
  ""confidence"": 0.8
}"
DcJpsZLo_ev,instagram,https://www.instagram.com/p/DcJpsZLo_ev,social_content_descriptive_v1,ollama:llama3.1:8b,2026-10-01T12:50:07.958684+00:00,politician_issue_card,politics,urgent,politically_engaged,none,5,4,4,5,A post about politics with a call to action to boycott and vote.,Unclear,Use as a starting point for a more in-depth discussion on the issue.,0.8,"{
  ""content_lane"": ""politician_issue_card"",
  ""topic"": ""politics"",
  ""emotional_frame"": ""urgent"",
  ""audience"": ""politically_engaged"",
  ""cta_type"": ""none"",
  ""clarity_score"": 5,
  ""shareability_score"": 4,
  ""risk_score"": 4,
  ""visual_score"": 5,
  ""summary"": ""A post about politics with a call to action to boycott and vote."",
  ""failure_reason"": ""Unclear"",
  ""repurpose_recommendation"": ""Use as a starting point for a more in-depth discussion on the issue."",
  ""confidence"": 0.8
}"
Dd1YH69nSyj,instagram,https://www.instagram.com/p/Dd1YH69nSyj,social_content_descriptive_v1,ollama:llama3.1:8b,2026-10-01T12:50:14.478568+00:00,company_callout,corporate_politics,accountability,politically_engaged,link_in_bio,4,3,4,5,"Johnson & Johnson's stance on Israel is highlighted, encouraging users to download an app to learn more.",unclear,modify the caption to be more concise and clear,0.8,"{
  ""content_lane"": ""company_callout"",
  ""topic"": ""corporate_politics"",
  ""emotional_frame"": ""accountability"",
  ""audience"": ""politically_engaged"",
  ""cta_type"": ""link_in_bio"",
  ""clarity_score"": 4,
  ""shareability_score"": 3,
  ""risk_score"": 4,
  ""visual_score"": 5,
  ""summary"": ""Johnson & Johnson's stance on Israel is highlighted, encouraging users to download an app to learn more."",
  ""failure_reason"": ""unclear"",
  ""repurpose_recommendation"": ""modify the caption to be more concise and clear"",
  ""confidence"": 0.8
}"
Ddtpr-Tl2lf,instagram,https://www.instagram.com/p/Ddtpr-Tl2lf,social_content_descriptive_v1,ollama:llama3.1:8b,2026-10-01T12:50:21.002882+00:00,politician_issue_card,politics,accountability,politically_engaged,link_in_bio,5,4,4,5,"Post about politician's stance on abortion and reproductive rights, with a call to action to download an app.",Unclear,Consider adding more context or information about the politician's stance.,0.9,"{
  ""content_lane"": ""politician_issue_card"",
  ""topic"": ""politics"",
  ""emotional_frame"": ""accountability"",
  ""audience"": ""politically_engaged"",
  ""cta_type"": ""link_in_bio"",
  ""clarity_score"": 5,
  ""shareability_score"": 4,
  ""risk_score"": 4,
  ""visual_score"": 5,
  ""summary"": ""Post about politician's stance on abortion and reproductive rights, with a call to action to download an app."",
  ""failure_reason"": ""Unclear"",
  ""repurpose_recommendation"": ""Consider adding more context or information about the politician's stance."",
  ""confidence"": 0.9
}"
DdjoOK_IKv0,instagram,https://www.instagram.com/p/DdjoOK_IKv0,social_content_descriptive_v1,ollama:llama3.1:8b,2026-10-01T12:50:27.701184+00:00,company_callout,issue_breakdown,values_based,politically_engaged,download_app,5,4,4,3,"The post encourages users to vote with their wallets by downloading the Goods app, with a clear call-to-action and a hashtag that suggests a boycott.",Unclear,Consider rephrasing the call-to-action to be more inclusive and less confrontational.,0.9,"{
  ""content_lane"": ""company_callout"",
  ""topic"": ""issue_breakdown"",
  ""emotional_frame"": ""values_based"",
  ""audience"": ""politically_engaged"",
  ""cta_type"": ""download_app"",
  ""clarity_score"": 5,
  ""shareability_score"": 4,
  ""risk_score"": 4,
  ""visual_score"": 3,
  ""summary"": ""The post encourages users to vote with their wallets by downloading the Goods app, with a clear call-to-action and a hashtag that suggests a boycott."",
  ""failure_reason"": ""Unclear"",
  ""repurpose_recommendation"": ""Consider rephrasing the call-to-action to be more inclusive and less confrontational."",
  ""confidence"": 0.9
}"
DdjWf8kDaHC,instagram,https://www.instagram.com/p/DdjWf8kDaHC,social_content_descriptive_v1,ollama:llama3.1:8b,2026-10-01T12:50:34.662500+00:00,company_callout,corporate_politics,accountability,politically_engaged,link_in_bio,4,3,4,2,"Procter & Gamble's stance on Universal Healthcare, with a call to action to download an app and learn more.",Unclear call to action in the caption,Consider rephrasing the caption to make the call to action clearer,0.8,"{
  ""content_lane"": ""company_callout"",
  ""topic"": ""corporate_politics"",
  ""emotional_frame"": ""accountability"",
  ""audience"": ""politically_engaged"",
  ""cta_type"": ""link_in_bio"",
  ""clarity_score"": 4,
  ""shareability_score"": 3,
  ""risk_score"": 4,
  ""visual_score"": 2,
  ""summary"": ""Procter & Gamble's stance on Universal Healthcare, with a call to action to download an app and learn more."",
  ""failure_reason"": ""Unclear call to action in the caption"",
  ""repurpose_recommendation"": ""Consider rephrasing the caption to make the call to action clearer"",
  ""confidence"": 0.8
}"
Ddb_ua-DzEL,instagram,https://www.instagram.com/p/Ddb_ua-DzEL,social_content_descriptive_v1,ollama:llama3.1:8b,2026-10-01T12:50:41.410709+00:00,politician_issue_card,corporate politics,accountability,politically_engaged,link_in_bio,5,4,4,5,"Post from politician's perspective on corporate politics, encouraging voters to use their wallets to hold corporations accountable.",Unclear,Use as a starting point for a more in-depth discussion on corporate politics and accountability.,0.9,"{
  ""content_lane"": ""politician_issue_card"",
  ""topic"": ""corporate politics"",
  ""emotional_frame"": ""accountability"",
  ""audience"": ""politically_engaged"",
  ""cta_type"": ""link_in_bio"",
  ""clarity_score"": 5,
  ""shareability_score"": 4,
  ""risk_score"": 4,
  ""visual_score"": 5,
  ""summary"": ""Post from politician's perspective on corporate politics, encouraging voters to use their wallets to hold corporations accountable."",
  ""failure_reason"": ""Unclear"",
  ""repurpose_recommendation"": ""Use as a starting point for a more in-depth discussion on corporate politics and accountability."",
  ""confidence"": 0.9
}"
DdR8FZqlM-2,instagram,https://www.instagram.com/p/DdR8FZqlM-2,social_content_descriptive_v1,ollama:llama3.1:8b,2026-10-01T12:50:47.476440+00:00,issue_breakdown,LGBTQ Rights,accountability,politically_engaged,link_in_bio,4,3,4,5,Progressive's stance on LGBTQ Rights with a link to a breakdown,unclear,consider adding more context or visuals,0.8,"{
  ""content_lane"": ""issue_breakdown"",
  ""topic"": ""LGBTQ Rights"",
  ""emotional_frame"": ""accountability"",
  ""audience"": ""politically_engaged"",
  ""cta_type"": ""link_in_bio"",
  ""clarity_score"": 4,
  ""shareability_score"": 3,
  ""risk_score"": 4,
  ""visual_score"": 5,
  ""summary"": ""Progressive's stance on LGBTQ Rights with a link to a breakdown"",
  ""failure_reason"": ""unclear"",
  ""repurpose_recommendation"": ""consider adding more context or visuals"",
  ""confidence"": 0.8
}"
DcljdezIDrd,instagram,https://www.instagram.com/p/DcljdezIDrd,social_content_descriptive_v1,ollama:llama3.1:8b,2026-10-01T12:50:53.886997+00:00,politician_issue_card,immigrant_rights,accountability,politically_engaged,link_in_bio,5,4,4,3,Post about a politician's stance on immigrant rights with a link to a breakdown.,,Consider sharing the breakdown link on other platforms to reach a broader audience.,0.9,"{
  ""content_lane"": ""politician_issue_card"",
  ""topic"": ""immigrant_rights"",
  ""emotional_frame"": ""accountability"",
  ""audience"": ""politically_engaged"",
  ""cta_type"": ""link_in_bio"",
  ""clarity_score"": 5,
  ""shareability_score"": 4,
  ""risk_score"": 4,
  ""visual_score"": 3,
  ""summary"": ""Post about a politician's stance on immigrant rights with a link to a breakdown."",
  ""failure_reason"": """",
  ""repurpose_recommendation"": ""Consider sharing the breakdown link on other platforms to reach a broader audience."",
  ""confidence"": 0.9
}"
Dcbd61QIaAh,instagram,https://www.instagram.com/p/Dcbd61QIaAh,social_content_descriptive_v1,ollama:llama3.1:8b,2026-10-01T12:51:00.052754+00:00,company_callout,issue_breakdown,practical,politically_engaged,download_app,4,4,3,5,Promoting a mobile app that helps users understand the impact of their purchases on elections.,,Consider promoting the app on other social media platforms to reach a broader audience.,0.9,"{
  ""content_lane"": ""company_callout"",
  ""topic"": ""issue_breakdown"",
  ""emotional_frame"": ""practical"",
  ""audience"": ""politically_engaged"",
  ""cta_type"": ""download_app"",
  ""clarity_score"": 4,
  ""shareability_score"": 4,
  ""risk_score"": 3,
  ""visual_score"": 5,
  ""summary"": ""Promoting a mobile app that helps users understand the impact of their purchases on elections."",
  ""failure_reason"": """",
  ""repurpose_recommendation"": ""Consider promoting the app on other social media platforms to reach a broader audience."",
  ""confidence"": 0.9
}"
DcTh5dsnGGa,instagram,https://www.instagram.com/p/DcTh5dsnGGa,social_content_descriptive_v1,ollama:llama3.1:8b,2026-10-01T12:51:05.951220+00:00,politician_issue_card,gun_control,accountability,politically_engaged,link_in_bio,5,4,4,3,Post about politician's stance on gun control with link to full breakdown,none,consider sharing on other platforms,0.9,"{
  ""content_lane"": ""politician_issue_card"",
  ""topic"": ""gun_control"",
  ""emotional_frame"": ""accountability"",
  ""audience"": ""politically_engaged"",
  ""cta_type"": ""link_in_bio"",
  ""clarity_score"": 5,
  ""shareability_score"": 4,
  ""risk_score"": 4,
  ""visual_score"": 3,
  ""summary"": ""Post about politician's stance on gun control with link to full breakdown"",
  ""failure_reason"": ""none"",
  ""repurpose_recommendation"": ""consider sharing on other platforms"",
  ""confidence"": 0.9
}"
Dd4eFB3HzKK,threads,https://www.threads.com/@goodsuniteus/post/Dd4eFB3HzKK,social_content_descriptive_v1,ollama:llama3.1:8b,2026-10-01T12:51:12.744363+00:00,politician_issue_card,politics,informational,politically_engaged,link_in_bio,5,4,3,1,Breaking news about Reid Hoffman's donation to a Democratic super PAC,,consider adding an image or visual element to enhance shareability,1,"{
  ""content_lane"": ""politician_issue_card"",
  ""topic"": ""politics"",
  ""emotional_frame"": ""informational"",
  ""audience"": ""politically_engaged"",
  ""cta_type"": ""link_in_bio"",
  ""clarity_score"": 5,
  ""shareability_score"": 4,
  ""risk_score"": 3,
  ""visual_score"": 1,
  ""summary"": ""Breaking news about Reid Hoffman's donation to a Democratic super PAC"",
  ""failure_reason"": """",
  ""repurpose_recommendation"": ""consider adding an image or visual element to enhance shareability"",
  ""confidence"": 1
}"
Dd2u1KKEbEi,threads,https://www.threads.com/@goodsuniteus/post/Dd2u1KKEbEi,social_content_descriptive_v1,ollama:llama3.1:8b,2026-10-01T12:51:19.254234+00:00,politician_issue_card,politics,informational,politically_engaged,link_in_bio,5,4,3,1,Breaking news about Michael Bloomberg's donation to 314 Action Fund,,consider adding an image or visual element to enhance shareability,1,"{
  ""content_lane"": ""politician_issue_card"",
  ""topic"": ""politics"",
  ""emotional_frame"": ""informational"",
  ""audience"": ""politically_engaged"",
  ""cta_type"": ""link_in_bio"",
  ""clarity_score"": 5,
  ""shareability_score"": 4,
  ""risk_score"": 3,
  ""visual_score"": 1,
  ""summary"": ""Breaking news about Michael Bloomberg's donation to 314 Action Fund"",
  ""failure_reason"": """",
  ""repurpose_recommendation"": ""consider adding an image or visual element to enhance shareability"",
  ""confidence"": 1
}"
Dd1YGmvIPOf,threads,https://www.threads.com/@goodsuniteus/post/Dd1YGmvIPOf,social_content_descriptive_v1,ollama:llama3.1:8b,2026-10-01T12:51:26.072796+00:00,company_callout,union_support,accountability,politically_engaged,download_app,4,3,2,1,"Johnson & Johnson's stance on union support is called out, with a link to download an app for more information.",Unclear metrics,Consider adding a visual element to increase engagement,0.8,"{
  ""content_lane"": ""company_callout"",
  ""topic"": ""union_support"",
  ""emotional_frame"": ""accountability"",
  ""audience"": ""politically_engaged"",
  ""cta_type"": ""download_app"",
  ""clarity_score"": 4,
  ""shareability_score"": 3,
  ""risk_score"": 2,
  ""visual_score"": 1,
  ""summary"": ""Johnson & Johnson's stance on union support is called out, with a link to download an app for more information."",
  ""failure_reason"": ""Unclear metrics"",
  ""repurpose_recommendation"": ""Consider adding a visual element to increase engagement"",
  ""confidence"": 0.8
}"
DdtprihloGB,threads,https://www.threads.com/@goodsuniteus/post/DdtprihloGB,social_content_descriptive_v1,ollama:llama3.1:8b,2026-10-01T12:51:32.882757+00:00,politician_issue_card,immigrant rights,informational,politically_engaged,download_app,5,4,3,1,Post about Jon Ossoff's stance on immigrant rights with a call to download an app for more information.,,Consider sharing on other platforms to reach a broader audience.,0.9,"{
  ""content_lane"": ""politician_issue_card"",
  ""topic"": ""immigrant rights"",
  ""emotional_frame"": ""informational"",
  ""audience"": ""politically_engaged"",
  ""cta_type"": ""download_app"",
  ""clarity_score"": 5,
  ""shareability_score"": 4,
  ""risk_score"": 3,
  ""visual_score"": 1,
  ""summary"": ""Post about Jon Ossoff's stance on immigrant rights with a call to download an app for more information."",
  ""failure_reason"": """",
  ""repurpose_recommendation"": ""Consider sharing on other platforms to reach a broader audience."",
  ""confidence"": 0.9
}"
