platform,post_id,post_url,published_at,author,text,media_type,views,impressions,reach,likes,comments,replies,shares,reposts,quotes,saves,bookmarks,link_clicks,raw,collected_at
bluesky,at://did:plc:dkqyfczjnig7me5b7ez54jdw/app.bsky.feed.post/3mwojirmlmw27,https://bsky.app/profile/goodsuniteus.bsky.social/post/3mwojirmlmw27,2026-09-29T19:05:25.381770+00:00,goodsuniteus.bsky.social,"BREAKING: Reid Hoffman gave $10,000,000 on June 30 to Lone Star Rising PAC, a Democratic super PAC backing James Talarico. See where LinkedIn's money goes at https://goodsuniteus.com/company/-LX7m62fCQSl_Pz_-jJT",text,,,,2,,0,,0,0,,0,,"{""uri"": ""at://did:plc:dkqyfczjnig7me5b7ez54jdw/app.bsky.feed.post/3mwojirmlmw27"", ""cid"": ""bafyreigaqsgwpjq6yvxrihw2lugzuvxmk7bkbytrkael3bjjl32vqt6yhu"", ""author"": {""did"": ""did:plc:dkqyfczjnig7me5b7ez54jdw"", ""handle"": ""goodsuniteus.bsky.social"", ""displayName"": ""GoodsUniteUs"", ""avatar"": ""https://cdn.bsky.app/img/avatar/plain/did:plc:dkqyfczjnig7me5b7ez54jdw/bafkreic4bs4qqqbpqabcc2wdrldjf4eh2jsoo7pdpjemtfdwrojlcobzse"", ""associated"": {""activitySubscription"": {""allowSubscriptions"": ""followers""}}, ""labels"": [], ""createdAt"": ""2024-11-22T00:30:07.952Z""}, ""record"": {""$type"": ""app.bsky.feed.post"", ""createdAt"": ""2026-09-29T19:05:25.381770+00:00"", ""facets"": [{""$type"": ""app.bsky.richtext.facet"", ""features"": [{""$type"": ""app.bsky.richtext.facet#link"", ""uri"": ""https://goodsuniteus.com/company/-LX7m62fCQSl_Pz_-jJT""}], ""index"": {""$type"": ""app.bsky.richtext.facet#byteSlice"", ""byteEnd"": 211, ""byteStart"": 158}}], ""langs"": [""en""], ""text"": ""BREAKING: Reid Hoffman gave $10,000,000 on June 30 to Lone Star Rising PAC, a Democratic super PAC backing James Talarico. See where LinkedIn's money goes at https://goodsuniteus.com/company/-LX7m62fCQSl_Pz_-jJT""}, ""bookmarkCount"": 0, ""replyCount"": 0, ""repostCount"": 0, ""likeCount"": 2, ""quoteCount"": 0, ""indexedAt"": ""2026-09-29T19:05:25.671Z"", ""labels"": []}",2026-09-29T20:39:17.321360+00:00
bluesky,at://did:plc:dkqyfczjnig7me5b7ez54jdw/app.bsky.feed.post/3mwmt6su6dj2y,https://bsky.app/profile/goodsuniteus.bsky.social/post/3mwmt6su6dj2y,2026-09-29T02:53:29.074725+00:00,goodsuniteus.bsky.social,"BREAKING: Michael Bloomberg gave $2,500,000 on July 28 to 314 Action Fund, a Democratic hybrid PAC. See where Bloomberg LP's money goes at https://goodsuniteus.com/company/-LX7m5zrQEQQ4WjIOkQz",text,,,,0,,0,,0,0,,0,,"{""uri"": ""at://did:plc:dkqyfczjnig7me5b7ez54jdw/app.bsky.feed.post/3mwmt6su6dj2y"", ""cid"": ""bafyreiayy4ng3ez66ju6ty4tahh32yicmzvz3dg4kndw33av57p5kbfmwu"", ""author"": {""did"": ""did:plc:dkqyfczjnig7me5b7ez54jdw"", ""handle"": ""goodsuniteus.bsky.social"", ""displayName"": ""GoodsUniteUs"", ""avatar"": ""https://cdn.bsky.app/img/avatar/plain/did:plc:dkqyfczjnig7me5b7ez54jdw/bafkreic4bs4qqqbpqabcc2wdrldjf4eh2jsoo7pdpjemtfdwrojlcobzse"", ""associated"": {""activitySubscription"": {""allowSubscriptions"": ""followers""}}, ""labels"": [], ""createdAt"": ""2024-11-22T00:30:07.952Z""}, ""record"": {""$type"": ""app.bsky.feed.post"", ""createdAt"": ""2026-09-29T02:53:29.074725+00:00"", ""facets"": [{""$type"": ""app.bsky.richtext.facet"", ""features"": [{""$type"": ""app.bsky.richtext.facet#link"", ""uri"": ""https://goodsuniteus.com/company/-LX7m5zrQEQQ4WjIOkQz""}], ""index"": {""$type"": ""app.bsky.richtext.facet#byteSlice"", ""byteEnd"": 192, ""byteStart"": 139}}], ""langs"": [""en""], ""text"": ""BREAKING: Michael Bloomberg gave $2,500,000 on July 28 to 314 Action Fund, a Democratic hybrid PAC. See where Bloomberg LP's money goes at https://goodsuniteus.com/company/-LX7m5zrQEQQ4WjIOkQz""}, ""bookmarkCount"": 0, ""replyCount"": 0, ""repostCount"": 0, ""likeCount"": 0, ""quoteCount"": 0, ""indexedAt"": ""2026-09-29T02:53:29.465Z"", ""labels"": []}",2026-09-29T20:39:17.321410+00:00
bluesky,at://did:plc:dkqyfczjnig7me5b7ez54jdw/app.bsky.feed.post/3mwlitovds522,https://bsky.app/profile/goodsuniteus.bsky.social/post/3mwlitovds522,2026-09-28T14:15:38.662924+00:00,goodsuniteus.bsky.social,See how Johnson & Johnson feels about Raising Minimum Wage. Download the free app to see more. https://www.goodsuniteus.com/issues/-LX7m60z84aRskXqzjsL,image,,,,0,,0,,0,0,,0,,"{""uri"": ""at://did:plc:dkqyfczjnig7me5b7ez54jdw/app.bsky.feed.post/3mwlitovds522"", ""cid"": ""bafyreidlk7475wvoq3umesunhtjip55dh2ezz4he6266r2otdq3lymuzee"", ""author"": {""did"": ""did:plc:dkqyfczjnig7me5b7ez54jdw"", ""handle"": ""goodsuniteus.bsky.social"", ""displayName"": ""GoodsUniteUs"", ""avatar"": ""https://cdn.bsky.app/img/avatar/plain/did:plc:dkqyfczjnig7me5b7ez54jdw/bafkreic4bs4qqqbpqabcc2wdrldjf4eh2jsoo7pdpjemtfdwrojlcobzse"", ""associated"": {""activitySubscription"": {""allowSubscriptions"": ""followers""}}, ""labels"": [], ""createdAt"": ""2024-11-22T00:30:07.952Z""}, ""record"": {""$type"": ""app.bsky.feed.post"", ""createdAt"": ""2026-09-28T14:15:38.662924+00:00"", ""embed"": {""$type"": ""app.bsky.embed.images"", ""images"": [{""$type"": ""app.bsky.embed.images#image"", ""alt"": ""See how Johnson & Johnson feels about Raising Minimum Wage. Download the free app to see more."", ""aspectRatio"": {""$type"": ""app.bsky.embed.defs#aspectRatio"", ""height"": 1508, ""width"": 1206}, ""image"": {""$type"": ""blob"", ""ref"": {""$link"": ""bafkreifl4xkx7ezlcchah7j43s76eqnzra5hf7344qvasxpp3ee7vws6dm""}, ""mimeType"": ""image/jpeg"", ""size"": 170748}}]}, ""facets"": [{""$type"": ""app.bsky.richtext.facet"", ""features"": [{""$type"": ""app.bsky.richtext.facet#link"", ""uri"": ""https://www.goodsuniteus.com/issues/-LX7m60z84aRskXqzjsL""}], ""index"": {""$type"": ""app.bsky.richtext.facet#byteSlice"", ""byteEnd"": 151, ""byteStart"": 95}}], ""langs"": [""en""], ""text"": ""See how Johnson & Johnson feels about Raising Minimum Wage. Download the free app to see more. https://www.goodsuniteus.com/issues/-LX7m60z84aRskXqzjsL""}, ""embed"": {""images"": [{""thumb"": ""https://cdn.bsky.app/img/feed_thumbnail/plain/did:plc:dkqyfczjnig7me5b7ez54jdw/bafkreifl4xkx7ezlcchah7j43s76eqnzra5hf7344qvasxpp3ee7vws6dm"", ""fullsize"": ""https://cdn.bsky.app/img/feed_fullsize/plain/did:plc:dkqyfczjnig7me5b7ez54jdw/bafkreifl4xkx7ezlcchah7j43s76eqnzra5hf7344qvasxpp3ee7vws6dm"", ""alt"": ""See how Johnson & Johnson feels about Raising Minimum Wage. Download the free app to see more."", ""aspectRatio"": {""$type"": ""app.bsky.embed.defs#aspectRatio"", ""height"": 1508, ""width"": 1206}}], ""$type"": ""app.bsky.embed.images#view""}, ""bookmarkCount"": 0, ""replyCount"": 0, ""repostCount"": 0, ""likeCount"": 0, ""quoteCount"": 0, ""indexedAt"": ""2026-09-28T14:15:39.168Z"", ""labels"": []}",2026-09-29T20:39:17.321441+00:00
bluesky,at://did:plc:dkqyfczjnig7me5b7ez54jdw/app.bsky.feed.post/3mwdxg7ybu627,https://bsky.app/profile/goodsuniteus.bsky.social/post/3mwdxg7ybu627,2026-09-25T14:15:15.047667+00:00,goodsuniteus.bsky.social,See where Jon Ossoff stands on LGBTQ Rights. Download the free app to see more. https://www.goodsuniteus.com/politician/-LaTXI9KG9AvhyNOFzGZ,image,,,,0,,0,,0,0,,0,,"{""uri"": ""at://did:plc:dkqyfczjnig7me5b7ez54jdw/app.bsky.feed.post/3mwdxg7ybu627"", ""cid"": ""bafyreif33cef4hzljd7gmsw4ac3c73rpo57btft6araa5pdszipzl5rgyi"", ""author"": {""did"": ""did:plc:dkqyfczjnig7me5b7ez54jdw"", ""handle"": ""goodsuniteus.bsky.social"", ""displayName"": ""GoodsUniteUs"", ""avatar"": ""https://cdn.bsky.app/img/avatar/plain/did:plc:dkqyfczjnig7me5b7ez54jdw/bafkreic4bs4qqqbpqabcc2wdrldjf4eh2jsoo7pdpjemtfdwrojlcobzse"", ""associated"": {""activitySubscription"": {""allowSubscriptions"": ""followers""}}, ""labels"": [], ""createdAt"": ""2024-11-22T00:30:07.952Z""}, ""record"": {""$type"": ""app.bsky.feed.post"", ""createdAt"": ""2026-09-25T14:15:15.047667+00:00"", ""embed"": {""$type"": ""app.bsky.embed.images"", ""images"": [{""$type"": ""app.bsky.embed.images#image"", ""alt"": ""See where Jon Ossoff stands on LGBTQ Rights. Download the free app to see more."", ""aspectRatio"": {""$type"": ""app.bsky.embed.defs#aspectRatio"", ""height"": 1508, ""width"": 1206}, ""image"": {""$type"": ""blob"", ""ref"": {""$link"": ""bafkreihfikbir5ii2aswr54p7jsccaqvuudtvgyp2ivxl6sd446ahggiwm""}, ""mimeType"": ""image/jpeg"", ""size"": 156043}}]}, ""facets"": [{""$type"": ""app.bsky.richtext.facet"", ""features"": [{""$type"": ""app.bsky.richtext.facet#link"", ""uri"": ""https://www.goodsuniteus.com/politician/-LaTXI9KG9AvhyNOFzGZ""}], ""index"": {""$type"": ""app.bsky.richtext.facet#byteSlice"", ""byteEnd"": 140, ""byteStart"": 80}}], ""langs"": [""en""], ""text"": ""See where Jon Ossoff stands on LGBTQ Rights. Download the free app to see more. https://www.goodsuniteus.com/politician/-LaTXI9KG9AvhyNOFzGZ""}, ""embed"": {""images"": [{""thumb"": ""https://cdn.bsky.app/img/feed_thumbnail/plain/did:plc:dkqyfczjnig7me5b7ez54jdw/bafkreihfikbir5ii2aswr54p7jsccaqvuudtvgyp2ivxl6sd446ahggiwm"", ""fullsize"": ""https://cdn.bsky.app/img/feed_fullsize/plain/did:plc:dkqyfczjnig7me5b7ez54jdw/bafkreihfikbir5ii2aswr54p7jsccaqvuudtvgyp2ivxl6sd446ahggiwm"", ""alt"": ""See where Jon Ossoff stands on LGBTQ Rights. Download the free app to see more."", ""aspectRatio"": {""$type"": ""app.bsky.embed.defs#aspectRatio"", ""height"": 1508, ""width"": 1206}}], ""$type"": ""app.bsky.embed.images#view""}, ""bookmarkCount"": 0, ""replyCount"": 0, ""repostCount"": 0, ""likeCount"": 0, ""quoteCount"": 0, ""indexedAt"": ""2026-09-25T14:15:16.056Z"", ""labels"": []}",2026-09-29T20:39:17.321464+00:00
bluesky,at://did:plc:dkqyfczjnig7me5b7ez54jdw/app.bsky.feed.post/3mw4ysbkoak2l,https://bsky.app/profile/goodsuniteus.bsky.social/post/3mw4ysbkoak2l,2026-09-22T19:51:14.919353+00:00,goodsuniteus.bsky.social,"BREAKING: Marc Andreessen gave $3,167 to First in Freedom PAC, a Republican leadership PAC. See where Coinbase's money goes at https://goodsuniteus.com/company/-NM06cWJmHPrw77a-vSP",text,,,,4,,0,,3,0,,0,,"{""uri"": ""at://did:plc:dkqyfczjnig7me5b7ez54jdw/app.bsky.feed.post/3mw4ysbkoak2l"", ""cid"": ""bafyreicbqfq6dbujtvdsbuquej7jrbwmq6342vb6c5cwo6hl4fumkc33fu"", ""author"": {""did"": ""did:plc:dkqyfczjnig7me5b7ez54jdw"", ""handle"": ""goodsuniteus.bsky.social"", ""displayName"": ""GoodsUniteUs"", ""avatar"": ""https://cdn.bsky.app/img/avatar/plain/did:plc:dkqyfczjnig7me5b7ez54jdw/bafkreic4bs4qqqbpqabcc2wdrldjf4eh2jsoo7pdpjemtfdwrojlcobzse"", ""associated"": {""activitySubscription"": {""allowSubscriptions"": ""followers""}}, ""labels"": [], ""createdAt"": ""2024-11-22T00:30:07.952Z""}, ""record"": {""$type"": ""app.bsky.feed.post"", ""createdAt"": ""2026-09-22T19:51:14.919353+00:00"", ""facets"": [{""$type"": ""app.bsky.richtext.facet"", ""features"": [{""$type"": ""app.bsky.richtext.facet#link"", ""uri"": ""https://goodsuniteus.com/company/-NM06cWJmHPrw77a-vSP""}], ""index"": {""$type"": ""app.bsky.richtext.facet#byteSlice"", ""byteEnd"": 180, ""byteStart"": 127}}], ""langs"": [""en""], ""text"": ""BREAKING: Marc Andreessen gave $3,167 to First in Freedom PAC, a Republican leadership PAC. See where Coinbase's money goes at https://goodsuniteus.com/company/-NM06cWJmHPrw77a-vSP""}, ""bookmarkCount"": 0, ""replyCount"": 0, ""repostCount"": 3, ""likeCount"": 4, ""quoteCount"": 0, ""indexedAt"": ""2026-09-22T19:51:15.070Z"", ""labels"": []}",2026-09-29T20:39:17.321479+00:00
bluesky,at://did:plc:dkqyfczjnig7me5b7ez54jdw/app.bsky.feed.post/3mvzvkonbee2a,https://bsky.app/profile/goodsuniteus.bsky.social/post/3mvzvkonbee2a,2026-09-21T14:15:19.760533+00:00,goodsuniteus.bsky.social,See how Procter & Gamble feels about Environment Regulations & Renewable Energy Spending. Download the free app to see more. https://www.goodsuniteus.com/issues/-LX7m60rvJvllJn9yJL6,image,,,,3,,0,,0,0,,0,,"{""uri"": ""at://did:plc:dkqyfczjnig7me5b7ez54jdw/app.bsky.feed.post/3mvzvkonbee2a"", ""cid"": ""bafyreihvc7nz2bkl7z3xbg5simwyebmbfeqpfr6i2kusax44bg3lwsqvmu"", ""author"": {""did"": ""did:plc:dkqyfczjnig7me5b7ez54jdw"", ""handle"": ""goodsuniteus.bsky.social"", ""displayName"": ""GoodsUniteUs"", ""avatar"": ""https://cdn.bsky.app/img/avatar/plain/did:plc:dkqyfczjnig7me5b7ez54jdw/bafkreic4bs4qqqbpqabcc2wdrldjf4eh2jsoo7pdpjemtfdwrojlcobzse"", ""associated"": {""activitySubscription"": {""allowSubscriptions"": ""followers""}}, ""labels"": [], ""createdAt"": ""2024-11-22T00:30:07.952Z""}, ""record"": {""$type"": ""app.bsky.feed.post"", ""createdAt"": ""2026-09-21T14:15:19.760533+00:00"", ""embed"": {""$type"": ""app.bsky.embed.images"", ""images"": [{""$type"": ""app.bsky.embed.images#image"", ""alt"": ""See how Procter & Gamble feels about Environment Regulations & Renewable Energy Spending. Download the free app to see more."", ""aspectRatio"": {""$type"": ""app.bsky.embed.defs#aspectRatio"", ""height"": 1508, ""width"": 1206}, ""image"": {""$type"": ""blob"", ""ref"": {""$link"": ""bafkreidgowgx7psqe6js6n3qherjnskb7yc56j46fo4ibs5nmtw3fi6xou""}, ""mimeType"": ""image/jpeg"", ""size"": 169337}}]}, ""facets"": [{""$type"": ""app.bsky.richtext.facet"", ""features"": [{""$type"": ""app.bsky.richtext.facet#link"", ""uri"": ""https://www.goodsuniteus.com/issues/-LX7m60rvJvllJn9yJL6""}], ""index"": {""$type"": ""app.bsky.richtext.facet#byteSlice"", ""byteEnd"": 181, ""byteStart"": 125}}], ""langs"": [""en""], ""text"": ""See how Procter & Gamble feels about Environment Regulations & Renewable Energy Spending. Download the free app to see more. https://www.goodsuniteus.com/issues/-LX7m60rvJvllJn9yJL6""}, ""embed"": {""images"": [{""thumb"": ""https://cdn.bsky.app/img/feed_thumbnail/plain/did:plc:dkqyfczjnig7me5b7ez54jdw/bafkreidgowgx7psqe6js6n3qherjnskb7yc56j46fo4ibs5nmtw3fi6xou"", ""fullsize"": ""https://cdn.bsky.app/img/feed_fullsize/plain/did:plc:dkqyfczjnig7me5b7ez54jdw/bafkreidgowgx7psqe6js6n3qherjnskb7yc56j46fo4ibs5nmtw3fi6xou"", ""alt"": ""See how Procter & Gamble feels about Environment Regulations & Renewable Energy Spending. Download the free app to see more."", ""aspectRatio"": {""$type"": ""app.bsky.embed.defs#aspectRatio"", ""height"": 1508, ""width"": 1206}}], ""$type"": ""app.bsky.embed.images#view""}, ""bookmarkCount"": 0, ""replyCount"": 0, ""repostCount"": 0, ""likeCount"": 3, ""quoteCount"": 0, ""indexedAt"": ""2026-09-21T14:15:20.274Z"", ""labels"": []}",2026-09-29T20:39:17.321501+00:00
bluesky,at://did:plc:dkqyfczjnig7me5b7ez54jdw/app.bsky.feed.post/3mvt2ytsvmo2a,https://bsky.app/profile/goodsuniteus.bsky.social/post/3mvt2ytsvmo2a,2026-09-18T21:04:05.489468+00:00,goodsuniteus.bsky.social,"BREAKING: Miriam Adelson gave $7,000 to South Dakota Values PAC, a Republican super PAC backing Marty Jackley. See where Las Vegas Sands' money goes at https://goodsuniteus.com/company/-LX7m61mjZOYoQ81MALc",text,,,,1,,0,,0,0,,0,,"{""uri"": ""at://did:plc:dkqyfczjnig7me5b7ez54jdw/app.bsky.feed.post/3mvt2ytsvmo2a"", ""cid"": ""bafyreidxwbngj2fz2ctancae4rvulqf2icgovfa3xbsr4ooh5fow363cke"", ""author"": {""did"": ""did:plc:dkqyfczjnig7me5b7ez54jdw"", ""handle"": ""goodsuniteus.bsky.social"", ""displayName"": ""GoodsUniteUs"", ""avatar"": ""https://cdn.bsky.app/img/avatar/plain/did:plc:dkqyfczjnig7me5b7ez54jdw/bafkreic4bs4qqqbpqabcc2wdrldjf4eh2jsoo7pdpjemtfdwrojlcobzse"", ""associated"": {""activitySubscription"": {""allowSubscriptions"": ""followers""}}, ""labels"": [], ""createdAt"": ""2024-11-22T00:30:07.952Z""}, ""record"": {""$type"": ""app.bsky.feed.post"", ""createdAt"": ""2026-09-18T21:04:05.489468+00:00"", ""facets"": [{""$type"": ""app.bsky.richtext.facet"", ""features"": [{""$type"": ""app.bsky.richtext.facet#link"", ""uri"": ""https://goodsuniteus.com/company/-LX7m61mjZOYoQ81MALc""}], ""index"": {""$type"": ""app.bsky.richtext.facet#byteSlice"", ""byteEnd"": 205, ""byteStart"": 152}}], ""langs"": [""en""], ""text"": ""BREAKING: Miriam Adelson gave $7,000 to South Dakota Values PAC, a Republican super PAC backing Marty Jackley. See where Las Vegas Sands' money goes at https://goodsuniteus.com/company/-LX7m61mjZOYoQ81MALc""}, ""bookmarkCount"": 0, ""replyCount"": 0, ""repostCount"": 0, ""likeCount"": 1, ""quoteCount"": 0, ""indexedAt"": ""2026-09-18T21:04:05.757Z"", ""labels"": []}",2026-09-29T20:39:17.321515+00:00
bluesky,at://did:plc:dkqyfczjnig7me5b7ez54jdw/app.bsky.feed.post/3mvspqrl3lz26,https://bsky.app/profile/goodsuniteus.bsky.social/post/3mvspqrl3lz26,2026-09-18T17:42:43.541166+00:00,goodsuniteus.bsky.social,See where Laura Gillen stands on Gun Control. Download the free app to see more. https://www.goodsuniteus.com/politician/-Oqo8_BMQ-4gKftoniGA,image,,,,1,,0,,1,0,,0,,"{""uri"": ""at://did:plc:dkqyfczjnig7me5b7ez54jdw/app.bsky.feed.post/3mvspqrl3lz26"", ""cid"": ""bafyreiegr7iwadxkxdhu73cni42qomtl3llp4y6iyytl4tlng2ikkhebti"", ""author"": {""did"": ""did:plc:dkqyfczjnig7me5b7ez54jdw"", ""handle"": ""goodsuniteus.bsky.social"", ""displayName"": ""GoodsUniteUs"", ""avatar"": ""https://cdn.bsky.app/img/avatar/plain/did:plc:dkqyfczjnig7me5b7ez54jdw/bafkreic4bs4qqqbpqabcc2wdrldjf4eh2jsoo7pdpjemtfdwrojlcobzse"", ""associated"": {""activitySubscription"": {""allowSubscriptions"": ""followers""}}, ""labels"": [], ""createdAt"": ""2024-11-22T00:30:07.952Z""}, ""record"": {""$type"": ""app.bsky.feed.post"", ""createdAt"": ""2026-09-18T17:42:43.541166+00:00"", ""embed"": {""$type"": ""app.bsky.embed.images"", ""images"": [{""$type"": ""app.bsky.embed.images#image"", ""alt"": ""See where Laura Gillen stands on Gun Control. Download the free app to see more."", ""aspectRatio"": {""$type"": ""app.bsky.embed.defs#aspectRatio"", ""height"": 1508, ""width"": 1206}, ""image"": {""$type"": ""blob"", ""ref"": {""$link"": ""bafkreicrzttfwnlludbievfofdfam6gbxwgr7ht7asxkknt4y67t4uwa5u""}, ""mimeType"": ""image/jpeg"", ""size"": 149215}}]}, ""facets"": [{""$type"": ""app.bsky.richtext.facet"", ""features"": [{""$type"": ""app.bsky.richtext.facet#link"", ""uri"": ""https://www.goodsuniteus.com/politician/-Oqo8_BMQ-4gKftoniGA""}], ""index"": {""$type"": ""app.bsky.richtext.facet#byteSlice"", ""byteEnd"": 141, ""byteStart"": 81}}], ""langs"": [""en""], ""text"": ""See where Laura Gillen stands on Gun Control. Download the free app to see more. https://www.goodsuniteus.com/politician/-Oqo8_BMQ-4gKftoniGA""}, ""embed"": {""images"": [{""thumb"": ""https://cdn.bsky.app/img/feed_thumbnail/plain/did:plc:dkqyfczjnig7me5b7ez54jdw/bafkreicrzttfwnlludbievfofdfam6gbxwgr7ht7asxkknt4y67t4uwa5u"", ""fullsize"": ""https://cdn.bsky.app/img/feed_fullsize/plain/did:plc:dkqyfczjnig7me5b7ez54jdw/bafkreicrzttfwnlludbievfofdfam6gbxwgr7ht7asxkknt4y67t4uwa5u"", ""alt"": ""See where Laura Gillen stands on Gun Control. Download the free app to see more."", ""aspectRatio"": {""$type"": ""app.bsky.embed.defs#aspectRatio"", ""height"": 1508, ""width"": 1206}}], ""$type"": ""app.bsky.embed.images#view""}, ""bookmarkCount"": 0, ""replyCount"": 0, ""repostCount"": 1, ""likeCount"": 1, ""quoteCount"": 0, ""indexedAt"": ""2026-09-18T17:42:44.362Z"", ""labels"": []}",2026-09-29T20:39:17.321536+00:00
bluesky,at://did:plc:dkqyfczjnig7me5b7ez54jdw/app.bsky.feed.post/3mvivjaf7aw2a,https://bsky.app/profile/goodsuniteus.bsky.social/post/3mvivjaf7aw2a,2026-09-14T19:59:15.708960+00:00,goodsuniteus.bsky.social,See how Progressive feels about Abortion & Reproductive Rights. https://www.goodsuniteus.com/issues/-LX7m60_y5uDkDSt5eaK,image,,,,4,,0,,0,1,,0,,"{""uri"": ""at://did:plc:dkqyfczjnig7me5b7ez54jdw/app.bsky.feed.post/3mvivjaf7aw2a"", ""cid"": ""bafyreibb662xv4ukjilhup3m7tkm7rnvhfvavqrpcmbncma7ij4b6rtewu"", ""author"": {""did"": ""did:plc:dkqyfczjnig7me5b7ez54jdw"", ""handle"": ""goodsuniteus.bsky.social"", ""displayName"": ""GoodsUniteUs"", ""avatar"": ""https://cdn.bsky.app/img/avatar/plain/did:plc:dkqyfczjnig7me5b7ez54jdw/bafkreic4bs4qqqbpqabcc2wdrldjf4eh2jsoo7pdpjemtfdwrojlcobzse"", ""associated"": {""activitySubscription"": {""allowSubscriptions"": ""followers""}}, ""labels"": [], ""createdAt"": ""2024-11-22T00:30:07.952Z""}, ""record"": {""$type"": ""app.bsky.feed.post"", ""createdAt"": ""2026-09-14T19:59:15.708960+00:00"", ""embed"": {""$type"": ""app.bsky.embed.images"", ""images"": [{""$type"": ""app.bsky.embed.images#image"", ""alt"": ""See how Progressive feels about Abortion & Reproductive Rights."", ""aspectRatio"": {""$type"": ""app.bsky.embed.defs#aspectRatio"", ""height"": 1508, ""width"": 1206}, ""image"": {""$type"": ""blob"", ""ref"": {""$link"": ""bafkreifjsdig2xtm7u5vfkl7azzekv6o7rteg2bcorjh5jv52xjblyqmnm""}, ""mimeType"": ""image/jpeg"", ""size"": 167863}}]}, ""facets"": [{""$type"": ""app.bsky.richtext.facet"", ""features"": [{""$type"": ""app.bsky.richtext.facet#link"", ""uri"": ""https://www.goodsuniteus.com/issues/-LX7m60_y5uDkDSt5eaK""}], ""index"": {""$type"": ""app.bsky.richtext.facet#byteSlice"", ""byteEnd"": 120, ""byteStart"": 64}}], ""langs"": [""en""], ""text"": ""See how Progressive feels about Abortion & Reproductive Rights. https://www.goodsuniteus.com/issues/-LX7m60_y5uDkDSt5eaK""}, ""embed"": {""images"": [{""thumb"": ""https://cdn.bsky.app/img/feed_thumbnail/plain/did:plc:dkqyfczjnig7me5b7ez54jdw/bafkreifjsdig2xtm7u5vfkl7azzekv6o7rteg2bcorjh5jv52xjblyqmnm"", ""fullsize"": ""https://cdn.bsky.app/img/feed_fullsize/plain/did:plc:dkqyfczjnig7me5b7ez54jdw/bafkreifjsdig2xtm7u5vfkl7azzekv6o7rteg2bcorjh5jv52xjblyqmnm"", ""alt"": ""See how Progressive feels about Abortion & Reproductive Rights."", ""aspectRatio"": {""$type"": ""app.bsky.embed.defs#aspectRatio"", ""height"": 1508, ""width"": 1206}}], ""$type"": ""app.bsky.embed.images#view""}, ""bookmarkCount"": 0, ""replyCount"": 0, ""repostCount"": 0, ""likeCount"": 4, ""quoteCount"": 1, ""indexedAt"": ""2026-09-14T19:59:16.570Z"", ""labels"": []}",2026-09-29T20:39:17.321555+00:00
bluesky,at://did:plc:dkqyfczjnig7me5b7ez54jdw/app.bsky.feed.post/3mviccrfs6y2a,https://bsky.app/profile/goodsuniteus.bsky.social/post/3mviccrfs6y2a,2026-09-14T14:15:37.580389+00:00,goodsuniteus.bsky.social,See how Progressive feels about Education Spending. https://www.goodsuniteus.com/issues/-LX7m60_y5uDkDSt5eaK,text,,,,3,,0,,0,0,,0,,"{""uri"": ""at://did:plc:dkqyfczjnig7me5b7ez54jdw/app.bsky.feed.post/3mviccrfs6y2a"", ""cid"": ""bafyreifesyq44twjlztyd2qvb67pslon7w37kb3cq4chrrdqvzv75es32e"", ""author"": {""did"": ""did:plc:dkqyfczjnig7me5b7ez54jdw"", ""handle"": ""goodsuniteus.bsky.social"", ""displayName"": ""GoodsUniteUs"", ""avatar"": ""https://cdn.bsky.app/img/avatar/plain/did:plc:dkqyfczjnig7me5b7ez54jdw/bafkreic4bs4qqqbpqabcc2wdrldjf4eh2jsoo7pdpjemtfdwrojlcobzse"", ""associated"": {""activitySubscription"": {""allowSubscriptions"": ""followers""}}, ""labels"": [], ""createdAt"": ""2024-11-22T00:30:07.952Z""}, ""record"": {""$type"": ""app.bsky.feed.post"", ""createdAt"": ""2026-09-14T14:15:37.580389+00:00"", ""facets"": [{""$type"": ""app.bsky.richtext.facet"", ""features"": [{""$type"": ""app.bsky.richtext.facet#link"", ""uri"": ""https://www.goodsuniteus.com/issues/-LX7m60_y5uDkDSt5eaK""}], ""index"": {""$type"": ""app.bsky.richtext.facet#byteSlice"", ""byteEnd"": 108, ""byteStart"": 52}}], ""langs"": [""en""], ""text"": ""See how Progressive feels about Education Spending. https://www.goodsuniteus.com/issues/-LX7m60_y5uDkDSt5eaK""}, ""bookmarkCount"": 0, ""replyCount"": 0, ""repostCount"": 0, ""likeCount"": 3, ""quoteCount"": 0, ""indexedAt"": ""2026-09-14T14:15:37.861Z"", ""labels"": []}",2026-09-29T20:39:17.321569+00:00
bluesky,at://did:plc:dkqyfczjnig7me5b7ez54jdw/app.bsky.feed.post/3mvaqvyuz4r24,https://bsky.app/profile/goodsuniteus.bsky.social/post/3mvaqvyuz4r24,2026-09-11T14:15:37.432604+00:00,goodsuniteus.bsky.social,See where Dave Min stands on Gun Control. https://www.goodsuniteus.com/politician/-OPaZpIw13RWCgPeUFg9,text,,,,1,,0,,1,0,,0,,"{""uri"": ""at://did:plc:dkqyfczjnig7me5b7ez54jdw/app.bsky.feed.post/3mvaqvyuz4r24"", ""cid"": ""bafyreiesrefpsssadipafrhc6tg6hgdzdomsoqpfj6yynnoam42uzlbvja"", ""author"": {""did"": ""did:plc:dkqyfczjnig7me5b7ez54jdw"", ""handle"": ""goodsuniteus.bsky.social"", ""displayName"": ""GoodsUniteUs"", ""avatar"": ""https://cdn.bsky.app/img/avatar/plain/did:plc:dkqyfczjnig7me5b7ez54jdw/bafkreic4bs4qqqbpqabcc2wdrldjf4eh2jsoo7pdpjemtfdwrojlcobzse"", ""associated"": {""activitySubscription"": {""allowSubscriptions"": ""followers""}}, ""labels"": [], ""createdAt"": ""2024-11-22T00:30:07.952Z""}, ""record"": {""$type"": ""app.bsky.feed.post"", ""createdAt"": ""2026-09-11T14:15:37.432604+00:00"", ""facets"": [{""$type"": ""app.bsky.richtext.facet"", ""features"": [{""$type"": ""app.bsky.richtext.facet#link"", ""uri"": ""https://www.goodsuniteus.com/politician/-OPaZpIw13RWCgPeUFg9""}], ""index"": {""$type"": ""app.bsky.richtext.facet#byteSlice"", ""byteEnd"": 102, ""byteStart"": 42}}], ""langs"": [""en""], ""text"": ""See where Dave Min stands on Gun Control. https://www.goodsuniteus.com/politician/-OPaZpIw13RWCgPeUFg9""}, ""bookmarkCount"": 0, ""replyCount"": 0, ""repostCount"": 1, ""likeCount"": 1, ""quoteCount"": 0, ""indexedAt"": ""2026-09-11T14:15:37.670Z"", ""labels"": []}",2026-09-29T20:39:17.321582+00:00
bluesky,at://did:plc:dkqyfczjnig7me5b7ez54jdw/app.bsky.feed.post/3muwozmighy2g,https://bsky.app/profile/goodsuniteus.bsky.social/post/3muwozmighy2g,2026-09-07T14:15:13.788948+00:00,goodsuniteus.bsky.social,See how Home Depot feels about Israel. https://www.goodsuniteus.com/issues/-LX7m60Xx_Z9DLMVvGUl,text,,,,1,,0,,0,0,,0,,"{""uri"": ""at://did:plc:dkqyfczjnig7me5b7ez54jdw/app.bsky.feed.post/3muwozmighy2g"", ""cid"": ""bafyreiftx6ltxpw5qurtsoyupnisq56yfnwm7w23453ktsa66n5ogm2yse"", ""author"": {""did"": ""did:plc:dkqyfczjnig7me5b7ez54jdw"", ""handle"": ""goodsuniteus.bsky.social"", ""displayName"": ""GoodsUniteUs"", ""avatar"": ""https://cdn.bsky.app/img/avatar/plain/did:plc:dkqyfczjnig7me5b7ez54jdw/bafkreic4bs4qqqbpqabcc2wdrldjf4eh2jsoo7pdpjemtfdwrojlcobzse"", ""associated"": {""activitySubscription"": {""allowSubscriptions"": ""followers""}}, ""labels"": [], ""createdAt"": ""2024-11-22T00:30:07.952Z""}, ""record"": {""$type"": ""app.bsky.feed.post"", ""createdAt"": ""2026-09-07T14:15:13.788948+00:00"", ""facets"": [{""$type"": ""app.bsky.richtext.facet"", ""features"": [{""$type"": ""app.bsky.richtext.facet#link"", ""uri"": ""https://www.goodsuniteus.com/issues/-LX7m60Xx_Z9DLMVvGUl""}], ""index"": {""$type"": ""app.bsky.richtext.facet#byteSlice"", ""byteEnd"": 95, ""byteStart"": 39}}], ""langs"": [""en""], ""text"": ""See how Home Depot feels about Israel. https://www.goodsuniteus.com/issues/-LX7m60Xx_Z9DLMVvGUl""}, ""bookmarkCount"": 0, ""replyCount"": 0, ""repostCount"": 0, ""likeCount"": 1, ""quoteCount"": 0, ""indexedAt"": ""2026-09-07T14:15:14.762Z"", ""labels"": []}",2026-09-29T20:39:17.321595+00:00
bluesky,at://did:plc:dkqyfczjnig7me5b7ez54jdw/app.bsky.feed.post/3mup5n7x4ni2x,https://bsky.app/profile/goodsuniteus.bsky.social/post/3mup5n7x4ni2x,2026-09-04T14:15:26.202448+00:00,goodsuniteus.bsky.social,See where Yevgeny Vindman stands on Social Security & Medicare Expansion. https://www.goodsuniteus.com/politician/-OPaZmwdWxh7FZ65ZnQG,text,,,,0,,0,,0,0,,0,,"{""uri"": ""at://did:plc:dkqyfczjnig7me5b7ez54jdw/app.bsky.feed.post/3mup5n7x4ni2x"", ""cid"": ""bafyreihzenmo6nr4tusmt6roe2z5sgacm5mfziy2qou46k4atkcarnz52i"", ""author"": {""did"": ""did:plc:dkqyfczjnig7me5b7ez54jdw"", ""handle"": ""goodsuniteus.bsky.social"", ""displayName"": ""GoodsUniteUs"", ""avatar"": ""https://cdn.bsky.app/img/avatar/plain/did:plc:dkqyfczjnig7me5b7ez54jdw/bafkreic4bs4qqqbpqabcc2wdrldjf4eh2jsoo7pdpjemtfdwrojlcobzse"", ""associated"": {""activitySubscription"": {""allowSubscriptions"": ""followers""}}, ""labels"": [], ""createdAt"": ""2024-11-22T00:30:07.952Z""}, ""record"": {""$type"": ""app.bsky.feed.post"", ""createdAt"": ""2026-09-04T14:15:26.202448+00:00"", ""facets"": [{""$type"": ""app.bsky.richtext.facet"", ""features"": [{""$type"": ""app.bsky.richtext.facet#link"", ""uri"": ""https://www.goodsuniteus.com/politician/-OPaZmwdWxh7FZ65ZnQG""}], ""index"": {""$type"": ""app.bsky.richtext.facet#byteSlice"", ""byteEnd"": 134, ""byteStart"": 74}}], ""langs"": [""en""], ""text"": ""See where Yevgeny Vindman stands on Social Security & Medicare Expansion. https://www.goodsuniteus.com/politician/-OPaZmwdWxh7FZ65ZnQG""}, ""bookmarkCount"": 0, ""replyCount"": 0, ""repostCount"": 0, ""likeCount"": 0, ""quoteCount"": 0, ""indexedAt"": ""2026-09-04T14:15:26.370Z"", ""labels"": []}",2026-09-29T20:39:17.321611+00:00
bluesky,at://did:plc:dkqyfczjnig7me5b7ez54jdw/app.bsky.feed.post/3muf3reo63p2y,https://bsky.app/profile/goodsuniteus.bsky.social/post/3muf3reo63p2y,2026-08-31T14:15:20.504175+00:00,goodsuniteus.bsky.social,See how Airbnb feels about Israel. https://www.goodsuniteus.com/issues/-LX7m6-RxniAGUnR3R1m,text,,,,1,,0,,0,0,,0,,"{""uri"": ""at://did:plc:dkqyfczjnig7me5b7ez54jdw/app.bsky.feed.post/3muf3reo63p2y"", ""cid"": ""bafyreidit3bblrplglz4h7lslmcezqnkrxd2w6atlhmmu3cm62befzqoqm"", ""author"": {""did"": ""did:plc:dkqyfczjnig7me5b7ez54jdw"", ""handle"": ""goodsuniteus.bsky.social"", ""displayName"": ""GoodsUniteUs"", ""avatar"": ""https://cdn.bsky.app/img/avatar/plain/did:plc:dkqyfczjnig7me5b7ez54jdw/bafkreic4bs4qqqbpqabcc2wdrldjf4eh2jsoo7pdpjemtfdwrojlcobzse"", ""associated"": {""activitySubscription"": {""allowSubscriptions"": ""followers""}}, ""labels"": [], ""createdAt"": ""2024-11-22T00:30:07.952Z""}, ""record"": {""$type"": ""app.bsky.feed.post"", ""createdAt"": ""2026-08-31T14:15:20.504175+00:00"", ""facets"": [{""$type"": ""app.bsky.richtext.facet"", ""features"": [{""$type"": ""app.bsky.richtext.facet#link"", ""uri"": ""https://www.goodsuniteus.com/issues/-LX7m6-RxniAGUnR3R1m""}], ""index"": {""$type"": ""app.bsky.richtext.facet#byteSlice"", ""byteEnd"": 91, ""byteStart"": 35}}], ""langs"": [""en""], ""text"": ""See how Airbnb feels about Israel. https://www.goodsuniteus.com/issues/-LX7m6-RxniAGUnR3R1m""}, ""bookmarkCount"": 0, ""replyCount"": 0, ""repostCount"": 0, ""likeCount"": 1, ""quoteCount"": 0, ""indexedAt"": ""2026-08-31T14:15:20.920Z"", ""labels"": []}",2026-09-29T20:39:17.321625+00:00
bluesky,at://did:plc:dkqyfczjnig7me5b7ez54jdw/app.bsky.feed.post/3mu5kesjer722,https://bsky.app/profile/goodsuniteus.bsky.social/post/3mu5kesjer722,2026-08-28T14:15:27.039507+00:00,goodsuniteus.bsky.social,See where Janelle Bynum stands on Gun Control. https://www.goodsuniteus.com/politician/-ONWYIJDhUOB44Kc_qkI,text,,,,0,,0,,0,0,,0,,"{""uri"": ""at://did:plc:dkqyfczjnig7me5b7ez54jdw/app.bsky.feed.post/3mu5kesjer722"", ""cid"": ""bafyreiaqh7vera7dlkab7m5cr4f62i5dzytpr6dpnnrgc3xn2kcbjbeo6i"", ""author"": {""did"": ""did:plc:dkqyfczjnig7me5b7ez54jdw"", ""handle"": ""goodsuniteus.bsky.social"", ""displayName"": ""GoodsUniteUs"", ""avatar"": ""https://cdn.bsky.app/img/avatar/plain/did:plc:dkqyfczjnig7me5b7ez54jdw/bafkreic4bs4qqqbpqabcc2wdrldjf4eh2jsoo7pdpjemtfdwrojlcobzse"", ""associated"": {""activitySubscription"": {""allowSubscriptions"": ""followers""}}, ""labels"": [], ""createdAt"": ""2024-11-22T00:30:07.952Z""}, ""record"": {""$type"": ""app.bsky.feed.post"", ""createdAt"": ""2026-08-28T14:15:27.039507+00:00"", ""facets"": [{""$type"": ""app.bsky.richtext.facet"", ""features"": [{""$type"": ""app.bsky.richtext.facet#link"", ""uri"": ""https://www.goodsuniteus.com/politician/-ONWYIJDhUOB44Kc_qkI""}], ""index"": {""$type"": ""app.bsky.richtext.facet#byteSlice"", ""byteEnd"": 107, ""byteStart"": 47}}], ""langs"": [""en""], ""text"": ""See where Janelle Bynum stands on Gun Control. https://www.goodsuniteus.com/politician/-ONWYIJDhUOB44Kc_qkI""}, ""bookmarkCount"": 0, ""replyCount"": 0, ""repostCount"": 0, ""likeCount"": 0, ""quoteCount"": 0, ""indexedAt"": ""2026-08-28T14:15:27.598Z"", ""labels"": []}",2026-09-29T20:39:17.321638+00:00
bluesky,at://did:plc:dkqyfczjnig7me5b7ez54jdw/app.bsky.feed.post/3mttliir2ei23,https://bsky.app/profile/goodsuniteus.bsky.social/post/3mttliir2ei23,2026-08-24T15:08:47.378227+00:00,goodsuniteus.bsky.social,See where DELIA RAMIREZ stands on Gun Control. https://www.goodsuniteus.com/politician/-ODbZYsKB5qNrW4CmjxT,text,,,,1,,0,,0,0,,0,,"{""uri"": ""at://did:plc:dkqyfczjnig7me5b7ez54jdw/app.bsky.feed.post/3mttliir2ei23"", ""cid"": ""bafyreievthevedkikjxbhe3p7pbgnbjnrrwwh6eseeg5qmip2jxfieejuq"", ""author"": {""did"": ""did:plc:dkqyfczjnig7me5b7ez54jdw"", ""handle"": ""goodsuniteus.bsky.social"", ""displayName"": ""GoodsUniteUs"", ""avatar"": ""https://cdn.bsky.app/img/avatar/plain/did:plc:dkqyfczjnig7me5b7ez54jdw/bafkreic4bs4qqqbpqabcc2wdrldjf4eh2jsoo7pdpjemtfdwrojlcobzse"", ""associated"": {""activitySubscription"": {""allowSubscriptions"": ""followers""}}, ""labels"": [], ""createdAt"": ""2024-11-22T00:30:07.952Z""}, ""record"": {""$type"": ""app.bsky.feed.post"", ""createdAt"": ""2026-08-24T15:08:47.378227+00:00"", ""facets"": [{""$type"": ""app.bsky.richtext.facet"", ""features"": [{""$type"": ""app.bsky.richtext.facet#link"", ""uri"": ""https://www.goodsuniteus.com/politician/-ODbZYsKB5qNrW4CmjxT""}], ""index"": {""$type"": ""app.bsky.richtext.facet#byteSlice"", ""byteEnd"": 107, ""byteStart"": 47}}], ""langs"": [""en""], ""text"": ""See where DELIA RAMIREZ stands on Gun Control. https://www.goodsuniteus.com/politician/-ODbZYsKB5qNrW4CmjxT""}, ""bookmarkCount"": 0, ""replyCount"": 0, ""repostCount"": 0, ""likeCount"": 1, ""quoteCount"": 0, ""indexedAt"": ""2026-08-24T15:08:47.665Z"", ""labels"": []}",2026-09-29T20:39:17.321651+00:00
bluesky,at://did:plc:dkqyfczjnig7me5b7ez54jdw/app.bsky.feed.post/3mttlifhqaq23,https://bsky.app/profile/goodsuniteus.bsky.social/post/3mttlifhqaq23,2026-08-24T15:08:43.926703+00:00,goodsuniteus.bsky.social,See how Adobe Systems feels about Social Security & Medicare Expansion. https://www.goodsuniteus.com/issues/-LX7m6-GWnjnsRXsZ93Z,text,,,,3,,0,,0,0,,0,,"{""uri"": ""at://did:plc:dkqyfczjnig7me5b7ez54jdw/app.bsky.feed.post/3mttlifhqaq23"", ""cid"": ""bafyreibfag2fy24t4wl3muhcb7dztjdhnhzufmcgi5pn4f7sg7m2n7rxfy"", ""author"": {""did"": ""did:plc:dkqyfczjnig7me5b7ez54jdw"", ""handle"": ""goodsuniteus.bsky.social"", ""displayName"": ""GoodsUniteUs"", ""avatar"": ""https://cdn.bsky.app/img/avatar/plain/did:plc:dkqyfczjnig7me5b7ez54jdw/bafkreic4bs4qqqbpqabcc2wdrldjf4eh2jsoo7pdpjemtfdwrojlcobzse"", ""associated"": {""activitySubscription"": {""allowSubscriptions"": ""followers""}}, ""labels"": [], ""createdAt"": ""2024-11-22T00:30:07.952Z""}, ""record"": {""$type"": ""app.bsky.feed.post"", ""createdAt"": ""2026-08-24T15:08:43.926703+00:00"", ""facets"": [{""$type"": ""app.bsky.richtext.facet"", ""features"": [{""$type"": ""app.bsky.richtext.facet#link"", ""uri"": ""https://www.goodsuniteus.com/issues/-LX7m6-GWnjnsRXsZ93Z""}], ""index"": {""$type"": ""app.bsky.richtext.facet#byteSlice"", ""byteEnd"": 128, ""byteStart"": 72}}], ""langs"": [""en""], ""text"": ""See how Adobe Systems feels about Social Security & Medicare Expansion. https://www.goodsuniteus.com/issues/-LX7m6-GWnjnsRXsZ93Z""}, ""bookmarkCount"": 0, ""replyCount"": 0, ""repostCount"": 0, ""likeCount"": 3, ""quoteCount"": 0, ""indexedAt"": ""2026-08-24T15:08:44.274Z"", ""labels"": []}",2026-09-29T20:39:17.321664+00:00
bluesky,at://did:plc:dkqyfczjnig7me5b7ez54jdw/app.bsky.feed.post/3mtlx4fq3sv2h,https://bsky.app/profile/goodsuniteus.bsky.social/post/3mtlx4fq3sv2h,2026-08-21T14:15:28.544245+00:00,goodsuniteus.bsky.social,See where DELIA RAMIREZ stands on Social Security & Medicare Expansion. https://www.goodsuniteus.com/politician/-ODbZYsKB5qNrW4CmjxT,text,,,,1,,0,,0,0,,0,,"{""uri"": ""at://did:plc:dkqyfczjnig7me5b7ez54jdw/app.bsky.feed.post/3mtlx4fq3sv2h"", ""cid"": ""bafyreihlfkmhcpla7bkkc6hcry6mlx6rxfxhfee4ofcn23xflcayfpbuqq"", ""author"": {""did"": ""did:plc:dkqyfczjnig7me5b7ez54jdw"", ""handle"": ""goodsuniteus.bsky.social"", ""displayName"": ""GoodsUniteUs"", ""avatar"": ""https://cdn.bsky.app/img/avatar/plain/did:plc:dkqyfczjnig7me5b7ez54jdw/bafkreic4bs4qqqbpqabcc2wdrldjf4eh2jsoo7pdpjemtfdwrojlcobzse"", ""associated"": {""activitySubscription"": {""allowSubscriptions"": ""followers""}}, ""labels"": [], ""createdAt"": ""2024-11-22T00:30:07.952Z""}, ""record"": {""$type"": ""app.bsky.feed.post"", ""createdAt"": ""2026-08-21T14:15:28.544245+00:00"", ""facets"": [{""$type"": ""app.bsky.richtext.facet"", ""features"": [{""$type"": ""app.bsky.richtext.facet#link"", ""uri"": ""https://www.goodsuniteus.com/politician/-ODbZYsKB5qNrW4CmjxT""}], ""index"": {""$type"": ""app.bsky.richtext.facet#byteSlice"", ""byteEnd"": 132, ""byteStart"": 72}}], ""langs"": [""en""], ""text"": ""See where DELIA RAMIREZ stands on Social Security & Medicare Expansion. https://www.goodsuniteus.com/politician/-ODbZYsKB5qNrW4CmjxT""}, ""bookmarkCount"": 0, ""replyCount"": 0, ""repostCount"": 0, ""likeCount"": 1, ""quoteCount"": 0, ""indexedAt"": ""2026-08-21T14:15:29.575Z"", ""labels"": []}",2026-09-29T20:39:17.321677+00:00
bluesky,at://did:plc:dkqyfczjnig7me5b7ez54jdw/app.bsky.feed.post/3mtbvad4gmn2y,https://bsky.app/profile/goodsuniteus.bsky.social/post/3mtbvad4gmn2y,2026-08-17T14:15:15.153244+00:00,goodsuniteus.bsky.social,See how Alphabet Inc. feels about Workplace Safety. https://www.goodsuniteus.com/issues/-LX7m6-8Ws09v3qr3Q3b,text,,,,1,,0,,0,0,,0,,"{""uri"": ""at://did:plc:dkqyfczjnig7me5b7ez54jdw/app.bsky.feed.post/3mtbvad4gmn2y"", ""cid"": ""bafyreib2fku6q7drwpgow2sybuvzdvfsbh6lh6qeoqq53beuhesroxqbm4"", ""author"": {""did"": ""did:plc:dkqyfczjnig7me5b7ez54jdw"", ""handle"": ""goodsuniteus.bsky.social"", ""displayName"": ""GoodsUniteUs"", ""avatar"": ""https://cdn.bsky.app/img/avatar/plain/did:plc:dkqyfczjnig7me5b7ez54jdw/bafkreic4bs4qqqbpqabcc2wdrldjf4eh2jsoo7pdpjemtfdwrojlcobzse"", ""associated"": {""activitySubscription"": {""allowSubscriptions"": ""followers""}}, ""labels"": [], ""createdAt"": ""2024-11-22T00:30:07.952Z""}, ""record"": {""$type"": ""app.bsky.feed.post"", ""createdAt"": ""2026-08-17T14:15:15.153244+00:00"", ""facets"": [{""$type"": ""app.bsky.richtext.facet"", ""features"": [{""$type"": ""app.bsky.richtext.facet#link"", ""uri"": ""https://www.goodsuniteus.com/issues/-LX7m6-8Ws09v3qr3Q3b""}], ""index"": {""$type"": ""app.bsky.richtext.facet#byteSlice"", ""byteEnd"": 108, ""byteStart"": 52}}], ""langs"": [""en""], ""text"": ""See how Alphabet Inc. feels about Workplace Safety. https://www.goodsuniteus.com/issues/-LX7m6-8Ws09v3qr3Q3b""}, ""bookmarkCount"": 0, ""replyCount"": 0, ""repostCount"": 0, ""likeCount"": 1, ""quoteCount"": 0, ""indexedAt"": ""2026-08-17T14:15:15.463Z"", ""labels"": []}",2026-09-29T20:39:17.321689+00:00
bluesky,at://did:plc:dkqyfczjnig7me5b7ez54jdw/app.bsky.feed.post/3mt2du4wevs26,https://bsky.app/profile/goodsuniteus.bsky.social/post/3mt2du4wevs26,2026-08-14T14:15:34.234163+00:00,goodsuniteus.bsky.social,See where Josh Riley stands on Gun Control. https://www.goodsuniteus.com/politician/-OD36PPr7MoioaQQBbWs,text,,,,1,,0,,1,0,,0,,"{""uri"": ""at://did:plc:dkqyfczjnig7me5b7ez54jdw/app.bsky.feed.post/3mt2du4wevs26"", ""cid"": ""bafyreihtleasnpsv5hmn7fr7rmvzgrufrmbade6yojhj3ot2xknk2cghw4"", ""author"": {""did"": ""did:plc:dkqyfczjnig7me5b7ez54jdw"", ""handle"": ""goodsuniteus.bsky.social"", ""displayName"": ""GoodsUniteUs"", ""avatar"": ""https://cdn.bsky.app/img/avatar/plain/did:plc:dkqyfczjnig7me5b7ez54jdw/bafkreic4bs4qqqbpqabcc2wdrldjf4eh2jsoo7pdpjemtfdwrojlcobzse"", ""associated"": {""activitySubscription"": {""allowSubscriptions"": ""followers""}}, ""labels"": [], ""createdAt"": ""2024-11-22T00:30:07.952Z""}, ""record"": {""$type"": ""app.bsky.feed.post"", ""createdAt"": ""2026-08-14T14:15:34.234163+00:00"", ""facets"": [{""$type"": ""app.bsky.richtext.facet"", ""features"": [{""$type"": ""app.bsky.richtext.facet#link"", ""uri"": ""https://www.goodsuniteus.com/politician/-OD36PPr7MoioaQQBbWs""}], ""index"": {""$type"": ""app.bsky.richtext.facet#byteSlice"", ""byteEnd"": 104, ""byteStart"": 44}}], ""langs"": [""en""], ""text"": ""See where Josh Riley stands on Gun Control. https://www.goodsuniteus.com/politician/-OD36PPr7MoioaQQBbWs""}, ""bookmarkCount"": 0, ""replyCount"": 0, ""repostCount"": 1, ""likeCount"": 1, ""quoteCount"": 0, ""indexedAt"": ""2026-08-14T14:15:34.865Z"", ""labels"": []}",2026-09-29T20:39:17.321702+00:00
bluesky,at://did:plc:dkqyfczjnig7me5b7ez54jdw/app.bsky.feed.post/3msqbyft25b2k,https://bsky.app/profile/goodsuniteus.bsky.social/post/3msqbyft25b2k,2026-08-10T14:15:32.911808+00:00,goodsuniteus.bsky.social,See how Best Buy feels about Universal Healthcare. https://www.goodsuniteus.com/issues/-LX7m6-6p1aQT2FcByHE,text,,,,3,,0,,1,1,,0,,"{""uri"": ""at://did:plc:dkqyfczjnig7me5b7ez54jdw/app.bsky.feed.post/3msqbyft25b2k"", ""cid"": ""bafyreie2ajyvdez7hmxglghypoejgivcvtb6qibri57hydheqdcbcoigiy"", ""author"": {""did"": ""did:plc:dkqyfczjnig7me5b7ez54jdw"", ""handle"": ""goodsuniteus.bsky.social"", ""displayName"": ""GoodsUniteUs"", ""avatar"": ""https://cdn.bsky.app/img/avatar/plain/did:plc:dkqyfczjnig7me5b7ez54jdw/bafkreic4bs4qqqbpqabcc2wdrldjf4eh2jsoo7pdpjemtfdwrojlcobzse"", ""associated"": {""activitySubscription"": {""allowSubscriptions"": ""followers""}}, ""labels"": [], ""createdAt"": ""2024-11-22T00:30:07.952Z""}, ""record"": {""$type"": ""app.bsky.feed.post"", ""createdAt"": ""2026-08-10T14:15:32.911808+00:00"", ""facets"": [{""$type"": ""app.bsky.richtext.facet"", ""features"": [{""$type"": ""app.bsky.richtext.facet#link"", ""uri"": ""https://www.goodsuniteus.com/issues/-LX7m6-6p1aQT2FcByHE""}], ""index"": {""$type"": ""app.bsky.richtext.facet#byteSlice"", ""byteEnd"": 107, ""byteStart"": 51}}], ""langs"": [""en""], ""text"": ""See how Best Buy feels about Universal Healthcare. https://www.goodsuniteus.com/issues/-LX7m6-6p1aQT2FcByHE""}, ""bookmarkCount"": 0, ""replyCount"": 0, ""repostCount"": 1, ""likeCount"": 3, ""quoteCount"": 1, ""indexedAt"": ""2026-08-10T14:15:33.074Z"", ""labels"": []}",2026-09-29T20:39:17.321715+00:00
bluesky,at://did:plc:dkqyfczjnig7me5b7ez54jdw/app.bsky.feed.post/3msiql4ezm627,https://bsky.app/profile/goodsuniteus.bsky.social/post/3msiql4ezm627,2026-08-07T14:15:15.027616+00:00,goodsuniteus.bsky.social,See where Pramila Jayapal stands on Immigrant Rights. https://www.goodsuniteus.com/politician/-Ln9pqU1-vM25LLJWE9S,text,,,,0,,0,,0,0,,0,,"{""uri"": ""at://did:plc:dkqyfczjnig7me5b7ez54jdw/app.bsky.feed.post/3msiql4ezm627"", ""cid"": ""bafyreiggwcb6aisylkv3t3anyreakh4tbfbbzralpokyiy3xyq4xowlb2m"", ""author"": {""did"": ""did:plc:dkqyfczjnig7me5b7ez54jdw"", ""handle"": ""goodsuniteus.bsky.social"", ""displayName"": ""GoodsUniteUs"", ""avatar"": ""https://cdn.bsky.app/img/avatar/plain/did:plc:dkqyfczjnig7me5b7ez54jdw/bafkreic4bs4qqqbpqabcc2wdrldjf4eh2jsoo7pdpjemtfdwrojlcobzse"", ""associated"": {""activitySubscription"": {""allowSubscriptions"": ""followers""}}, ""labels"": [], ""createdAt"": ""2024-11-22T00:30:07.952Z""}, ""record"": {""$type"": ""app.bsky.feed.post"", ""createdAt"": ""2026-08-07T14:15:15.027616+00:00"", ""facets"": [{""$type"": ""app.bsky.richtext.facet"", ""features"": [{""$type"": ""app.bsky.richtext.facet#link"", ""uri"": ""https://www.goodsuniteus.com/politician/-Ln9pqU1-vM25LLJWE9S""}], ""index"": {""$type"": ""app.bsky.richtext.facet#byteSlice"", ""byteEnd"": 114, ""byteStart"": 54}}], ""langs"": [""en""], ""text"": ""See where Pramila Jayapal stands on Immigrant Rights. https://www.goodsuniteus.com/politician/-Ln9pqU1-vM25LLJWE9S""}, ""bookmarkCount"": 0, ""replyCount"": 0, ""repostCount"": 0, ""likeCount"": 0, ""quoteCount"": 0, ""indexedAt"": ""2026-08-07T14:15:15.277Z"", ""labels"": []}",2026-09-29T20:39:17.321727+00:00
bluesky,at://did:plc:dkqyfczjnig7me5b7ez54jdw/app.bsky.feed.post/3ms72yluofx2z,https://bsky.app/profile/goodsuniteus.bsky.social/post/3ms72yluofx2z,2026-08-03T17:55:07.510696+00:00,goodsuniteus.bsky.social,See where Sara Jacobs stands on Abortion & Reproductive Rights. https://www.goodsuniteus.com/politician/-LaTXI9zp3pyTo8CCyAx,text,,,,1,,0,,1,0,,0,,"{""uri"": ""at://did:plc:dkqyfczjnig7me5b7ez54jdw/app.bsky.feed.post/3ms72yluofx2z"", ""cid"": ""bafyreiasxfyk3vvzm5qcrpxi3uouefbtzbzwxl7zxfvh3ihx26yumub3d4"", ""author"": {""did"": ""did:plc:dkqyfczjnig7me5b7ez54jdw"", ""handle"": ""goodsuniteus.bsky.social"", ""displayName"": ""GoodsUniteUs"", ""avatar"": ""https://cdn.bsky.app/img/avatar/plain/did:plc:dkqyfczjnig7me5b7ez54jdw/bafkreic4bs4qqqbpqabcc2wdrldjf4eh2jsoo7pdpjemtfdwrojlcobzse"", ""associated"": {""activitySubscription"": {""allowSubscriptions"": ""followers""}}, ""labels"": [], ""createdAt"": ""2024-11-22T00:30:07.952Z""}, ""record"": {""$type"": ""app.bsky.feed.post"", ""createdAt"": ""2026-08-03T17:55:07.510696+00:00"", ""facets"": [{""$type"": ""app.bsky.richtext.facet"", ""features"": [{""$type"": ""app.bsky.richtext.facet#link"", ""uri"": ""https://www.goodsuniteus.com/politician/-LaTXI9zp3pyTo8CCyAx""}], ""index"": {""$type"": ""app.bsky.richtext.facet#byteSlice"", ""byteEnd"": 124, ""byteStart"": 64}}], ""langs"": [""en""], ""text"": ""See where Sara Jacobs stands on Abortion & Reproductive Rights. https://www.goodsuniteus.com/politician/-LaTXI9zp3pyTo8CCyAx""}, ""bookmarkCount"": 0, ""replyCount"": 0, ""repostCount"": 1, ""likeCount"": 1, ""quoteCount"": 0, ""indexedAt"": ""2026-08-03T17:55:07.671Z"", ""labels"": []}",2026-09-29T20:39:17.321739+00:00
bluesky,at://did:plc:dkqyfczjnig7me5b7ez54jdw/app.bsky.feed.post/3ms72yhpndz2p,https://bsky.app/profile/goodsuniteus.bsky.social/post/3ms72yhpndz2p,2026-08-03T17:55:03.153273+00:00,goodsuniteus.bsky.social,See how Abercrombie & Fitch feels about Defense Spending. https://www.goodsuniteus.com/issues/-LX7m5zay46Zd5obLZts,text,,,,0,,0,,0,0,,0,,"{""uri"": ""at://did:plc:dkqyfczjnig7me5b7ez54jdw/app.bsky.feed.post/3ms72yhpndz2p"", ""cid"": ""bafyreiabyccc6x6epgu6233sdd4wsxqsemlfcjx55t6nyyytnw5oruod7a"", ""author"": {""did"": ""did:plc:dkqyfczjnig7me5b7ez54jdw"", ""handle"": ""goodsuniteus.bsky.social"", ""displayName"": ""GoodsUniteUs"", ""avatar"": ""https://cdn.bsky.app/img/avatar/plain/did:plc:dkqyfczjnig7me5b7ez54jdw/bafkreic4bs4qqqbpqabcc2wdrldjf4eh2jsoo7pdpjemtfdwrojlcobzse"", ""associated"": {""activitySubscription"": {""allowSubscriptions"": ""followers""}}, ""labels"": [], ""createdAt"": ""2024-11-22T00:30:07.952Z""}, ""record"": {""$type"": ""app.bsky.feed.post"", ""createdAt"": ""2026-08-03T17:55:03.153273+00:00"", ""facets"": [{""$type"": ""app.bsky.richtext.facet"", ""features"": [{""$type"": ""app.bsky.richtext.facet#link"", ""uri"": ""https://www.goodsuniteus.com/issues/-LX7m5zay46Zd5obLZts""}], ""index"": {""$type"": ""app.bsky.richtext.facet#byteSlice"", ""byteEnd"": 114, ""byteStart"": 58}}], ""langs"": [""en""], ""text"": ""See how Abercrombie & Fitch feels about Defense Spending. https://www.goodsuniteus.com/issues/-LX7m5zay46Zd5obLZts""}, ""bookmarkCount"": 0, ""replyCount"": 0, ""repostCount"": 0, ""likeCount"": 0, ""quoteCount"": 0, ""indexedAt"": ""2026-08-03T17:55:03.370Z"", ""labels"": []}",2026-09-29T20:39:17.321752+00:00
bluesky,at://did:plc:dkqyfczjnig7me5b7ez54jdw/app.bsky.feed.post/3ms6opr6aqz24,https://bsky.app/profile/goodsuniteus.bsky.social/post/3ms6opr6aqz24,2026-08-03T14:15:26.177139+00:00,goodsuniteus.bsky.social,See how Abercrombie & Fitch feels about Gun Control. https://www.goodsuniteus.com/issues/-LX7m5zay46Zd5obLZts,text,,,,1,,0,,0,0,,0,,"{""uri"": ""at://did:plc:dkqyfczjnig7me5b7ez54jdw/app.bsky.feed.post/3ms6opr6aqz24"", ""cid"": ""bafyreihlc42jv76q2jlx6v5ucxxfzzefueleahl4wef6wdcsodp23mws5u"", ""author"": {""did"": ""did:plc:dkqyfczjnig7me5b7ez54jdw"", ""handle"": ""goodsuniteus.bsky.social"", ""displayName"": ""GoodsUniteUs"", ""avatar"": ""https://cdn.bsky.app/img/avatar/plain/did:plc:dkqyfczjnig7me5b7ez54jdw/bafkreic4bs4qqqbpqabcc2wdrldjf4eh2jsoo7pdpjemtfdwrojlcobzse"", ""associated"": {""activitySubscription"": {""allowSubscriptions"": ""followers""}}, ""labels"": [], ""createdAt"": ""2024-11-22T00:30:07.952Z""}, ""record"": {""$type"": ""app.bsky.feed.post"", ""createdAt"": ""2026-08-03T14:15:26.177139+00:00"", ""facets"": [{""$type"": ""app.bsky.richtext.facet"", ""features"": [{""$type"": ""app.bsky.richtext.facet#link"", ""uri"": ""https://www.goodsuniteus.com/issues/-LX7m5zay46Zd5obLZts""}], ""index"": {""$type"": ""app.bsky.richtext.facet#byteSlice"", ""byteEnd"": 109, ""byteStart"": 53}}], ""langs"": [""en""], ""text"": ""See how Abercrombie & Fitch feels about Gun Control. https://www.goodsuniteus.com/issues/-LX7m5zay46Zd5obLZts""}, ""bookmarkCount"": 0, ""replyCount"": 0, ""repostCount"": 0, ""likeCount"": 1, ""quoteCount"": 0, ""indexedAt"": ""2026-08-03T14:15:26.370Z"", ""labels"": []}",2026-09-29T20:39:17.321764+00:00
bluesky,at://did:plc:dkqyfczjnig7me5b7ez54jdw/app.bsky.feed.post/3mrxam55omp24,https://bsky.app/profile/goodsuniteus.bsky.social/post/3mrxam55omp24,2026-07-31T15:14:13.968294+00:00,goodsuniteus.bsky.social,See where Sara Jacobs stands on Support for DEI. https://www.goodsuniteus.com/politician/-LaTXI9zp3pyTo8CCyAx,text,,,,1,,0,,0,0,,0,,"{""uri"": ""at://did:plc:dkqyfczjnig7me5b7ez54jdw/app.bsky.feed.post/3mrxam55omp24"", ""cid"": ""bafyreih7nltjb7w4wojh3d32txyorv7o277gqkek5mshrr2xwbnvpeujlu"", ""author"": {""did"": ""did:plc:dkqyfczjnig7me5b7ez54jdw"", ""handle"": ""goodsuniteus.bsky.social"", ""displayName"": ""GoodsUniteUs"", ""avatar"": ""https://cdn.bsky.app/img/avatar/plain/did:plc:dkqyfczjnig7me5b7ez54jdw/bafkreic4bs4qqqbpqabcc2wdrldjf4eh2jsoo7pdpjemtfdwrojlcobzse"", ""associated"": {""activitySubscription"": {""allowSubscriptions"": ""followers""}}, ""labels"": [], ""createdAt"": ""2024-11-22T00:30:07.952Z""}, ""record"": {""$type"": ""app.bsky.feed.post"", ""createdAt"": ""2026-07-31T15:14:13.968294+00:00"", ""facets"": [{""$type"": ""app.bsky.richtext.facet"", ""features"": [{""$type"": ""app.bsky.richtext.facet#link"", ""uri"": ""https://www.goodsuniteus.com/politician/-LaTXI9zp3pyTo8CCyAx""}], ""index"": {""$type"": ""app.bsky.richtext.facet#byteSlice"", ""byteEnd"": 109, ""byteStart"": 49}}], ""langs"": [""en""], ""text"": ""See where Sara Jacobs stands on Support for DEI. https://www.goodsuniteus.com/politician/-LaTXI9zp3pyTo8CCyAx""}, ""bookmarkCount"": 0, ""replyCount"": 0, ""repostCount"": 0, ""likeCount"": 1, ""quoteCount"": 0, ""indexedAt"": ""2026-07-31T15:14:14.364Z"", ""labels"": []}",2026-09-29T20:39:17.321777+00:00
bluesky,at://did:plc:dkqyfczjnig7me5b7ez54jdw/app.bsky.feed.post/3mrx5cmdya22s,https://bsky.app/profile/goodsuniteus.bsky.social/post/3mrx5cmdya22s,2026-07-31T14:15:13.131669+00:00,goodsuniteus.bsky.social,See where Sara Jacobs stands on Union Support. https://www.goodsuniteus.com/politician/-LaTXI9zp3pyTo8CCyAx,text,,,,1,,0,,0,0,,0,,"{""uri"": ""at://did:plc:dkqyfczjnig7me5b7ez54jdw/app.bsky.feed.post/3mrx5cmdya22s"", ""cid"": ""bafyreiekyaezrlno3tcjnz4wxhljt3tmdjslxxr7lt7oqtsytu66g5i7iq"", ""author"": {""did"": ""did:plc:dkqyfczjnig7me5b7ez54jdw"", ""handle"": ""goodsuniteus.bsky.social"", ""displayName"": ""GoodsUniteUs"", ""avatar"": ""https://cdn.bsky.app/img/avatar/plain/did:plc:dkqyfczjnig7me5b7ez54jdw/bafkreic4bs4qqqbpqabcc2wdrldjf4eh2jsoo7pdpjemtfdwrojlcobzse"", ""associated"": {""activitySubscription"": {""allowSubscriptions"": ""followers""}}, ""labels"": [], ""createdAt"": ""2024-11-22T00:30:07.952Z""}, ""record"": {""$type"": ""app.bsky.feed.post"", ""createdAt"": ""2026-07-31T14:15:13.131669+00:00"", ""facets"": [{""$type"": ""app.bsky.richtext.facet"", ""features"": [{""$type"": ""app.bsky.richtext.facet#link"", ""uri"": ""https://www.goodsuniteus.com/politician/-LaTXI9zp3pyTo8CCyAx""}], ""index"": {""$type"": ""app.bsky.richtext.facet#byteSlice"", ""byteEnd"": 107, ""byteStart"": 47}}], ""langs"": [""en""], ""text"": ""See where Sara Jacobs stands on Union Support. https://www.goodsuniteus.com/politician/-LaTXI9zp3pyTo8CCyAx""}, ""bookmarkCount"": 0, ""replyCount"": 0, ""repostCount"": 0, ""likeCount"": 1, ""quoteCount"": 0, ""indexedAt"": ""2026-07-31T14:15:13.371Z"", ""labels"": []}",2026-09-29T20:39:17.321790+00:00
bluesky,at://did:plc:dkqyfczjnig7me5b7ez54jdw/app.bsky.feed.post/3mrn3gv2xdw2v,https://bsky.app/profile/goodsuniteus.bsky.social/post/3mrn3gv2xdw2v,2026-07-27T14:15:11.625939+00:00,goodsuniteus.bsky.social,See how Macy's feels about Raising Minimum Wage. https://www.goodsuniteus.com/issues/-LX7m5zV5lRnVHK3gMlw,text,,,,1,,0,,0,0,,0,,"{""uri"": ""at://did:plc:dkqyfczjnig7me5b7ez54jdw/app.bsky.feed.post/3mrn3gv2xdw2v"", ""cid"": ""bafyreiduzapd6s3rmn7mejs5iaxa2u4t2r3bzk643ifwsnr4inpnlvpqcu"", ""author"": {""did"": ""did:plc:dkqyfczjnig7me5b7ez54jdw"", ""handle"": ""goodsuniteus.bsky.social"", ""displayName"": ""GoodsUniteUs"", ""avatar"": ""https://cdn.bsky.app/img/avatar/plain/did:plc:dkqyfczjnig7me5b7ez54jdw/bafkreic4bs4qqqbpqabcc2wdrldjf4eh2jsoo7pdpjemtfdwrojlcobzse"", ""associated"": {""activitySubscription"": {""allowSubscriptions"": ""followers""}}, ""labels"": [], ""createdAt"": ""2024-11-22T00:30:07.952Z""}, ""record"": {""$type"": ""app.bsky.feed.post"", ""createdAt"": ""2026-07-27T14:15:11.625939+00:00"", ""facets"": [{""$type"": ""app.bsky.richtext.facet"", ""features"": [{""$type"": ""app.bsky.richtext.facet#link"", ""uri"": ""https://www.goodsuniteus.com/issues/-LX7m5zV5lRnVHK3gMlw""}], ""index"": {""$type"": ""app.bsky.richtext.facet#byteSlice"", ""byteEnd"": 105, ""byteStart"": 49}}], ""langs"": [""en""], ""text"": ""See how Macy's feels about Raising Minimum Wage. https://www.goodsuniteus.com/issues/-LX7m5zV5lRnVHK3gMlw""}, ""bookmarkCount"": 0, ""replyCount"": 0, ""repostCount"": 0, ""likeCount"": 1, ""quoteCount"": 0, ""indexedAt"": ""2026-07-27T14:15:11.865Z"", ""labels"": []}",2026-09-29T20:39:17.321802+00:00
bluesky,at://did:plc:dkqyfczjnig7me5b7ez54jdw/app.bsky.feed.post/3mrfk22uvjn27,https://bsky.app/profile/goodsuniteus.bsky.social/post/3mrfk22uvjn27,2026-07-24T14:15:09.727452+00:00,goodsuniteus.bsky.social,See where Ro Khanna stands on Immigrant Rights. https://www.goodsuniteus.com/politician/-LaTXI9w-S17iD8VSox8,text,,,,2,,0,,0,0,,0,,"{""uri"": ""at://did:plc:dkqyfczjnig7me5b7ez54jdw/app.bsky.feed.post/3mrfk22uvjn27"", ""cid"": ""bafyreigrh6xxgal53poxm74nqfcsc5kanz7vw3wqai6dxircm333tk5k6a"", ""author"": {""did"": ""did:plc:dkqyfczjnig7me5b7ez54jdw"", ""handle"": ""goodsuniteus.bsky.social"", ""displayName"": ""GoodsUniteUs"", ""avatar"": ""https://cdn.bsky.app/img/avatar/plain/did:plc:dkqyfczjnig7me5b7ez54jdw/bafkreic4bs4qqqbpqabcc2wdrldjf4eh2jsoo7pdpjemtfdwrojlcobzse"", ""associated"": {""activitySubscription"": {""allowSubscriptions"": ""followers""}}, ""labels"": [], ""createdAt"": ""2024-11-22T00:30:07.952Z""}, ""record"": {""$type"": ""app.bsky.feed.post"", ""createdAt"": ""2026-07-24T14:15:09.727452+00:00"", ""facets"": [{""$type"": ""app.bsky.richtext.facet"", ""features"": [{""$type"": ""app.bsky.richtext.facet#link"", ""uri"": ""https://www.goodsuniteus.com/politician/-LaTXI9w-S17iD8VSox8""}], ""index"": {""$type"": ""app.bsky.richtext.facet#byteSlice"", ""byteEnd"": 108, ""byteStart"": 48}}], ""langs"": [""en""], ""text"": ""See where Ro Khanna stands on Immigrant Rights. https://www.goodsuniteus.com/politician/-LaTXI9w-S17iD8VSox8""}, ""bookmarkCount"": 0, ""replyCount"": 0, ""repostCount"": 0, ""likeCount"": 2, ""quoteCount"": 0, ""indexedAt"": ""2026-07-24T14:15:09.983Z"", ""labels"": []}",2026-09-29T20:39:17.321815+00:00
bluesky,at://did:plc:dkqyfczjnig7me5b7ez54jdw/app.bsky.feed.post/3mrbz6vba272g,https://bsky.app/profile/goodsuniteus.bsky.social/post/3mrbz6vba272g,2026-07-23T04:35:38.788060+00:00,goodsuniteus.bsky.social,See how Walmart feels about LGBTQ Rights. https://www.goodsuniteus.com/issues/-LX7m5zSX9OC1FKBg3q0,text,,,,4,,0,,0,0,,0,,"{""uri"": ""at://did:plc:dkqyfczjnig7me5b7ez54jdw/app.bsky.feed.post/3mrbz6vba272g"", ""cid"": ""bafyreidrhhdygk2ngydpiz7bntl6osalqplxi6gelgracwridadm3d3lfa"", ""author"": {""did"": ""did:plc:dkqyfczjnig7me5b7ez54jdw"", ""handle"": ""goodsuniteus.bsky.social"", ""displayName"": ""GoodsUniteUs"", ""avatar"": ""https://cdn.bsky.app/img/avatar/plain/did:plc:dkqyfczjnig7me5b7ez54jdw/bafkreic4bs4qqqbpqabcc2wdrldjf4eh2jsoo7pdpjemtfdwrojlcobzse"", ""associated"": {""activitySubscription"": {""allowSubscriptions"": ""followers""}}, ""labels"": [], ""createdAt"": ""2024-11-22T00:30:07.952Z""}, ""record"": {""$type"": ""app.bsky.feed.post"", ""createdAt"": ""2026-07-23T04:35:38.788060+00:00"", ""facets"": [{""$type"": ""app.bsky.richtext.facet"", ""features"": [{""$type"": ""app.bsky.richtext.facet#link"", ""uri"": ""https://www.goodsuniteus.com/issues/-LX7m5zSX9OC1FKBg3q0""}], ""index"": {""$type"": ""app.bsky.richtext.facet#byteSlice"", ""byteEnd"": 98, ""byteStart"": 42}}], ""langs"": [""en""], ""text"": ""See how Walmart feels about LGBTQ Rights. https://www.goodsuniteus.com/issues/-LX7m5zSX9OC1FKBg3q0""}, ""bookmarkCount"": 0, ""replyCount"": 0, ""repostCount"": 0, ""likeCount"": 4, ""quoteCount"": 0, ""indexedAt"": ""2026-07-23T04:35:39.067Z"", ""labels"": []}",2026-09-29T20:39:17.321827+00:00
bluesky,at://did:plc:dkqyfczjnig7me5b7ez54jdw/app.bsky.feed.post/3lzo6rjnlxk2r,https://bsky.app/profile/goodsuniteus.bsky.social/post/3lzo6rjnlxk2r,2025-09-25T14:42:50.671Z,goodsuniteus.bsky.social,,video,,,,8,,1,,6,1,,0,,"{""uri"": ""at://did:plc:dkqyfczjnig7me5b7ez54jdw/app.bsky.feed.post/3lzo6rjnlxk2r"", ""cid"": ""bafyreiaoqp4dtlb5tnwaaunkns6yn3nvccounyusvrbmpjclb5lxarufpe"", ""author"": {""did"": ""did:plc:dkqyfczjnig7me5b7ez54jdw"", ""handle"": ""goodsuniteus.bsky.social"", ""displayName"": ""GoodsUniteUs"", ""avatar"": ""https://cdn.bsky.app/img/avatar/plain/did:plc:dkqyfczjnig7me5b7ez54jdw/bafkreic4bs4qqqbpqabcc2wdrldjf4eh2jsoo7pdpjemtfdwrojlcobzse"", ""associated"": {""activitySubscription"": {""allowSubscriptions"": ""followers""}}, ""labels"": [], ""createdAt"": ""2024-11-22T00:30:07.952Z""}, ""record"": {""$type"": ""app.bsky.feed.post"", ""createdAt"": ""2025-09-25T14:42:50.671Z"", ""embed"": {""$type"": ""app.bsky.embed.video"", ""aspectRatio"": {""height"": 1280, ""width"": 720}, ""video"": {""$type"": ""blob"", ""ref"": {""$link"": ""bafkreicrx4lxzcv5ox3lcfwqex4hu6pecskkolym2zvv6bqpyjxhsqkylq""}, ""mimeType"": ""video/mp4"", ""size"": 394172}}, ""langs"": [""en""], ""text"": """"}, ""embed"": {""cid"": ""bafkreicrx4lxzcv5ox3lcfwqex4hu6pecskkolym2zvv6bqpyjxhsqkylq"", ""playlist"": ""https://video.bsky.app/watch/did%3Aplc%3Adkqyfczjnig7me5b7ez54jdw/bafkreicrx4lxzcv5ox3lcfwqex4hu6pecskkolym2zvv6bqpyjxhsqkylq/playlist.m3u8"", ""thumbnail"": ""https://video.bsky.app/watch/did%3Aplc%3Adkqyfczjnig7me5b7ez54jdw/bafkreicrx4lxzcv5ox3lcfwqex4hu6pecskkolym2zvv6bqpyjxhsqkylq/thumbnail.jpg"", ""aspectRatio"": {""height"": 1280, ""width"": 720}, ""$type"": ""app.bsky.embed.video#view""}, ""bookmarkCount"": 0, ""replyCount"": 1, ""repostCount"": 6, ""likeCount"": 8, ""quoteCount"": 1, ""indexedAt"": ""2025-09-25T14:42:51.357Z"", ""labels"": []}",2026-09-29T20:39:17.321842+00:00
bluesky,at://did:plc:dkqyfczjnig7me5b7ez54jdw/app.bsky.feed.post/3lzgspieksk2n,https://bsky.app/profile/goodsuniteus.bsky.social/post/3lzgspieksk2n,2025-09-22T16:18:19.147Z,goodsuniteus.bsky.social,#disney #goodsuniteus #shop #vote,video,,,,16,,0,,4,2,,0,,"{""uri"": ""at://did:plc:dkqyfczjnig7me5b7ez54jdw/app.bsky.feed.post/3lzgspieksk2n"", ""cid"": ""bafyreigf6buhllraq5y52n7deq5ll7caadbqhsjjce2363hzlpbvgohnba"", ""author"": {""did"": ""did:plc:dkqyfczjnig7me5b7ez54jdw"", ""handle"": ""goodsuniteus.bsky.social"", ""displayName"": ""GoodsUniteUs"", ""avatar"": ""https://cdn.bsky.app/img/avatar/plain/did:plc:dkqyfczjnig7me5b7ez54jdw/bafkreic4bs4qqqbpqabcc2wdrldjf4eh2jsoo7pdpjemtfdwrojlcobzse"", ""associated"": {""activitySubscription"": {""allowSubscriptions"": ""followers""}}, ""labels"": [], ""createdAt"": ""2024-11-22T00:30:07.952Z""}, ""record"": {""$type"": ""app.bsky.feed.post"", ""createdAt"": ""2025-09-22T16:18:19.147Z"", ""embed"": {""$type"": ""app.bsky.embed.video"", ""aspectRatio"": {""height"": 1280, ""width"": 720}, ""video"": {""$type"": ""blob"", ""ref"": {""$link"": ""bafkreicf6xd52qlg4jvmeltcfxkj7egciympweg2snsf2fzsay7g6byx74""}, ""mimeType"": ""video/mp4"", ""size"": 458881}}, ""facets"": [{""features"": [{""$type"": ""app.bsky.richtext.facet#tag"", ""tag"": ""disney""}], ""index"": {""byteEnd"": 7, ""byteStart"": 0}}, {""features"": [{""$type"": ""app.bsky.richtext.facet#tag"", ""tag"": ""goodsuniteus""}], ""index"": {""byteEnd"": 21, ""byteStart"": 8}}, {""features"": [{""$type"": ""app.bsky.richtext.facet#tag"", ""tag"": ""shop""}], ""index"": {""byteEnd"": 27, ""byteStart"": 22}}, {""features"": [{""$type"": ""app.bsky.richtext.facet#tag"", ""tag"": ""vote""}], ""index"": {""byteEnd"": 33, ""byteStart"": 28}}], ""langs"": [""en""], ""text"": ""#disney #goodsuniteus #shop #vote""}, ""embed"": {""cid"": ""bafkreicf6xd52qlg4jvmeltcfxkj7egciympweg2snsf2fzsay7g6byx74"", ""playlist"": ""https://video.bsky.app/watch/did%3Aplc%3Adkqyfczjnig7me5b7ez54jdw/bafkreicf6xd52qlg4jvmeltcfxkj7egciympweg2snsf2fzsay7g6byx74/playlist.m3u8"", ""thumbnail"": ""https://video.bsky.app/watch/did%3Aplc%3Adkqyfczjnig7me5b7ez54jdw/bafkreicf6xd52qlg4jvmeltcfxkj7egciympweg2snsf2fzsay7g6byx74/thumbnail.jpg"", ""aspectRatio"": {""height"": 1280, ""width"": 720}, ""$type"": ""app.bsky.embed.video#view""}, ""bookmarkCount"": 0, ""replyCount"": 0, ""repostCount"": 4, ""likeCount"": 16, ""quoteCount"": 2, ""indexedAt"": ""2025-09-22T16:18:20.011Z"", ""labels"": []}",2026-09-29T20:39:17.321863+00:00
bluesky,at://did:plc:dkqyfczjnig7me5b7ez54jdw/app.bsky.feed.post/3lsmn5mnjqc24,https://bsky.app/profile/goodsuniteus.bsky.social/post/3lsmn5mnjqc24,2025-06-27T21:58:27.982Z,goodsuniteus.bsky.social,We need to take back our elections from corporations and special interests. Vote with your wallet. #politics #campaignfinancereform #goodsuniteus,video,,,,24,,4,,15,3,,0,,"{""uri"": ""at://did:plc:dkqyfczjnig7me5b7ez54jdw/app.bsky.feed.post/3lsmn5mnjqc24"", ""cid"": ""bafyreiamcnkchomxhxz3vxzwbkem3ylvgsnmtashg65i5ly6wnx47zlhai"", ""author"": {""did"": ""did:plc:dkqyfczjnig7me5b7ez54jdw"", ""handle"": ""goodsuniteus.bsky.social"", ""displayName"": ""GoodsUniteUs"", ""avatar"": ""https://cdn.bsky.app/img/avatar/plain/did:plc:dkqyfczjnig7me5b7ez54jdw/bafkreic4bs4qqqbpqabcc2wdrldjf4eh2jsoo7pdpjemtfdwrojlcobzse"", ""associated"": {""activitySubscription"": {""allowSubscriptions"": ""followers""}}, ""labels"": [], ""createdAt"": ""2024-11-22T00:30:07.952Z""}, ""record"": {""$type"": ""app.bsky.feed.post"", ""createdAt"": ""2025-06-27T21:58:27.982Z"", ""embed"": {""$type"": ""app.bsky.embed.video"", ""aspectRatio"": {""height"": 1920, ""width"": 1080}, ""video"": {""$type"": ""blob"", ""ref"": {""$link"": ""bafkreigpdj2733kxev2uzvkjj6hqscrzlwctrj2of6jcctwmtawnmy4kzq""}, ""mimeType"": ""video/mp4"", ""size"": 50165700}}, ""facets"": [{""features"": [{""$type"": ""app.bsky.richtext.facet#tag"", ""tag"": ""politics""}], ""index"": {""byteEnd"": 108, ""byteStart"": 99}}, {""features"": [{""$type"": ""app.bsky.richtext.facet#tag"", ""tag"": ""campaignfinancereform""}], ""index"": {""byteEnd"": 131, ""byteStart"": 109}}, {""features"": [{""$type"": ""app.bsky.richtext.facet#tag"", ""tag"": ""goodsuniteus""}], ""index"": {""byteEnd"": 145, ""byteStart"": 132}}], ""langs"": [""en""], ""text"": ""We need to take back our elections from corporations and special interests. Vote with your wallet. #politics #campaignfinancereform #goodsuniteus""}, ""embed"": {""cid"": ""bafkreigpdj2733kxev2uzvkjj6hqscrzlwctrj2of6jcctwmtawnmy4kzq"", ""playlist"": ""https://video.bsky.app/watch/did%3Aplc%3Adkqyfczjnig7me5b7ez54jdw/bafkreigpdj2733kxev2uzvkjj6hqscrzlwctrj2of6jcctwmtawnmy4kzq/playlist.m3u8"", ""thumbnail"": ""https://video.bsky.app/watch/did%3Aplc%3Adkqyfczjnig7me5b7ez54jdw/bafkreigpdj2733kxev2uzvkjj6hqscrzlwctrj2of6jcctwmtawnmy4kzq/thumbnail.jpg"", ""aspectRatio"": {""height"": 1920, ""width"": 1080}, ""$type"": ""app.bsky.embed.video#view""}, ""bookmarkCount"": 0, ""replyCount"": 4, ""repostCount"": 15, ""likeCount"": 24, ""quoteCount"": 3, ""indexedAt"": ""2025-06-27T21:58:30.939Z"", ""labels"": []}",2026-09-29T20:39:17.321882+00:00
bluesky,at://did:plc:dkqyfczjnig7me5b7ez54jdw/app.bsky.feed.post/3lscqome4t22b,https://bsky.app/profile/goodsuniteus.bsky.social/post/3lscqome4t22b,2025-06-23T23:35:01.941Z,goodsuniteus.bsky.social,"#goodsuniteus #campaignfinancereform
#politics",video,,,,68,,2,,20,1,,0,,"{""uri"": ""at://did:plc:dkqyfczjnig7me5b7ez54jdw/app.bsky.feed.post/3lscqome4t22b"", ""cid"": ""bafyreiccjdexn46vp55wfpac67jp7ijclubtpyvg6wkoiun3w7lkwfod2i"", ""author"": {""did"": ""did:plc:dkqyfczjnig7me5b7ez54jdw"", ""handle"": ""goodsuniteus.bsky.social"", ""displayName"": ""GoodsUniteUs"", ""avatar"": ""https://cdn.bsky.app/img/avatar/plain/did:plc:dkqyfczjnig7me5b7ez54jdw/bafkreic4bs4qqqbpqabcc2wdrldjf4eh2jsoo7pdpjemtfdwrojlcobzse"", ""associated"": {""activitySubscription"": {""allowSubscriptions"": ""followers""}}, ""labels"": [], ""createdAt"": ""2024-11-22T00:30:07.952Z""}, ""record"": {""$type"": ""app.bsky.feed.post"", ""createdAt"": ""2025-06-23T23:35:01.941Z"", ""embed"": {""$type"": ""app.bsky.embed.video"", ""aspectRatio"": {""height"": 1920, ""width"": 1080}, ""video"": {""$type"": ""blob"", ""ref"": {""$link"": ""bafkreibzl5d6ubn3zdlazm53vpbytpqicjglt5j3czrpkaei4ezd7vnuxq""}, ""mimeType"": ""video/mp4"", ""size"": 49249851}}, ""facets"": [{""features"": [{""$type"": ""app.bsky.richtext.facet#tag"", ""tag"": ""goodsuniteus""}], ""index"": {""byteEnd"": 13, ""byteStart"": 0}}, {""features"": [{""$type"": ""app.bsky.richtext.facet#tag"", ""tag"": ""campaignfinancereform""}], ""index"": {""byteEnd"": 36, ""byteStart"": 14}}, {""features"": [{""$type"": ""app.bsky.richtext.facet#tag"", ""tag"": ""politics""}], ""index"": {""byteEnd"": 46, ""byteStart"": 37}}], ""langs"": [""en""], ""text"": ""#goodsuniteus #campaignfinancereform\n#politics""}, ""embed"": {""cid"": ""bafkreibzl5d6ubn3zdlazm53vpbytpqicjglt5j3czrpkaei4ezd7vnuxq"", ""playlist"": ""https://video.bsky.app/watch/did%3Aplc%3Adkqyfczjnig7me5b7ez54jdw/bafkreibzl5d6ubn3zdlazm53vpbytpqicjglt5j3czrpkaei4ezd7vnuxq/playlist.m3u8"", ""thumbnail"": ""https://video.bsky.app/watch/did%3Aplc%3Adkqyfczjnig7me5b7ez54jdw/bafkreibzl5d6ubn3zdlazm53vpbytpqicjglt5j3czrpkaei4ezd7vnuxq/thumbnail.jpg"", ""aspectRatio"": {""height"": 1920, ""width"": 1080}, ""$type"": ""app.bsky.embed.video#view""}, ""bookmarkCount"": 0, ""replyCount"": 2, ""repostCount"": 20, ""likeCount"": 68, ""quoteCount"": 1, ""indexedAt"": ""2025-06-23T23:35:04.342Z"", ""labels"": []}",2026-09-29T20:39:17.321903+00:00
bluesky,at://did:plc:dkqyfczjnig7me5b7ez54jdw/app.bsky.feed.post/3ls4qwphww22h,https://bsky.app/profile/goodsuniteus.bsky.social/post/3ls4qwphww22h,2025-06-21T14:23:35.217Z,goodsuniteus.bsky.social,It’s time to talk campaign finance reform. #goodsuniteus #campaignfinancereform,video,,,,8,,0,,3,0,,0,,"{""uri"": ""at://did:plc:dkqyfczjnig7me5b7ez54jdw/app.bsky.feed.post/3ls4qwphww22h"", ""cid"": ""bafyreie4wbmehmhzmu72z25n27kq5nlyzok4o3zzluhlsndsysqxvguopm"", ""author"": {""did"": ""did:plc:dkqyfczjnig7me5b7ez54jdw"", ""handle"": ""goodsuniteus.bsky.social"", ""displayName"": ""GoodsUniteUs"", ""avatar"": ""https://cdn.bsky.app/img/avatar/plain/did:plc:dkqyfczjnig7me5b7ez54jdw/bafkreic4bs4qqqbpqabcc2wdrldjf4eh2jsoo7pdpjemtfdwrojlcobzse"", ""associated"": {""activitySubscription"": {""allowSubscriptions"": ""followers""}}, ""labels"": [], ""createdAt"": ""2024-11-22T00:30:07.952Z""}, ""record"": {""$type"": ""app.bsky.feed.post"", ""createdAt"": ""2025-06-21T14:23:35.217Z"", ""embed"": {""$type"": ""app.bsky.embed.video"", ""aspectRatio"": {""height"": 1576, ""width"": 886}, ""video"": {""$type"": ""blob"", ""ref"": {""$link"": ""bafkreiaz7sjsep74ngmkmfcu3exg7nfb7wassxjxzk7qls67p7et2fxjrm""}, ""mimeType"": ""video/mp4"", ""size"": 2407947}}, ""facets"": [{""features"": [{""$type"": ""app.bsky.richtext.facet#tag"", ""tag"": ""goodsuniteus""}], ""index"": {""byteEnd"": 58, ""byteStart"": 45}}, {""features"": [{""$type"": ""app.bsky.richtext.facet#tag"", ""tag"": ""campaignfinancereform""}], ""index"": {""byteEnd"": 81, ""byteStart"": 59}}], ""langs"": [""en""], ""text"": ""It’s time to talk campaign finance reform. #goodsuniteus #campaignfinancereform""}, ""embed"": {""cid"": ""bafkreiaz7sjsep74ngmkmfcu3exg7nfb7wassxjxzk7qls67p7et2fxjrm"", ""playlist"": ""https://video.bsky.app/watch/did%3Aplc%3Adkqyfczjnig7me5b7ez54jdw/bafkreiaz7sjsep74ngmkmfcu3exg7nfb7wassxjxzk7qls67p7et2fxjrm/playlist.m3u8"", ""thumbnail"": ""https://video.bsky.app/watch/did%3Aplc%3Adkqyfczjnig7me5b7ez54jdw/bafkreiaz7sjsep74ngmkmfcu3exg7nfb7wassxjxzk7qls67p7et2fxjrm/thumbnail.jpg"", ""aspectRatio"": {""height"": 1576, ""width"": 886}, ""$type"": ""app.bsky.embed.video#view""}, ""bookmarkCount"": 0, ""replyCount"": 0, ""repostCount"": 3, ""likeCount"": 8, ""quoteCount"": 0, ""indexedAt"": ""2025-06-21T14:23:36.040Z"", ""labels"": []}",2026-09-29T20:39:17.321923+00:00
bluesky,at://did:plc:dkqyfczjnig7me5b7ez54jdw/app.bsky.feed.post/3lqzurma7dc2a,https://bsky.app/profile/goodsuniteus.bsky.social/post/3lqzurma7dc2a,2025-06-07T17:29:08.169Z,goodsuniteus.bsky.social,Citi’s political contributions have gone primarily to politicians that do not support LGBTQ+ rights. #pride,video,,,,14,,1,,5,1,,0,,"{""uri"": ""at://did:plc:dkqyfczjnig7me5b7ez54jdw/app.bsky.feed.post/3lqzurma7dc2a"", ""cid"": ""bafyreibgpzt4e5xhlkm7gcgq6t3wbohe7afurwv4wu5dgvz4hb4a7rlhzm"", ""author"": {""did"": ""did:plc:dkqyfczjnig7me5b7ez54jdw"", ""handle"": ""goodsuniteus.bsky.social"", ""displayName"": ""GoodsUniteUs"", ""avatar"": ""https://cdn.bsky.app/img/avatar/plain/did:plc:dkqyfczjnig7me5b7ez54jdw/bafkreic4bs4qqqbpqabcc2wdrldjf4eh2jsoo7pdpjemtfdwrojlcobzse"", ""associated"": {""activitySubscription"": {""allowSubscriptions"": ""followers""}}, ""labels"": [], ""createdAt"": ""2024-11-22T00:30:07.952Z""}, ""record"": {""$type"": ""app.bsky.feed.post"", ""createdAt"": ""2025-06-07T17:29:08.169Z"", ""embed"": {""$type"": ""app.bsky.embed.video"", ""aspectRatio"": {""height"": 1080, ""width"": 1080}, ""video"": {""$type"": ""blob"", ""ref"": {""$link"": ""bafkreicgh3psywcc4x4kplv773xoo5enjnbftf25ophicxq776aizeumgq""}, ""mimeType"": ""video/mp4"", ""size"": 340547}}, ""facets"": [{""features"": [{""$type"": ""app.bsky.richtext.facet#tag"", ""tag"": ""pride""}], ""index"": {""byteEnd"": 109, ""byteStart"": 103}}], ""langs"": [""en""], ""text"": ""Citi’s political contributions have gone primarily to politicians that do not support LGBTQ+ rights. #pride""}, ""embed"": {""cid"": ""bafkreicgh3psywcc4x4kplv773xoo5enjnbftf25ophicxq776aizeumgq"", ""playlist"": ""https://video.bsky.app/watch/did%3Aplc%3Adkqyfczjnig7me5b7ez54jdw/bafkreicgh3psywcc4x4kplv773xoo5enjnbftf25ophicxq776aizeumgq/playlist.m3u8"", ""thumbnail"": ""https://video.bsky.app/watch/did%3Aplc%3Adkqyfczjnig7me5b7ez54jdw/bafkreicgh3psywcc4x4kplv773xoo5enjnbftf25ophicxq776aizeumgq/thumbnail.jpg"", ""aspectRatio"": {""height"": 1080, ""width"": 1080}, ""$type"": ""app.bsky.embed.video#view""}, ""bookmarkCount"": 0, ""replyCount"": 1, ""repostCount"": 5, ""likeCount"": 14, ""quoteCount"": 1, ""indexedAt"": ""2025-06-07T17:29:09.350Z"", ""labels"": []}",2026-09-29T20:39:17.321944+00:00
bluesky,at://did:plc:dkqyfczjnig7me5b7ez54jdw/app.bsky.feed.post/3lqx3swudys2i,https://bsky.app/profile/goodsuniteus.bsky.social/post/3lqx3swudys2i,2025-06-06T14:57:09.847Z,goodsuniteus.bsky.social,"While Dick’s has contributed to both sides, the politicians it funds support LGBTQ+ rights. #USPOL",video,,,,15,,1,,3,1,,0,,"{""uri"": ""at://did:plc:dkqyfczjnig7me5b7ez54jdw/app.bsky.feed.post/3lqx3swudys2i"", ""cid"": ""bafyreiac472icv4f2e6zhs72ef575ezuvtjtpsm6w3j72oqo7qdc7frile"", ""author"": {""did"": ""did:plc:dkqyfczjnig7me5b7ez54jdw"", ""handle"": ""goodsuniteus.bsky.social"", ""displayName"": ""GoodsUniteUs"", ""avatar"": ""https://cdn.bsky.app/img/avatar/plain/did:plc:dkqyfczjnig7me5b7ez54jdw/bafkreic4bs4qqqbpqabcc2wdrldjf4eh2jsoo7pdpjemtfdwrojlcobzse"", ""associated"": {""activitySubscription"": {""allowSubscriptions"": ""followers""}}, ""labels"": [], ""createdAt"": ""2024-11-22T00:30:07.952Z""}, ""record"": {""$type"": ""app.bsky.feed.post"", ""createdAt"": ""2025-06-06T14:57:09.847Z"", ""embed"": {""$type"": ""app.bsky.embed.video"", ""aspectRatio"": {""height"": 1080, ""width"": 1080}, ""video"": {""$type"": ""blob"", ""ref"": {""$link"": ""bafkreibvz4irorkkjp5c5uk2vgbmaqd3myynntqrhe6f35chf5azgoajpy""}, ""mimeType"": ""video/mp4"", ""size"": 257915}}, ""facets"": [{""features"": [{""$type"": ""app.bsky.richtext.facet#tag"", ""tag"": ""USPOL""}], ""index"": {""byteEnd"": 100, ""byteStart"": 94}}], ""langs"": [""en""], ""text"": ""While Dick’s has contributed to both sides, the politicians it funds support LGBTQ+ rights. #USPOL""}, ""embed"": {""cid"": ""bafkreibvz4irorkkjp5c5uk2vgbmaqd3myynntqrhe6f35chf5azgoajpy"", ""playlist"": ""https://video.bsky.app/watch/did%3Aplc%3Adkqyfczjnig7me5b7ez54jdw/bafkreibvz4irorkkjp5c5uk2vgbmaqd3myynntqrhe6f35chf5azgoajpy/playlist.m3u8"", ""thumbnail"": ""https://video.bsky.app/watch/did%3Aplc%3Adkqyfczjnig7me5b7ez54jdw/bafkreibvz4irorkkjp5c5uk2vgbmaqd3myynntqrhe6f35chf5azgoajpy/thumbnail.jpg"", ""aspectRatio"": {""height"": 1080, ""width"": 1080}, ""$type"": ""app.bsky.embed.video#view""}, ""bookmarkCount"": 0, ""replyCount"": 1, ""repostCount"": 3, ""likeCount"": 15, ""quoteCount"": 1, ""indexedAt"": ""2025-06-06T14:57:10.746Z"", ""labels"": []}",2026-09-29T20:39:17.321961+00:00
bluesky,at://did:plc:dkqyfczjnig7me5b7ez54jdw/app.bsky.feed.post/3lqse5o25ac2v,https://bsky.app/profile/goodsuniteus.bsky.social/post/3lqse5o25ac2v,2025-06-04T17:43:00.942Z,goodsuniteus.bsky.social,#pride,video,,,,6,,0,,0,0,,0,,"{""uri"": ""at://did:plc:dkqyfczjnig7me5b7ez54jdw/app.bsky.feed.post/3lqse5o25ac2v"", ""cid"": ""bafyreigq25v5zqjdfq2fsl257lo4gutscl67wwp2qetkgayfoegcb4j574"", ""author"": {""did"": ""did:plc:dkqyfczjnig7me5b7ez54jdw"", ""handle"": ""goodsuniteus.bsky.social"", ""displayName"": ""GoodsUniteUs"", ""avatar"": ""https://cdn.bsky.app/img/avatar/plain/did:plc:dkqyfczjnig7me5b7ez54jdw/bafkreic4bs4qqqbpqabcc2wdrldjf4eh2jsoo7pdpjemtfdwrojlcobzse"", ""associated"": {""activitySubscription"": {""allowSubscriptions"": ""followers""}}, ""labels"": [], ""createdAt"": ""2024-11-22T00:30:07.952Z""}, ""record"": {""$type"": ""app.bsky.feed.post"", ""createdAt"": ""2025-06-04T17:43:00.942Z"", ""embed"": {""$type"": ""app.bsky.embed.video"", ""aspectRatio"": {""height"": 1080, ""width"": 1080}, ""video"": {""$type"": ""blob"", ""ref"": {""$link"": ""bafkreidvw32alisfglvdtnd654z4vinpswan5gtz2gst45a6l3rs42d6vq""}, ""mimeType"": ""video/mp4"", ""size"": 396482}}, ""facets"": [{""features"": [{""$type"": ""app.bsky.richtext.facet#tag"", ""tag"": ""pride""}], ""index"": {""byteEnd"": 6, ""byteStart"": 0}}], ""langs"": [""en""], ""text"": ""#pride""}, ""embed"": {""cid"": ""bafkreidvw32alisfglvdtnd654z4vinpswan5gtz2gst45a6l3rs42d6vq"", ""playlist"": ""https://video.bsky.app/watch/did%3Aplc%3Adkqyfczjnig7me5b7ez54jdw/bafkreidvw32alisfglvdtnd654z4vinpswan5gtz2gst45a6l3rs42d6vq/playlist.m3u8"", ""thumbnail"": ""https://video.bsky.app/watch/did%3Aplc%3Adkqyfczjnig7me5b7ez54jdw/bafkreidvw32alisfglvdtnd654z4vinpswan5gtz2gst45a6l3rs42d6vq/thumbnail.jpg"", ""aspectRatio"": {""height"": 1080, ""width"": 1080}, ""$type"": ""app.bsky.embed.video#view""}, ""bookmarkCount"": 0, ""replyCount"": 0, ""repostCount"": 0, ""likeCount"": 6, ""quoteCount"": 0, ""indexedAt"": ""2025-06-04T17:43:01.846Z"", ""labels"": []}",2026-09-29T20:39:17.321980+00:00
bluesky,at://did:plc:dkqyfczjnig7me5b7ez54jdw/app.bsky.feed.post/3lqse4vgg7c2v,https://bsky.app/profile/goodsuniteus.bsky.social/post/3lqse4vgg7c2v,2025-06-04T17:42:35.129Z,goodsuniteus.bsky.social,#pride,video,,,,7,,1,,2,0,,0,,"{""uri"": ""at://did:plc:dkqyfczjnig7me5b7ez54jdw/app.bsky.feed.post/3lqse4vgg7c2v"", ""cid"": ""bafyreiadbevomf2wjligqejwit4pip7ndlsw7detfwyqvtiq5p6oucjbuq"", ""author"": {""did"": ""did:plc:dkqyfczjnig7me5b7ez54jdw"", ""handle"": ""goodsuniteus.bsky.social"", ""displayName"": ""GoodsUniteUs"", ""avatar"": ""https://cdn.bsky.app/img/avatar/plain/did:plc:dkqyfczjnig7me5b7ez54jdw/bafkreic4bs4qqqbpqabcc2wdrldjf4eh2jsoo7pdpjemtfdwrojlcobzse"", ""associated"": {""activitySubscription"": {""allowSubscriptions"": ""followers""}}, ""labels"": [], ""createdAt"": ""2024-11-22T00:30:07.952Z""}, ""record"": {""$type"": ""app.bsky.feed.post"", ""createdAt"": ""2025-06-04T17:42:35.129Z"", ""embed"": {""$type"": ""app.bsky.embed.video"", ""aspectRatio"": {""height"": 1920, ""width"": 1080}, ""video"": {""$type"": ""blob"", ""ref"": {""$link"": ""bafkreigjwoniboen5mjqqkdpu26l4rzwodu75swyatqnqokwsdwnyk4ktu""}, ""mimeType"": ""video/mp4"", ""size"": 3446232}}, ""facets"": [{""features"": [{""$type"": ""app.bsky.richtext.facet#tag"", ""tag"": ""pride""}], ""index"": {""byteEnd"": 6, ""byteStart"": 0}}], ""langs"": [""en""], ""text"": ""#pride""}, ""embed"": {""cid"": ""bafkreigjwoniboen5mjqqkdpu26l4rzwodu75swyatqnqokwsdwnyk4ktu"", ""playlist"": ""https://video.bsky.app/watch/did%3Aplc%3Adkqyfczjnig7me5b7ez54jdw/bafkreigjwoniboen5mjqqkdpu26l4rzwodu75swyatqnqokwsdwnyk4ktu/playlist.m3u8"", ""thumbnail"": ""https://video.bsky.app/watch/did%3Aplc%3Adkqyfczjnig7me5b7ez54jdw/bafkreigjwoniboen5mjqqkdpu26l4rzwodu75swyatqnqokwsdwnyk4ktu/thumbnail.jpg"", ""aspectRatio"": {""height"": 1920, ""width"": 1080}, ""$type"": ""app.bsky.embed.video#view""}, ""bookmarkCount"": 0, ""replyCount"": 1, ""repostCount"": 2, ""likeCount"": 7, ""quoteCount"": 0, ""indexedAt"": ""2025-06-04T17:42:36.045Z"", ""labels"": []}",2026-09-29T20:39:17.321999+00:00
bluesky,at://did:plc:dkqyfczjnig7me5b7ez54jdw/app.bsky.feed.post/3lqnlsdyk7s2d,https://bsky.app/profile/goodsuniteus.bsky.social/post/3lqnlsdyk7s2d,2025-06-02T20:16:32.548Z,goodsuniteus.bsky.social,"In honor of pride month, we are calling out brands and companies on how their political contributions affect LGBTQ+ rights. #USPOL",video,,,,7,,0,,3,1,,0,,"{""uri"": ""at://did:plc:dkqyfczjnig7me5b7ez54jdw/app.bsky.feed.post/3lqnlsdyk7s2d"", ""cid"": ""bafyreie2qiausmazcizxqp36a5dbkf7clpdi3rethjji5fc75kdge4ucju"", ""author"": {""did"": ""did:plc:dkqyfczjnig7me5b7ez54jdw"", ""handle"": ""goodsuniteus.bsky.social"", ""displayName"": ""GoodsUniteUs"", ""avatar"": ""https://cdn.bsky.app/img/avatar/plain/did:plc:dkqyfczjnig7me5b7ez54jdw/bafkreic4bs4qqqbpqabcc2wdrldjf4eh2jsoo7pdpjemtfdwrojlcobzse"", ""associated"": {""activitySubscription"": {""allowSubscriptions"": ""followers""}}, ""labels"": [], ""createdAt"": ""2024-11-22T00:30:07.952Z""}, ""record"": {""$type"": ""app.bsky.feed.post"", ""createdAt"": ""2025-06-02T20:16:32.548Z"", ""embed"": {""$type"": ""app.bsky.embed.video"", ""aspectRatio"": {""height"": 1080, ""width"": 1080}, ""video"": {""$type"": ""blob"", ""ref"": {""$link"": ""bafkreichmbx4iy3o6g6v6vmiou6drzwinlk6cpac6uvvwb3mtpekceo7z4""}, ""mimeType"": ""video/mp4"", ""size"": 242140}}, ""facets"": [{""features"": [{""$type"": ""app.bsky.richtext.facet#tag"", ""tag"": ""USPOL""}], ""index"": {""byteEnd"": 130, ""byteStart"": 124}}], ""langs"": [""en""], ""text"": ""In honor of pride month, we are calling out brands and companies on how their political contributions affect LGBTQ+ rights. #USPOL""}, ""embed"": {""cid"": ""bafkreichmbx4iy3o6g6v6vmiou6drzwinlk6cpac6uvvwb3mtpekceo7z4"", ""playlist"": ""https://video.bsky.app/watch/did%3Aplc%3Adkqyfczjnig7me5b7ez54jdw/bafkreichmbx4iy3o6g6v6vmiou6drzwinlk6cpac6uvvwb3mtpekceo7z4/playlist.m3u8"", ""thumbnail"": ""https://video.bsky.app/watch/did%3Aplc%3Adkqyfczjnig7me5b7ez54jdw/bafkreichmbx4iy3o6g6v6vmiou6drzwinlk6cpac6uvvwb3mtpekceo7z4/thumbnail.jpg"", ""aspectRatio"": {""height"": 1080, ""width"": 1080}, ""$type"": ""app.bsky.embed.video#view""}, ""bookmarkCount"": 0, ""replyCount"": 0, ""repostCount"": 3, ""likeCount"": 7, ""quoteCount"": 1, ""indexedAt"": ""2025-06-02T20:16:34.651Z"", ""labels"": []}",2026-09-29T20:39:17.322015+00:00
bluesky,at://did:plc:dkqyfczjnig7me5b7ez54jdw/app.bsky.feed.post/3lq3hxrvfdk27,https://bsky.app/profile/goodsuniteus.bsky.social/post/3lq3hxrvfdk27,2025-05-26T15:20:04.639Z,goodsuniteus.bsky.social,#politics #goodsuniteus,video,,,,13,,0,,1,1,,0,,"{""uri"": ""at://did:plc:dkqyfczjnig7me5b7ez54jdw/app.bsky.feed.post/3lq3hxrvfdk27"", ""cid"": ""bafyreidwosvar447opgzh4c57zi6qajkphhhkvropfgp7v7hsjrj7vuw6a"", ""author"": {""did"": ""did:plc:dkqyfczjnig7me5b7ez54jdw"", ""handle"": ""goodsuniteus.bsky.social"", ""displayName"": ""GoodsUniteUs"", ""avatar"": ""https://cdn.bsky.app/img/avatar/plain/did:plc:dkqyfczjnig7me5b7ez54jdw/bafkreic4bs4qqqbpqabcc2wdrldjf4eh2jsoo7pdpjemtfdwrojlcobzse"", ""associated"": {""activitySubscription"": {""allowSubscriptions"": ""followers""}}, ""labels"": [], ""createdAt"": ""2024-11-22T00:30:07.952Z""}, ""record"": {""$type"": ""app.bsky.feed.post"", ""createdAt"": ""2025-05-26T15:20:04.639Z"", ""embed"": {""$type"": ""app.bsky.embed.video"", ""aspectRatio"": {""height"": 1920, ""width"": 1080}, ""video"": {""$type"": ""blob"", ""ref"": {""$link"": ""bafkreiadyxndy5fjgg2l3gck6i263q3jes2hf2yjmx54quzpdsocy3iiqu""}, ""mimeType"": ""video/mp4"", ""size"": 7288591}}, ""facets"": [{""features"": [{""$type"": ""app.bsky.richtext.facet#tag"", ""tag"": ""politics""}], ""index"": {""byteEnd"": 9, ""byteStart"": 0}}, {""features"": [{""$type"": ""app.bsky.richtext.facet#tag"", ""tag"": ""goodsuniteus""}], ""index"": {""byteEnd"": 23, ""byteStart"": 10}}], ""langs"": [""en""], ""text"": ""#politics #goodsuniteus""}, ""embed"": {""cid"": ""bafkreiadyxndy5fjgg2l3gck6i263q3jes2hf2yjmx54quzpdsocy3iiqu"", ""playlist"": ""https://video.bsky.app/watch/did%3Aplc%3Adkqyfczjnig7me5b7ez54jdw/bafkreiadyxndy5fjgg2l3gck6i263q3jes2hf2yjmx54quzpdsocy3iiqu/playlist.m3u8"", ""thumbnail"": ""https://video.bsky.app/watch/did%3Aplc%3Adkqyfczjnig7me5b7ez54jdw/bafkreiadyxndy5fjgg2l3gck6i263q3jes2hf2yjmx54quzpdsocy3iiqu/thumbnail.jpg"", ""aspectRatio"": {""height"": 1920, ""width"": 1080}, ""$type"": ""app.bsky.embed.video#view""}, ""bookmarkCount"": 0, ""replyCount"": 0, ""repostCount"": 1, ""likeCount"": 13, ""quoteCount"": 1, ""indexedAt"": ""2025-05-26T15:20:05.650Z"", ""labels"": []}",2026-09-29T20:39:17.322033+00:00
bluesky,at://did:plc:dkqyfczjnig7me5b7ez54jdw/app.bsky.feed.post/3lpf7wqv76k2k,https://bsky.app/profile/goodsuniteus.bsky.social/post/3lpf7wqv76k2k,2025-05-17T18:57:45.844Z,goodsuniteus.bsky.social,#kroger #politics #moneyinpolitics,video,,,,5,,3,,2,0,,0,,"{""uri"": ""at://did:plc:dkqyfczjnig7me5b7ez54jdw/app.bsky.feed.post/3lpf7wqv76k2k"", ""cid"": ""bafyreib7q2oyvanumz3rdy6bifj3g4bw326wpcmcoh5eauvrtif37eksve"", ""author"": {""did"": ""did:plc:dkqyfczjnig7me5b7ez54jdw"", ""handle"": ""goodsuniteus.bsky.social"", ""displayName"": ""GoodsUniteUs"", ""avatar"": ""https://cdn.bsky.app/img/avatar/plain/did:plc:dkqyfczjnig7me5b7ez54jdw/bafkreic4bs4qqqbpqabcc2wdrldjf4eh2jsoo7pdpjemtfdwrojlcobzse"", ""associated"": {""activitySubscription"": {""allowSubscriptions"": ""followers""}}, ""labels"": [], ""createdAt"": ""2024-11-22T00:30:07.952Z""}, ""record"": {""$type"": ""app.bsky.feed.post"", ""createdAt"": ""2025-05-17T18:57:45.844Z"", ""embed"": {""$type"": ""app.bsky.embed.video"", ""aspectRatio"": {""height"": 1080, ""width"": 1080}, ""video"": {""$type"": ""blob"", ""ref"": {""$link"": ""bafkreia37o654rdgwb2z4ncukailba23e57zgilkfdfdsmvxufx5gceuiq""}, ""mimeType"": ""video/mp4"", ""size"": 235064}}, ""facets"": [{""features"": [{""$type"": ""app.bsky.richtext.facet#tag"", ""tag"": ""kroger""}], ""index"": {""byteEnd"": 7, ""byteStart"": 0}}, {""features"": [{""$type"": ""app.bsky.richtext.facet#tag"", ""tag"": ""politics""}], ""index"": {""byteEnd"": 17, ""byteStart"": 8}}, {""features"": [{""$type"": ""app.bsky.richtext.facet#tag"", ""tag"": ""moneyinpolitics""}], ""index"": {""byteEnd"": 34, ""byteStart"": 18}}], ""langs"": [""en""], ""text"": ""#kroger #politics #moneyinpolitics""}, ""embed"": {""cid"": ""bafkreia37o654rdgwb2z4ncukailba23e57zgilkfdfdsmvxufx5gceuiq"", ""playlist"": ""https://video.bsky.app/watch/did%3Aplc%3Adkqyfczjnig7me5b7ez54jdw/bafkreia37o654rdgwb2z4ncukailba23e57zgilkfdfdsmvxufx5gceuiq/playlist.m3u8"", ""thumbnail"": ""https://video.bsky.app/watch/did%3Aplc%3Adkqyfczjnig7me5b7ez54jdw/bafkreia37o654rdgwb2z4ncukailba23e57zgilkfdfdsmvxufx5gceuiq/thumbnail.jpg"", ""aspectRatio"": {""height"": 1080, ""width"": 1080}, ""$type"": ""app.bsky.embed.video#view""}, ""bookmarkCount"": 0, ""replyCount"": 3, ""repostCount"": 2, ""likeCount"": 5, ""quoteCount"": 0, ""indexedAt"": ""2025-05-17T18:57:47.150Z"", ""labels"": []}",2026-09-29T20:39:17.322049+00:00
bluesky,at://did:plc:dkqyfczjnig7me5b7ez54jdw/app.bsky.feed.post/3logp34kxhc2f,https://bsky.app/profile/goodsuniteus.bsky.social/post/3logp34kxhc2f,2025-05-05T15:36:06.550Z,goodsuniteus.bsky.social,#USPOL,video,,,,7,,0,,3,1,,0,,"{""uri"": ""at://did:plc:dkqyfczjnig7me5b7ez54jdw/app.bsky.feed.post/3logp34kxhc2f"", ""cid"": ""bafyreice4wtc73wkj5h43rvqaee5bxbwqcgyldbigdm7pvbl5vmovfjno4"", ""author"": {""did"": ""did:plc:dkqyfczjnig7me5b7ez54jdw"", ""handle"": ""goodsuniteus.bsky.social"", ""displayName"": ""GoodsUniteUs"", ""avatar"": ""https://cdn.bsky.app/img/avatar/plain/did:plc:dkqyfczjnig7me5b7ez54jdw/bafkreic4bs4qqqbpqabcc2wdrldjf4eh2jsoo7pdpjemtfdwrojlcobzse"", ""associated"": {""activitySubscription"": {""allowSubscriptions"": ""followers""}}, ""labels"": [], ""createdAt"": ""2024-11-22T00:30:07.952Z""}, ""record"": {""$type"": ""app.bsky.feed.post"", ""createdAt"": ""2025-05-05T15:36:06.550Z"", ""embed"": {""$type"": ""app.bsky.embed.video"", ""aspectRatio"": {""height"": 1920, ""width"": 1080}, ""video"": {""$type"": ""blob"", ""ref"": {""$link"": ""bafkreid3hk5u7g3twv3swve7djxayeyyfuucldgwoamtz2s7vx4qpldww4""}, ""mimeType"": ""video/mp4"", ""size"": 2348720}}, ""facets"": [{""features"": [{""$type"": ""app.bsky.richtext.facet#tag"", ""tag"": ""USPOL""}], ""index"": {""byteEnd"": 6, ""byteStart"": 0}}], ""langs"": [""en""], ""text"": ""#USPOL""}, ""embed"": {""cid"": ""bafkreid3hk5u7g3twv3swve7djxayeyyfuucldgwoamtz2s7vx4qpldww4"", ""playlist"": ""https://video.bsky.app/watch/did%3Aplc%3Adkqyfczjnig7me5b7ez54jdw/bafkreid3hk5u7g3twv3swve7djxayeyyfuucldgwoamtz2s7vx4qpldww4/playlist.m3u8"", ""thumbnail"": ""https://video.bsky.app/watch/did%3Aplc%3Adkqyfczjnig7me5b7ez54jdw/bafkreid3hk5u7g3twv3swve7djxayeyyfuucldgwoamtz2s7vx4qpldww4/thumbnail.jpg"", ""aspectRatio"": {""height"": 1920, ""width"": 1080}, ""$type"": ""app.bsky.embed.video#view""}, ""bookmarkCount"": 0, ""replyCount"": 0, ""repostCount"": 3, ""likeCount"": 7, ""quoteCount"": 1, ""indexedAt"": ""2025-05-05T15:36:07.389Z"", ""labels"": []}",2026-09-29T20:39:17.322064+00:00
bluesky,at://did:plc:dkqyfczjnig7me5b7ez54jdw/app.bsky.feed.post/3lnjhbnevy22z,https://bsky.app/profile/goodsuniteus.bsky.social/post/3lnjhbnevy22z,2025-04-24T00:29:23.159Z,goodsuniteus.bsky.social,Let us introduce you to Index Align! #politics,video,,,,50,,1,,24,2,,0,,"{""uri"": ""at://did:plc:dkqyfczjnig7me5b7ez54jdw/app.bsky.feed.post/3lnjhbnevy22z"", ""cid"": ""bafyreihfesckjb62m64i2n76yhxvhsigi6t3kwhcr7l67inaqv6ecerpom"", ""author"": {""did"": ""did:plc:dkqyfczjnig7me5b7ez54jdw"", ""handle"": ""goodsuniteus.bsky.social"", ""displayName"": ""GoodsUniteUs"", ""avatar"": ""https://cdn.bsky.app/img/avatar/plain/did:plc:dkqyfczjnig7me5b7ez54jdw/bafkreic4bs4qqqbpqabcc2wdrldjf4eh2jsoo7pdpjemtfdwrojlcobzse"", ""associated"": {""activitySubscription"": {""allowSubscriptions"": ""followers""}}, ""labels"": [], ""createdAt"": ""2024-11-22T00:30:07.952Z""}, ""record"": {""$type"": ""app.bsky.feed.post"", ""createdAt"": ""2025-04-24T00:29:23.159Z"", ""embed"": {""$type"": ""app.bsky.embed.video"", ""aspectRatio"": {""height"": 1280, ""width"": 720}, ""video"": {""$type"": ""blob"", ""ref"": {""$link"": ""bafkreiam752vy6vtyjbeoph6l5psq5opie6aj3tmjszuuqu7sqpxqpsyku""}, ""mimeType"": ""video/mp4"", ""size"": 25206099}}, ""facets"": [{""features"": [{""$type"": ""app.bsky.richtext.facet#tag"", ""tag"": ""politics""}], ""index"": {""byteEnd"": 46, ""byteStart"": 37}}], ""langs"": [""en""], ""text"": ""Let us introduce you to Index Align! #politics""}, ""embed"": {""cid"": ""bafkreiam752vy6vtyjbeoph6l5psq5opie6aj3tmjszuuqu7sqpxqpsyku"", ""playlist"": ""https://video.bsky.app/watch/did%3Aplc%3Adkqyfczjnig7me5b7ez54jdw/bafkreiam752vy6vtyjbeoph6l5psq5opie6aj3tmjszuuqu7sqpxqpsyku/playlist.m3u8"", ""thumbnail"": ""https://video.bsky.app/watch/did%3Aplc%3Adkqyfczjnig7me5b7ez54jdw/bafkreiam752vy6vtyjbeoph6l5psq5opie6aj3tmjszuuqu7sqpxqpsyku/thumbnail.jpg"", ""aspectRatio"": {""height"": 1280, ""width"": 720}, ""$type"": ""app.bsky.embed.video#view""}, ""bookmarkCount"": 0, ""replyCount"": 1, ""repostCount"": 24, ""likeCount"": 50, ""quoteCount"": 2, ""indexedAt"": ""2025-04-24T00:29:24.783Z"", ""labels"": []}",2026-09-29T20:39:17.322078+00:00
bluesky,at://did:plc:dkqyfczjnig7me5b7ez54jdw/app.bsky.feed.post/3lndjqguk3k25,https://bsky.app/profile/goodsuniteus.bsky.social/post/3lndjqguk3k25,2025-04-21T15:57:28.699Z,goodsuniteus.bsky.social,"Office politics…
#boycott #shop #politics",video,,,,1,,0,,0,0,,0,,"{""uri"": ""at://did:plc:dkqyfczjnig7me5b7ez54jdw/app.bsky.feed.post/3lndjqguk3k25"", ""cid"": ""bafyreidudwlpzjdadetp47whw34yr3rfa2zrmngwtcgfeqtaztybfqursa"", ""author"": {""did"": ""did:plc:dkqyfczjnig7me5b7ez54jdw"", ""handle"": ""goodsuniteus.bsky.social"", ""displayName"": ""GoodsUniteUs"", ""avatar"": ""https://cdn.bsky.app/img/avatar/plain/did:plc:dkqyfczjnig7me5b7ez54jdw/bafkreic4bs4qqqbpqabcc2wdrldjf4eh2jsoo7pdpjemtfdwrojlcobzse"", ""associated"": {""activitySubscription"": {""allowSubscriptions"": ""followers""}}, ""labels"": [], ""createdAt"": ""2024-11-22T00:30:07.952Z""}, ""record"": {""$type"": ""app.bsky.feed.post"", ""createdAt"": ""2025-04-21T15:57:28.699Z"", ""embed"": {""$type"": ""app.bsky.embed.video"", ""aspectRatio"": {""height"": 1080, ""width"": 1080}, ""video"": {""$type"": ""blob"", ""ref"": {""$link"": ""bafkreibpcmdw2g76kwvrbqgzvak35cfm7xaehuj5s3yxkyvmuhshxcrhs4""}, ""mimeType"": ""video/mp4"", ""size"": 275667}}, ""facets"": [{""features"": [{""$type"": ""app.bsky.richtext.facet#tag"", ""tag"": ""boycott""}], ""index"": {""byteEnd"": 27, ""byteStart"": 19}}, {""features"": [{""$type"": ""app.bsky.richtext.facet#tag"", ""tag"": ""shop""}], ""index"": {""byteEnd"": 33, ""byteStart"": 28}}, {""features"": [{""$type"": ""app.bsky.richtext.facet#tag"", ""tag"": ""politics""}], ""index"": {""byteEnd"": 43, ""byteStart"": 34}}], ""langs"": [""en""], ""text"": ""Office politics…\n#boycott #shop #politics""}, ""embed"": {""cid"": ""bafkreibpcmdw2g76kwvrbqgzvak35cfm7xaehuj5s3yxkyvmuhshxcrhs4"", ""playlist"": ""https://video.bsky.app/watch/did%3Aplc%3Adkqyfczjnig7me5b7ez54jdw/bafkreibpcmdw2g76kwvrbqgzvak35cfm7xaehuj5s3yxkyvmuhshxcrhs4/playlist.m3u8"", ""thumbnail"": ""https://video.bsky.app/watch/did%3Aplc%3Adkqyfczjnig7me5b7ez54jdw/bafkreibpcmdw2g76kwvrbqgzvak35cfm7xaehuj5s3yxkyvmuhshxcrhs4/thumbnail.jpg"", ""aspectRatio"": {""height"": 1080, ""width"": 1080}, ""$type"": ""app.bsky.embed.video#view""}, ""bookmarkCount"": 0, ""replyCount"": 0, ""repostCount"": 0, ""likeCount"": 1, ""quoteCount"": 0, ""indexedAt"": ""2025-04-21T15:57:29.586Z"", ""labels"": []}",2026-09-29T20:39:17.322095+00:00
bluesky,at://did:plc:dkqyfczjnig7me5b7ez54jdw/app.bsky.feed.post/3lmfvctydus2s,https://bsky.app/profile/goodsuniteus.bsky.social/post/3lmfvctydus2s,2025-04-09T21:04:45.448Z,goodsuniteus.bsky.social,#USPOL #boycott #shop,video,,,,11,,2,,2,1,,0,,"{""uri"": ""at://did:plc:dkqyfczjnig7me5b7ez54jdw/app.bsky.feed.post/3lmfvctydus2s"", ""cid"": ""bafyreicvvrxriduekox5cxloed6txo5tt4albmzib76ouzmquuaw3htntm"", ""author"": {""did"": ""did:plc:dkqyfczjnig7me5b7ez54jdw"", ""handle"": ""goodsuniteus.bsky.social"", ""displayName"": ""GoodsUniteUs"", ""avatar"": ""https://cdn.bsky.app/img/avatar/plain/did:plc:dkqyfczjnig7me5b7ez54jdw/bafkreic4bs4qqqbpqabcc2wdrldjf4eh2jsoo7pdpjemtfdwrojlcobzse"", ""associated"": {""activitySubscription"": {""allowSubscriptions"": ""followers""}}, ""labels"": [], ""createdAt"": ""2024-11-22T00:30:07.952Z""}, ""record"": {""$type"": ""app.bsky.feed.post"", ""createdAt"": ""2025-04-09T21:04:45.448Z"", ""embed"": {""$type"": ""app.bsky.embed.video"", ""aspectRatio"": {""height"": 1080, ""width"": 1080}, ""video"": {""$type"": ""blob"", ""ref"": {""$link"": ""bafkreiawaosslt7gv6vjtjo7qnvbloi6rjccyyculpl2c6bmwcrstgfhnq""}, ""mimeType"": ""video/mp4"", ""size"": 2208286}}, ""facets"": [{""features"": [{""$type"": ""app.bsky.richtext.facet#tag"", ""tag"": ""USPOL""}], ""index"": {""byteEnd"": 6, ""byteStart"": 0}}, {""features"": [{""$type"": ""app.bsky.richtext.facet#tag"", ""tag"": ""boycott""}], ""index"": {""byteEnd"": 15, ""byteStart"": 7}}, {""features"": [{""$type"": ""app.bsky.richtext.facet#tag"", ""tag"": ""shop""}], ""index"": {""byteEnd"": 21, ""byteStart"": 16}}], ""langs"": [""en""], ""text"": ""#USPOL #boycott #shop""}, ""embed"": {""cid"": ""bafkreiawaosslt7gv6vjtjo7qnvbloi6rjccyyculpl2c6bmwcrstgfhnq"", ""playlist"": ""https://video.bsky.app/watch/did%3Aplc%3Adkqyfczjnig7me5b7ez54jdw/bafkreiawaosslt7gv6vjtjo7qnvbloi6rjccyyculpl2c6bmwcrstgfhnq/playlist.m3u8"", ""thumbnail"": ""https://video.bsky.app/watch/did%3Aplc%3Adkqyfczjnig7me5b7ez54jdw/bafkreiawaosslt7gv6vjtjo7qnvbloi6rjccyyculpl2c6bmwcrstgfhnq/thumbnail.jpg"", ""aspectRatio"": {""height"": 1080, ""width"": 1080}, ""$type"": ""app.bsky.embed.video#view""}, ""bookmarkCount"": 0, ""replyCount"": 2, ""repostCount"": 2, ""likeCount"": 11, ""quoteCount"": 1, ""indexedAt"": ""2025-04-09T21:04:46.487Z"", ""labels"": []}",2026-09-29T20:39:17.322114+00:00
bluesky,at://did:plc:dkqyfczjnig7me5b7ez54jdw/app.bsky.feed.post/3llubiiueg22x,https://bsky.app/profile/goodsuniteus.bsky.social/post/3llubiiueg22x,2025-04-02T20:54:44.716Z,goodsuniteus.bsky.social,"#politics #USPOL #shop
Surprise, surprise!
Get the goods on your favorite companies. Get the Goods Unite Us app.",video,,,,8,,0,,2,0,,0,,"{""uri"": ""at://did:plc:dkqyfczjnig7me5b7ez54jdw/app.bsky.feed.post/3llubiiueg22x"", ""cid"": ""bafyreifi5tk737zscb527hx4ezrn4sdcutboghjbrunoeovct3wp7ixqne"", ""author"": {""did"": ""did:plc:dkqyfczjnig7me5b7ez54jdw"", ""handle"": ""goodsuniteus.bsky.social"", ""displayName"": ""GoodsUniteUs"", ""avatar"": ""https://cdn.bsky.app/img/avatar/plain/did:plc:dkqyfczjnig7me5b7ez54jdw/bafkreic4bs4qqqbpqabcc2wdrldjf4eh2jsoo7pdpjemtfdwrojlcobzse"", ""associated"": {""activitySubscription"": {""allowSubscriptions"": ""followers""}}, ""labels"": [], ""createdAt"": ""2024-11-22T00:30:07.952Z""}, ""record"": {""$type"": ""app.bsky.feed.post"", ""createdAt"": ""2025-04-02T20:54:44.716Z"", ""embed"": {""$type"": ""app.bsky.embed.video"", ""aspectRatio"": {""height"": 1080, ""width"": 1080}, ""video"": {""$type"": ""blob"", ""ref"": {""$link"": ""bafkreib26mskfvhjetpns7mukrfwghzm7bxs37m43ej3rc74slnfc4snhi""}, ""mimeType"": ""video/mp4"", ""size"": 2139901}}, ""facets"": [{""features"": [{""$type"": ""app.bsky.richtext.facet#tag"", ""tag"": ""politics""}], ""index"": {""byteEnd"": 9, ""byteStart"": 0}}, {""features"": [{""$type"": ""app.bsky.richtext.facet#tag"", ""tag"": ""USPOL""}], ""index"": {""byteEnd"": 16, ""byteStart"": 10}}, {""features"": [{""$type"": ""app.bsky.richtext.facet#tag"", ""tag"": ""shop""}], ""index"": {""byteEnd"": 22, ""byteStart"": 17}}], ""langs"": [""en""], ""text"": ""#politics #USPOL #shop\nSurprise, surprise!\nGet the goods on your favorite companies. Get the Goods Unite Us app.""}, ""embed"": {""cid"": ""bafkreib26mskfvhjetpns7mukrfwghzm7bxs37m43ej3rc74slnfc4snhi"", ""playlist"": ""https://video.bsky.app/watch/did%3Aplc%3Adkqyfczjnig7me5b7ez54jdw/bafkreib26mskfvhjetpns7mukrfwghzm7bxs37m43ej3rc74slnfc4snhi/playlist.m3u8"", ""thumbnail"": ""https://video.bsky.app/watch/did%3Aplc%3Adkqyfczjnig7me5b7ez54jdw/bafkreib26mskfvhjetpns7mukrfwghzm7bxs37m43ej3rc74slnfc4snhi/thumbnail.jpg"", ""aspectRatio"": {""height"": 1080, ""width"": 1080}, ""$type"": ""app.bsky.embed.video#view""}, ""bookmarkCount"": 0, ""replyCount"": 0, ""repostCount"": 2, ""likeCount"": 8, ""quoteCount"": 0, ""indexedAt"": ""2025-04-02T20:54:46.510Z"", ""labels"": []}",2026-09-29T20:39:17.322131+00:00
bluesky,at://did:plc:dkqyfczjnig7me5b7ez54jdw/app.bsky.feed.post/3lli54cotys2c,https://bsky.app/profile/goodsuniteus.bsky.social/post/3lli54cotys2c,2025-03-29T01:04:23.758Z,goodsuniteus.bsky.social,#politics #boycott,image,,,,10,,0,,5,2,,0,,"{""uri"": ""at://did:plc:dkqyfczjnig7me5b7ez54jdw/app.bsky.feed.post/3lli54cotys2c"", ""cid"": ""bafyreihhtbju6ervqeisukej2c4gwwfuslygr4ipzisvn3h4ubd52wn57e"", ""author"": {""did"": ""did:plc:dkqyfczjnig7me5b7ez54jdw"", ""handle"": ""goodsuniteus.bsky.social"", ""displayName"": ""GoodsUniteUs"", ""avatar"": ""https://cdn.bsky.app/img/avatar/plain/did:plc:dkqyfczjnig7me5b7ez54jdw/bafkreic4bs4qqqbpqabcc2wdrldjf4eh2jsoo7pdpjemtfdwrojlcobzse"", ""associated"": {""activitySubscription"": {""allowSubscriptions"": ""followers""}}, ""labels"": [], ""createdAt"": ""2024-11-22T00:30:07.952Z""}, ""record"": {""$type"": ""app.bsky.feed.post"", ""createdAt"": ""2025-03-29T01:04:23.758Z"", ""embed"": {""$type"": ""app.bsky.embed.images"", ""images"": [{""alt"": """", ""aspectRatio"": {""height"": 1080, ""width"": 1080}, ""image"": {""$type"": ""blob"", ""ref"": {""$link"": ""bafkreicsmhuw5kzk2iotowmdzxbag73ekr7e674rqvc4mpuo2wj53uaksq""}, ""mimeType"": ""image/jpeg"", ""size"": 972503}}]}, ""facets"": [{""features"": [{""$type"": ""app.bsky.richtext.facet#tag"", ""tag"": ""politics""}], ""index"": {""byteEnd"": 9, ""byteStart"": 0}}, {""features"": [{""$type"": ""app.bsky.richtext.facet#tag"", ""tag"": ""boycott""}], ""index"": {""byteEnd"": 18, ""byteStart"": 10}}], ""langs"": [""en""], ""text"": ""#politics #boycott""}, ""embed"": {""images"": [{""thumb"": ""https://cdn.bsky.app/img/feed_thumbnail/plain/did:plc:dkqyfczjnig7me5b7ez54jdw/bafkreicsmhuw5kzk2iotowmdzxbag73ekr7e674rqvc4mpuo2wj53uaksq"", ""fullsize"": ""https://cdn.bsky.app/img/feed_fullsize/plain/did:plc:dkqyfczjnig7me5b7ez54jdw/bafkreicsmhuw5kzk2iotowmdzxbag73ekr7e674rqvc4mpuo2wj53uaksq"", ""alt"": """", ""aspectRatio"": {""height"": 1080, ""width"": 1080}}], ""$type"": ""app.bsky.embed.images#view""}, ""bookmarkCount"": 0, ""replyCount"": 0, ""repostCount"": 5, ""likeCount"": 10, ""quoteCount"": 2, ""indexedAt"": ""2025-03-29T01:04:26.099Z"", ""labels"": []}",2026-09-29T20:39:17.322147+00:00
bluesky,at://did:plc:dkqyfczjnig7me5b7ez54jdw/app.bsky.feed.post/3lklo74nb2c2k,https://bsky.app/profile/goodsuniteus.bsky.social/post/3lklo74nb2c2k,2025-03-17T17:22:59.286Z,goodsuniteus.bsky.social,Here’s a little info on our data. #politics #boycott #USPOL,video,,,,12,,4,,1,1,,0,,"{""uri"": ""at://did:plc:dkqyfczjnig7me5b7ez54jdw/app.bsky.feed.post/3lklo74nb2c2k"", ""cid"": ""bafyreieikam23y6lzo2qey6gboals35vqoazmgcpdgxqlkmqboy47zm2mi"", ""author"": {""did"": ""did:plc:dkqyfczjnig7me5b7ez54jdw"", ""handle"": ""goodsuniteus.bsky.social"", ""displayName"": ""GoodsUniteUs"", ""avatar"": ""https://cdn.bsky.app/img/avatar/plain/did:plc:dkqyfczjnig7me5b7ez54jdw/bafkreic4bs4qqqbpqabcc2wdrldjf4eh2jsoo7pdpjemtfdwrojlcobzse"", ""associated"": {""activitySubscription"": {""allowSubscriptions"": ""followers""}}, ""labels"": [], ""createdAt"": ""2024-11-22T00:30:07.952Z""}, ""record"": {""$type"": ""app.bsky.feed.post"", ""createdAt"": ""2025-03-17T17:22:59.286Z"", ""embed"": {""$type"": ""app.bsky.embed.video"", ""aspectRatio"": {""height"": 1920, ""width"": 1080}, ""video"": {""$type"": ""blob"", ""ref"": {""$link"": ""bafkreidyfbwflawy64a2zohv7fxwsubv4ndopjylt4avemuenq326rirxq""}, ""mimeType"": ""video/mp4"", ""size"": 22348282}}, ""facets"": [{""features"": [{""$type"": ""app.bsky.richtext.facet#tag"", ""tag"": ""politics""}], ""index"": {""byteEnd"": 45, ""byteStart"": 36}}, {""features"": [{""$type"": ""app.bsky.richtext.facet#tag"", ""tag"": ""boycott""}], ""index"": {""byteEnd"": 54, ""byteStart"": 46}}, {""features"": [{""$type"": ""app.bsky.richtext.facet#tag"", ""tag"": ""USPOL""}], ""index"": {""byteEnd"": 61, ""byteStart"": 55}}], ""langs"": [""en""], ""text"": ""Here’s a little info on our data. #politics #boycott #USPOL""}, ""embed"": {""cid"": ""bafkreidyfbwflawy64a2zohv7fxwsubv4ndopjylt4avemuenq326rirxq"", ""playlist"": ""https://video.bsky.app/watch/did%3Aplc%3Adkqyfczjnig7me5b7ez54jdw/bafkreidyfbwflawy64a2zohv7fxwsubv4ndopjylt4avemuenq326rirxq/playlist.m3u8"", ""thumbnail"": ""https://video.bsky.app/watch/did%3Aplc%3Adkqyfczjnig7me5b7ez54jdw/bafkreidyfbwflawy64a2zohv7fxwsubv4ndopjylt4avemuenq326rirxq/thumbnail.jpg"", ""aspectRatio"": {""height"": 1920, ""width"": 1080}, ""$type"": ""app.bsky.embed.video#view""}, ""bookmarkCount"": 0, ""replyCount"": 4, ""repostCount"": 1, ""likeCount"": 12, ""quoteCount"": 1, ""indexedAt"": ""2025-03-17T17:23:03.355Z"", ""labels"": []}",2026-09-29T20:39:17.322164+00:00
bluesky,at://did:plc:dkqyfczjnig7me5b7ez54jdw/app.bsky.feed.post/3lkk74gunn22u,https://bsky.app/profile/goodsuniteus.bsky.social/post/3lkk74gunn22u,2025-03-17T03:20:23.485Z,goodsuniteus.bsky.social,"Shop with purpose. Check your Goods Unite Us app.
#shop #boycott #politics",video,,,,22,,0,,8,1,,0,,"{""uri"": ""at://did:plc:dkqyfczjnig7me5b7ez54jdw/app.bsky.feed.post/3lkk74gunn22u"", ""cid"": ""bafyreihfvmtrftxwzbsla2avofg62eyb3inkakcd34j7ihfjaweobcrby4"", ""author"": {""did"": ""did:plc:dkqyfczjnig7me5b7ez54jdw"", ""handle"": ""goodsuniteus.bsky.social"", ""displayName"": ""GoodsUniteUs"", ""avatar"": ""https://cdn.bsky.app/img/avatar/plain/did:plc:dkqyfczjnig7me5b7ez54jdw/bafkreic4bs4qqqbpqabcc2wdrldjf4eh2jsoo7pdpjemtfdwrojlcobzse"", ""associated"": {""activitySubscription"": {""allowSubscriptions"": ""followers""}}, ""labels"": [], ""createdAt"": ""2024-11-22T00:30:07.952Z""}, ""record"": {""$type"": ""app.bsky.feed.post"", ""createdAt"": ""2025-03-17T03:20:23.485Z"", ""embed"": {""$type"": ""app.bsky.embed.video"", ""aspectRatio"": {""height"": 1920, ""width"": 1080}, ""video"": {""$type"": ""blob"", ""ref"": {""$link"": ""bafkreicxevcnttgfmgygj2molxza5zyg6y47a6er4pc4m7retj4nrocria""}, ""mimeType"": ""video/mp4"", ""size"": 5821459}}, ""facets"": [{""features"": [{""$type"": ""app.bsky.richtext.facet#tag"", ""tag"": ""shop""}], ""index"": {""byteEnd"": 55, ""byteStart"": 50}}, {""features"": [{""$type"": ""app.bsky.richtext.facet#tag"", ""tag"": ""boycott""}], ""index"": {""byteEnd"": 64, ""byteStart"": 56}}, {""features"": [{""$type"": ""app.bsky.richtext.facet#tag"", ""tag"": ""politics""}], ""index"": {""byteEnd"": 74, ""byteStart"": 65}}], ""langs"": [""en""], ""text"": ""Shop with purpose. Check your Goods Unite Us app.\n#shop #boycott #politics""}, ""embed"": {""cid"": ""bafkreicxevcnttgfmgygj2molxza5zyg6y47a6er4pc4m7retj4nrocria"", ""playlist"": ""https://video.bsky.app/watch/did%3Aplc%3Adkqyfczjnig7me5b7ez54jdw/bafkreicxevcnttgfmgygj2molxza5zyg6y47a6er4pc4m7retj4nrocria/playlist.m3u8"", ""thumbnail"": ""https://video.bsky.app/watch/did%3Aplc%3Adkqyfczjnig7me5b7ez54jdw/bafkreicxevcnttgfmgygj2molxza5zyg6y47a6er4pc4m7retj4nrocria/thumbnail.jpg"", ""aspectRatio"": {""height"": 1920, ""width"": 1080}, ""$type"": ""app.bsky.embed.video#view""}, ""bookmarkCount"": 0, ""replyCount"": 0, ""repostCount"": 8, ""likeCount"": 22, ""quoteCount"": 1, ""indexedAt"": ""2025-03-17T03:20:24.651Z"", ""labels"": []}",2026-09-29T20:39:17.322181+00:00
bluesky,at://did:plc:dkqyfczjnig7me5b7ez54jdw/app.bsky.feed.post/3lkgst4rpjs2a,https://bsky.app/profile/goodsuniteus.bsky.social/post/3lkgst4rpjs2a,2025-03-15T19:02:26.790Z,goodsuniteus.bsky.social,Remember: this data is based on FEC-reported political contribution data over the last three election cycles. No DEI data or other corporate behavior. Just money in politics.,image,,,,39,,9,,9,2,,0,,"{""uri"": ""at://did:plc:dkqyfczjnig7me5b7ez54jdw/app.bsky.feed.post/3lkgst4rpjs2a"", ""cid"": ""bafyreiabkjqtmpnghiaiqorom34ln24vzyfwj6vfgctbd4mhrszqrrqtra"", ""author"": {""did"": ""did:plc:dkqyfczjnig7me5b7ez54jdw"", ""handle"": ""goodsuniteus.bsky.social"", ""displayName"": ""GoodsUniteUs"", ""avatar"": ""https://cdn.bsky.app/img/avatar/plain/did:plc:dkqyfczjnig7me5b7ez54jdw/bafkreic4bs4qqqbpqabcc2wdrldjf4eh2jsoo7pdpjemtfdwrojlcobzse"", ""associated"": {""activitySubscription"": {""allowSubscriptions"": ""followers""}}, ""labels"": [], ""createdAt"": ""2024-11-22T00:30:07.952Z""}, ""record"": {""$type"": ""app.bsky.feed.post"", ""createdAt"": ""2025-03-15T19:02:26.790Z"", ""embed"": {""$type"": ""app.bsky.embed.images"", ""images"": [{""alt"": """", ""aspectRatio"": {""height"": 1080, ""width"": 1080}, ""image"": {""$type"": ""blob"", ""ref"": {""$link"": ""bafkreic5tqmvbyyxk5aciyws6w7i7l4yyhz5hfxhy4m5mycpgtmzcahxjq""}, ""mimeType"": ""image/jpeg"", ""size"": 575916}}]}, ""langs"": [""en""], ""text"": ""Remember: this data is based on FEC-reported political contribution data over the last three election cycles. No DEI data or other corporate behavior. Just money in politics.""}, ""embed"": {""images"": [{""thumb"": ""https://cdn.bsky.app/img/feed_thumbnail/plain/did:plc:dkqyfczjnig7me5b7ez54jdw/bafkreic5tqmvbyyxk5aciyws6w7i7l4yyhz5hfxhy4m5mycpgtmzcahxjq"", ""fullsize"": ""https://cdn.bsky.app/img/feed_fullsize/plain/did:plc:dkqyfczjnig7me5b7ez54jdw/bafkreic5tqmvbyyxk5aciyws6w7i7l4yyhz5hfxhy4m5mycpgtmzcahxjq"", ""alt"": """", ""aspectRatio"": {""height"": 1080, ""width"": 1080}}], ""$type"": ""app.bsky.embed.images#view""}, ""bookmarkCount"": 0, ""replyCount"": 9, ""repostCount"": 9, ""likeCount"": 39, ""quoteCount"": 2, ""indexedAt"": ""2025-03-15T19:02:29.153Z"", ""labels"": []}",2026-09-29T20:39:17.322197+00:00
bluesky,at://did:plc:dkqyfczjnig7me5b7ez54jdw/app.bsky.feed.post/3lk33t4wex22l,https://bsky.app/profile/goodsuniteus.bsky.social/post/3lk33t4wex22l,2025-03-11T03:11:33.765Z,goodsuniteus.bsky.social,#politics #boycott,video,,,,22,,5,,8,2,,0,,"{""uri"": ""at://did:plc:dkqyfczjnig7me5b7ez54jdw/app.bsky.feed.post/3lk33t4wex22l"", ""cid"": ""bafyreib5ovzyoufpcb3vldgnc3nbbkbhmm2mdjwqoki4oer63346e6kj2a"", ""author"": {""did"": ""did:plc:dkqyfczjnig7me5b7ez54jdw"", ""handle"": ""goodsuniteus.bsky.social"", ""displayName"": ""GoodsUniteUs"", ""avatar"": ""https://cdn.bsky.app/img/avatar/plain/did:plc:dkqyfczjnig7me5b7ez54jdw/bafkreic4bs4qqqbpqabcc2wdrldjf4eh2jsoo7pdpjemtfdwrojlcobzse"", ""associated"": {""activitySubscription"": {""allowSubscriptions"": ""followers""}}, ""labels"": [], ""createdAt"": ""2024-11-22T00:30:07.952Z""}, ""record"": {""$type"": ""app.bsky.feed.post"", ""createdAt"": ""2025-03-11T03:11:33.765Z"", ""embed"": {""$type"": ""app.bsky.embed.video"", ""aspectRatio"": {""height"": 1920, ""width"": 1080}, ""video"": {""$type"": ""blob"", ""ref"": {""$link"": ""bafkreidit635suyb74uz7m7d7kxmohinq4437jehzjb352flp7r26hsh4q""}, ""mimeType"": ""video/mp4"", ""size"": 11739326}}, ""facets"": [{""features"": [{""$type"": ""app.bsky.richtext.facet#tag"", ""tag"": ""politics""}], ""index"": {""byteEnd"": 9, ""byteStart"": 0}}, {""features"": [{""$type"": ""app.bsky.richtext.facet#tag"", ""tag"": ""boycott""}], ""index"": {""byteEnd"": 18, ""byteStart"": 10}}], ""langs"": [""en""], ""text"": ""#politics #boycott""}, ""embed"": {""cid"": ""bafkreidit635suyb74uz7m7d7kxmohinq4437jehzjb352flp7r26hsh4q"", ""playlist"": ""https://video.bsky.app/watch/did%3Aplc%3Adkqyfczjnig7me5b7ez54jdw/bafkreidit635suyb74uz7m7d7kxmohinq4437jehzjb352flp7r26hsh4q/playlist.m3u8"", ""thumbnail"": ""https://video.bsky.app/watch/did%3Aplc%3Adkqyfczjnig7me5b7ez54jdw/bafkreidit635suyb74uz7m7d7kxmohinq4437jehzjb352flp7r26hsh4q/thumbnail.jpg"", ""aspectRatio"": {""height"": 1920, ""width"": 1080}, ""$type"": ""app.bsky.embed.video#view""}, ""bookmarkCount"": 0, ""replyCount"": 5, ""repostCount"": 8, ""likeCount"": 22, ""quoteCount"": 2, ""indexedAt"": ""2025-03-11T03:11:35.056Z"", ""labels"": []}",2026-09-29T20:39:17.322213+00:00
bluesky,at://did:plc:dkqyfczjnig7me5b7ez54jdw/app.bsky.feed.post/3ljolbolq522x,https://bsky.app/profile/goodsuniteus.bsky.social/post/3ljolbolq522x,2025-03-06T03:43:31.576Z,goodsuniteus.bsky.social,,video,,,,39,,1,,5,2,,0,,"{""uri"": ""at://did:plc:dkqyfczjnig7me5b7ez54jdw/app.bsky.feed.post/3ljolbolq522x"", ""cid"": ""bafyreig5jdsinusna3hqto6al5nqywxankhjyk5zngmykimwnxzkjyz7fu"", ""author"": {""did"": ""did:plc:dkqyfczjnig7me5b7ez54jdw"", ""handle"": ""goodsuniteus.bsky.social"", ""displayName"": ""GoodsUniteUs"", ""avatar"": ""https://cdn.bsky.app/img/avatar/plain/did:plc:dkqyfczjnig7me5b7ez54jdw/bafkreic4bs4qqqbpqabcc2wdrldjf4eh2jsoo7pdpjemtfdwrojlcobzse"", ""associated"": {""activitySubscription"": {""allowSubscriptions"": ""followers""}}, ""labels"": [], ""createdAt"": ""2024-11-22T00:30:07.952Z""}, ""record"": {""$type"": ""app.bsky.feed.post"", ""createdAt"": ""2025-03-06T03:43:31.576Z"", ""embed"": {""$type"": ""app.bsky.embed.video"", ""aspectRatio"": {""height"": 974, ""width"": 576}, ""video"": {""$type"": ""blob"", ""ref"": {""$link"": ""bafkreic4d7oojcxzxcm5jspy37kqp7rdfzxpy3qk5pg3hg225vioi7qpki""}, ""mimeType"": ""video/mp4"", ""size"": 817558}}, ""langs"": [""en""], ""text"": """"}, ""embed"": {""cid"": ""bafkreic4d7oojcxzxcm5jspy37kqp7rdfzxpy3qk5pg3hg225vioi7qpki"", ""playlist"": ""https://video.bsky.app/watch/did%3Aplc%3Adkqyfczjnig7me5b7ez54jdw/bafkreic4d7oojcxzxcm5jspy37kqp7rdfzxpy3qk5pg3hg225vioi7qpki/playlist.m3u8"", ""thumbnail"": ""https://video.bsky.app/watch/did%3Aplc%3Adkqyfczjnig7me5b7ez54jdw/bafkreic4d7oojcxzxcm5jspy37kqp7rdfzxpy3qk5pg3hg225vioi7qpki/thumbnail.jpg"", ""aspectRatio"": {""height"": 974, ""width"": 576}, ""$type"": ""app.bsky.embed.video#view""}, ""bookmarkCount"": 0, ""replyCount"": 1, ""repostCount"": 5, ""likeCount"": 39, ""quoteCount"": 2, ""indexedAt"": ""2025-03-06T03:43:32.256Z"", ""labels"": []}",2026-09-29T20:39:17.322228+00:00
bluesky,at://did:plc:dkqyfczjnig7me5b7ez54jdw/app.bsky.feed.post/3lip5l4fhwk2m,https://bsky.app/profile/goodsuniteus.bsky.social/post/3lip5l4fhwk2m,2025-02-21T15:45:43.762Z,goodsuniteus.bsky.social,Did you know that Ashley Furniture is a big donor to Donald Trump and Senator Ron Johnson? Now you know. Shop with purpose.,image,,,,66,,4,,24,3,,0,,"{""uri"": ""at://did:plc:dkqyfczjnig7me5b7ez54jdw/app.bsky.feed.post/3lip5l4fhwk2m"", ""cid"": ""bafyreifpxhoeg56qunk7ibftvwh6qd2kgvs2nwikoyrmi3lhetuwdae7he"", ""author"": {""did"": ""did:plc:dkqyfczjnig7me5b7ez54jdw"", ""handle"": ""goodsuniteus.bsky.social"", ""displayName"": ""GoodsUniteUs"", ""avatar"": ""https://cdn.bsky.app/img/avatar/plain/did:plc:dkqyfczjnig7me5b7ez54jdw/bafkreic4bs4qqqbpqabcc2wdrldjf4eh2jsoo7pdpjemtfdwrojlcobzse"", ""associated"": {""activitySubscription"": {""allowSubscriptions"": ""followers""}}, ""labels"": [], ""createdAt"": ""2024-11-22T00:30:07.952Z""}, ""record"": {""$type"": ""app.bsky.feed.post"", ""createdAt"": ""2025-02-21T15:45:43.762Z"", ""embed"": {""$type"": ""app.bsky.embed.images"", ""images"": [{""alt"": """", ""aspectRatio"": {""height"": 1080, ""width"": 1080}, ""image"": {""$type"": ""blob"", ""ref"": {""$link"": ""bafkreiey7lqdoo3vxgwtcwryqzxi3nziytxpefg7ahjz7ji4wrawmmxfxy""}, ""mimeType"": ""image/jpeg"", ""size"": 344082}}]}, ""langs"": [""en""], ""text"": ""Did you know that Ashley Furniture is a big donor to Donald Trump and Senator Ron Johnson? Now you know. Shop with purpose.""}, ""embed"": {""images"": [{""thumb"": ""https://cdn.bsky.app/img/feed_thumbnail/plain/did:plc:dkqyfczjnig7me5b7ez54jdw/bafkreiey7lqdoo3vxgwtcwryqzxi3nziytxpefg7ahjz7ji4wrawmmxfxy"", ""fullsize"": ""https://cdn.bsky.app/img/feed_fullsize/plain/did:plc:dkqyfczjnig7me5b7ez54jdw/bafkreiey7lqdoo3vxgwtcwryqzxi3nziytxpefg7ahjz7ji4wrawmmxfxy"", ""alt"": """", ""aspectRatio"": {""height"": 1080, ""width"": 1080}}], ""$type"": ""app.bsky.embed.images#view""}, ""bookmarkCount"": 0, ""replyCount"": 4, ""repostCount"": 24, ""likeCount"": 66, ""quoteCount"": 3, ""indexedAt"": ""2025-02-21T15:45:45.748Z"", ""labels"": []}",2026-09-29T20:39:17.322246+00:00
bluesky,at://did:plc:dkqyfczjnig7me5b7ez54jdw/app.bsky.feed.post/3ligg3dcwns2w,https://bsky.app/profile/goodsuniteus.bsky.social/post/3ligg3dcwns2w,2025-02-18T04:24:00.182Z,goodsuniteus.bsky.social,Check the Goods Unite Us app and find out. #USPOL,image,,,,28,,2,,17,2,,0,,"{""uri"": ""at://did:plc:dkqyfczjnig7me5b7ez54jdw/app.bsky.feed.post/3ligg3dcwns2w"", ""cid"": ""bafyreidnwnhsgs75rofmlicw3dclybdemfrqv3qjvjfcohboqxwrq3no6m"", ""author"": {""did"": ""did:plc:dkqyfczjnig7me5b7ez54jdw"", ""handle"": ""goodsuniteus.bsky.social"", ""displayName"": ""GoodsUniteUs"", ""avatar"": ""https://cdn.bsky.app/img/avatar/plain/did:plc:dkqyfczjnig7me5b7ez54jdw/bafkreic4bs4qqqbpqabcc2wdrldjf4eh2jsoo7pdpjemtfdwrojlcobzse"", ""associated"": {""activitySubscription"": {""allowSubscriptions"": ""followers""}}, ""labels"": [], ""createdAt"": ""2024-11-22T00:30:07.952Z""}, ""record"": {""$type"": ""app.bsky.feed.post"", ""createdAt"": ""2025-02-18T04:24:00.182Z"", ""embed"": {""$type"": ""app.bsky.embed.images"", ""images"": [{""alt"": """", ""aspectRatio"": {""height"": 1080, ""width"": 1080}, ""image"": {""$type"": ""blob"", ""ref"": {""$link"": ""bafkreiasv4ojmqxvwfnu6wllixjstes7s6kl4lyscv7ra3z7wrdkkyjsie""}, ""mimeType"": ""image/jpeg"", ""size"": 412785}}]}, ""facets"": [{""features"": [{""$type"": ""app.bsky.richtext.facet#tag"", ""tag"": ""USPOL""}], ""index"": {""byteEnd"": 49, ""byteStart"": 43}}], ""langs"": [""en""], ""text"": ""Check the Goods Unite Us app and find out. #USPOL""}, ""embed"": {""images"": [{""thumb"": ""https://cdn.bsky.app/img/feed_thumbnail/plain/did:plc:dkqyfczjnig7me5b7ez54jdw/bafkreiasv4ojmqxvwfnu6wllixjstes7s6kl4lyscv7ra3z7wrdkkyjsie"", ""fullsize"": ""https://cdn.bsky.app/img/feed_fullsize/plain/did:plc:dkqyfczjnig7me5b7ez54jdw/bafkreiasv4ojmqxvwfnu6wllixjstes7s6kl4lyscv7ra3z7wrdkkyjsie"", ""alt"": """", ""aspectRatio"": {""height"": 1080, ""width"": 1080}}], ""$type"": ""app.bsky.embed.images#view""}, ""bookmarkCount"": 0, ""replyCount"": 2, ""repostCount"": 17, ""likeCount"": 28, ""quoteCount"": 2, ""indexedAt"": ""2025-02-18T04:24:01.649Z"", ""labels"": []}",2026-09-29T20:39:17.322261+00:00
bluesky,at://did:plc:dkqyfczjnig7me5b7ez54jdw/app.bsky.feed.post/3lif6vikshk2a,https://bsky.app/profile/goodsuniteus.bsky.social/post/3lif6vikshk2a,2025-02-17T16:42:48.429Z,goodsuniteus.bsky.social,Check your Goods Unite Us app and find out what’s happening downstream of your streaming!,video,,,,17,,1,,5,1,,0,,"{""uri"": ""at://did:plc:dkqyfczjnig7me5b7ez54jdw/app.bsky.feed.post/3lif6vikshk2a"", ""cid"": ""bafyreica6k4byucx2cvueu7uh5ea3b5a45qoxoedhxw6rxpyegmgai2tli"", ""author"": {""did"": ""did:plc:dkqyfczjnig7me5b7ez54jdw"", ""handle"": ""goodsuniteus.bsky.social"", ""displayName"": ""GoodsUniteUs"", ""avatar"": ""https://cdn.bsky.app/img/avatar/plain/did:plc:dkqyfczjnig7me5b7ez54jdw/bafkreic4bs4qqqbpqabcc2wdrldjf4eh2jsoo7pdpjemtfdwrojlcobzse"", ""associated"": {""activitySubscription"": {""allowSubscriptions"": ""followers""}}, ""labels"": [], ""createdAt"": ""2024-11-22T00:30:07.952Z""}, ""record"": {""$type"": ""app.bsky.feed.post"", ""createdAt"": ""2025-02-17T16:42:48.429Z"", ""embed"": {""$type"": ""app.bsky.embed.video"", ""aspectRatio"": {""height"": 1080, ""width"": 1080}, ""video"": {""$type"": ""blob"", ""ref"": {""$link"": ""bafkreihsfr2t5danqnnhv4t7enqgmjb6wvn2sak4mfkl4a74fsu5necuby""}, ""mimeType"": ""video/mp4"", ""size"": 5995173}}, ""langs"": [""en""], ""text"": ""Check your Goods Unite Us app and find out what’s happening downstream of your streaming!""}, ""embed"": {""cid"": ""bafkreihsfr2t5danqnnhv4t7enqgmjb6wvn2sak4mfkl4a74fsu5necuby"", ""playlist"": ""https://video.bsky.app/watch/did%3Aplc%3Adkqyfczjnig7me5b7ez54jdw/bafkreihsfr2t5danqnnhv4t7enqgmjb6wvn2sak4mfkl4a74fsu5necuby/playlist.m3u8"", ""thumbnail"": ""https://video.bsky.app/watch/did%3Aplc%3Adkqyfczjnig7me5b7ez54jdw/bafkreihsfr2t5danqnnhv4t7enqgmjb6wvn2sak4mfkl4a74fsu5necuby/thumbnail.jpg"", ""aspectRatio"": {""height"": 1080, ""width"": 1080}, ""$type"": ""app.bsky.embed.video#view""}, ""bookmarkCount"": 0, ""replyCount"": 1, ""repostCount"": 5, ""likeCount"": 17, ""quoteCount"": 1, ""indexedAt"": ""2025-02-17T16:42:49.359Z"", ""labels"": []}",2026-09-29T20:39:17.322274+00:00
bluesky,at://did:plc:dkqyfczjnig7me5b7ez54jdw/app.bsky.feed.post/3li3dd2mre22k,https://bsky.app/profile/goodsuniteus.bsky.social/post/3li3dd2mre22k,2025-02-13T18:35:21.159Z,goodsuniteus.bsky.social,,video,,,,21,,2,,6,3,,0,,"{""uri"": ""at://did:plc:dkqyfczjnig7me5b7ez54jdw/app.bsky.feed.post/3li3dd2mre22k"", ""cid"": ""bafyreihmftrjqtuemamuu4nqppmc3avhqpdufqulfydfhhfwuwgrvibxti"", ""author"": {""did"": ""did:plc:dkqyfczjnig7me5b7ez54jdw"", ""handle"": ""goodsuniteus.bsky.social"", ""displayName"": ""GoodsUniteUs"", ""avatar"": ""https://cdn.bsky.app/img/avatar/plain/did:plc:dkqyfczjnig7me5b7ez54jdw/bafkreic4bs4qqqbpqabcc2wdrldjf4eh2jsoo7pdpjemtfdwrojlcobzse"", ""associated"": {""activitySubscription"": {""allowSubscriptions"": ""followers""}}, ""labels"": [], ""createdAt"": ""2024-11-22T00:30:07.952Z""}, ""record"": {""$type"": ""app.bsky.feed.post"", ""createdAt"": ""2025-02-13T18:35:21.159Z"", ""embed"": {""$type"": ""app.bsky.embed.video"", ""aspectRatio"": {""height"": 1080, ""width"": 1080}, ""video"": {""$type"": ""blob"", ""ref"": {""$link"": ""bafkreibmfdmasbrenuzpjf4dn6hrzbrhg4niiufsgek2cwrosfvf572aem""}, ""mimeType"": ""video/mp4"", ""size"": 3669421}}, ""langs"": [""en""], ""text"": """"}, ""embed"": {""cid"": ""bafkreibmfdmasbrenuzpjf4dn6hrzbrhg4niiufsgek2cwrosfvf572aem"", ""playlist"": ""https://video.bsky.app/watch/did%3Aplc%3Adkqyfczjnig7me5b7ez54jdw/bafkreibmfdmasbrenuzpjf4dn6hrzbrhg4niiufsgek2cwrosfvf572aem/playlist.m3u8"", ""thumbnail"": ""https://video.bsky.app/watch/did%3Aplc%3Adkqyfczjnig7me5b7ez54jdw/bafkreibmfdmasbrenuzpjf4dn6hrzbrhg4niiufsgek2cwrosfvf572aem/thumbnail.jpg"", ""aspectRatio"": {""height"": 1080, ""width"": 1080}, ""$type"": ""app.bsky.embed.video#view""}, ""bookmarkCount"": 0, ""replyCount"": 2, ""repostCount"": 6, ""likeCount"": 21, ""quoteCount"": 3, ""indexedAt"": ""2025-02-13T18:35:22.456Z"", ""labels"": []}",2026-09-29T20:39:17.322287+00:00
bluesky,at://did:plc:dkqyfczjnig7me5b7ez54jdw/app.bsky.feed.post/3lhhe52mvf22t,https://bsky.app/profile/goodsuniteus.bsky.social/post/3lhhe52mvf22t,2025-02-05T19:56:38.811Z,goodsuniteus.bsky.social,"#USPOL
Goods Unite Us",video,,,,41,,8,,18,8,,0,,"{""uri"": ""at://did:plc:dkqyfczjnig7me5b7ez54jdw/app.bsky.feed.post/3lhhe52mvf22t"", ""cid"": ""bafyreic7ry2svsdyim4xc45p3a4uffybqtqkforrm7zdg5i2j5tewjhcxm"", ""author"": {""did"": ""did:plc:dkqyfczjnig7me5b7ez54jdw"", ""handle"": ""goodsuniteus.bsky.social"", ""displayName"": ""GoodsUniteUs"", ""avatar"": ""https://cdn.bsky.app/img/avatar/plain/did:plc:dkqyfczjnig7me5b7ez54jdw/bafkreic4bs4qqqbpqabcc2wdrldjf4eh2jsoo7pdpjemtfdwrojlcobzse"", ""associated"": {""activitySubscription"": {""allowSubscriptions"": ""followers""}}, ""labels"": [], ""createdAt"": ""2024-11-22T00:30:07.952Z""}, ""record"": {""$type"": ""app.bsky.feed.post"", ""createdAt"": ""2025-02-05T19:56:38.811Z"", ""embed"": {""$type"": ""app.bsky.embed.video"", ""aspectRatio"": {""height"": 1920, ""width"": 1080}, ""video"": {""$type"": ""blob"", ""ref"": {""$link"": ""bafkreifxm74law6tzpvlitf2g3zcar4kh67oswgtwzz2ikalydytwrgjoy""}, ""mimeType"": ""video/mp4"", ""size"": 22389550}}, ""facets"": [{""features"": [{""$type"": ""app.bsky.richtext.facet#tag"", ""tag"": ""USPOL""}], ""index"": {""byteEnd"": 6, ""byteStart"": 0}}], ""langs"": [""en""], ""text"": ""#USPOL\nGoods Unite Us""}, ""embed"": {""cid"": ""bafkreifxm74law6tzpvlitf2g3zcar4kh67oswgtwzz2ikalydytwrgjoy"", ""playlist"": ""https://video.bsky.app/watch/did%3Aplc%3Adkqyfczjnig7me5b7ez54jdw/bafkreifxm74law6tzpvlitf2g3zcar4kh67oswgtwzz2ikalydytwrgjoy/playlist.m3u8"", ""thumbnail"": ""https://video.bsky.app/watch/did%3Aplc%3Adkqyfczjnig7me5b7ez54jdw/bafkreifxm74law6tzpvlitf2g3zcar4kh67oswgtwzz2ikalydytwrgjoy/thumbnail.jpg"", ""aspectRatio"": {""height"": 1920, ""width"": 1080}, ""$type"": ""app.bsky.embed.video#view""}, ""bookmarkCount"": 0, ""replyCount"": 8, ""repostCount"": 18, ""likeCount"": 41, ""quoteCount"": 8, ""indexedAt"": ""2025-02-05T19:56:40.154Z"", ""labels"": []}",2026-09-29T20:39:17.322304+00:00
bluesky,at://did:plc:dkqyfczjnig7me5b7ez54jdw/app.bsky.feed.post/3lhbvpbklkc2t,https://bsky.app/profile/goodsuniteus.bsky.social/post/3lhbvpbklkc2t,2025-02-03T15:55:05.229Z,goodsuniteus.bsky.social,#USPOL,image,,,,38,,5,,13,6,,0,,"{""uri"": ""at://did:plc:dkqyfczjnig7me5b7ez54jdw/app.bsky.feed.post/3lhbvpbklkc2t"", ""cid"": ""bafyreignxdku3v2t6n64utvzmccpz6ud5iaekx3pt4dtdkhq2u3s5sdtve"", ""author"": {""did"": ""did:plc:dkqyfczjnig7me5b7ez54jdw"", ""handle"": ""goodsuniteus.bsky.social"", ""displayName"": ""GoodsUniteUs"", ""avatar"": ""https://cdn.bsky.app/img/avatar/plain/did:plc:dkqyfczjnig7me5b7ez54jdw/bafkreic4bs4qqqbpqabcc2wdrldjf4eh2jsoo7pdpjemtfdwrojlcobzse"", ""associated"": {""activitySubscription"": {""allowSubscriptions"": ""followers""}}, ""labels"": [], ""createdAt"": ""2024-11-22T00:30:07.952Z""}, ""record"": {""$type"": ""app.bsky.feed.post"", ""createdAt"": ""2025-02-03T15:55:05.229Z"", ""embed"": {""$type"": ""app.bsky.embed.images"", ""images"": [{""alt"": """", ""aspectRatio"": {""height"": 1257, ""width"": 1179}, ""image"": {""$type"": ""blob"", ""ref"": {""$link"": ""bafkreifmkqjbvni6upd5vb455nyby2akrluwws7nwmqb5vcp5vtykhjywi""}, ""mimeType"": ""image/jpeg"", ""size"": 525586}}]}, ""facets"": [{""features"": [{""$type"": ""app.bsky.richtext.facet#tag"", ""tag"": ""USPOL""}], ""index"": {""byteEnd"": 6, ""byteStart"": 0}}], ""langs"": [""en""], ""text"": ""#USPOL""}, ""embed"": {""images"": [{""thumb"": ""https://cdn.bsky.app/img/feed_thumbnail/plain/did:plc:dkqyfczjnig7me5b7ez54jdw/bafkreifmkqjbvni6upd5vb455nyby2akrluwws7nwmqb5vcp5vtykhjywi"", ""fullsize"": ""https://cdn.bsky.app/img/feed_fullsize/plain/did:plc:dkqyfczjnig7me5b7ez54jdw/bafkreifmkqjbvni6upd5vb455nyby2akrluwws7nwmqb5vcp5vtykhjywi"", ""alt"": """", ""aspectRatio"": {""height"": 1257, ""width"": 1179}}], ""$type"": ""app.bsky.embed.images#view""}, ""bookmarkCount"": 0, ""replyCount"": 5, ""repostCount"": 13, ""likeCount"": 38, ""quoteCount"": 6, ""indexedAt"": ""2025-02-03T15:55:06.556Z"", ""labels"": []}",2026-09-29T20:39:17.322319+00:00
bluesky,at://did:plc:dkqyfczjnig7me5b7ez54jdw/app.bsky.feed.post/3lgy7tgely22c,https://bsky.app/profile/goodsuniteus.bsky.social/post/3lgy7tgely22c,2025-01-30T19:29:44.530Z,goodsuniteus.bsky.social,We need campaign finance reform…yesterday.,image,,,,51,,3,,18,3,,0,,"{""uri"": ""at://did:plc:dkqyfczjnig7me5b7ez54jdw/app.bsky.feed.post/3lgy7tgely22c"", ""cid"": ""bafyreifkv4ikyola7465jfsfpopj5soasnviz2ajpxqpfypmlhsfb233sa"", ""author"": {""did"": ""did:plc:dkqyfczjnig7me5b7ez54jdw"", ""handle"": ""goodsuniteus.bsky.social"", ""displayName"": ""GoodsUniteUs"", ""avatar"": ""https://cdn.bsky.app/img/avatar/plain/did:plc:dkqyfczjnig7me5b7ez54jdw/bafkreic4bs4qqqbpqabcc2wdrldjf4eh2jsoo7pdpjemtfdwrojlcobzse"", ""associated"": {""activitySubscription"": {""allowSubscriptions"": ""followers""}}, ""labels"": [], ""createdAt"": ""2024-11-22T00:30:07.952Z""}, ""record"": {""$type"": ""app.bsky.feed.post"", ""createdAt"": ""2025-01-30T19:29:44.530Z"", ""embed"": {""$type"": ""app.bsky.embed.images"", ""images"": [{""alt"": """", ""aspectRatio"": {""height"": 1080, ""width"": 1080}, ""image"": {""$type"": ""blob"", ""ref"": {""$link"": ""bafkreigvzfmrfv4ihod6flxisfofswl7xb2q4i2tmtbjdjljfbjb7nddcu""}, ""mimeType"": ""image/jpeg"", ""size"": 332500}}]}, ""langs"": [""en""], ""text"": ""We need campaign finance reform…yesterday.""}, ""embed"": {""images"": [{""thumb"": ""https://cdn.bsky.app/img/feed_thumbnail/plain/did:plc:dkqyfczjnig7me5b7ez54jdw/bafkreigvzfmrfv4ihod6flxisfofswl7xb2q4i2tmtbjdjljfbjb7nddcu"", ""fullsize"": ""https://cdn.bsky.app/img/feed_fullsize/plain/did:plc:dkqyfczjnig7me5b7ez54jdw/bafkreigvzfmrfv4ihod6flxisfofswl7xb2q4i2tmtbjdjljfbjb7nddcu"", ""alt"": """", ""aspectRatio"": {""height"": 1080, ""width"": 1080}}], ""$type"": ""app.bsky.embed.images#view""}, ""bookmarkCount"": 0, ""replyCount"": 3, ""repostCount"": 18, ""likeCount"": 51, ""quoteCount"": 3, ""indexedAt"": ""2025-01-30T19:29:56.948Z"", ""labels"": []}",2026-09-29T20:39:17.322333+00:00
bluesky,at://did:plc:dkqyfczjnig7me5b7ez54jdw/app.bsky.feed.post/3lgjb5hvsks25,https://bsky.app/profile/goodsuniteus.bsky.social/post/3lgjb5hvsks25,2025-01-24T20:43:19.350Z,goodsuniteus.bsky.social,#USPOL,image,,,,74,,2,,37,5,,0,,"{""uri"": ""at://did:plc:dkqyfczjnig7me5b7ez54jdw/app.bsky.feed.post/3lgjb5hvsks25"", ""cid"": ""bafyreiehiriajgynkzi33xbrk3wgfcowkqokgycjrt5brmbsi4axl7fbmi"", ""author"": {""did"": ""did:plc:dkqyfczjnig7me5b7ez54jdw"", ""handle"": ""goodsuniteus.bsky.social"", ""displayName"": ""GoodsUniteUs"", ""avatar"": ""https://cdn.bsky.app/img/avatar/plain/did:plc:dkqyfczjnig7me5b7ez54jdw/bafkreic4bs4qqqbpqabcc2wdrldjf4eh2jsoo7pdpjemtfdwrojlcobzse"", ""associated"": {""activitySubscription"": {""allowSubscriptions"": ""followers""}}, ""labels"": [], ""createdAt"": ""2024-11-22T00:30:07.952Z""}, ""record"": {""$type"": ""app.bsky.feed.post"", ""createdAt"": ""2025-01-24T20:43:19.350Z"", ""embed"": {""$type"": ""app.bsky.embed.images"", ""images"": [{""alt"": """", ""aspectRatio"": {""height"": 1087, ""width"": 1089}, ""image"": {""$type"": ""blob"", ""ref"": {""$link"": ""bafkreigpbz7dxrqru46oizl5kwzxabkzm3nfswhmvj7ajjzos4iglzy5ye""}, ""mimeType"": ""image/jpeg"", ""size"": 809900}}]}, ""facets"": [{""features"": [{""$type"": ""app.bsky.richtext.facet#tag"", ""tag"": ""USPOL""}], ""index"": {""byteEnd"": 6, ""byteStart"": 0}}], ""langs"": [""en""], ""text"": ""#USPOL""}, ""embed"": {""images"": [{""thumb"": ""https://cdn.bsky.app/img/feed_thumbnail/plain/did:plc:dkqyfczjnig7me5b7ez54jdw/bafkreigpbz7dxrqru46oizl5kwzxabkzm3nfswhmvj7ajjzos4iglzy5ye"", ""fullsize"": ""https://cdn.bsky.app/img/feed_fullsize/plain/did:plc:dkqyfczjnig7me5b7ez54jdw/bafkreigpbz7dxrqru46oizl5kwzxabkzm3nfswhmvj7ajjzos4iglzy5ye"", ""alt"": """", ""aspectRatio"": {""height"": 1087, ""width"": 1089}}], ""$type"": ""app.bsky.embed.images#view""}, ""bookmarkCount"": 0, ""replyCount"": 2, ""repostCount"": 37, ""likeCount"": 74, ""quoteCount"": 5, ""indexedAt"": ""2025-01-24T20:43:20.655Z"", ""labels"": []}",2026-09-29T20:39:17.322348+00:00
bluesky,at://did:plc:dkqyfczjnig7me5b7ez54jdw/app.bsky.feed.post/3lgen4cvg4s2z,https://bsky.app/profile/goodsuniteus.bsky.social/post/3lgen4cvg4s2z,2025-01-23T00:34:06.751Z,goodsuniteus.bsky.social,"#USPOL, #moneytalks
Check your Goods Unite Us app for more insights.",image,,,,46,,2,,13,5,,0,,"{""uri"": ""at://did:plc:dkqyfczjnig7me5b7ez54jdw/app.bsky.feed.post/3lgen4cvg4s2z"", ""cid"": ""bafyreih5s5ghpcfx5fivbzjmk252amtcjslqtrmqbhruymuvsgvjjfpw3y"", ""author"": {""did"": ""did:plc:dkqyfczjnig7me5b7ez54jdw"", ""handle"": ""goodsuniteus.bsky.social"", ""displayName"": ""GoodsUniteUs"", ""avatar"": ""https://cdn.bsky.app/img/avatar/plain/did:plc:dkqyfczjnig7me5b7ez54jdw/bafkreic4bs4qqqbpqabcc2wdrldjf4eh2jsoo7pdpjemtfdwrojlcobzse"", ""associated"": {""activitySubscription"": {""allowSubscriptions"": ""followers""}}, ""labels"": [], ""createdAt"": ""2024-11-22T00:30:07.952Z""}, ""record"": {""$type"": ""app.bsky.feed.post"", ""createdAt"": ""2025-01-23T00:34:06.751Z"", ""embed"": {""$type"": ""app.bsky.embed.images"", ""images"": [{""alt"": """", ""aspectRatio"": {""height"": 1080, ""width"": 1080}, ""image"": {""$type"": ""blob"", ""ref"": {""$link"": ""bafkreifapqmoq75lcasqexgjyyjrib3ml37xo3isjv2bh5lg4fsb7dncgu""}, ""mimeType"": ""image/jpeg"", ""size"": 408912}}]}, ""facets"": [{""features"": [{""$type"": ""app.bsky.richtext.facet#tag"", ""tag"": ""USPOL""}], ""index"": {""byteEnd"": 6, ""byteStart"": 0}}, {""features"": [{""$type"": ""app.bsky.richtext.facet#tag"", ""tag"": ""moneytalks""}], ""index"": {""byteEnd"": 19, ""byteStart"": 8}}], ""langs"": [""en""], ""text"": ""#USPOL, #moneytalks\nCheck your Goods Unite Us app for more insights.""}, ""embed"": {""images"": [{""thumb"": ""https://cdn.bsky.app/img/feed_thumbnail/plain/did:plc:dkqyfczjnig7me5b7ez54jdw/bafkreifapqmoq75lcasqexgjyyjrib3ml37xo3isjv2bh5lg4fsb7dncgu"", ""fullsize"": ""https://cdn.bsky.app/img/feed_fullsize/plain/did:plc:dkqyfczjnig7me5b7ez54jdw/bafkreifapqmoq75lcasqexgjyyjrib3ml37xo3isjv2bh5lg4fsb7dncgu"", ""alt"": """", ""aspectRatio"": {""height"": 1080, ""width"": 1080}}], ""$type"": ""app.bsky.embed.images#view""}, ""bookmarkCount"": 0, ""replyCount"": 2, ""repostCount"": 13, ""likeCount"": 46, ""quoteCount"": 5, ""indexedAt"": ""2025-01-23T00:34:08.865Z"", ""labels"": []}",2026-09-29T20:39:17.322364+00:00
bluesky,at://did:plc:dkqyfczjnig7me5b7ez54jdw/app.bsky.feed.post/3lg7lcjx7mc2p,https://bsky.app/profile/goodsuniteus.bsky.social/post/3lg7lcjx7mc2p,2025-01-21T00:18:29.300Z,goodsuniteus.bsky.social,#USPOL; #moneytalks,image,,,,36,,6,,13,2,,0,,"{""uri"": ""at://did:plc:dkqyfczjnig7me5b7ez54jdw/app.bsky.feed.post/3lg7lcjx7mc2p"", ""cid"": ""bafyreihet3afy7ey6fd7a665ox7pa4bmhhialj7mjjcw4vw6ntf4olm2eq"", ""author"": {""did"": ""did:plc:dkqyfczjnig7me5b7ez54jdw"", ""handle"": ""goodsuniteus.bsky.social"", ""displayName"": ""GoodsUniteUs"", ""avatar"": ""https://cdn.bsky.app/img/avatar/plain/did:plc:dkqyfczjnig7me5b7ez54jdw/bafkreic4bs4qqqbpqabcc2wdrldjf4eh2jsoo7pdpjemtfdwrojlcobzse"", ""associated"": {""activitySubscription"": {""allowSubscriptions"": ""followers""}}, ""labels"": [], ""createdAt"": ""2024-11-22T00:30:07.952Z""}, ""record"": {""$type"": ""app.bsky.feed.post"", ""createdAt"": ""2025-01-21T00:18:29.300Z"", ""embed"": {""$type"": ""app.bsky.embed.images"", ""images"": [{""alt"": """", ""aspectRatio"": {""height"": 1135, ""width"": 1179}, ""image"": {""$type"": ""blob"", ""ref"": {""$link"": ""bafkreihhgia2ye3nqpby3iq3cxlrf5shq662yuxb3lgibsxzad4fethdcu""}, ""mimeType"": ""image/jpeg"", ""size"": 800215}}]}, ""facets"": [{""features"": [{""$type"": ""app.bsky.richtext.facet#tag"", ""tag"": ""USPOL""}], ""index"": {""byteEnd"": 6, ""byteStart"": 0}}, {""features"": [{""$type"": ""app.bsky.richtext.facet#tag"", ""tag"": ""moneytalks""}], ""index"": {""byteEnd"": 19, ""byteStart"": 8}}], ""langs"": [""en""], ""text"": ""#USPOL; #moneytalks""}, ""embed"": {""images"": [{""thumb"": ""https://cdn.bsky.app/img/feed_thumbnail/plain/did:plc:dkqyfczjnig7me5b7ez54jdw/bafkreihhgia2ye3nqpby3iq3cxlrf5shq662yuxb3lgibsxzad4fethdcu"", ""fullsize"": ""https://cdn.bsky.app/img/feed_fullsize/plain/did:plc:dkqyfczjnig7me5b7ez54jdw/bafkreihhgia2ye3nqpby3iq3cxlrf5shq662yuxb3lgibsxzad4fethdcu"", ""alt"": """", ""aspectRatio"": {""height"": 1135, ""width"": 1179}}], ""$type"": ""app.bsky.embed.images#view""}, ""bookmarkCount"": 0, ""replyCount"": 6, ""repostCount"": 13, ""likeCount"": 36, ""quoteCount"": 2, ""indexedAt"": ""2025-01-21T00:18:30.964Z"", ""labels"": []}",2026-09-29T20:39:17.322380+00:00
bluesky,at://did:plc:dkqyfczjnig7me5b7ez54jdw/app.bsky.feed.post/3lfbufgrovs2s,https://bsky.app/profile/goodsuniteus.bsky.social/post/3lfbufgrovs2s,2025-01-09T04:41:18.167Z,goodsuniteus.bsky.social,,image,,,,18,,1,,3,0,,0,,"{""uri"": ""at://did:plc:dkqyfczjnig7me5b7ez54jdw/app.bsky.feed.post/3lfbufgrovs2s"", ""cid"": ""bafyreibqfot2i63f76uzxzpa3ld6f7inspf6gpsd67yjguqyz6xcwnz6le"", ""author"": {""did"": ""did:plc:dkqyfczjnig7me5b7ez54jdw"", ""handle"": ""goodsuniteus.bsky.social"", ""displayName"": ""GoodsUniteUs"", ""avatar"": ""https://cdn.bsky.app/img/avatar/plain/did:plc:dkqyfczjnig7me5b7ez54jdw/bafkreic4bs4qqqbpqabcc2wdrldjf4eh2jsoo7pdpjemtfdwrojlcobzse"", ""associated"": {""activitySubscription"": {""allowSubscriptions"": ""followers""}}, ""labels"": [], ""createdAt"": ""2024-11-22T00:30:07.952Z""}, ""record"": {""$type"": ""app.bsky.feed.post"", ""createdAt"": ""2025-01-09T04:41:18.167Z"", ""embed"": {""$type"": ""app.bsky.embed.images"", ""images"": [{""alt"": """", ""aspectRatio"": {""height"": 1080, ""width"": 1080}, ""image"": {""$type"": ""blob"", ""ref"": {""$link"": ""bafkreigtwzso4xhrdjpwhqevz67vft4ba55ghoyw4makt5topiwi6pdffq""}, ""mimeType"": ""image/jpeg"", ""size"": 912260}}]}, ""langs"": [""en""], ""text"": """"}, ""embed"": {""images"": [{""thumb"": ""https://cdn.bsky.app/img/feed_thumbnail/plain/did:plc:dkqyfczjnig7me5b7ez54jdw/bafkreigtwzso4xhrdjpwhqevz67vft4ba55ghoyw4makt5topiwi6pdffq"", ""fullsize"": ""https://cdn.bsky.app/img/feed_fullsize/plain/did:plc:dkqyfczjnig7me5b7ez54jdw/bafkreigtwzso4xhrdjpwhqevz67vft4ba55ghoyw4makt5topiwi6pdffq"", ""alt"": """", ""aspectRatio"": {""height"": 1080, ""width"": 1080}}], ""$type"": ""app.bsky.embed.images#view""}, ""bookmarkCount"": 0, ""replyCount"": 1, ""repostCount"": 3, ""likeCount"": 18, ""quoteCount"": 0, ""indexedAt"": ""2025-01-09T04:41:19.452Z"", ""labels"": []}",2026-09-29T20:39:17.322393+00:00
bluesky,at://did:plc:dkqyfczjnig7me5b7ez54jdw/app.bsky.feed.post/3lf6b3btiic2e,https://bsky.app/profile/goodsuniteus.bsky.social/post/3lf6b3btiic2e,2025-01-07T18:17:37.129Z,goodsuniteus.bsky.social,"Check the app for new political contribution data! 
#USPOL, #moneytalks",image,,,,41,,3,,14,4,,0,,"{""uri"": ""at://did:plc:dkqyfczjnig7me5b7ez54jdw/app.bsky.feed.post/3lf6b3btiic2e"", ""cid"": ""bafyreibkmiuessmzs3eb232kvumrtoxbzizjuzouufneq6n4w7vj7neole"", ""author"": {""did"": ""did:plc:dkqyfczjnig7me5b7ez54jdw"", ""handle"": ""goodsuniteus.bsky.social"", ""displayName"": ""GoodsUniteUs"", ""avatar"": ""https://cdn.bsky.app/img/avatar/plain/did:plc:dkqyfczjnig7me5b7ez54jdw/bafkreic4bs4qqqbpqabcc2wdrldjf4eh2jsoo7pdpjemtfdwrojlcobzse"", ""associated"": {""activitySubscription"": {""allowSubscriptions"": ""followers""}}, ""labels"": [], ""createdAt"": ""2024-11-22T00:30:07.952Z""}, ""record"": {""$type"": ""app.bsky.feed.post"", ""createdAt"": ""2025-01-07T18:17:37.129Z"", ""embed"": {""$type"": ""app.bsky.embed.images"", ""images"": [{""alt"": """", ""aspectRatio"": {""height"": 1080, ""width"": 1080}, ""image"": {""$type"": ""blob"", ""ref"": {""$link"": ""bafkreigahj3pdodzhaogngxvjzzssfifpsfdjgfksylrqdr3uh5pzbbkdm""}, ""mimeType"": ""image/jpeg"", ""size"": 622996}}]}, ""facets"": [{""features"": [{""$type"": ""app.bsky.richtext.facet#tag"", ""tag"": ""USPOL""}], ""index"": {""byteEnd"": 58, ""byteStart"": 52}}, {""features"": [{""$type"": ""app.bsky.richtext.facet#tag"", ""tag"": ""moneytalks""}], ""index"": {""byteEnd"": 71, ""byteStart"": 60}}], ""langs"": [""en""], ""text"": ""Check the app for new political contribution data! \n#USPOL, #moneytalks""}, ""embed"": {""images"": [{""thumb"": ""https://cdn.bsky.app/img/feed_thumbnail/plain/did:plc:dkqyfczjnig7me5b7ez54jdw/bafkreigahj3pdodzhaogngxvjzzssfifpsfdjgfksylrqdr3uh5pzbbkdm"", ""fullsize"": ""https://cdn.bsky.app/img/feed_fullsize/plain/did:plc:dkqyfczjnig7me5b7ez54jdw/bafkreigahj3pdodzhaogngxvjzzssfifpsfdjgfksylrqdr3uh5pzbbkdm"", ""alt"": """", ""aspectRatio"": {""height"": 1080, ""width"": 1080}}], ""$type"": ""app.bsky.embed.images#view""}, ""bookmarkCount"": 0, ""replyCount"": 3, ""repostCount"": 14, ""likeCount"": 41, ""quoteCount"": 4, ""indexedAt"": ""2025-01-07T18:17:39.052Z"", ""labels"": []}",2026-09-29T20:39:17.322410+00:00
bluesky,at://did:plc:dkqyfczjnig7me5b7ez54jdw/app.bsky.feed.post/3lf4mfbebjk23,https://bsky.app/profile/goodsuniteus.bsky.social/post/3lf4mfbebjk23,2025-01-07T02:34:43.856Z,goodsuniteus.bsky.social,"Four years ago, after January 6, 2021, many companies pledged not to contribute money to the Republican lawmakers who voted not to certify the election. AT&T was one of them. But, soon after making that pledge, AT&T broke it by donating hundreds of thousands of dollars to those same lawmakers.",image,,,,45,,2,,16,2,,0,,"{""uri"": ""at://did:plc:dkqyfczjnig7me5b7ez54jdw/app.bsky.feed.post/3lf4mfbebjk23"", ""cid"": ""bafyreibeg45kjhmhadp7objzjb6bruyzl4qfplz3kgozipjfq62xb2fzre"", ""author"": {""did"": ""did:plc:dkqyfczjnig7me5b7ez54jdw"", ""handle"": ""goodsuniteus.bsky.social"", ""displayName"": ""GoodsUniteUs"", ""avatar"": ""https://cdn.bsky.app/img/avatar/plain/did:plc:dkqyfczjnig7me5b7ez54jdw/bafkreic4bs4qqqbpqabcc2wdrldjf4eh2jsoo7pdpjemtfdwrojlcobzse"", ""associated"": {""activitySubscription"": {""allowSubscriptions"": ""followers""}}, ""labels"": [], ""createdAt"": ""2024-11-22T00:30:07.952Z""}, ""record"": {""$type"": ""app.bsky.feed.post"", ""createdAt"": ""2025-01-07T02:34:43.856Z"", ""embed"": {""$type"": ""app.bsky.embed.images"", ""images"": [{""alt"": """", ""aspectRatio"": {""height"": 1080, ""width"": 1080}, ""image"": {""$type"": ""blob"", ""ref"": {""$link"": ""bafkreicm33au3uhbychqvtcdhrdscl5j5phwewnqfpmw6b7mrsibb7veoe""}, ""mimeType"": ""image/jpeg"", ""size"": 865607}}]}, ""langs"": [""en""], ""text"": ""Four years ago, after January 6, 2021, many companies pledged not to contribute money to the Republican lawmakers who voted not to certify the election. AT&T was one of them. But, soon after making that pledge, AT&T broke it by donating hundreds of thousands of dollars to those same lawmakers.""}, ""embed"": {""images"": [{""thumb"": ""https://cdn.bsky.app/img/feed_thumbnail/plain/did:plc:dkqyfczjnig7me5b7ez54jdw/bafkreicm33au3uhbychqvtcdhrdscl5j5phwewnqfpmw6b7mrsibb7veoe"", ""fullsize"": ""https://cdn.bsky.app/img/feed_fullsize/plain/did:plc:dkqyfczjnig7me5b7ez54jdw/bafkreicm33au3uhbychqvtcdhrdscl5j5phwewnqfpmw6b7mrsibb7veoe"", ""alt"": """", ""aspectRatio"": {""height"": 1080, ""width"": 1080}}], ""$type"": ""app.bsky.embed.images#view""}, ""bookmarkCount"": 0, ""replyCount"": 2, ""repostCount"": 16, ""likeCount"": 45, ""quoteCount"": 2, ""indexedAt"": ""2025-01-07T02:34:45.249Z"", ""labels"": []}",2026-09-29T20:39:17.322425+00:00
bluesky,at://did:plc:dkqyfczjnig7me5b7ez54jdw/app.bsky.feed.post/3lepmd55nks2l,https://bsky.app/profile/goodsuniteus.bsky.social/post/3lepmd55nks2l,2025-01-01T22:28:55.735Z,goodsuniteus.bsky.social,"Happy New Year! In 2025 it is going to be particularly important to know how our consumer and investment dollars are affecting elections. #resist, #USPOL, #moneytalks, #resolutions",image,,,,19,,0,,10,5,,0,,"{""uri"": ""at://did:plc:dkqyfczjnig7me5b7ez54jdw/app.bsky.feed.post/3lepmd55nks2l"", ""cid"": ""bafyreibaq5x3apozctoly2qyzpb4i4xkcgvkk4vkl6ce5zbepvtptalyxa"", ""author"": {""did"": ""did:plc:dkqyfczjnig7me5b7ez54jdw"", ""handle"": ""goodsuniteus.bsky.social"", ""displayName"": ""GoodsUniteUs"", ""avatar"": ""https://cdn.bsky.app/img/avatar/plain/did:plc:dkqyfczjnig7me5b7ez54jdw/bafkreic4bs4qqqbpqabcc2wdrldjf4eh2jsoo7pdpjemtfdwrojlcobzse"", ""associated"": {""activitySubscription"": {""allowSubscriptions"": ""followers""}}, ""labels"": [], ""createdAt"": ""2024-11-22T00:30:07.952Z""}, ""record"": {""$type"": ""app.bsky.feed.post"", ""createdAt"": ""2025-01-01T22:28:55.735Z"", ""embed"": {""$type"": ""app.bsky.embed.images"", ""images"": [{""alt"": """", ""aspectRatio"": {""height"": 1080, ""width"": 1080}, ""image"": {""$type"": ""blob"", ""ref"": {""$link"": ""bafkreicsfrillgcxzfczti76nl22sb523q6gnfxwtmyn4whbrsxx7fhvmy""}, ""mimeType"": ""image/jpeg"", ""size"": 847811}}]}, ""facets"": [{""features"": [{""$type"": ""app.bsky.richtext.facet#tag"", ""tag"": ""resist""}], ""index"": {""byteEnd"": 145, ""byteStart"": 138}}, {""features"": [{""$type"": ""app.bsky.richtext.facet#tag"", ""tag"": ""USPOL""}], ""index"": {""byteEnd"": 153, ""byteStart"": 147}}, {""features"": [{""$type"": ""app.bsky.richtext.facet#tag"", ""tag"": ""moneytalks""}], ""index"": {""byteEnd"": 166, ""byteStart"": 155}}, {""features"": [{""$type"": ""app.bsky.richtext.facet#tag"", ""tag"": ""resolutions""}], ""index"": {""byteEnd"": 180, ""byteStart"": 168}}], ""langs"": [""en""], ""text"": ""Happy New Year! In 2025 it is going to be particularly important to know how our consumer and investment dollars are affecting elections. #resist, #USPOL, #moneytalks, #resolutions""}, ""embed"": {""images"": [{""thumb"": ""https://cdn.bsky.app/img/feed_thumbnail/plain/did:plc:dkqyfczjnig7me5b7ez54jdw/bafkreicsfrillgcxzfczti76nl22sb523q6gnfxwtmyn4whbrsxx7fhvmy"", ""fullsize"": ""https://cdn.bsky.app/img/feed_fullsize/plain/did:plc:dkqyfczjnig7me5b7ez54jdw/bafkreicsfrillgcxzfczti76nl22sb523q6gnfxwtmyn4whbrsxx7fhvmy"", ""alt"": """", ""aspectRatio"": {""height"": 1080, ""width"": 1080}}], ""$type"": ""app.bsky.embed.images#view""}, ""bookmarkCount"": 0, ""replyCount"": 0, ""repostCount"": 10, ""likeCount"": 19, ""quoteCount"": 5, ""indexedAt"": ""2025-01-01T22:29:01.554Z"", ""labels"": []}",2026-09-29T20:39:17.322443+00:00
bluesky,at://did:plc:dkqyfczjnig7me5b7ez54jdw/app.bsky.feed.post/3lekjeqq5cc2z,https://bsky.app/profile/goodsuniteus.bsky.social/post/3lekjeqq5cc2z,2024-12-30T21:52:49.906Z,goodsuniteus.bsky.social,"Be a good sport, shop with purpose. Check your Goods Unite Us app! #resist, #USPOL, #moneytalks, #resolutions",image,,,,22,,2,,11,1,,0,,"{""uri"": ""at://did:plc:dkqyfczjnig7me5b7ez54jdw/app.bsky.feed.post/3lekjeqq5cc2z"", ""cid"": ""bafyreiecxqjt6zukag5pdik7ofizi24n2ufs46fmetsczpzvx2s62poaci"", ""author"": {""did"": ""did:plc:dkqyfczjnig7me5b7ez54jdw"", ""handle"": ""goodsuniteus.bsky.social"", ""displayName"": ""GoodsUniteUs"", ""avatar"": ""https://cdn.bsky.app/img/avatar/plain/did:plc:dkqyfczjnig7me5b7ez54jdw/bafkreic4bs4qqqbpqabcc2wdrldjf4eh2jsoo7pdpjemtfdwrojlcobzse"", ""associated"": {""activitySubscription"": {""allowSubscriptions"": ""followers""}}, ""labels"": [], ""createdAt"": ""2024-11-22T00:30:07.952Z""}, ""record"": {""$type"": ""app.bsky.feed.post"", ""createdAt"": ""2024-12-30T21:52:49.906Z"", ""embed"": {""$type"": ""app.bsky.embed.images"", ""images"": [{""alt"": """", ""aspectRatio"": {""height"": 1080, ""width"": 1080}, ""image"": {""$type"": ""blob"", ""ref"": {""$link"": ""bafkreiczuidety57vngjuvdyvs42lxzafb2ck3gxz4wvssijaw2ewvseyi""}, ""mimeType"": ""image/jpeg"", ""size"": 693896}}]}, ""facets"": [{""features"": [{""$type"": ""app.bsky.richtext.facet#tag"", ""tag"": ""resist""}], ""index"": {""byteEnd"": 74, ""byteStart"": 67}}, {""features"": [{""$type"": ""app.bsky.richtext.facet#tag"", ""tag"": ""USPOL""}], ""index"": {""byteEnd"": 82, ""byteStart"": 76}}, {""features"": [{""$type"": ""app.bsky.richtext.facet#tag"", ""tag"": ""moneytalks""}], ""index"": {""byteEnd"": 95, ""byteStart"": 84}}, {""features"": [{""$type"": ""app.bsky.richtext.facet#tag"", ""tag"": ""resolutions""}], ""index"": {""byteEnd"": 109, ""byteStart"": 97}}], ""langs"": [""en""], ""text"": ""Be a good sport, shop with purpose. Check your Goods Unite Us app! #resist, #USPOL, #moneytalks, #resolutions""}, ""embed"": {""images"": [{""thumb"": ""https://cdn.bsky.app/img/feed_thumbnail/plain/did:plc:dkqyfczjnig7me5b7ez54jdw/bafkreiczuidety57vngjuvdyvs42lxzafb2ck3gxz4wvssijaw2ewvseyi"", ""fullsize"": ""https://cdn.bsky.app/img/feed_fullsize/plain/did:plc:dkqyfczjnig7me5b7ez54jdw/bafkreiczuidety57vngjuvdyvs42lxzafb2ck3gxz4wvssijaw2ewvseyi"", ""alt"": """", ""aspectRatio"": {""height"": 1080, ""width"": 1080}}], ""$type"": ""app.bsky.embed.images#view""}, ""bookmarkCount"": 0, ""replyCount"": 2, ""repostCount"": 11, ""likeCount"": 22, ""quoteCount"": 1, ""indexedAt"": ""2024-12-30T21:52:51.452Z"", ""labels"": []}",2026-09-29T20:39:17.322462+00:00
bluesky,at://did:plc:dkqyfczjnig7me5b7ez54jdw/app.bsky.feed.post/3leetdez2r22p,https://bsky.app/profile/goodsuniteus.bsky.social/post/3leetdez2r22p,2024-12-28T15:35:03.050Z,goodsuniteus.bsky.social,"We just passed the one million downloads mark! We are so grateful to all of you. Now let’s keep it going! Shop with purpose, shop with power. #moneytalks, #USPOL, #resist, #resolutions",image,,,,27,,2,,9,5,,0,,"{""uri"": ""at://did:plc:dkqyfczjnig7me5b7ez54jdw/app.bsky.feed.post/3leetdez2r22p"", ""cid"": ""bafyreig3rfdswig2dixguon4yzv62wrt54utknmr7bbiqgukudtpofrmti"", ""author"": {""did"": ""did:plc:dkqyfczjnig7me5b7ez54jdw"", ""handle"": ""goodsuniteus.bsky.social"", ""displayName"": ""GoodsUniteUs"", ""avatar"": ""https://cdn.bsky.app/img/avatar/plain/did:plc:dkqyfczjnig7me5b7ez54jdw/bafkreic4bs4qqqbpqabcc2wdrldjf4eh2jsoo7pdpjemtfdwrojlcobzse"", ""associated"": {""activitySubscription"": {""allowSubscriptions"": ""followers""}}, ""labels"": [], ""createdAt"": ""2024-11-22T00:30:07.952Z""}, ""record"": {""$type"": ""app.bsky.feed.post"", ""createdAt"": ""2024-12-28T15:35:03.050Z"", ""embed"": {""$type"": ""app.bsky.embed.images"", ""images"": [{""alt"": """", ""aspectRatio"": {""height"": 2000, ""width"": 998}, ""image"": {""$type"": ""blob"", ""ref"": {""$link"": ""bafkreibexy5vjjuvsdlqm64sporezpgzk4ylelcmv3clmh3nnl3v6vs6cm""}, ""mimeType"": ""image/jpeg"", ""size"": 710295}}]}, ""facets"": [{""features"": [{""$type"": ""app.bsky.richtext.facet#tag"", ""tag"": ""moneytalks""}], ""index"": {""byteEnd"": 155, ""byteStart"": 144}}, {""features"": [{""$type"": ""app.bsky.richtext.facet#tag"", ""tag"": ""USPOL""}], ""index"": {""byteEnd"": 163, ""byteStart"": 157}}, {""features"": [{""$type"": ""app.bsky.richtext.facet#tag"", ""tag"": ""resist""}], ""index"": {""byteEnd"": 172, ""byteStart"": 165}}, {""features"": [{""$type"": ""app.bsky.richtext.facet#tag"", ""tag"": ""resolutions""}], ""index"": {""byteEnd"": 186, ""byteStart"": 174}}], ""langs"": [""en""], ""text"": ""We just passed the one million downloads mark! We are so grateful to all of you. Now let’s keep it going! Shop with purpose, shop with power. #moneytalks, #USPOL, #resist, #resolutions""}, ""embed"": {""images"": [{""thumb"": ""https://cdn.bsky.app/img/feed_thumbnail/plain/did:plc:dkqyfczjnig7me5b7ez54jdw/bafkreibexy5vjjuvsdlqm64sporezpgzk4ylelcmv3clmh3nnl3v6vs6cm"", ""fullsize"": ""https://cdn.bsky.app/img/feed_fullsize/plain/did:plc:dkqyfczjnig7me5b7ez54jdw/bafkreibexy5vjjuvsdlqm64sporezpgzk4ylelcmv3clmh3nnl3v6vs6cm"", ""alt"": """", ""aspectRatio"": {""height"": 2000, ""width"": 998}}], ""$type"": ""app.bsky.embed.images#view""}, ""bookmarkCount"": 0, ""replyCount"": 2, ""repostCount"": 9, ""likeCount"": 27, ""quoteCount"": 5, ""indexedAt"": ""2024-12-28T15:35:04.750Z"", ""labels"": []}",2026-09-29T20:39:17.322481+00:00
bluesky,at://did:plc:dkqyfczjnig7me5b7ez54jdw/app.bsky.feed.post/3le5k3nwmvc22,https://bsky.app/profile/goodsuniteus.bsky.social/post/3le5k3nwmvc22,2024-12-25T18:01:02.127Z,goodsuniteus.bsky.social,"#holiday, #moneytalks, #USPOL",image,,,,10,,1,,0,0,,0,,"{""uri"": ""at://did:plc:dkqyfczjnig7me5b7ez54jdw/app.bsky.feed.post/3le5k3nwmvc22"", ""cid"": ""bafyreifww6f7iracuzwmqolnb7iwkjdqj3idb6rq6leodi26etsbtblnnu"", ""author"": {""did"": ""did:plc:dkqyfczjnig7me5b7ez54jdw"", ""handle"": ""goodsuniteus.bsky.social"", ""displayName"": ""GoodsUniteUs"", ""avatar"": ""https://cdn.bsky.app/img/avatar/plain/did:plc:dkqyfczjnig7me5b7ez54jdw/bafkreic4bs4qqqbpqabcc2wdrldjf4eh2jsoo7pdpjemtfdwrojlcobzse"", ""associated"": {""activitySubscription"": {""allowSubscriptions"": ""followers""}}, ""labels"": [], ""createdAt"": ""2024-11-22T00:30:07.952Z""}, ""record"": {""$type"": ""app.bsky.feed.post"", ""createdAt"": ""2024-12-25T18:01:02.127Z"", ""embed"": {""$type"": ""app.bsky.embed.images"", ""images"": [{""alt"": """", ""aspectRatio"": {""height"": 1080, ""width"": 1080}, ""image"": {""$type"": ""blob"", ""ref"": {""$link"": ""bafkreighyl6v6zigonqz4hewjuwf44sbzn64e2r6hio76hhmpqt6d3zl74""}, ""mimeType"": ""image/jpeg"", ""size"": 214658}}]}, ""facets"": [{""features"": [{""$type"": ""app.bsky.richtext.facet#tag"", ""tag"": ""holiday""}], ""index"": {""byteEnd"": 8, ""byteStart"": 0}}, {""features"": [{""$type"": ""app.bsky.richtext.facet#tag"", ""tag"": ""moneytalks""}], ""index"": {""byteEnd"": 21, ""byteStart"": 10}}, {""features"": [{""$type"": ""app.bsky.richtext.facet#tag"", ""tag"": ""USPOL""}], ""index"": {""byteEnd"": 29, ""byteStart"": 23}}], ""langs"": [""en""], ""text"": ""#holiday, #moneytalks, #USPOL""}, ""embed"": {""images"": [{""thumb"": ""https://cdn.bsky.app/img/feed_thumbnail/plain/did:plc:dkqyfczjnig7me5b7ez54jdw/bafkreighyl6v6zigonqz4hewjuwf44sbzn64e2r6hio76hhmpqt6d3zl74"", ""fullsize"": ""https://cdn.bsky.app/img/feed_fullsize/plain/did:plc:dkqyfczjnig7me5b7ez54jdw/bafkreighyl6v6zigonqz4hewjuwf44sbzn64e2r6hio76hhmpqt6d3zl74"", ""alt"": """", ""aspectRatio"": {""height"": 1080, ""width"": 1080}}], ""$type"": ""app.bsky.embed.images#view""}, ""bookmarkCount"": 0, ""replyCount"": 1, ""repostCount"": 0, ""likeCount"": 10, ""quoteCount"": 0, ""indexedAt"": ""2024-12-25T18:01:03.851Z"", ""labels"": []}",2026-09-29T20:39:17.322503+00:00
bluesky,at://did:plc:dkqyfczjnig7me5b7ez54jdw/app.bsky.feed.post/3le5d4oqs5222,https://bsky.app/profile/goodsuniteus.bsky.social/post/3le5d4oqs5222,2024-12-25T15:56:20.349Z,goodsuniteus.bsky.social,www.wsj.com/business/tru...,external_link,,,,10,,0,,5,1,,0,,"{""uri"": ""at://did:plc:dkqyfczjnig7me5b7ez54jdw/app.bsky.feed.post/3le5d4oqs5222"", ""cid"": ""bafyreiferati7xwzocah5u3kiuozx3l2fen656yp3d5ntodedj3dcmfozi"", ""author"": {""did"": ""did:plc:dkqyfczjnig7me5b7ez54jdw"", ""handle"": ""goodsuniteus.bsky.social"", ""displayName"": ""GoodsUniteUs"", ""avatar"": ""https://cdn.bsky.app/img/avatar/plain/did:plc:dkqyfczjnig7me5b7ez54jdw/bafkreic4bs4qqqbpqabcc2wdrldjf4eh2jsoo7pdpjemtfdwrojlcobzse"", ""associated"": {""activitySubscription"": {""allowSubscriptions"": ""followers""}}, ""labels"": [], ""createdAt"": ""2024-11-22T00:30:07.952Z""}, ""record"": {""$type"": ""app.bsky.feed.post"", ""createdAt"": ""2024-12-25T15:56:20.349Z"", ""embed"": {""$type"": ""app.bsky.embed.external"", ""external"": {""description"": ""The second Trump inaugural fund is on track to be the most lucrative yet."", ""thumb"": {""$type"": ""blob"", ""ref"": {""$link"": ""bafkreidftpm3znbtc3i7qk7rrrdfaziufzz4ahvcimbed32djispo6r6um""}, ""mimeType"": ""image/jpeg"", ""size"": 593749}, ""title"": ""Exclusive | The Big Companies Funding Trump’s Inauguration Despite Denouncing Jan. 6"", ""uri"": ""https://www.wsj.com/business/trump-inauguration-sponsors-large-company-donations-a3cc1b92?reflink=mobilewebshare_permalink""}}, ""facets"": [{""features"": [{""$type"": ""app.bsky.richtext.facet#link"", ""uri"": ""https://www.wsj.com/business/trump-inauguration-sponsors-large-company-donations-a3cc1b92?reflink=mobilewebshare_permalink""}], ""index"": {""byteEnd"": 27, ""byteStart"": 0}}], ""langs"": [""en""], ""text"": ""www.wsj.com/business/tru...""}, ""embed"": {""external"": {""uri"": ""https://www.wsj.com/business/trump-inauguration-sponsors-large-company-donations-a3cc1b92?reflink=mobilewebshare_permalink"", ""title"": ""Exclusive | The Big Companies Funding Trump’s Inauguration Despite Denouncing Jan. 6"", ""description"": ""The second Trump inaugural fund is on track to be the most lucrative yet."", ""thumb"": ""https://cdn.bsky.app/img/feed_thumbnail/plain/did:plc:dkqyfczjnig7me5b7ez54jdw/bafkreidftpm3znbtc3i7qk7rrrdfaziufzz4ahvcimbed32djispo6r6um""}, ""$type"": ""app.bsky.embed.external#view""}, ""bookmarkCount"": 0, ""replyCount"": 0, ""repostCount"": 5, ""likeCount"": 10, ""quoteCount"": 1, ""indexedAt"": ""2024-12-25T15:56:22.052Z"", ""labels"": []}",2026-09-29T20:39:17.322521+00:00
bluesky,at://did:plc:dkqyfczjnig7me5b7ez54jdw/app.bsky.feed.post/3le3wgpexfs27,https://bsky.app/profile/goodsuniteus.bsky.social/post/3le3wgpexfs27,2024-12-25T02:36:38.168Z,goodsuniteus.bsky.social,,image,,,,7,,0,,1,0,,0,,"{""uri"": ""at://did:plc:dkqyfczjnig7me5b7ez54jdw/app.bsky.feed.post/3le3wgpexfs27"", ""cid"": ""bafyreigkhbxvc2tcd7mlvsyxdoeyt77piz37pf4px5rfmqsgcqqle7pbum"", ""author"": {""did"": ""did:plc:dkqyfczjnig7me5b7ez54jdw"", ""handle"": ""goodsuniteus.bsky.social"", ""displayName"": ""GoodsUniteUs"", ""avatar"": ""https://cdn.bsky.app/img/avatar/plain/did:plc:dkqyfczjnig7me5b7ez54jdw/bafkreic4bs4qqqbpqabcc2wdrldjf4eh2jsoo7pdpjemtfdwrojlcobzse"", ""associated"": {""activitySubscription"": {""allowSubscriptions"": ""followers""}}, ""labels"": [], ""createdAt"": ""2024-11-22T00:30:07.952Z""}, ""record"": {""$type"": ""app.bsky.feed.post"", ""createdAt"": ""2024-12-25T02:36:38.168Z"", ""embed"": {""$type"": ""app.bsky.embed.images"", ""images"": [{""alt"": """", ""aspectRatio"": {""height"": 1080, ""width"": 1080}, ""image"": {""$type"": ""blob"", ""ref"": {""$link"": ""bafkreihjynvg7ui3a5xhb67j2kvcdtofnbdfikew26oslwt2ny6pn3uy2i""}, ""mimeType"": ""image/jpeg"", ""size"": 808450}}]}, ""langs"": [""en""], ""text"": """"}, ""embed"": {""images"": [{""thumb"": ""https://cdn.bsky.app/img/feed_thumbnail/plain/did:plc:dkqyfczjnig7me5b7ez54jdw/bafkreihjynvg7ui3a5xhb67j2kvcdtofnbdfikew26oslwt2ny6pn3uy2i"", ""fullsize"": ""https://cdn.bsky.app/img/feed_fullsize/plain/did:plc:dkqyfczjnig7me5b7ez54jdw/bafkreihjynvg7ui3a5xhb67j2kvcdtofnbdfikew26oslwt2ny6pn3uy2i"", ""alt"": """", ""aspectRatio"": {""height"": 1080, ""width"": 1080}}], ""$type"": ""app.bsky.embed.images#view""}, ""bookmarkCount"": 0, ""replyCount"": 0, ""repostCount"": 1, ""likeCount"": 7, ""quoteCount"": 0, ""indexedAt"": ""2024-12-25T02:36:39.747Z"", ""labels"": []}",2026-09-29T20:39:17.322535+00:00
bluesky,at://did:plc:dkqyfczjnig7me5b7ez54jdw/app.bsky.feed.post/3ldzmlguy4227,https://bsky.app/profile/goodsuniteus.bsky.social/post/3ldzmlguy4227,2024-12-24T04:35:00.133Z,goodsuniteus.bsky.social,"#carpolitics, #USPOL, #moneytalks
Shop with purpose. Check the Goods Unite Us app!",image,,,,9,,0,,4,3,,0,,"{""uri"": ""at://did:plc:dkqyfczjnig7me5b7ez54jdw/app.bsky.feed.post/3ldzmlguy4227"", ""cid"": ""bafyreickzwipyh3xsjczw2cmr2peyq5c2gcslmmyzg2yhv72pvcwnzo4bq"", ""author"": {""did"": ""did:plc:dkqyfczjnig7me5b7ez54jdw"", ""handle"": ""goodsuniteus.bsky.social"", ""displayName"": ""GoodsUniteUs"", ""avatar"": ""https://cdn.bsky.app/img/avatar/plain/did:plc:dkqyfczjnig7me5b7ez54jdw/bafkreic4bs4qqqbpqabcc2wdrldjf4eh2jsoo7pdpjemtfdwrojlcobzse"", ""associated"": {""activitySubscription"": {""allowSubscriptions"": ""followers""}}, ""labels"": [], ""createdAt"": ""2024-11-22T00:30:07.952Z""}, ""record"": {""$type"": ""app.bsky.feed.post"", ""createdAt"": ""2024-12-24T04:35:00.133Z"", ""embed"": {""$type"": ""app.bsky.embed.images"", ""images"": [{""alt"": """", ""aspectRatio"": {""height"": 1080, ""width"": 1080}, ""image"": {""$type"": ""blob"", ""ref"": {""$link"": ""bafkreidsmrcnflrttd3e23pzdmj4jhewqu5cwyfu5gtyldwuv3uzksp2na""}, ""mimeType"": ""image/jpeg"", ""size"": 983217}}]}, ""facets"": [{""features"": [{""$type"": ""app.bsky.richtext.facet#tag"", ""tag"": ""carpolitics""}], ""index"": {""byteEnd"": 12, ""byteStart"": 0}}, {""features"": [{""$type"": ""app.bsky.richtext.facet#tag"", ""tag"": ""USPOL""}], ""index"": {""byteEnd"": 20, ""byteStart"": 14}}, {""features"": [{""$type"": ""app.bsky.richtext.facet#tag"", ""tag"": ""moneytalks""}], ""index"": {""byteEnd"": 33, ""byteStart"": 22}}], ""langs"": [""en""], ""text"": ""#carpolitics, #USPOL, #moneytalks\nShop with purpose. Check the Goods Unite Us app!""}, ""embed"": {""images"": [{""thumb"": ""https://cdn.bsky.app/img/feed_thumbnail/plain/did:plc:dkqyfczjnig7me5b7ez54jdw/bafkreidsmrcnflrttd3e23pzdmj4jhewqu5cwyfu5gtyldwuv3uzksp2na"", ""fullsize"": ""https://cdn.bsky.app/img/feed_fullsize/plain/did:plc:dkqyfczjnig7me5b7ez54jdw/bafkreidsmrcnflrttd3e23pzdmj4jhewqu5cwyfu5gtyldwuv3uzksp2na"", ""alt"": """", ""aspectRatio"": {""height"": 1080, ""width"": 1080}}], ""$type"": ""app.bsky.embed.images#view""}, ""bookmarkCount"": 0, ""replyCount"": 0, ""repostCount"": 4, ""likeCount"": 9, ""quoteCount"": 3, ""indexedAt"": ""2024-12-24T04:35:01.747Z"", ""labels"": []}",2026-09-29T20:39:17.322552+00:00
bluesky,at://did:plc:dkqyfczjnig7me5b7ez54jdw/app.bsky.feed.post/3ldyo7qxgek27,https://bsky.app/profile/goodsuniteus.bsky.social/post/3ldyo7qxgek27,2024-12-23T19:31:35.793Z,goodsuniteus.bsky.social,"#USPOL, #moneytalks, #holiday
Shop with purpose.",image,,,,9,,0,,2,1,,0,,"{""uri"": ""at://did:plc:dkqyfczjnig7me5b7ez54jdw/app.bsky.feed.post/3ldyo7qxgek27"", ""cid"": ""bafyreidal3jcndt74swlr5lfsohmwlgy4nakqribsv6xqowppfku7mytc4"", ""author"": {""did"": ""did:plc:dkqyfczjnig7me5b7ez54jdw"", ""handle"": ""goodsuniteus.bsky.social"", ""displayName"": ""GoodsUniteUs"", ""avatar"": ""https://cdn.bsky.app/img/avatar/plain/did:plc:dkqyfczjnig7me5b7ez54jdw/bafkreic4bs4qqqbpqabcc2wdrldjf4eh2jsoo7pdpjemtfdwrojlcobzse"", ""associated"": {""activitySubscription"": {""allowSubscriptions"": ""followers""}}, ""labels"": [], ""createdAt"": ""2024-11-22T00:30:07.952Z""}, ""record"": {""$type"": ""app.bsky.feed.post"", ""createdAt"": ""2024-12-23T19:31:35.793Z"", ""embed"": {""$type"": ""app.bsky.embed.images"", ""images"": [{""alt"": """", ""aspectRatio"": {""height"": 1080, ""width"": 1080}, ""image"": {""$type"": ""blob"", ""ref"": {""$link"": ""bafkreibo4oivtmtk6qbsdohnqtpjhlmdzuw7mnhoewa5ffiu6p4xff3dya""}, ""mimeType"": ""image/jpeg"", ""size"": 220784}}]}, ""facets"": [{""features"": [{""$type"": ""app.bsky.richtext.facet#tag"", ""tag"": ""USPOL""}], ""index"": {""byteEnd"": 6, ""byteStart"": 0}}, {""features"": [{""$type"": ""app.bsky.richtext.facet#tag"", ""tag"": ""moneytalks""}], ""index"": {""byteEnd"": 19, ""byteStart"": 8}}, {""features"": [{""$type"": ""app.bsky.richtext.facet#tag"", ""tag"": ""holiday""}], ""index"": {""byteEnd"": 29, ""byteStart"": 21}}], ""langs"": [""en""], ""text"": ""#USPOL, #moneytalks, #holiday\nShop with purpose.""}, ""embed"": {""images"": [{""thumb"": ""https://cdn.bsky.app/img/feed_thumbnail/plain/did:plc:dkqyfczjnig7me5b7ez54jdw/bafkreibo4oivtmtk6qbsdohnqtpjhlmdzuw7mnhoewa5ffiu6p4xff3dya"", ""fullsize"": ""https://cdn.bsky.app/img/feed_fullsize/plain/did:plc:dkqyfczjnig7me5b7ez54jdw/bafkreibo4oivtmtk6qbsdohnqtpjhlmdzuw7mnhoewa5ffiu6p4xff3dya"", ""alt"": """", ""aspectRatio"": {""height"": 1080, ""width"": 1080}}], ""$type"": ""app.bsky.embed.images#view""}, ""bookmarkCount"": 0, ""replyCount"": 0, ""repostCount"": 2, ""likeCount"": 9, ""quoteCount"": 1, ""indexedAt"": ""2024-12-23T19:31:37.349Z"", ""labels"": []}",2026-09-29T20:39:17.322568+00:00
bluesky,at://did:plc:dkqyfczjnig7me5b7ez54jdw/app.bsky.feed.post/3ldu4zck4ps27,https://bsky.app/profile/goodsuniteus.bsky.social/post/3ldu4zck4ps27,2024-12-22T00:13:06.779Z,goodsuniteus.bsky.social,Don’t get snowed by your winter gear. Shop with purpose.,image,,,,2,,0,,1,1,,0,,"{""uri"": ""at://did:plc:dkqyfczjnig7me5b7ez54jdw/app.bsky.feed.post/3ldu4zck4ps27"", ""cid"": ""bafyreifl5nv3noy2d6ej4ogznwtq3p7ydzzbbi7bazue7uxi6wccabczgy"", ""author"": {""did"": ""did:plc:dkqyfczjnig7me5b7ez54jdw"", ""handle"": ""goodsuniteus.bsky.social"", ""displayName"": ""GoodsUniteUs"", ""avatar"": ""https://cdn.bsky.app/img/avatar/plain/did:plc:dkqyfczjnig7me5b7ez54jdw/bafkreic4bs4qqqbpqabcc2wdrldjf4eh2jsoo7pdpjemtfdwrojlcobzse"", ""associated"": {""activitySubscription"": {""allowSubscriptions"": ""followers""}}, ""labels"": [], ""createdAt"": ""2024-11-22T00:30:07.952Z""}, ""record"": {""$type"": ""app.bsky.feed.post"", ""createdAt"": ""2024-12-22T00:13:06.779Z"", ""embed"": {""$type"": ""app.bsky.embed.images"", ""images"": [{""alt"": """", ""aspectRatio"": {""height"": 1406, ""width"": 801}, ""image"": {""$type"": ""blob"", ""ref"": {""$link"": ""bafkreidtv2mqc7wvoqlml4qh6fyftuyujhdpi4zeo4acika4pjr67dzeyu""}, ""mimeType"": ""image/jpeg"", ""size"": 896221}}]}, ""langs"": [""en""], ""text"": ""Don’t get snowed by your winter gear. Shop with purpose.""}, ""embed"": {""images"": [{""thumb"": ""https://cdn.bsky.app/img/feed_thumbnail/plain/did:plc:dkqyfczjnig7me5b7ez54jdw/bafkreidtv2mqc7wvoqlml4qh6fyftuyujhdpi4zeo4acika4pjr67dzeyu"", ""fullsize"": ""https://cdn.bsky.app/img/feed_fullsize/plain/did:plc:dkqyfczjnig7me5b7ez54jdw/bafkreidtv2mqc7wvoqlml4qh6fyftuyujhdpi4zeo4acika4pjr67dzeyu"", ""alt"": """", ""aspectRatio"": {""height"": 1406, ""width"": 801}}], ""$type"": ""app.bsky.embed.images#view""}, ""bookmarkCount"": 0, ""replyCount"": 0, ""repostCount"": 1, ""likeCount"": 2, ""quoteCount"": 1, ""indexedAt"": ""2024-12-22T00:13:08.355Z"", ""labels"": []}",2026-09-29T20:39:17.322584+00:00
bluesky,at://did:plc:dkqyfczjnig7me5b7ez54jdw/app.bsky.feed.post/3ldorwtoaxc2r,https://bsky.app/profile/goodsuniteus.bsky.social/post/3ldorwtoaxc2r,2024-12-19T21:11:34.232Z,goodsuniteus.bsky.social,Get our app and shop with purpose. #goodsuniteus; #holidays; #shopping; #USPOL,image,,,,6,,0,,1,2,,0,,"{""uri"": ""at://did:plc:dkqyfczjnig7me5b7ez54jdw/app.bsky.feed.post/3ldorwtoaxc2r"", ""cid"": ""bafyreid7vhf5r7p7az5awtizlhddig2genzajeacgpjvec5opf3bkzdbem"", ""author"": {""did"": ""did:plc:dkqyfczjnig7me5b7ez54jdw"", ""handle"": ""goodsuniteus.bsky.social"", ""displayName"": ""GoodsUniteUs"", ""avatar"": ""https://cdn.bsky.app/img/avatar/plain/did:plc:dkqyfczjnig7me5b7ez54jdw/bafkreic4bs4qqqbpqabcc2wdrldjf4eh2jsoo7pdpjemtfdwrojlcobzse"", ""associated"": {""activitySubscription"": {""allowSubscriptions"": ""followers""}}, ""labels"": [], ""createdAt"": ""2024-11-22T00:30:07.952Z""}, ""record"": {""$type"": ""app.bsky.feed.post"", ""createdAt"": ""2024-12-19T21:11:34.232Z"", ""embed"": {""$type"": ""app.bsky.embed.images"", ""images"": [{""alt"": """", ""aspectRatio"": {""height"": 1080, ""width"": 1080}, ""image"": {""$type"": ""blob"", ""ref"": {""$link"": ""bafkreibq77rojtldjwly7psmvax7gjb6toshtx3vwrqabwzyumab5celcu""}, ""mimeType"": ""image/jpeg"", ""size"": 978697}}]}, ""facets"": [{""features"": [{""$type"": ""app.bsky.richtext.facet#tag"", ""tag"": ""goodsuniteus""}], ""index"": {""byteEnd"": 48, ""byteStart"": 35}}, {""features"": [{""$type"": ""app.bsky.richtext.facet#tag"", ""tag"": ""holidays""}], ""index"": {""byteEnd"": 59, ""byteStart"": 50}}, {""features"": [{""$type"": ""app.bsky.richtext.facet#tag"", ""tag"": ""shopping""}], ""index"": {""byteEnd"": 70, ""byteStart"": 61}}, {""features"": [{""$type"": ""app.bsky.richtext.facet#tag"", ""tag"": ""USPOL""}], ""index"": {""byteEnd"": 78, ""byteStart"": 72}}], ""langs"": [""en""], ""text"": ""Get our app and shop with purpose. #goodsuniteus; #holidays; #shopping; #USPOL""}, ""embed"": {""images"": [{""thumb"": ""https://cdn.bsky.app/img/feed_thumbnail/plain/did:plc:dkqyfczjnig7me5b7ez54jdw/bafkreibq77rojtldjwly7psmvax7gjb6toshtx3vwrqabwzyumab5celcu"", ""fullsize"": ""https://cdn.bsky.app/img/feed_fullsize/plain/did:plc:dkqyfczjnig7me5b7ez54jdw/bafkreibq77rojtldjwly7psmvax7gjb6toshtx3vwrqabwzyumab5celcu"", ""alt"": """", ""aspectRatio"": {""height"": 1080, ""width"": 1080}}], ""$type"": ""app.bsky.embed.images#view""}, ""bookmarkCount"": 0, ""replyCount"": 0, ""repostCount"": 1, ""likeCount"": 6, ""quoteCount"": 2, ""indexedAt"": ""2024-12-19T21:11:36.647Z"", ""labels"": []}",2026-09-29T20:39:17.322602+00:00
bluesky,at://did:plc:dkqyfczjnig7me5b7ez54jdw/app.bsky.feed.post/3ldkixnltps2r,https://bsky.app/profile/goodsuniteus.bsky.social/post/3ldkixnltps2r,2024-12-18T04:20:18.787Z,goodsuniteus.bsky.social,No surprises here…,image,,,,2,,0,,3,1,,0,,"{""uri"": ""at://did:plc:dkqyfczjnig7me5b7ez54jdw/app.bsky.feed.post/3ldkixnltps2r"", ""cid"": ""bafyreidvvoy46z3dp2rsglcunopzsprlg7ioskshb3j3dne4nzoswichzu"", ""author"": {""did"": ""did:plc:dkqyfczjnig7me5b7ez54jdw"", ""handle"": ""goodsuniteus.bsky.social"", ""displayName"": ""GoodsUniteUs"", ""avatar"": ""https://cdn.bsky.app/img/avatar/plain/did:plc:dkqyfczjnig7me5b7ez54jdw/bafkreic4bs4qqqbpqabcc2wdrldjf4eh2jsoo7pdpjemtfdwrojlcobzse"", ""associated"": {""activitySubscription"": {""allowSubscriptions"": ""followers""}}, ""labels"": [], ""createdAt"": ""2024-11-22T00:30:07.952Z""}, ""record"": {""$type"": ""app.bsky.feed.post"", ""createdAt"": ""2024-12-18T04:20:18.787Z"", ""embed"": {""$type"": ""app.bsky.embed.images"", ""images"": [{""alt"": """", ""aspectRatio"": {""height"": 1080, ""width"": 1080}, ""image"": {""$type"": ""blob"", ""ref"": {""$link"": ""bafkreia6jc2bn6htwpe5idhdbrrh4pj2ipxd3wrzythyraavudom26sof4""}, ""mimeType"": ""image/jpeg"", ""size"": 337567}}]}, ""langs"": [""en""], ""text"": ""No surprises here…""}, ""embed"": {""images"": [{""thumb"": ""https://cdn.bsky.app/img/feed_thumbnail/plain/did:plc:dkqyfczjnig7me5b7ez54jdw/bafkreia6jc2bn6htwpe5idhdbrrh4pj2ipxd3wrzythyraavudom26sof4"", ""fullsize"": ""https://cdn.bsky.app/img/feed_fullsize/plain/did:plc:dkqyfczjnig7me5b7ez54jdw/bafkreia6jc2bn6htwpe5idhdbrrh4pj2ipxd3wrzythyraavudom26sof4"", ""alt"": """", ""aspectRatio"": {""height"": 1080, ""width"": 1080}}], ""$type"": ""app.bsky.embed.images#view""}, ""bookmarkCount"": 0, ""replyCount"": 0, ""repostCount"": 3, ""likeCount"": 2, ""quoteCount"": 1, ""indexedAt"": ""2024-12-18T04:20:20.248Z"", ""labels"": []}",2026-09-29T20:39:17.322616+00:00
bluesky,at://did:plc:dkqyfczjnig7me5b7ez54jdw/app.bsky.feed.post/3ldgmxvztk22l,https://bsky.app/profile/goodsuniteus.bsky.social/post/3ldgmxvztk22l,2024-12-16T15:21:23.647Z,goodsuniteus.bsky.social,"#USPOL
#cocktails
#vote
#holiday
#moneytalks",image,,,,3,,1,,1,1,,0,,"{""uri"": ""at://did:plc:dkqyfczjnig7me5b7ez54jdw/app.bsky.feed.post/3ldgmxvztk22l"", ""cid"": ""bafyreififrvowaqpdicjmcxj2lje74bdbxuw2r3ghyijcrhsizweahkc2y"", ""author"": {""did"": ""did:plc:dkqyfczjnig7me5b7ez54jdw"", ""handle"": ""goodsuniteus.bsky.social"", ""displayName"": ""GoodsUniteUs"", ""avatar"": ""https://cdn.bsky.app/img/avatar/plain/did:plc:dkqyfczjnig7me5b7ez54jdw/bafkreic4bs4qqqbpqabcc2wdrldjf4eh2jsoo7pdpjemtfdwrojlcobzse"", ""associated"": {""activitySubscription"": {""allowSubscriptions"": ""followers""}}, ""labels"": [], ""createdAt"": ""2024-11-22T00:30:07.952Z""}, ""record"": {""$type"": ""app.bsky.feed.post"", ""createdAt"": ""2024-12-16T15:21:23.647Z"", ""embed"": {""$type"": ""app.bsky.embed.images"", ""images"": [{""alt"": """", ""aspectRatio"": {""height"": 1080, ""width"": 1080}, ""image"": {""$type"": ""blob"", ""ref"": {""$link"": ""bafkreibbc62xe7nnrpsqs3uoernnbhyviwodww3k4flju3imgbds26inhm""}, ""mimeType"": ""image/jpeg"", ""size"": 478362}}]}, ""facets"": [{""features"": [{""$type"": ""app.bsky.richtext.facet#tag"", ""tag"": ""USPOL""}], ""index"": {""byteEnd"": 6, ""byteStart"": 0}}, {""features"": [{""$type"": ""app.bsky.richtext.facet#tag"", ""tag"": ""cocktails""}], ""index"": {""byteEnd"": 17, ""byteStart"": 7}}, {""features"": [{""$type"": ""app.bsky.richtext.facet#tag"", ""tag"": ""vote""}], ""index"": {""byteEnd"": 23, ""byteStart"": 18}}, {""features"": [{""$type"": ""app.bsky.richtext.facet#tag"", ""tag"": ""holiday""}], ""index"": {""byteEnd"": 32, ""byteStart"": 24}}, {""features"": [{""$type"": ""app.bsky.richtext.facet#tag"", ""tag"": ""moneytalks""}], ""index"": {""byteEnd"": 44, ""byteStart"": 33}}], ""langs"": [""en""], ""text"": ""#USPOL\n#cocktails\n#vote\n#holiday\n#moneytalks""}, ""embed"": {""images"": [{""thumb"": ""https://cdn.bsky.app/img/feed_thumbnail/plain/did:plc:dkqyfczjnig7me5b7ez54jdw/bafkreibbc62xe7nnrpsqs3uoernnbhyviwodww3k4flju3imgbds26inhm"", ""fullsize"": ""https://cdn.bsky.app/img/feed_fullsize/plain/did:plc:dkqyfczjnig7me5b7ez54jdw/bafkreibbc62xe7nnrpsqs3uoernnbhyviwodww3k4flju3imgbds26inhm"", ""alt"": """", ""aspectRatio"": {""height"": 1080, ""width"": 1080}}], ""$type"": ""app.bsky.embed.images#view""}, ""bookmarkCount"": 0, ""replyCount"": 1, ""repostCount"": 1, ""likeCount"": 3, ""quoteCount"": 1, ""indexedAt"": ""2024-12-16T15:21:25.458Z"", ""labels"": []}",2026-09-29T20:39:17.322636+00:00
bluesky,at://did:plc:dkqyfczjnig7me5b7ez54jdw/app.bsky.feed.post/3ld7dmimlws23,https://bsky.app/profile/goodsuniteus.bsky.social/post/3ld7dmimlws23,2024-12-13T17:45:18.640Z,goodsuniteus.bsky.social,Shares of JP Morgan have seen significant growth since the election despite the company’s politics.,video,,,,0,,0,,1,1,,0,,"{""uri"": ""at://did:plc:dkqyfczjnig7me5b7ez54jdw/app.bsky.feed.post/3ld7dmimlws23"", ""cid"": ""bafyreie3iqlgrw66paht3wmj464bfwhzfajfryejnzzshuqvzssbtplkam"", ""author"": {""did"": ""did:plc:dkqyfczjnig7me5b7ez54jdw"", ""handle"": ""goodsuniteus.bsky.social"", ""displayName"": ""GoodsUniteUs"", ""avatar"": ""https://cdn.bsky.app/img/avatar/plain/did:plc:dkqyfczjnig7me5b7ez54jdw/bafkreic4bs4qqqbpqabcc2wdrldjf4eh2jsoo7pdpjemtfdwrojlcobzse"", ""associated"": {""activitySubscription"": {""allowSubscriptions"": ""followers""}}, ""labels"": [], ""createdAt"": ""2024-11-22T00:30:07.952Z""}, ""record"": {""$type"": ""app.bsky.feed.post"", ""createdAt"": ""2024-12-13T17:45:18.640Z"", ""embed"": {""$type"": ""app.bsky.embed.video"", ""aspectRatio"": {""height"": 1080, ""width"": 1080}, ""video"": {""$type"": ""blob"", ""ref"": {""$link"": ""bafkreiazahxvojb4lz2fd4ncsc3vgem4jpl7cvp2v6fedmwz67fvqunnxi""}, ""mimeType"": ""video/mp4"", ""size"": 793780}}, ""langs"": [""en""], ""text"": ""Shares of JP Morgan have seen significant growth since the election despite the company’s politics.""}, ""embed"": {""cid"": ""bafkreiazahxvojb4lz2fd4ncsc3vgem4jpl7cvp2v6fedmwz67fvqunnxi"", ""playlist"": ""https://video.bsky.app/watch/did%3Aplc%3Adkqyfczjnig7me5b7ez54jdw/bafkreiazahxvojb4lz2fd4ncsc3vgem4jpl7cvp2v6fedmwz67fvqunnxi/playlist.m3u8"", ""thumbnail"": ""https://video.bsky.app/watch/did%3Aplc%3Adkqyfczjnig7me5b7ez54jdw/bafkreiazahxvojb4lz2fd4ncsc3vgem4jpl7cvp2v6fedmwz67fvqunnxi/thumbnail.jpg"", ""aspectRatio"": {""height"": 1080, ""width"": 1080}, ""$type"": ""app.bsky.embed.video#view""}, ""bookmarkCount"": 0, ""replyCount"": 0, ""repostCount"": 1, ""likeCount"": 0, ""quoteCount"": 1, ""indexedAt"": ""2024-12-13T17:45:19.853Z"", ""labels"": []}",2026-09-29T20:39:17.322649+00:00
bluesky,at://did:plc:dkqyfczjnig7me5b7ez54jdw/app.bsky.feed.post/3ld5rjkjzbc2s,https://bsky.app/profile/goodsuniteus.bsky.social/post/3ld5rjkjzbc2s,2024-12-13T02:48:52.894Z,goodsuniteus.bsky.social,"The health insurance industry makes billions of dollars in profits, which enables it to pump huge sums of private money into politics. Find out where that money is going with the Goods Unite Us app!",image,,,,2,,0,,1,1,,0,,"{""uri"": ""at://did:plc:dkqyfczjnig7me5b7ez54jdw/app.bsky.feed.post/3ld5rjkjzbc2s"", ""cid"": ""bafyreiantewtmzraa6l7cpc3okv5elaknb7vinv4wavrup2345suqttza4"", ""author"": {""did"": ""did:plc:dkqyfczjnig7me5b7ez54jdw"", ""handle"": ""goodsuniteus.bsky.social"", ""displayName"": ""GoodsUniteUs"", ""avatar"": ""https://cdn.bsky.app/img/avatar/plain/did:plc:dkqyfczjnig7me5b7ez54jdw/bafkreic4bs4qqqbpqabcc2wdrldjf4eh2jsoo7pdpjemtfdwrojlcobzse"", ""associated"": {""activitySubscription"": {""allowSubscriptions"": ""followers""}}, ""labels"": [], ""createdAt"": ""2024-11-22T00:30:07.952Z""}, ""record"": {""$type"": ""app.bsky.feed.post"", ""createdAt"": ""2024-12-13T02:48:52.894Z"", ""embed"": {""$type"": ""app.bsky.embed.images"", ""images"": [{""alt"": """", ""aspectRatio"": {""height"": 1080, ""width"": 1080}, ""image"": {""$type"": ""blob"", ""ref"": {""$link"": ""bafkreidgfr2eglv665u6vt5guzy4xioxflaboegks5xoqtm3bdmeuctkxa""}, ""mimeType"": ""image/jpeg"", ""size"": 830100}}]}, ""langs"": [""en""], ""text"": ""The health insurance industry makes billions of dollars in profits, which enables it to pump huge sums of private money into politics. Find out where that money is going with the Goods Unite Us app!""}, ""embed"": {""images"": [{""thumb"": ""https://cdn.bsky.app/img/feed_thumbnail/plain/did:plc:dkqyfczjnig7me5b7ez54jdw/bafkreidgfr2eglv665u6vt5guzy4xioxflaboegks5xoqtm3bdmeuctkxa"", ""fullsize"": ""https://cdn.bsky.app/img/feed_fullsize/plain/did:plc:dkqyfczjnig7me5b7ez54jdw/bafkreidgfr2eglv665u6vt5guzy4xioxflaboegks5xoqtm3bdmeuctkxa"", ""alt"": """", ""aspectRatio"": {""height"": 1080, ""width"": 1080}}], ""$type"": ""app.bsky.embed.images#view""}, ""bookmarkCount"": 0, ""replyCount"": 0, ""repostCount"": 1, ""likeCount"": 2, ""quoteCount"": 1, ""indexedAt"": ""2024-12-13T02:48:54.557Z"", ""labels"": []}",2026-09-29T20:39:17.322663+00:00
bluesky,at://did:plc:dkqyfczjnig7me5b7ez54jdw/app.bsky.feed.post/3ld4schcwyk2w,https://bsky.app/profile/goodsuniteus.bsky.social/post/3ld4schcwyk2w,2024-12-12T17:30:08.640Z,goodsuniteus.bsky.social,"#USPOL
#healthinsurance
#health
#insurance
#moneyvotes",image,,,,4,,0,,2,1,,0,,"{""uri"": ""at://did:plc:dkqyfczjnig7me5b7ez54jdw/app.bsky.feed.post/3ld4schcwyk2w"", ""cid"": ""bafyreibioznnkxnpkmcflaaetkfp5phaas62htjaenxxh6j2n6cckq7ktu"", ""author"": {""did"": ""did:plc:dkqyfczjnig7me5b7ez54jdw"", ""handle"": ""goodsuniteus.bsky.social"", ""displayName"": ""GoodsUniteUs"", ""avatar"": ""https://cdn.bsky.app/img/avatar/plain/did:plc:dkqyfczjnig7me5b7ez54jdw/bafkreic4bs4qqqbpqabcc2wdrldjf4eh2jsoo7pdpjemtfdwrojlcobzse"", ""associated"": {""activitySubscription"": {""allowSubscriptions"": ""followers""}}, ""labels"": [], ""createdAt"": ""2024-11-22T00:30:07.952Z""}, ""record"": {""$type"": ""app.bsky.feed.post"", ""createdAt"": ""2024-12-12T17:30:08.640Z"", ""embed"": {""$type"": ""app.bsky.embed.images"", ""images"": [{""alt"": """", ""aspectRatio"": {""height"": 1080, ""width"": 1080}, ""image"": {""$type"": ""blob"", ""ref"": {""$link"": ""bafkreidnxfz42bkvaigezgryk2foo5pwhppprmnvej2ezihcmltk5qwaym""}, ""mimeType"": ""image/jpeg"", ""size"": 281234}}]}, ""facets"": [{""features"": [{""$type"": ""app.bsky.richtext.facet#tag"", ""tag"": ""USPOL""}], ""index"": {""byteEnd"": 6, ""byteStart"": 0}}, {""features"": [{""$type"": ""app.bsky.richtext.facet#tag"", ""tag"": ""healthinsurance""}], ""index"": {""byteEnd"": 23, ""byteStart"": 7}}, {""features"": [{""$type"": ""app.bsky.richtext.facet#tag"", ""tag"": ""health""}], ""index"": {""byteEnd"": 31, ""byteStart"": 24}}, {""features"": [{""$type"": ""app.bsky.richtext.facet#tag"", ""tag"": ""insurance""}], ""index"": {""byteEnd"": 42, ""byteStart"": 32}}, {""features"": [{""$type"": ""app.bsky.richtext.facet#tag"", ""tag"": ""moneyvotes""}], ""index"": {""byteEnd"": 54, ""byteStart"": 43}}], ""langs"": [""en""], ""text"": ""#USPOL\n#healthinsurance\n#health\n#insurance\n#moneyvotes""}, ""embed"": {""images"": [{""thumb"": ""https://cdn.bsky.app/img/feed_thumbnail/plain/did:plc:dkqyfczjnig7me5b7ez54jdw/bafkreidnxfz42bkvaigezgryk2foo5pwhppprmnvej2ezihcmltk5qwaym"", ""fullsize"": ""https://cdn.bsky.app/img/feed_fullsize/plain/did:plc:dkqyfczjnig7me5b7ez54jdw/bafkreidnxfz42bkvaigezgryk2foo5pwhppprmnvej2ezihcmltk5qwaym"", ""alt"": """", ""aspectRatio"": {""height"": 1080, ""width"": 1080}}], ""$type"": ""app.bsky.embed.images#view""}, ""bookmarkCount"": 0, ""replyCount"": 0, ""repostCount"": 2, ""likeCount"": 4, ""quoteCount"": 1, ""indexedAt"": ""2024-12-12T17:30:11.661Z"", ""labels"": []}",2026-09-29T20:39:17.322684+00:00
bluesky,at://did:plc:dkqyfczjnig7me5b7ez54jdw/app.bsky.feed.post/3ld2ic6xq6s2b,https://bsky.app/profile/goodsuniteus.bsky.social/post/3ld2ic6xq6s2b,2024-12-11T19:25:42.989Z,goodsuniteus.bsky.social,"#vacation
#USPOL",image,,,,2,,3,,1,1,,0,,"{""uri"": ""at://did:plc:dkqyfczjnig7me5b7ez54jdw/app.bsky.feed.post/3ld2ic6xq6s2b"", ""cid"": ""bafyreihiv3uf3qa7rxi3henhk2gin65opfqjpne74rqcupdqsuiqeypz24"", ""author"": {""did"": ""did:plc:dkqyfczjnig7me5b7ez54jdw"", ""handle"": ""goodsuniteus.bsky.social"", ""displayName"": ""GoodsUniteUs"", ""avatar"": ""https://cdn.bsky.app/img/avatar/plain/did:plc:dkqyfczjnig7me5b7ez54jdw/bafkreic4bs4qqqbpqabcc2wdrldjf4eh2jsoo7pdpjemtfdwrojlcobzse"", ""associated"": {""activitySubscription"": {""allowSubscriptions"": ""followers""}}, ""labels"": [], ""createdAt"": ""2024-11-22T00:30:07.952Z""}, ""record"": {""$type"": ""app.bsky.feed.post"", ""createdAt"": ""2024-12-11T19:25:42.989Z"", ""embed"": {""$type"": ""app.bsky.embed.images"", ""images"": [{""alt"": """", ""aspectRatio"": {""height"": 1066, ""width"": 1069}, ""image"": {""$type"": ""blob"", ""ref"": {""$link"": ""bafkreie43yzafzud43nnjmxiw4x2zhuvwid6xdd3inxa5gcmtzgpbq3ccu""}, ""mimeType"": ""image/jpeg"", ""size"": 797891}}]}, ""facets"": [{""features"": [{""$type"": ""app.bsky.richtext.facet#tag"", ""tag"": ""vacation""}], ""index"": {""byteEnd"": 9, ""byteStart"": 0}}, {""features"": [{""$type"": ""app.bsky.richtext.facet#tag"", ""tag"": ""USPOL""}], ""index"": {""byteEnd"": 16, ""byteStart"": 10}}], ""langs"": [""en""], ""text"": ""#vacation\n#USPOL""}, ""embed"": {""images"": [{""thumb"": ""https://cdn.bsky.app/img/feed_thumbnail/plain/did:plc:dkqyfczjnig7me5b7ez54jdw/bafkreie43yzafzud43nnjmxiw4x2zhuvwid6xdd3inxa5gcmtzgpbq3ccu"", ""fullsize"": ""https://cdn.bsky.app/img/feed_fullsize/plain/did:plc:dkqyfczjnig7me5b7ez54jdw/bafkreie43yzafzud43nnjmxiw4x2zhuvwid6xdd3inxa5gcmtzgpbq3ccu"", ""alt"": """", ""aspectRatio"": {""height"": 1066, ""width"": 1069}}], ""$type"": ""app.bsky.embed.images#view""}, ""bookmarkCount"": 0, ""replyCount"": 3, ""repostCount"": 1, ""likeCount"": 2, ""quoteCount"": 1, ""indexedAt"": ""2024-12-11T19:25:45.560Z"", ""labels"": []}",2026-09-29T20:39:17.322699+00:00
bluesky,at://did:plc:dkqyfczjnig7me5b7ez54jdw/app.bsky.feed.post/3lcy6slhrz22w,https://bsky.app/profile/goodsuniteus.bsky.social/post/3lcy6slhrz22w,2024-12-10T21:30:36.077Z,goodsuniteus.bsky.social,"#USPOL
#banking
#vote",video,,,,0,,0,,2,1,,0,,"{""uri"": ""at://did:plc:dkqyfczjnig7me5b7ez54jdw/app.bsky.feed.post/3lcy6slhrz22w"", ""cid"": ""bafyreideaulhe3xx2spvkq2lrmltrbwacqq5nosyallv5rq7nchfbwiab4"", ""author"": {""did"": ""did:plc:dkqyfczjnig7me5b7ez54jdw"", ""handle"": ""goodsuniteus.bsky.social"", ""displayName"": ""GoodsUniteUs"", ""avatar"": ""https://cdn.bsky.app/img/avatar/plain/did:plc:dkqyfczjnig7me5b7ez54jdw/bafkreic4bs4qqqbpqabcc2wdrldjf4eh2jsoo7pdpjemtfdwrojlcobzse"", ""associated"": {""activitySubscription"": {""allowSubscriptions"": ""followers""}}, ""labels"": [], ""createdAt"": ""2024-11-22T00:30:07.952Z""}, ""record"": {""$type"": ""app.bsky.feed.post"", ""createdAt"": ""2024-12-10T21:30:36.077Z"", ""embed"": {""$type"": ""app.bsky.embed.video"", ""aspectRatio"": {""height"": 1080, ""width"": 1080}, ""video"": {""$type"": ""blob"", ""ref"": {""$link"": ""bafkreihet36hnba7mlz7nlh5fig56id2avfs3yk4lcbtn3zdlwlyttl5jy""}, ""mimeType"": ""video/mp4"", ""size"": 462024}}, ""facets"": [{""features"": [{""$type"": ""app.bsky.richtext.facet#tag"", ""tag"": ""USPOL""}], ""index"": {""byteEnd"": 6, ""byteStart"": 0}}, {""features"": [{""$type"": ""app.bsky.richtext.facet#tag"", ""tag"": ""banking""}], ""index"": {""byteEnd"": 15, ""byteStart"": 7}}, {""features"": [{""$type"": ""app.bsky.richtext.facet#tag"", ""tag"": ""vote""}], ""index"": {""byteEnd"": 21, ""byteStart"": 16}}], ""langs"": [""en""], ""text"": ""#USPOL\n#banking\n#vote""}, ""embed"": {""cid"": ""bafkreihet36hnba7mlz7nlh5fig56id2avfs3yk4lcbtn3zdlwlyttl5jy"", ""playlist"": ""https://video.bsky.app/watch/did%3Aplc%3Adkqyfczjnig7me5b7ez54jdw/bafkreihet36hnba7mlz7nlh5fig56id2avfs3yk4lcbtn3zdlwlyttl5jy/playlist.m3u8"", ""thumbnail"": ""https://video.bsky.app/watch/did%3Aplc%3Adkqyfczjnig7me5b7ez54jdw/bafkreihet36hnba7mlz7nlh5fig56id2avfs3yk4lcbtn3zdlwlyttl5jy/thumbnail.jpg"", ""aspectRatio"": {""height"": 1080, ""width"": 1080}, ""$type"": ""app.bsky.embed.video#view""}, ""bookmarkCount"": 0, ""replyCount"": 0, ""repostCount"": 2, ""likeCount"": 0, ""quoteCount"": 1, ""indexedAt"": ""2024-12-10T21:30:37.055Z"", ""labels"": []}",2026-09-29T20:39:17.510824+00:00
bluesky,at://did:plc:dkqyfczjnig7me5b7ez54jdw/app.bsky.feed.post/3lcy64uwjys22,https://bsky.app/profile/goodsuniteus.bsky.social/post/3lcy64uwjys22,2024-12-10T21:18:27.799Z,goodsuniteus.bsky.social,#USPOL,image,,,,1,,1,,1,1,,0,,"{""uri"": ""at://did:plc:dkqyfczjnig7me5b7ez54jdw/app.bsky.feed.post/3lcy64uwjys22"", ""cid"": ""bafyreiglt6zi5tn2scqu7woysqe6tkfgfiddas7jsc5ykc552ghevskpmq"", ""author"": {""did"": ""did:plc:dkqyfczjnig7me5b7ez54jdw"", ""handle"": ""goodsuniteus.bsky.social"", ""displayName"": ""GoodsUniteUs"", ""avatar"": ""https://cdn.bsky.app/img/avatar/plain/did:plc:dkqyfczjnig7me5b7ez54jdw/bafkreic4bs4qqqbpqabcc2wdrldjf4eh2jsoo7pdpjemtfdwrojlcobzse"", ""associated"": {""activitySubscription"": {""allowSubscriptions"": ""followers""}}, ""labels"": [], ""createdAt"": ""2024-11-22T00:30:07.952Z""}, ""record"": {""$type"": ""app.bsky.feed.post"", ""createdAt"": ""2024-12-10T21:18:27.799Z"", ""embed"": {""$type"": ""app.bsky.embed.images"", ""images"": [{""alt"": """", ""aspectRatio"": {""height"": 1080, ""width"": 1080}, ""image"": {""$type"": ""blob"", ""ref"": {""$link"": ""bafkreig6bl6k2bsv5okr56s3x4tkjdnslea4qkmvtooyjgdadkli522bim""}, ""mimeType"": ""image/jpeg"", ""size"": 657437}}]}, ""facets"": [{""features"": [{""$type"": ""app.bsky.richtext.facet#tag"", ""tag"": ""USPOL""}], ""index"": {""byteEnd"": 6, ""byteStart"": 0}}], ""langs"": [""en""], ""text"": ""#USPOL""}, ""embed"": {""images"": [{""thumb"": ""https://cdn.bsky.app/img/feed_thumbnail/plain/did:plc:dkqyfczjnig7me5b7ez54jdw/bafkreig6bl6k2bsv5okr56s3x4tkjdnslea4qkmvtooyjgdadkli522bim"", ""fullsize"": ""https://cdn.bsky.app/img/feed_fullsize/plain/did:plc:dkqyfczjnig7me5b7ez54jdw/bafkreig6bl6k2bsv5okr56s3x4tkjdnslea4qkmvtooyjgdadkli522bim"", ""alt"": """", ""aspectRatio"": {""height"": 1080, ""width"": 1080}}], ""$type"": ""app.bsky.embed.images#view""}, ""bookmarkCount"": 0, ""replyCount"": 1, ""repostCount"": 1, ""likeCount"": 1, ""quoteCount"": 1, ""indexedAt"": ""2024-12-10T21:18:33.151Z"", ""labels"": []}",2026-09-29T20:39:17.510882+00:00
bluesky,at://did:plc:dkqyfczjnig7me5b7ez54jdw/app.bsky.feed.post/3lcy636kxyc22,https://bsky.app/profile/goodsuniteus.bsky.social/post/3lcy636kxyc22,2024-12-10T21:17:30.794Z,goodsuniteus.bsky.social,,image,,,,4,,0,,2,1,,0,,"{""uri"": ""at://did:plc:dkqyfczjnig7me5b7ez54jdw/app.bsky.feed.post/3lcy636kxyc22"", ""cid"": ""bafyreifjfce4zoreq7j7k4arhon2qv5pbskbomytdlfsfu2k3hbldftsz4"", ""author"": {""did"": ""did:plc:dkqyfczjnig7me5b7ez54jdw"", ""handle"": ""goodsuniteus.bsky.social"", ""displayName"": ""GoodsUniteUs"", ""avatar"": ""https://cdn.bsky.app/img/avatar/plain/did:plc:dkqyfczjnig7me5b7ez54jdw/bafkreic4bs4qqqbpqabcc2wdrldjf4eh2jsoo7pdpjemtfdwrojlcobzse"", ""associated"": {""activitySubscription"": {""allowSubscriptions"": ""followers""}}, ""labels"": [], ""createdAt"": ""2024-11-22T00:30:07.952Z""}, ""record"": {""$type"": ""app.bsky.feed.post"", ""createdAt"": ""2024-12-10T21:17:30.794Z"", ""embed"": {""$type"": ""app.bsky.embed.images"", ""images"": [{""alt"": """", ""aspectRatio"": {""height"": 1080, ""width"": 1080}, ""image"": {""$type"": ""blob"", ""ref"": {""$link"": ""bafkreifdkirupdjdxznp6lfyo2eg73vqhoqgsybxdds2gpofzoqirz5qny""}, ""mimeType"": ""image/jpeg"", ""size"": 364691}}]}, ""langs"": [""en""], ""text"": """"}, ""embed"": {""images"": [{""thumb"": ""https://cdn.bsky.app/img/feed_thumbnail/plain/did:plc:dkqyfczjnig7me5b7ez54jdw/bafkreifdkirupdjdxznp6lfyo2eg73vqhoqgsybxdds2gpofzoqirz5qny"", ""fullsize"": ""https://cdn.bsky.app/img/feed_fullsize/plain/did:plc:dkqyfczjnig7me5b7ez54jdw/bafkreifdkirupdjdxznp6lfyo2eg73vqhoqgsybxdds2gpofzoqirz5qny"", ""alt"": """", ""aspectRatio"": {""height"": 1080, ""width"": 1080}}], ""$type"": ""app.bsky.embed.images#view""}, ""bookmarkCount"": 0, ""replyCount"": 0, ""repostCount"": 2, ""likeCount"": 4, ""quoteCount"": 1, ""indexedAt"": ""2024-12-10T21:17:34.358Z"", ""labels"": []}",2026-09-29T20:39:17.510913+00:00
bluesky,at://did:plc:dkqyfczjnig7me5b7ez54jdw/app.bsky.feed.post/3lctqlaeros2y,https://bsky.app/profile/goodsuniteus.bsky.social/post/3lctqlaeros2y,2024-12-09T03:05:18.217Z,goodsuniteus.bsky.social,,image,,,,4,,0,,1,1,,0,,"{""uri"": ""at://did:plc:dkqyfczjnig7me5b7ez54jdw/app.bsky.feed.post/3lctqlaeros2y"", ""cid"": ""bafyreicbsxn2b2qn5hoc7bq3zrikqt2e4g4x6z2iqelwtnqw4r6rxohwta"", ""author"": {""did"": ""did:plc:dkqyfczjnig7me5b7ez54jdw"", ""handle"": ""goodsuniteus.bsky.social"", ""displayName"": ""GoodsUniteUs"", ""avatar"": ""https://cdn.bsky.app/img/avatar/plain/did:plc:dkqyfczjnig7me5b7ez54jdw/bafkreic4bs4qqqbpqabcc2wdrldjf4eh2jsoo7pdpjemtfdwrojlcobzse"", ""associated"": {""activitySubscription"": {""allowSubscriptions"": ""followers""}}, ""labels"": [], ""createdAt"": ""2024-11-22T00:30:07.952Z""}, ""record"": {""$type"": ""app.bsky.feed.post"", ""createdAt"": ""2024-12-09T03:05:18.217Z"", ""embed"": {""$type"": ""app.bsky.embed.images"", ""images"": [{""alt"": """", ""aspectRatio"": {""height"": 1080, ""width"": 1080}, ""image"": {""$type"": ""blob"", ""ref"": {""$link"": ""bafkreifyk4ga4hhrjzppp6wi7xztk26lji3bmaqh3v4hi4qb5ngwk7pdte""}, ""mimeType"": ""image/jpeg"", ""size"": 845299}}]}, ""langs"": [""en""], ""text"": """"}, ""embed"": {""images"": [{""thumb"": ""https://cdn.bsky.app/img/feed_thumbnail/plain/did:plc:dkqyfczjnig7me5b7ez54jdw/bafkreifyk4ga4hhrjzppp6wi7xztk26lji3bmaqh3v4hi4qb5ngwk7pdte"", ""fullsize"": ""https://cdn.bsky.app/img/feed_fullsize/plain/did:plc:dkqyfczjnig7me5b7ez54jdw/bafkreifyk4ga4hhrjzppp6wi7xztk26lji3bmaqh3v4hi4qb5ngwk7pdte"", ""alt"": """", ""aspectRatio"": {""height"": 1080, ""width"": 1080}}], ""$type"": ""app.bsky.embed.images#view""}, ""bookmarkCount"": 0, ""replyCount"": 0, ""repostCount"": 1, ""likeCount"": 4, ""quoteCount"": 1, ""indexedAt"": ""2024-12-09T03:05:21.213Z"", ""labels"": []}",2026-09-29T20:39:17.510942+00:00
bluesky,at://did:plc:dkqyfczjnig7me5b7ez54jdw/app.bsky.feed.post/3lchcps73vs2c,https://bsky.app/profile/goodsuniteus.bsky.social/post/3lchcps73vs2c,2024-12-04T04:25:21.882Z,goodsuniteus.bsky.social,#USPOL,image,,,,1,,0,,1,1,,0,,"{""uri"": ""at://did:plc:dkqyfczjnig7me5b7ez54jdw/app.bsky.feed.post/3lchcps73vs2c"", ""cid"": ""bafyreifxmd4rs3ceh4mzdrslkkswvlsjuwp434hdv4o7q23s25qigq4wzu"", ""author"": {""did"": ""did:plc:dkqyfczjnig7me5b7ez54jdw"", ""handle"": ""goodsuniteus.bsky.social"", ""displayName"": ""GoodsUniteUs"", ""avatar"": ""https://cdn.bsky.app/img/avatar/plain/did:plc:dkqyfczjnig7me5b7ez54jdw/bafkreic4bs4qqqbpqabcc2wdrldjf4eh2jsoo7pdpjemtfdwrojlcobzse"", ""associated"": {""activitySubscription"": {""allowSubscriptions"": ""followers""}}, ""labels"": [], ""createdAt"": ""2024-11-22T00:30:07.952Z""}, ""record"": {""$type"": ""app.bsky.feed.post"", ""createdAt"": ""2024-12-04T04:25:21.882Z"", ""embed"": {""$type"": ""app.bsky.embed.images"", ""images"": [{""alt"": """", ""aspectRatio"": {""height"": 1080, ""width"": 1080}, ""image"": {""$type"": ""blob"", ""ref"": {""$link"": ""bafkreicrv6hi5hxa2r2ld4fhjy5owvymvn6reyfhhvajbc2cvcaobrh6fm""}, ""mimeType"": ""image/jpeg"", ""size"": 697783}}]}, ""facets"": [{""features"": [{""$type"": ""app.bsky.richtext.facet#tag"", ""tag"": ""USPOL""}], ""index"": {""byteEnd"": 6, ""byteStart"": 0}}], ""langs"": [""en""], ""text"": ""#USPOL""}, ""embed"": {""images"": [{""thumb"": ""https://cdn.bsky.app/img/feed_thumbnail/plain/did:plc:dkqyfczjnig7me5b7ez54jdw/bafkreicrv6hi5hxa2r2ld4fhjy5owvymvn6reyfhhvajbc2cvcaobrh6fm"", ""fullsize"": ""https://cdn.bsky.app/img/feed_fullsize/plain/did:plc:dkqyfczjnig7me5b7ez54jdw/bafkreicrv6hi5hxa2r2ld4fhjy5owvymvn6reyfhhvajbc2cvcaobrh6fm"", ""alt"": """", ""aspectRatio"": {""height"": 1080, ""width"": 1080}}], ""$type"": ""app.bsky.embed.images#view""}, ""bookmarkCount"": 0, ""replyCount"": 0, ""repostCount"": 1, ""likeCount"": 1, ""quoteCount"": 1, ""indexedAt"": ""2024-12-04T04:25:23.254Z"", ""labels"": []}",2026-09-29T20:39:17.510972+00:00
bluesky,at://did:plc:dkqyfczjnig7me5b7ez54jdw/app.bsky.feed.post/3lce3wcgvxs2t,https://bsky.app/profile/goodsuniteus.bsky.social/post/3lce3wcgvxs2t,2024-12-02T21:45:44.833Z,goodsuniteus.bsky.social,,image,,,,1,,0,,1,0,,0,,"{""uri"": ""at://did:plc:dkqyfczjnig7me5b7ez54jdw/app.bsky.feed.post/3lce3wcgvxs2t"", ""cid"": ""bafyreic2ekfdjo5mbky2rfz6m4rahurbpkawtvod4eewn4dqmq45ywoege"", ""author"": {""did"": ""did:plc:dkqyfczjnig7me5b7ez54jdw"", ""handle"": ""goodsuniteus.bsky.social"", ""displayName"": ""GoodsUniteUs"", ""avatar"": ""https://cdn.bsky.app/img/avatar/plain/did:plc:dkqyfczjnig7me5b7ez54jdw/bafkreic4bs4qqqbpqabcc2wdrldjf4eh2jsoo7pdpjemtfdwrojlcobzse"", ""associated"": {""activitySubscription"": {""allowSubscriptions"": ""followers""}}, ""labels"": [], ""createdAt"": ""2024-11-22T00:30:07.952Z""}, ""record"": {""$type"": ""app.bsky.feed.post"", ""createdAt"": ""2024-12-02T21:45:44.833Z"", ""embed"": {""$type"": ""app.bsky.embed.images"", ""images"": [{""alt"": """", ""aspectRatio"": {""height"": 1080, ""width"": 1080}, ""image"": {""$type"": ""blob"", ""ref"": {""$link"": ""bafkreianapf7ginc2e5tcyhjv5jxmokcds7u7kqij6bq4u3dmz4e4jexma""}, ""mimeType"": ""image/jpeg"", ""size"": 988095}}]}, ""langs"": [""en""], ""text"": """"}, ""embed"": {""images"": [{""thumb"": ""https://cdn.bsky.app/img/feed_thumbnail/plain/did:plc:dkqyfczjnig7me5b7ez54jdw/bafkreianapf7ginc2e5tcyhjv5jxmokcds7u7kqij6bq4u3dmz4e4jexma"", ""fullsize"": ""https://cdn.bsky.app/img/feed_fullsize/plain/did:plc:dkqyfczjnig7me5b7ez54jdw/bafkreianapf7ginc2e5tcyhjv5jxmokcds7u7kqij6bq4u3dmz4e4jexma"", ""alt"": """", ""aspectRatio"": {""height"": 1080, ""width"": 1080}}], ""$type"": ""app.bsky.embed.images#view""}, ""bookmarkCount"": 0, ""replyCount"": 0, ""repostCount"": 1, ""likeCount"": 1, ""quoteCount"": 0, ""indexedAt"": ""2024-12-02T21:45:46.960Z"", ""labels"": []}",2026-09-29T20:39:17.510998+00:00
bluesky,at://did:plc:dkqyfczjnig7me5b7ez54jdw/app.bsky.feed.post/3lcccjfgccc2z,https://bsky.app/profile/goodsuniteus.bsky.social/post/3lcccjfgccc2z,2024-12-02T04:38:28.468Z,goodsuniteus.bsky.social,#cybermonday,image,,,,3,,0,,0,0,,0,,"{""uri"": ""at://did:plc:dkqyfczjnig7me5b7ez54jdw/app.bsky.feed.post/3lcccjfgccc2z"", ""cid"": ""bafyreihw5226i6glxnfz2fnmgx6nydzezs2muonfjqgac3w5sjdg3woxcm"", ""author"": {""did"": ""did:plc:dkqyfczjnig7me5b7ez54jdw"", ""handle"": ""goodsuniteus.bsky.social"", ""displayName"": ""GoodsUniteUs"", ""avatar"": ""https://cdn.bsky.app/img/avatar/plain/did:plc:dkqyfczjnig7me5b7ez54jdw/bafkreic4bs4qqqbpqabcc2wdrldjf4eh2jsoo7pdpjemtfdwrojlcobzse"", ""associated"": {""activitySubscription"": {""allowSubscriptions"": ""followers""}}, ""labels"": [], ""createdAt"": ""2024-11-22T00:30:07.952Z""}, ""record"": {""$type"": ""app.bsky.feed.post"", ""createdAt"": ""2024-12-02T04:38:28.468Z"", ""embed"": {""$type"": ""app.bsky.embed.images"", ""images"": [{""alt"": """", ""aspectRatio"": {""height"": 1080, ""width"": 1080}, ""image"": {""$type"": ""blob"", ""ref"": {""$link"": ""bafkreihfwultogprtcubiufao2djbtpqburj5z3imlpntm4q3kzpp5r6wa""}, ""mimeType"": ""image/jpeg"", ""size"": 915288}}]}, ""facets"": [{""features"": [{""$type"": ""app.bsky.richtext.facet#tag"", ""tag"": ""cybermonday""}], ""index"": {""byteEnd"": 12, ""byteStart"": 0}}], ""langs"": [""en""], ""text"": ""#cybermonday""}, ""embed"": {""images"": [{""thumb"": ""https://cdn.bsky.app/img/feed_thumbnail/plain/did:plc:dkqyfczjnig7me5b7ez54jdw/bafkreihfwultogprtcubiufao2djbtpqburj5z3imlpntm4q3kzpp5r6wa"", ""fullsize"": ""https://cdn.bsky.app/img/feed_fullsize/plain/did:plc:dkqyfczjnig7me5b7ez54jdw/bafkreihfwultogprtcubiufao2djbtpqburj5z3imlpntm4q3kzpp5r6wa"", ""alt"": """", ""aspectRatio"": {""height"": 1080, ""width"": 1080}}], ""$type"": ""app.bsky.embed.images#view""}, ""bookmarkCount"": 0, ""replyCount"": 0, ""repostCount"": 0, ""likeCount"": 3, ""quoteCount"": 0, ""indexedAt"": ""2024-12-02T04:38:29.856Z"", ""labels"": []}",2026-09-29T20:39:17.511028+00:00
bluesky,at://did:plc:dkqyfczjnig7me5b7ez54jdw/app.bsky.feed.post/3lcbyid7xy22k,https://bsky.app/profile/goodsuniteus.bsky.social/post/3lcbyid7xy22k,2024-12-02T01:38:55.193Z,goodsuniteus.bsky.social,youtu.be/XVV3x_ysFxk?...,external_link,,,,4,,0,,1,1,,0,,"{""uri"": ""at://did:plc:dkqyfczjnig7me5b7ez54jdw/app.bsky.feed.post/3lcbyid7xy22k"", ""cid"": ""bafyreifzayejr43soa5cbumguktk22dlqone5bmmesy32parbpu3x6xzom"", ""author"": {""did"": ""did:plc:dkqyfczjnig7me5b7ez54jdw"", ""handle"": ""goodsuniteus.bsky.social"", ""displayName"": ""GoodsUniteUs"", ""avatar"": ""https://cdn.bsky.app/img/avatar/plain/did:plc:dkqyfczjnig7me5b7ez54jdw/bafkreic4bs4qqqbpqabcc2wdrldjf4eh2jsoo7pdpjemtfdwrojlcobzse"", ""associated"": {""activitySubscription"": {""allowSubscriptions"": ""followers""}}, ""labels"": [], ""createdAt"": ""2024-11-22T00:30:07.952Z""}, ""record"": {""$type"": ""app.bsky.feed.post"", ""createdAt"": ""2024-12-02T01:38:55.193Z"", ""embed"": {""$type"": ""app.bsky.embed.external"", ""external"": {""description"": ""YouTube video by Ben Wikler"", ""thumb"": {""$type"": ""blob"", ""ref"": {""$link"": ""bafkreiaiq6cvk7garlk4xpov4uzsn7gam4aav4dkb4en25e6fvsw6xcx6u""}, ""mimeType"": ""image/jpeg"", ""size"": 89731}, ""title"": ""Unite. Fight. Win."", ""uri"": ""https://youtu.be/XVV3x_ysFxk?si=BK6ibnhaOS8PKhwr""}}, ""facets"": [{""features"": [{""$type"": ""app.bsky.richtext.facet#link"", ""uri"": ""https://youtu.be/XVV3x_ysFxk?si=BK6ibnhaOS8PKhwr""}], ""index"": {""byteEnd"": 24, ""byteStart"": 0}}], ""langs"": [""en""], ""text"": ""youtu.be/XVV3x_ysFxk?...""}, ""embed"": {""external"": {""uri"": ""https://youtu.be/XVV3x_ysFxk?si=BK6ibnhaOS8PKhwr"", ""title"": ""Unite. Fight. Win."", ""description"": ""YouTube video by Ben Wikler"", ""thumb"": ""https://cdn.bsky.app/img/feed_thumbnail/plain/did:plc:dkqyfczjnig7me5b7ez54jdw/bafkreiaiq6cvk7garlk4xpov4uzsn7gam4aav4dkb4en25e6fvsw6xcx6u""}, ""$type"": ""app.bsky.embed.external#view""}, ""bookmarkCount"": 0, ""replyCount"": 0, ""repostCount"": 1, ""likeCount"": 4, ""quoteCount"": 1, ""indexedAt"": ""2024-12-02T01:38:57.263Z"", ""labels"": []}",2026-09-29T20:39:17.511057+00:00
bluesky,at://did:plc:dkqyfczjnig7me5b7ez54jdw/app.bsky.feed.post/3lc72usma722p,https://bsky.app/profile/goodsuniteus.bsky.social/post/3lc72usma722p,2024-11-30T21:43:42.242Z,goodsuniteus.bsky.social,#USPOL,image,,,,1,,0,,1,0,,0,,"{""uri"": ""at://did:plc:dkqyfczjnig7me5b7ez54jdw/app.bsky.feed.post/3lc72usma722p"", ""cid"": ""bafyreie7v6rupsrz23akfglx7bqde5unye4usljh3fv3whzozbsdt3nqy4"", ""author"": {""did"": ""did:plc:dkqyfczjnig7me5b7ez54jdw"", ""handle"": ""goodsuniteus.bsky.social"", ""displayName"": ""GoodsUniteUs"", ""avatar"": ""https://cdn.bsky.app/img/avatar/plain/did:plc:dkqyfczjnig7me5b7ez54jdw/bafkreic4bs4qqqbpqabcc2wdrldjf4eh2jsoo7pdpjemtfdwrojlcobzse"", ""associated"": {""activitySubscription"": {""allowSubscriptions"": ""followers""}}, ""labels"": [], ""createdAt"": ""2024-11-22T00:30:07.952Z""}, ""record"": {""$type"": ""app.bsky.feed.post"", ""createdAt"": ""2024-11-30T21:43:42.242Z"", ""embed"": {""$type"": ""app.bsky.embed.images"", ""images"": [{""alt"": """", ""aspectRatio"": {""height"": 2000, ""width"": 2000}, ""image"": {""$type"": ""blob"", ""ref"": {""$link"": ""bafkreibh5sfrgcg7ehmdlegoosl3tfqfgbkiiijvo53rhchbwrd3ptlnga""}, ""mimeType"": ""image/jpeg"", ""size"": 886967}}]}, ""facets"": [{""features"": [{""$type"": ""app.bsky.richtext.facet#tag"", ""tag"": ""USPOL""}], ""index"": {""byteEnd"": 6, ""byteStart"": 0}}], ""langs"": [""en""], ""text"": ""#USPOL""}, ""embed"": {""images"": [{""thumb"": ""https://cdn.bsky.app/img/feed_thumbnail/plain/did:plc:dkqyfczjnig7me5b7ez54jdw/bafkreibh5sfrgcg7ehmdlegoosl3tfqfgbkiiijvo53rhchbwrd3ptlnga"", ""fullsize"": ""https://cdn.bsky.app/img/feed_fullsize/plain/did:plc:dkqyfczjnig7me5b7ez54jdw/bafkreibh5sfrgcg7ehmdlegoosl3tfqfgbkiiijvo53rhchbwrd3ptlnga"", ""alt"": """", ""aspectRatio"": {""height"": 2000, ""width"": 2000}}], ""$type"": ""app.bsky.embed.images#view""}, ""bookmarkCount"": 0, ""replyCount"": 0, ""repostCount"": 1, ""likeCount"": 1, ""quoteCount"": 0, ""indexedAt"": ""2024-11-30T21:43:44.550Z"", ""labels"": []}",2026-09-29T20:39:17.511087+00:00
bluesky,at://did:plc:dkqyfczjnig7me5b7ez54jdw/app.bsky.feed.post/3lc4hof6zsk2y,https://bsky.app/profile/goodsuniteus.bsky.social/post/3lc4hof6zsk2y,2024-11-29T20:54:46.280Z,goodsuniteus.bsky.social,#blackfriday,image,,,,0,,0,,1,0,,0,,"{""uri"": ""at://did:plc:dkqyfczjnig7me5b7ez54jdw/app.bsky.feed.post/3lc4hof6zsk2y"", ""cid"": ""bafyreidjvbpnpdmjvowzuaynjwvaoinveb6ra4dftxltw2zey4rycamjxy"", ""author"": {""did"": ""did:plc:dkqyfczjnig7me5b7ez54jdw"", ""handle"": ""goodsuniteus.bsky.social"", ""displayName"": ""GoodsUniteUs"", ""avatar"": ""https://cdn.bsky.app/img/avatar/plain/did:plc:dkqyfczjnig7me5b7ez54jdw/bafkreic4bs4qqqbpqabcc2wdrldjf4eh2jsoo7pdpjemtfdwrojlcobzse"", ""associated"": {""activitySubscription"": {""allowSubscriptions"": ""followers""}}, ""labels"": [], ""createdAt"": ""2024-11-22T00:30:07.952Z""}, ""record"": {""$type"": ""app.bsky.feed.post"", ""createdAt"": ""2024-11-29T20:54:46.280Z"", ""embed"": {""$type"": ""app.bsky.embed.images"", ""images"": [{""alt"": """", ""aspectRatio"": {""height"": 2000, ""width"": 2000}, ""image"": {""$type"": ""blob"", ""ref"": {""$link"": ""bafkreicltcwfyv4igkdjxw5maszzy2va23gzgeemt6pmpkpsae34r6yvoy""}, ""mimeType"": ""image/jpeg"", ""size"": 460080}}]}, ""facets"": [{""features"": [{""$type"": ""app.bsky.richtext.facet#tag"", ""tag"": ""blackfriday""}], ""index"": {""byteEnd"": 12, ""byteStart"": 0}}], ""langs"": [""en""], ""text"": ""#blackfriday""}, ""embed"": {""images"": [{""thumb"": ""https://cdn.bsky.app/img/feed_thumbnail/plain/did:plc:dkqyfczjnig7me5b7ez54jdw/bafkreicltcwfyv4igkdjxw5maszzy2va23gzgeemt6pmpkpsae34r6yvoy"", ""fullsize"": ""https://cdn.bsky.app/img/feed_fullsize/plain/did:plc:dkqyfczjnig7me5b7ez54jdw/bafkreicltcwfyv4igkdjxw5maszzy2va23gzgeemt6pmpkpsae34r6yvoy"", ""alt"": """", ""aspectRatio"": {""height"": 2000, ""width"": 2000}}], ""$type"": ""app.bsky.embed.images#view""}, ""bookmarkCount"": 0, ""replyCount"": 0, ""repostCount"": 1, ""likeCount"": 0, ""quoteCount"": 0, ""indexedAt"": ""2024-11-29T20:54:47.653Z"", ""labels"": []}",2026-09-29T20:39:17.511131+00:00
bluesky,at://did:plc:dkqyfczjnig7me5b7ez54jdw/app.bsky.feed.post/3lc4cjhmars2o,https://bsky.app/profile/goodsuniteus.bsky.social/post/3lc4cjhmars2o,2024-11-29T19:22:32.329Z,goodsuniteus.bsky.social,,image,,,,0,,1,,0,0,,0,,"{""uri"": ""at://did:plc:dkqyfczjnig7me5b7ez54jdw/app.bsky.feed.post/3lc4cjhmars2o"", ""cid"": ""bafyreia6d6my75evkrxugvep43z2se22qg2y3ompykxc5rzwnollnjni3q"", ""author"": {""did"": ""did:plc:dkqyfczjnig7me5b7ez54jdw"", ""handle"": ""goodsuniteus.bsky.social"", ""displayName"": ""GoodsUniteUs"", ""avatar"": ""https://cdn.bsky.app/img/avatar/plain/did:plc:dkqyfczjnig7me5b7ez54jdw/bafkreic4bs4qqqbpqabcc2wdrldjf4eh2jsoo7pdpjemtfdwrojlcobzse"", ""associated"": {""activitySubscription"": {""allowSubscriptions"": ""followers""}}, ""labels"": [], ""createdAt"": ""2024-11-22T00:30:07.952Z""}, ""record"": {""$type"": ""app.bsky.feed.post"", ""createdAt"": ""2024-11-29T19:22:32.329Z"", ""embed"": {""$type"": ""app.bsky.embed.images"", ""images"": [{""alt"": """", ""aspectRatio"": {""height"": 2000, ""width"": 2000}, ""image"": {""$type"": ""blob"", ""ref"": {""$link"": ""bafkreicltcwfyv4igkdjxw5maszzy2va23gzgeemt6pmpkpsae34r6yvoy""}, ""mimeType"": ""image/jpeg"", ""size"": 460080}}]}, ""langs"": [""en""], ""text"": """"}, ""embed"": {""images"": [{""thumb"": ""https://cdn.bsky.app/img/feed_thumbnail/plain/did:plc:dkqyfczjnig7me5b7ez54jdw/bafkreicltcwfyv4igkdjxw5maszzy2va23gzgeemt6pmpkpsae34r6yvoy"", ""fullsize"": ""https://cdn.bsky.app/img/feed_fullsize/plain/did:plc:dkqyfczjnig7me5b7ez54jdw/bafkreicltcwfyv4igkdjxw5maszzy2va23gzgeemt6pmpkpsae34r6yvoy"", ""alt"": """", ""aspectRatio"": {""height"": 2000, ""width"": 2000}}], ""$type"": ""app.bsky.embed.images#view""}, ""bookmarkCount"": 0, ""replyCount"": 1, ""repostCount"": 0, ""likeCount"": 0, ""quoteCount"": 0, ""indexedAt"": ""2024-11-29T19:22:34.862Z"", ""labels"": []}",2026-09-29T20:39:17.511156+00:00
bluesky,at://did:plc:dkqyfczjnig7me5b7ez54jdw/app.bsky.feed.post/3lc464grja22o,https://bsky.app/profile/goodsuniteus.bsky.social/post/3lc464grja22o,2024-11-29T18:03:40.280Z,goodsuniteus.bsky.social,www.goodsuniteus.com/2024/11/29/h...,external_link,,,,1,,1,,1,0,,0,,"{""uri"": ""at://did:plc:dkqyfczjnig7me5b7ez54jdw/app.bsky.feed.post/3lc464grja22o"", ""cid"": ""bafyreiehwk5bxspj7b7vkgxzwuq2asqcjnna22xlco3diwmzqk3llayq6e"", ""author"": {""did"": ""did:plc:dkqyfczjnig7me5b7ez54jdw"", ""handle"": ""goodsuniteus.bsky.social"", ""displayName"": ""GoodsUniteUs"", ""avatar"": ""https://cdn.bsky.app/img/avatar/plain/did:plc:dkqyfczjnig7me5b7ez54jdw/bafkreic4bs4qqqbpqabcc2wdrldjf4eh2jsoo7pdpjemtfdwrojlcobzse"", ""associated"": {""activitySubscription"": {""allowSubscriptions"": ""followers""}}, ""labels"": [], ""createdAt"": ""2024-11-22T00:30:07.952Z""}, ""record"": {""$type"": ""app.bsky.feed.post"", ""createdAt"": ""2024-11-29T18:03:40.280Z"", ""embed"": {""$type"": ""app.bsky.embed.external"", ""external"": {""description"": ""On December 5, 2024, we'll find out.That's when the FEC is scheduled to release the final campaign contribution numbers for the 2024 election."", ""thumb"": {""$type"": ""blob"", ""ref"": {""$link"": ""bafkreiffsxtim2bw6n5e3suxagdiejjhtdkh2aqkovjx23uhiccmjkv3xy""}, ""mimeType"": ""image/jpeg"", ""size"": 334094}, ""title"": ""How Much Does It Cost To Buy America? - Goods Unite Us"", ""uri"": ""https://www.goodsuniteus.com/2024/11/29/how-much-does-it-cost-to-buy-america/""}}, ""facets"": [{""features"": [{""$type"": ""app.bsky.richtext.facet#link"", ""uri"": ""https://www.goodsuniteus.com/2024/11/29/how-much-does-it-cost-to-buy-america/""}], ""index"": {""byteEnd"": 36, ""byteStart"": 0}}], ""langs"": [""en""], ""text"": ""www.goodsuniteus.com/2024/11/29/h...""}, ""embed"": {""external"": {""uri"": ""https://www.goodsuniteus.com/2024/11/29/how-much-does-it-cost-to-buy-america/"", ""title"": ""How Much Does It Cost To Buy America? - Goods Unite Us"", ""description"": ""On December 5, 2024, we'll find out.That's when the FEC is scheduled to release the final campaign contribution numbers for the 2024 election."", ""thumb"": ""https://cdn.bsky.app/img/feed_thumbnail/plain/did:plc:dkqyfczjnig7me5b7ez54jdw/bafkreiffsxtim2bw6n5e3suxagdiejjhtdkh2aqkovjx23uhiccmjkv3xy""}, ""$type"": ""app.bsky.embed.external#view""}, ""bookmarkCount"": 0, ""replyCount"": 1, ""repostCount"": 1, ""likeCount"": 1, ""quoteCount"": 0, ""indexedAt"": ""2024-11-29T18:03:45.256Z"", ""labels"": []}",2026-09-29T20:39:17.511188+00:00
bluesky,at://did:plc:dkqyfczjnig7me5b7ez54jdw/app.bsky.feed.post/3lbsewckmdk2l,https://bsky.app/profile/goodsuniteus.bsky.social/post/3lbsewckmdk2l,2024-11-25T20:38:53.341Z,goodsuniteus.bsky.social,"No surprises here!
#USPOL",image,,,,0,,0,,1,0,,0,,"{""uri"": ""at://did:plc:dkqyfczjnig7me5b7ez54jdw/app.bsky.feed.post/3lbsewckmdk2l"", ""cid"": ""bafyreigxkqro2uyeetpurtfqyv2tlk5vhlmasoadtoq4ncnnivw5mp7zwy"", ""author"": {""did"": ""did:plc:dkqyfczjnig7me5b7ez54jdw"", ""handle"": ""goodsuniteus.bsky.social"", ""displayName"": ""GoodsUniteUs"", ""avatar"": ""https://cdn.bsky.app/img/avatar/plain/did:plc:dkqyfczjnig7me5b7ez54jdw/bafkreic4bs4qqqbpqabcc2wdrldjf4eh2jsoo7pdpjemtfdwrojlcobzse"", ""associated"": {""activitySubscription"": {""allowSubscriptions"": ""followers""}}, ""labels"": [], ""createdAt"": ""2024-11-22T00:30:07.952Z""}, ""record"": {""$type"": ""app.bsky.feed.post"", ""createdAt"": ""2024-11-25T20:38:53.341Z"", ""embed"": {""$type"": ""app.bsky.embed.images"", ""images"": [{""alt"": """", ""aspectRatio"": {""height"": 1560, ""width"": 1242}, ""image"": {""$type"": ""blob"", ""ref"": {""$link"": ""bafkreicxmuw2jr7yhxnijdjbvm4xg226r64a4tsm5gqkzcg4aauqvhm6km""}, ""mimeType"": ""image/jpeg"", ""size"": 454330}}]}, ""facets"": [{""features"": [{""$type"": ""app.bsky.richtext.facet#tag"", ""tag"": ""USPOL""}], ""index"": {""byteEnd"": 25, ""byteStart"": 19}}], ""langs"": [""en""], ""text"": ""No surprises here!\n#USPOL""}, ""embed"": {""images"": [{""thumb"": ""https://cdn.bsky.app/img/feed_thumbnail/plain/did:plc:dkqyfczjnig7me5b7ez54jdw/bafkreicxmuw2jr7yhxnijdjbvm4xg226r64a4tsm5gqkzcg4aauqvhm6km"", ""fullsize"": ""https://cdn.bsky.app/img/feed_fullsize/plain/did:plc:dkqyfczjnig7me5b7ez54jdw/bafkreicxmuw2jr7yhxnijdjbvm4xg226r64a4tsm5gqkzcg4aauqvhm6km"", ""alt"": """", ""aspectRatio"": {""height"": 1560, ""width"": 1242}}], ""$type"": ""app.bsky.embed.images#view""}, ""bookmarkCount"": 0, ""replyCount"": 0, ""repostCount"": 1, ""likeCount"": 0, ""quoteCount"": 0, ""indexedAt"": ""2024-11-25T20:38:56.556Z"", ""labels"": []}",2026-09-29T20:39:17.511215+00:00
bluesky,at://did:plc:dkqyfczjnig7me5b7ez54jdw/app.bsky.feed.post/3lbsbjkm4ns2l,https://bsky.app/profile/goodsuniteus.bsky.social/post/3lbsbjkm4ns2l,2024-11-25T19:38:04.348Z,goodsuniteus.bsky.social,"As the Goods research team updates our site with the new FEC data, it’s no surprise that Tesla went from blue to dark red! Download the free Goods Unite Us app and see more!",image,,,,0,,2,,2,0,,0,,"{""uri"": ""at://did:plc:dkqyfczjnig7me5b7ez54jdw/app.bsky.feed.post/3lbsbjkm4ns2l"", ""cid"": ""bafyreibavity4g424syy3cbsl6n4bgx6ryei344czkl2jh4znj3xg7amai"", ""author"": {""did"": ""did:plc:dkqyfczjnig7me5b7ez54jdw"", ""handle"": ""goodsuniteus.bsky.social"", ""displayName"": ""GoodsUniteUs"", ""avatar"": ""https://cdn.bsky.app/img/avatar/plain/did:plc:dkqyfczjnig7me5b7ez54jdw/bafkreic4bs4qqqbpqabcc2wdrldjf4eh2jsoo7pdpjemtfdwrojlcobzse"", ""associated"": {""activitySubscription"": {""allowSubscriptions"": ""followers""}}, ""labels"": [], ""createdAt"": ""2024-11-22T00:30:07.952Z""}, ""record"": {""$type"": ""app.bsky.feed.post"", ""createdAt"": ""2024-11-25T19:38:04.348Z"", ""embed"": {""$type"": ""app.bsky.embed.images"", ""images"": [{""alt"": """", ""aspectRatio"": {""height"": 1552, ""width"": 1242}, ""image"": {""$type"": ""blob"", ""ref"": {""$link"": ""bafkreifmgp74xaefr6fgsuwmhnl7ji4puji64wqfdple455lrjtfv5l5la""}, ""mimeType"": ""image/jpeg"", ""size"": 482130}}]}, ""langs"": [""en""], ""text"": ""As the Goods research team updates our site with the new FEC data, it’s no surprise that Tesla went from blue to dark red! Download the free Goods Unite Us app and see more!""}, ""embed"": {""images"": [{""thumb"": ""https://cdn.bsky.app/img/feed_thumbnail/plain/did:plc:dkqyfczjnig7me5b7ez54jdw/bafkreifmgp74xaefr6fgsuwmhnl7ji4puji64wqfdple455lrjtfv5l5la"", ""fullsize"": ""https://cdn.bsky.app/img/feed_fullsize/plain/did:plc:dkqyfczjnig7me5b7ez54jdw/bafkreifmgp74xaefr6fgsuwmhnl7ji4puji64wqfdple455lrjtfv5l5la"", ""alt"": """", ""aspectRatio"": {""height"": 1552, ""width"": 1242}}], ""$type"": ""app.bsky.embed.images#view""}, ""bookmarkCount"": 0, ""replyCount"": 2, ""repostCount"": 2, ""likeCount"": 0, ""quoteCount"": 0, ""indexedAt"": ""2024-11-25T19:38:08.950Z"", ""labels"": []}",2026-09-29T20:39:17.511245+00:00
bluesky,at://did:plc:dkqyfczjnig7me5b7ez54jdw/app.bsky.feed.post/3lbiqtz32552r,https://bsky.app/profile/goodsuniteus.bsky.social/post/3lbiqtz32552r,2024-11-22T00:45:43.802Z,goodsuniteus.bsky.social,Download our app and start putting your money where your vote is.,image,,,,1,,0,,1,0,,0,,"{""uri"": ""at://did:plc:dkqyfczjnig7me5b7ez54jdw/app.bsky.feed.post/3lbiqtz32552r"", ""cid"": ""bafyreigls5zgxsuuoa2xavmjt6lxbonsjazrafqzvacegt2oun73prgram"", ""author"": {""did"": ""did:plc:dkqyfczjnig7me5b7ez54jdw"", ""handle"": ""goodsuniteus.bsky.social"", ""displayName"": ""GoodsUniteUs"", ""avatar"": ""https://cdn.bsky.app/img/avatar/plain/did:plc:dkqyfczjnig7me5b7ez54jdw/bafkreic4bs4qqqbpqabcc2wdrldjf4eh2jsoo7pdpjemtfdwrojlcobzse"", ""associated"": {""activitySubscription"": {""allowSubscriptions"": ""followers""}}, ""labels"": [], ""createdAt"": ""2024-11-22T00:30:07.952Z""}, ""record"": {""$type"": ""app.bsky.feed.post"", ""createdAt"": ""2024-11-22T00:45:43.802Z"", ""embed"": {""$type"": ""app.bsky.embed.images"", ""images"": [{""alt"": """", ""aspectRatio"": {""height"": 1364, ""width"": 1124}, ""image"": {""$type"": ""blob"", ""ref"": {""$link"": ""bafkreia37ecucbvhvkiox7b7udgvgblzml4eaxxpescwcazbknloelfq4q""}, ""mimeType"": ""image/jpeg"", ""size"": 454216}}]}, ""langs"": [""en""], ""text"": ""Download our app and start putting your money where your vote is.""}, ""embed"": {""images"": [{""thumb"": ""https://cdn.bsky.app/img/feed_thumbnail/plain/did:plc:dkqyfczjnig7me5b7ez54jdw/bafkreia37ecucbvhvkiox7b7udgvgblzml4eaxxpescwcazbknloelfq4q"", ""fullsize"": ""https://cdn.bsky.app/img/feed_fullsize/plain/did:plc:dkqyfczjnig7me5b7ez54jdw/bafkreia37ecucbvhvkiox7b7udgvgblzml4eaxxpescwcazbknloelfq4q"", ""alt"": """", ""aspectRatio"": {""height"": 1364, ""width"": 1124}}], ""$type"": ""app.bsky.embed.images#view""}, ""bookmarkCount"": 0, ""replyCount"": 0, ""repostCount"": 1, ""likeCount"": 1, ""quoteCount"": 0, ""indexedAt"": ""2024-11-22T00:45:45.169Z"", ""labels"": []}",2026-09-29T20:39:17.511271+00:00
