order_id,order_date,customer_id,product_id,origin_location_id,destination_location_id,service_level,quantity,revenue,product_cost
ORD000001,2025-02-11,CUS0096,SKU0023,LOC003,LOC013,expedited,10,2904.3,1571.4
ORD000002,2025-01-31,CUS0119,SKU0015,LOC008,LOC020,standard,5,1676.35,1294.8
ORD000003,2025-02-14,CUS0177,SKU0028,LOC007,LOC029,same_day,10,5379.1,3173.6
ORD000004,2025-03-31,CUS0003,SKU0018,LOC005,LOC018,standard,13,1599.0,1330.81
ORD000005,2025-01-25,CUS0232,SKU0007,LOC003,LOC013,expedited,5,656.25,360.3
ORD000006,2025-02-23,CUS0225,SKU0035,LOC003,LOC019,standard,5,715.3,533.25
ORD000007,2025-02-07,CUS0120,SKU0008,LOC006,LOC013,expedited,11,2570.92,1809.83
ORD000008,2025-03-10,CUS0150,SKU0017,LOC004,LOC026,standard,12,1651.2,1181.76
ORD000009,2025-03-13,CUS0163,SKU0005,LOC001,LOC020,standard,8,2142.56,1446.72
ORD000010,2025-01-31,CUS0117,SKU0025,LOC003,LOC024,expedited,5,2445.45,1671.7
ORD000011,2025-03-20,CUS0177,SKU0003,LOC006,LOC028,standard,9,235.89,189.81
ORD000012,2025-02-05,CUS0024,SKU0030,LOC001,LOC012,standard,4,2761.76,1633.68
ORD000013,2025-01-17,CUS0213,SKU0005,LOC010,LOC011,expedited,7,1874.74,1265.88
ORD000014,2025-01-19,CUS0205,SKU0017,LOC001,LOC022,same_day,18,2476.8,1772.64
ORD000015,2025-01-03,CUS0190,SKU0009,LOC010,LOC014,standard,2,1136.66,681.08
ORD000016,2025-03-20,CUS0118,SKU0020,LOC007,LOC024,standard,17,2461.26,1625.2
ORD000017,2025-02-26,CUS0156,SKU0021,LOC007,LOC030,standard,3,255.45,200.58
ORD000018,2025-03-19,CUS0185,SKU0036,LOC006,LOC025,standard,4,260.72,173.16
ORD000019,2025-01-13,CUS0096,SKU0017,LOC002,LOC022,standard,11,1513.6,1083.28
ORD000020,2025-03-17,CUS0172,SKU0022,LOC007,LOC012,same_day,18,3288.78,2092.5
ORD000021,2025-02-15,CUS0040,SKU0014,LOC005,LOC029,standard,17,3602.81,2728.67
ORD000022,2025-03-13,CUS0156,SKU0002,LOC005,LOC021,same_day,18,9177.48,5162.4
ORD000023,2025-01-19,CUS0037,SKU0005,LOC006,LOC016,standard,13,3481.66,2350.92
ORD000024,2025-02-11,CUS0040,SKU0004,LOC008,LOC032,expedited,3,74.58,56.79
ORD000025,2025-02-26,CUS0030,SKU0033,LOC001,LOC018,standard,7,4277.28,2704.94
ORD000026,2025-01-08,CUS0197,SKU0014,LOC008,LOC024,standard,10,2119.3,1605.1
ORD000027,2025-03-10,CUS0214,SKU0036,LOC002,LOC021,expedited,17,1108.06,735.93
ORD000028,2025-03-23,CUS0006,SKU0026,LOC006,LOC013,standard,4,1514.56,1014.04
ORD000029,2025-02-01,CUS0021,SKU0034,LOC009,LOC031,standard,13,8985.73,5080.27
ORD000030,2025-01-25,CUS0187,SKU0023,LOC004,LOC016,same_day,12,3485.16,1885.68
ORD000031,2025-03-25,CUS0194,SKU0030,LOC006,LOC031,standard,16,11047.04,6534.72
ORD000032,2025-01-09,CUS0152,SKU0018,LOC008,LOC012,standard,10,1230.0,1023.7
ORD000033,2025-02-06,CUS0153,SKU0040,LOC004,LOC021,standard,3,842.94,517.14
ORD000034,2025-01-08,CUS0130,SKU0006,LOC008,LOC027,standard,11,4539.04,3526.93
ORD000035,2025-02-06,CUS0014,SKU0039,LOC005,LOC032,standard,11,7246.25,4297.81
ORD000036,2025-03-16,CUS0248,SKU0020,LOC002,LOC020,expedited,12,1737.36,1147.2
ORD000037,2025-02-12,CUS0166,SKU0006,LOC006,LOC026,expedited,17,7014.88,5450.71
ORD000038,2025-01-18,CUS0130,SKU0007,LOC010,LOC015,standard,10,1312.5,720.6
ORD000039,2025-01-24,CUS0012,SKU0029,LOC008,LOC018,expedited,6,1666.14,1122.72
ORD000040,2025-03-02,CUS0174,SKU0024,LOC007,LOC027,same_day,7,385.49,318.15
ORD000041,2025-01-26,CUS0014,SKU0017,LOC002,LOC020,expedited,5,688.0,492.4
ORD000042,2025-02-04,CUS0213,SKU0010,LOC008,LOC022,standard,17,946.9,687.99
ORD000043,2025-02-20,CUS0021,SKU0025,LOC003,LOC015,standard,8,3912.72,2674.72
ORD000044,2025-03-02,CUS0115,SKU0031,LOC004,LOC015,expedited,5,2529.8,1833.25
ORD000045,2025-02-06,CUS0062,SKU0004,LOC010,LOC028,standard,4,99.44,75.72
ORD000046,2025-03-15,CUS0110,SKU0019,LOC003,LOC032,standard,5,316.0,176.35
ORD000047,2025-02-16,CUS0130,SKU0035,LOC006,LOC019,standard,17,2432.02,1813.05
ORD000048,2025-01-09,CUS0189,SKU0038,LOC003,LOC032,standard,4,466.4,304.12
ORD000049,2025-03-03,CUS0184,SKU0005,LOC005,LOC027,expedited,5,1339.1,904.2
ORD000050,2025-03-11,CUS0074,SKU0013,LOC002,LOC022,standard,2,488.5,329.22
ORD000051,2025-02-26,CUS0250,SKU0022,LOC007,LOC013,expedited,13,2375.23,1511.25
ORD000052,2025-01-24,CUS0021,SKU0007,LOC007,LOC016,standard,11,1443.75,792.66
ORD000053,2025-01-06,CUS0112,SKU0040,LOC006,LOC027,expedited,12,3371.76,2068.56
ORD000054,2025-01-19,CUS0033,SKU0003,LOC007,LOC029,expedited,15,393.15,316.35
ORD000055,2025-03-28,CUS0114,SKU0024,LOC002,LOC011,standard,12,660.84,545.4
ORD000056,2025-02-19,CUS0199,SKU0017,LOC008,LOC017,same_day,4,550.4,393.92
ORD000057,2025-01-10,CUS0208,SKU0006,LOC005,LOC020,standard,15,6189.6,4809.45
ORD000058,2025-03-31,CUS0058,SKU0033,LOC008,LOC011,expedited,12,7332.48,4637.04
ORD000059,2025-02-17,CUS0157,SKU0009,LOC010,LOC013,standard,18,10229.94,6129.72
ORD000060,2025-03-24,CUS0089,SKU0034,LOC003,LOC024,standard,15,10368.15,5861.85
ORD000061,2025-03-08,CUS0083,SKU0011,LOC005,LOC017,standard,6,2437.14,1475.22
ORD000062,2025-02-08,CUS0165,SKU0033,LOC010,LOC030,standard,3,1833.12,1159.26
ORD000063,2025-03-14,CUS0012,SKU0006,LOC001,LOC026,standard,1,412.64,320.63
ORD000064,2025-02-08,CUS0117,SKU0020,LOC008,LOC017,standard,13,1882.14,1242.8
ORD000065,2025-02-10,CUS0250,SKU0023,LOC002,LOC019,expedited,11,3194.73,1728.54
ORD000066,2025-01-13,CUS0108,SKU0040,LOC006,LOC017,standard,13,3652.74,2240.94
ORD000067,2025-03-07,CUS0006,SKU0032,LOC001,LOC020,standard,10,1286.8,899.5
ORD000068,2025-03-25,CUS0003,SKU0035,LOC006,LOC023,expedited,10,1430.6,1066.5
ORD000069,2025-01-07,CUS0142,SKU0024,LOC010,LOC014,standard,7,385.49,318.15
ORD000070,2025-02-20,CUS0241,SKU0036,LOC009,LOC012,standard,11,716.98,476.19
ORD000071,2025-02-12,CUS0039,SKU0030,LOC010,LOC020,expedited,17,11737.48,6943.14
ORD000072,2025-03-07,CUS0209,SKU0031,LOC007,LOC029,standard,10,5059.6,3666.5
ORD000073,2025-03-30,CUS0248,SKU0017,LOC008,LOC016,expedited,16,2201.6,1575.68
ORD000074,2025-03-29,CUS0005,SKU0013,LOC004,LOC024,standard,4,977.0,658.44
ORD000075,2025-01-08,CUS0144,SKU0014,LOC009,LOC021,expedited,17,3602.81,2728.67
ORD000076,2025-03-29,CUS0124,SKU0040,LOC005,LOC020,expedited,9,2528.82,1551.42
ORD000077,2025-03-04,CUS0240,SKU0036,LOC006,LOC015,standard,12,782.16,519.48
ORD000078,2025-01-11,CUS0192,SKU0017,LOC009,LOC019,standard,15,2064.0,1477.2
ORD000079,2025-03-17,CUS0058,SKU0034,LOC003,LOC011,standard,2,1382.42,781.58
ORD000080,2025-03-02,CUS0083,SKU0019,LOC010,LOC018,standard,7,442.4,246.89
ORD000081,2025-01-23,CUS0215,SKU0003,LOC010,LOC030,standard,6,157.26,126.54
ORD000082,2025-02-12,CUS0127,SKU0034,LOC002,LOC021,standard,18,12441.78,7034.22
ORD000083,2025-03-24,CUS0189,SKU0001,LOC007,LOC024,standard,6,149.82,109.8
ORD000084,2025-03-27,CUS0083,SKU0031,LOC005,LOC021,standard,5,2529.8,1833.25
ORD000085,2025-03-15,CUS0016,SKU0016,LOC005,LOC014,standard,12,3240.72,2381.4
ORD000086,2025-01-29,CUS0040,SKU0031,LOC008,LOC028,standard,5,2529.8,1833.25
ORD000087,2025-03-29,CUS0115,SKU0034,LOC009,LOC017,expedited,3,2073.63,1172.37
ORD000088,2025-03-08,CUS0126,SKU0038,LOC003,LOC027,standard,7,816.2,532.21
ORD000089,2025-01-08,CUS0102,SKU0002,LOC002,LOC028,standard,10,5098.6,2868.0
ORD000090,2025-01-09,CUS0074,SKU0003,LOC007,LOC022,same_day,16,419.36,337.44
ORD000091,2025-02-18,CUS0168,SKU0009,LOC004,LOC011,standard,18,10229.94,6129.72
ORD000092,2025-03-01,CUS0137,SKU0028,LOC005,LOC017,expedited,18,9682.38,5712.48
ORD000093,2025-03-26,CUS0053,SKU0016,LOC004,LOC012,standard,1,270.06,198.45
ORD000094,2025-03-11,CUS0129,SKU0009,LOC006,LOC029,standard,2,1136.66,681.08
ORD000095,2025-01-19,CUS0106,SKU0015,LOC007,LOC028,same_day,17,5699.59,4402.32
ORD000096,2025-02-14,CUS0082,SKU0034,LOC003,LOC028,same_day,13,8985.73,5080.27
ORD000097,2025-01-29,CUS0235,SKU0030,LOC005,LOC017,standard,5,3452.2,2042.1
ORD000098,2025-02-27,CUS0186,SKU0035,LOC010,LOC012,expedited,3,429.18,319.95
ORD000099,2025-03-17,CUS0123,SKU0014,LOC002,LOC026,expedited,18,3814.74,2889.18
ORD000100,2025-01-27,CUS0083,SKU0036,LOC005,LOC019,standard,8,521.44,346.32
ORD000101,2025-03-05,CUS0235,SKU0021,LOC001,LOC019,standard,16,1362.4,1069.76
ORD000102,2025-01-26,CUS0214,SKU0037,LOC006,LOC019,standard,13,5324.54,4205.76
ORD000103,2025-03-24,CUS0188,SKU0011,LOC001,LOC027,expedited,15,6092.85,3688.05
ORD000104,2025-01-10,CUS0106,SKU0001,LOC001,LOC017,same_day,2,49.94,36.6
ORD000105,2025-03-21,CUS0005,SKU0032,LOC005,LOC011,expedited,16,2058.88,1439.2
ORD000106,2025-01-23,CUS0039,SKU0034,LOC006,LOC019,standard,4,2764.84,1563.16
ORD000107,2025-02-21,CUS0077,SKU0015,LOC009,LOC026,standard,8,2682.16,2071.68
ORD000108,2025-03-31,CUS0166,SKU0028,LOC009,LOC012,standard,16,8606.56,5077.76
ORD000109,2025-03-30,CUS0012,SKU0018,LOC006,LOC011,expedited,16,1968.0,1637.92
ORD000110,2025-02-20,CUS0145,SKU0011,LOC009,LOC021,same_day,10,4061.9,2458.7
ORD000111,2025-01-18,CUS0191,SKU0033,LOC010,LOC023,expedited,3,1833.12,1159.26
ORD000112,2025-02-04,CUS0059,SKU0032,LOC010,LOC032,expedited,15,1930.2,1349.25
ORD000113,2025-03-21,CUS0022,SKU0005,LOC006,LOC014,standard,8,2142.56,1446.72
ORD000114,2025-02-09,CUS0034,SKU0007,LOC009,LOC024,standard,9,1181.25,648.54
ORD000115,2025-02-15,CUS0004,SKU0025,LOC010,LOC027,standard,11,5379.99,3677.74
ORD000116,2025-01-22,CUS0127,SKU0018,LOC005,LOC026,standard,10,1230.0,1023.7
ORD000117,2025-02-01,CUS0158,SKU0039,LOC010,LOC023,expedited,16,10540.0,6251.36
ORD000118,2025-02-25,CUS0083,SKU0020,LOC007,LOC021,expedited,5,723.9,478.0
ORD000119,2025-03-23,CUS0097,SKU0021,LOC009,LOC016,standard,8,681.2,534.88
ORD000120,2025-03-01,CUS0205,SKU0029,LOC007,LOC032,same_day,7,1943.83,1309.84
ORD000121,2025-02-08,CUS0203,SKU0028,LOC007,LOC028,standard,5,2689.55,1586.8
ORD000122,2025-02-16,CUS0164,SKU0039,LOC006,LOC016,expedited,18,11857.5,7032.78
ORD000123,2025-03-24,CUS0248,SKU0022,LOC010,LOC029,expedited,13,2375.23,1511.25
ORD000124,2025-02-20,CUS0089,SKU0010,LOC002,LOC014,standard,17,946.9,687.99
ORD000125,2025-02-13,CUS0124,SKU0034,LOC002,LOC011,standard,7,4838.47,2735.53
ORD000126,2025-03-28,CUS0045,SKU0034,LOC008,LOC018,expedited,8,5529.68,3126.32
ORD000127,2025-01-24,CUS0008,SKU0026,LOC004,LOC017,expedited,14,5300.96,3549.14
ORD000128,2025-01-09,CUS0094,SKU0012,LOC008,LOC027,standard,18,10814.22,5877.0
ORD000129,2025-03-20,CUS0091,SKU0023,LOC003,LOC021,standard,4,1161.72,628.56
ORD000130,2025-01-15,CUS0100,SKU0033,LOC003,LOC026,standard,5,3055.2,1932.1
ORD000131,2025-03-04,CUS0216,SKU0021,LOC007,LOC028,standard,6,510.9,401.16
ORD000132,2025-03-04,CUS0043,SKU0032,LOC005,LOC012,standard,15,1930.2,1349.25
ORD000133,2025-02-06,CUS0191,SKU0037,LOC006,LOC028,standard,15,6143.7,4852.8
ORD000134,2025-02-26,CUS0189,SKU0007,LOC008,LOC019,standard,14,1837.5,1008.84
ORD000135,2025-01-12,CUS0054,SKU0016,LOC003,LOC017,standard,4,1080.24,793.8
ORD000136,2025-03-14,CUS0138,SKU0039,LOC010,LOC019,standard,9,5928.75,3516.39
ORD000137,2025-02-22,CUS0180,SKU0009,LOC008,LOC015,same_day,9,5114.97,3064.86
ORD000138,2025-02-18,CUS0132,SKU0026,LOC008,LOC026,standard,3,1135.92,760.53
ORD000139,2025-01-12,CUS0218,SKU0023,LOC006,LOC020,expedited,15,4356.45,2357.1
ORD000140,2025-01-17,CUS0229,SKU0022,LOC008,LOC011,standard,16,2923.36,1860.0
ORD000141,2025-01-21,CUS0052,SKU0028,LOC005,LOC013,standard,1,537.91,317.36
ORD000142,2025-02-17,CUS0102,SKU0004,LOC007,LOC031,expedited,6,149.16,113.58
ORD000143,2025-01-01,CUS0152,SKU0009,LOC007,LOC015,standard,3,1704.99,1021.62
ORD000144,2025-02-19,CUS0081,SKU0007,LOC003,LOC031,standard,4,525.0,288.24
ORD000145,2025-03-14,CUS0090,SKU0029,LOC004,LOC013,standard,6,1666.14,1122.72
ORD000146,2025-01-16,CUS0247,SKU0023,LOC002,LOC018,standard,13,3775.59,2042.82
ORD000147,2025-03-30,CUS0133,SKU0014,LOC004,LOC026,standard,10,2119.3,1605.1
ORD000148,2025-03-05,CUS0228,SKU0034,LOC010,LOC024,expedited,3,2073.63,1172.37
ORD000149,2025-01-23,CUS0151,SKU0002,LOC005,LOC031,expedited,3,1529.58,860.4
ORD000150,2025-02-21,CUS0158,SKU0035,LOC004,LOC015,standard,18,2575.08,1919.7
ORD000151,2025-03-23,CUS0179,SKU0020,LOC002,LOC025,expedited,3,434.34,286.8
ORD000152,2025-03-26,CUS0182,SKU0001,LOC009,LOC027,expedited,4,99.88,73.2
ORD000153,2025-01-17,CUS0198,SKU0008,LOC010,LOC031,expedited,9,2103.48,1480.77
ORD000154,2025-03-07,CUS0043,SKU0037,LOC010,LOC032,standard,16,6553.28,5176.32
ORD000155,2025-03-07,CUS0012,SKU0016,LOC009,LOC031,standard,1,270.06,198.45
ORD000156,2025-02-01,CUS0212,SKU0018,LOC001,LOC016,standard,11,1353.0,1126.07
ORD000157,2025-01-06,CUS0222,SKU0030,LOC004,LOC020,same_day,3,2071.32,1225.26
ORD000158,2025-02-01,CUS0188,SKU0013,LOC001,LOC018,standard,16,3908.0,2633.76
ORD000159,2025-03-30,CUS0195,SKU0001,LOC004,LOC024,expedited,11,274.67,201.3
ORD000160,2025-01-19,CUS0236,SKU0003,LOC008,LOC013,expedited,3,78.63,63.27
ORD000161,2025-03-23,CUS0146,SKU0038,LOC007,LOC021,expedited,3,349.8,228.09
ORD000162,2025-01-30,CUS0200,SKU0009,LOC008,LOC021,standard,7,3978.31,2383.78
ORD000163,2025-02-15,CUS0079,SKU0029,LOC010,LOC012,same_day,7,1943.83,1309.84
ORD000164,2025-02-11,CUS0102,SKU0023,LOC003,LOC011,standard,8,2323.44,1257.12
ORD000165,2025-03-13,CUS0119,SKU0007,LOC004,LOC015,expedited,8,1050.0,576.48
ORD000166,2025-02-17,CUS0151,SKU0038,LOC008,LOC015,expedited,3,349.8,228.09
ORD000167,2025-02-12,CUS0044,SKU0004,LOC003,LOC022,standard,15,372.9,283.95
ORD000168,2025-02-05,CUS0158,SKU0003,LOC007,LOC028,standard,5,131.05,105.45
ORD000169,2025-02-05,CUS0165,SKU0013,LOC006,LOC026,standard,14,3419.5,2304.54
ORD000170,2025-03-14,CUS0047,SKU0018,LOC005,LOC012,standard,13,1599.0,1330.81
ORD000171,2025-03-16,CUS0064,SKU0007,LOC010,LOC023,same_day,6,787.5,432.36
ORD000172,2025-01-23,CUS0234,SKU0023,LOC010,LOC029,standard,11,3194.73,1728.54
ORD000173,2025-01-25,CUS0080,SKU0035,LOC008,LOC011,expedited,16,2288.96,1706.4
ORD000174,2025-01-26,CUS0236,SKU0012,LOC003,LOC014,expedited,11,6608.69,3591.5
ORD000175,2025-02-17,CUS0026,SKU0038,LOC008,LOC031,expedited,13,1515.8,988.39
ORD000176,2025-03-13,CUS0171,SKU0015,LOC005,LOC015,expedited,12,4023.24,3107.52
ORD000177,2025-03-31,CUS0009,SKU0037,LOC008,LOC015,same_day,13,5324.54,4205.76
ORD000178,2025-01-31,CUS0163,SKU0011,LOC001,LOC019,standard,11,4468.09,2704.57
ORD000179,2025-01-09,CUS0013,SKU0001,LOC007,LOC022,standard,4,99.88,73.2
ORD000180,2025-03-03,CUS0116,SKU0011,LOC002,LOC013,expedited,8,3249.52,1966.96
ORD000181,2025-02-18,CUS0242,SKU0036,LOC003,LOC030,standard,3,195.54,129.87
ORD000182,2025-01-13,CUS0179,SKU0027,LOC004,LOC014,standard,7,3014.9,2538.48
ORD000183,2025-03-12,CUS0093,SKU0004,LOC001,LOC017,expedited,5,124.3,94.65
ORD000184,2025-01-11,CUS0201,SKU0020,LOC002,LOC031,standard,4,579.12,382.4
ORD000185,2025-02-18,CUS0068,SKU0003,LOC002,LOC013,standard,15,393.15,316.35
ORD000186,2025-02-22,CUS0016,SKU0036,LOC008,LOC029,same_day,8,521.44,346.32
ORD000187,2025-01-11,CUS0147,SKU0033,LOC008,LOC016,standard,2,1222.08,772.84
ORD000188,2025-01-25,CUS0175,SKU0006,LOC010,LOC019,standard,14,5776.96,4488.82
ORD000189,2025-01-09,CUS0142,SKU0026,LOC009,LOC024,standard,18,6815.52,4563.18
ORD000190,2025-01-19,CUS0145,SKU0007,LOC007,LOC019,standard,4,525.0,288.24
ORD000191,2025-03-15,CUS0071,SKU0012,LOC006,LOC018,standard,2,1201.58,653.0
ORD000192,2025-02-04,CUS0210,SKU0022,LOC002,LOC018,expedited,1,182.71,116.25
ORD000193,2025-02-26,CUS0187,SKU0018,LOC008,LOC027,expedited,11,1353.0,1126.07
ORD000194,2025-03-07,CUS0182,SKU0020,LOC010,LOC011,expedited,3,434.34,286.8
ORD000195,2025-01-26,CUS0117,SKU0003,LOC007,LOC031,expedited,8,209.68,168.72
ORD000196,2025-01-31,CUS0246,SKU0012,LOC005,LOC013,standard,15,9011.85,4897.5
ORD000197,2025-01-07,CUS0166,SKU0015,LOC001,LOC026,standard,7,2346.89,1812.72
ORD000198,2025-03-18,CUS0156,SKU0017,LOC006,LOC025,expedited,8,1100.8,787.84
ORD000199,2025-02-08,CUS0027,SKU0038,LOC005,LOC020,expedited,13,1515.8,988.39
ORD000200,2025-02-13,CUS0067,SKU0018,LOC004,LOC012,same_day,11,1353.0,1126.07
ORD000201,2025-03-29,CUS0076,SKU0032,LOC004,LOC021,standard,1,128.68,89.95
ORD000202,2025-03-23,CUS0077,SKU0033,LOC003,LOC019,expedited,12,7332.48,4637.04
ORD000203,2025-02-12,CUS0058,SKU0023,LOC008,LOC014,expedited,8,2323.44,1257.12
ORD000204,2025-03-23,CUS0228,SKU0031,LOC009,LOC020,standard,3,1517.88,1099.95
ORD000205,2025-01-20,CUS0105,SKU0022,LOC002,LOC026,standard,7,1278.97,813.75
ORD000206,2025-01-23,CUS0116,SKU0001,LOC003,LOC026,standard,2,49.94,36.6
ORD000207,2025-02-25,CUS0248,SKU0028,LOC006,LOC027,expedited,13,6992.83,4125.68
ORD000208,2025-01-01,CUS0178,SKU0015,LOC010,LOC020,expedited,8,2682.16,2071.68
ORD000209,2025-01-06,CUS0187,SKU0030,LOC006,LOC017,standard,10,6904.4,4084.2
ORD000210,2025-02-21,CUS0055,SKU0009,LOC006,LOC031,standard,8,4546.64,2724.32
ORD000211,2025-03-23,CUS0013,SKU0040,LOC008,LOC023,standard,18,5057.64,3102.84
ORD000212,2025-03-02,CUS0078,SKU0001,LOC010,LOC015,expedited,7,174.79,128.1
ORD000213,2025-01-14,CUS0030,SKU0019,LOC006,LOC024,standard,4,252.8,141.08
ORD000214,2025-03-12,CUS0085,SKU0031,LOC002,LOC029,standard,7,3541.72,2566.55
ORD000215,2025-01-12,CUS0232,SKU0007,LOC003,LOC012,expedited,3,393.75,216.18
ORD000216,2025-03-28,CUS0218,SKU0007,LOC003,LOC021,standard,4,525.0,288.24
ORD000217,2025-03-21,CUS0209,SKU0024,LOC008,LOC024,standard,3,165.21,136.35
ORD000218,2025-03-31,CUS0107,SKU0007,LOC003,LOC030,expedited,6,787.5,432.36
ORD000219,2025-03-20,CUS0236,SKU0031,LOC001,LOC032,standard,5,2529.8,1833.25
ORD000220,2025-03-27,CUS0177,SKU0034,LOC004,LOC026,expedited,17,11750.57,6643.43
ORD000221,2025-03-24,CUS0014,SKU0040,LOC002,LOC026,standard,18,5057.64,3102.84
ORD000222,2025-02-05,CUS0165,SKU0036,LOC008,LOC029,standard,8,521.44,346.32
ORD000223,2025-03-05,CUS0191,SKU0032,LOC002,LOC030,standard,4,514.72,359.8
ORD000224,2025-03-13,CUS0094,SKU0022,LOC010,LOC030,standard,15,2740.65,1743.75
ORD000225,2025-02-16,CUS0195,SKU0007,LOC009,LOC022,expedited,4,525.0,288.24
ORD000226,2025-01-22,CUS0066,SKU0007,LOC007,LOC017,standard,14,1837.5,1008.84
ORD000227,2025-01-25,CUS0012,SKU0027,LOC009,LOC015,expedited,4,1722.8,1450.56
ORD000228,2025-01-07,CUS0124,SKU0038,LOC003,LOC014,standard,14,1632.4,1064.42
ORD000229,2025-03-19,CUS0108,SKU0025,LOC005,LOC025,expedited,17,8314.53,5683.78
ORD000230,2025-03-19,CUS0216,SKU0020,LOC009,LOC031,expedited,17,2461.26,1625.2
ORD000231,2025-03-21,CUS0182,SKU0009,LOC002,LOC022,expedited,12,6819.96,4086.48
ORD000232,2025-03-27,CUS0225,SKU0019,LOC003,LOC012,expedited,18,1137.6,634.86
ORD000233,2025-01-21,CUS0215,SKU0010,LOC002,LOC030,same_day,9,501.3,364.23
ORD000234,2025-03-13,CUS0178,SKU0019,LOC006,LOC028,standard,17,1074.4,599.59
ORD000235,2025-02-02,CUS0234,SKU0015,LOC004,LOC020,standard,15,5029.05,3884.4
ORD000236,2025-03-29,CUS0031,SKU0033,LOC003,LOC016,standard,6,3666.24,2318.52
ORD000237,2025-03-01,CUS0040,SKU0003,LOC008,LOC029,expedited,5,131.05,105.45
ORD000238,2025-02-10,CUS0018,SKU0034,LOC002,LOC022,standard,6,4147.26,2344.74
ORD000239,2025-03-26,CUS0056,SKU0019,LOC004,LOC031,standard,12,758.4,423.24
ORD000240,2025-03-29,CUS0099,SKU0008,LOC009,LOC022,expedited,13,3038.36,2138.89
ORD000241,2025-02-07,CUS0132,SKU0021,LOC004,LOC032,expedited,7,596.05,468.02
ORD000242,2025-02-24,CUS0213,SKU0035,LOC003,LOC011,expedited,7,1001.42,746.55
ORD000243,2025-01-05,CUS0204,SKU0012,LOC008,LOC031,standard,2,1201.58,653.0
ORD000244,2025-01-03,CUS0002,SKU0035,LOC001,LOC013,standard,4,572.24,426.6
ORD000245,2025-01-14,CUS0023,SKU0039,LOC003,LOC028,standard,10,6587.5,3907.1
ORD000246,2025-02-20,CUS0246,SKU0019,LOC006,LOC011,expedited,18,1137.6,634.86
ORD000247,2025-01-01,CUS0141,SKU0035,LOC009,LOC015,standard,13,1859.78,1386.45
ORD000248,2025-03-20,CUS0047,SKU0008,LOC009,LOC025,expedited,7,1636.04,1151.71
ORD000249,2025-01-09,CUS0125,SKU0038,LOC004,LOC021,standard,7,816.2,532.21
ORD000250,2025-03-20,CUS0146,SKU0037,LOC006,LOC018,expedited,5,2047.9,1617.6
ORD000251,2025-03-24,CUS0174,SKU0009,LOC009,LOC014,standard,12,6819.96,4086.48
ORD000252,2025-01-11,CUS0051,SKU0035,LOC001,LOC027,expedited,5,715.3,533.25
ORD000253,2025-03-16,CUS0142,SKU0003,LOC007,LOC018,standard,7,183.47,147.63
ORD000254,2025-03-06,CUS0129,SKU0024,LOC010,LOC032,standard,13,715.91,590.85
ORD000255,2025-01-18,CUS0243,SKU0037,LOC008,LOC018,standard,6,2457.48,1941.12
ORD000256,2025-01-30,CUS0233,SKU0034,LOC001,LOC012,standard,7,4838.47,2735.53
ORD000257,2025-03-08,CUS0149,SKU0017,LOC002,LOC027,expedited,9,1238.4,886.32
ORD000258,2025-01-29,CUS0125,SKU0023,LOC008,LOC016,standard,12,3485.16,1885.68
ORD000259,2025-03-24,CUS0041,SKU0012,LOC002,LOC026,standard,5,3003.95,1632.5
ORD000260,2025-03-17,CUS0063,SKU0002,LOC009,LOC012,standard,14,7138.04,4015.2
ORD000261,2025-02-03,CUS0154,SKU0026,LOC010,LOC026,same_day,17,6436.88,4309.67
ORD000262,2025-02-22,CUS0169,SKU0040,LOC008,LOC030,standard,6,1685.88,1034.28
ORD000263,2025-02-19,CUS0134,SKU0013,LOC010,LOC030,standard,1,244.25,164.61
ORD000264,2025-03-10,CUS0124,SKU0006,LOC001,LOC032,standard,4,1650.56,1282.52
ORD000265,2025-02-17,CUS0059,SKU0028,LOC010,LOC014,expedited,17,9144.47,5395.12
ORD000266,2025-03-03,CUS0154,SKU0019,LOC001,LOC029,expedited,3,189.6,105.81
ORD000267,2025-02-18,CUS0093,SKU0027,LOC010,LOC022,expedited,11,4737.7,3989.04
ORD000268,2025-02-20,CUS0201,SKU0036,LOC008,LOC019,expedited,14,912.52,606.06
ORD000269,2025-02-20,CUS0115,SKU0015,LOC009,LOC030,expedited,4,1341.08,1035.84
ORD000270,2025-03-23,CUS0121,SKU0010,LOC006,LOC013,standard,3,167.1,121.41
ORD000271,2025-02-21,CUS0183,SKU0019,LOC004,LOC032,standard,17,1074.4,599.59
ORD000272,2025-03-18,CUS0044,SKU0040,LOC003,LOC013,standard,8,2247.84,1379.04
ORD000273,2025-02-15,CUS0052,SKU0038,LOC009,LOC029,expedited,13,1515.8,988.39
ORD000274,2025-02-05,CUS0239,SKU0030,LOC009,LOC014,standard,7,4833.08,2858.94
ORD000275,2025-02-13,CUS0225,SKU0017,LOC004,LOC021,same_day,17,2339.2,1674.16
ORD000276,2025-03-17,CUS0067,SKU0008,LOC004,LOC021,expedited,16,3739.52,2632.48
ORD000277,2025-03-08,CUS0074,SKU0016,LOC008,LOC021,standard,9,2430.54,1786.05
ORD000278,2025-03-15,CUS0189,SKU0032,LOC004,LOC018,standard,7,900.76,629.65
ORD000279,2025-03-21,CUS0236,SKU0008,LOC001,LOC026,standard,4,934.88,658.12
ORD000280,2025-03-05,CUS0047,SKU0032,LOC003,LOC012,expedited,9,1158.12,809.55
ORD000281,2025-03-11,CUS0221,SKU0026,LOC001,LOC011,standard,12,4543.68,3042.12
ORD000282,2025-01-13,CUS0141,SKU0012,LOC006,LOC022,standard,9,5407.11,2938.5
ORD000283,2025-01-27,CUS0219,SKU0024,LOC002,LOC019,standard,12,660.84,545.4
ORD000284,2025-02-18,CUS0207,SKU0031,LOC009,LOC028,standard,5,2529.8,1833.25
ORD000285,2025-02-08,CUS0026,SKU0026,LOC008,LOC021,standard,2,757.28,507.02
ORD000286,2025-03-13,CUS0006,SKU0023,LOC010,LOC017,standard,9,2613.87,1414.26
ORD000287,2025-02-06,CUS0199,SKU0032,LOC003,LOC016,standard,17,2187.56,1529.15
ORD000288,2025-03-20,CUS0042,SKU0006,LOC005,LOC030,standard,3,1237.92,961.89
ORD000289,2025-02-26,CUS0134,SKU0038,LOC005,LOC013,expedited,12,1399.2,912.36
ORD000290,2025-01-14,CUS0014,SKU0036,LOC002,LOC019,standard,16,1042.88,692.64
ORD000291,2025-02-19,CUS0114,SKU0019,LOC006,LOC026,standard,8,505.6,282.16
ORD000292,2025-03-11,CUS0035,SKU0029,LOC010,LOC024,same_day,18,4998.42,3368.16
ORD000293,2025-03-03,CUS0079,SKU0029,LOC003,LOC022,standard,3,833.07,561.36
ORD000294,2025-01-02,CUS0077,SKU0031,LOC001,LOC028,expedited,16,8095.36,5866.4
ORD000295,2025-03-13,CUS0184,SKU0011,LOC004,LOC027,standard,8,3249.52,1966.96
ORD000296,2025-03-10,CUS0219,SKU0013,LOC008,LOC030,expedited,14,3419.5,2304.54
ORD000297,2025-03-21,CUS0039,SKU0002,LOC008,LOC011,standard,11,5608.46,3154.8
ORD000298,2025-01-02,CUS0080,SKU0027,LOC006,LOC013,standard,11,4737.7,3989.04
ORD000299,2025-02-20,CUS0050,SKU0012,LOC007,LOC025,standard,16,9612.64,5224.0
ORD000300,2025-01-05,CUS0171,SKU0034,LOC006,LOC016,standard,4,2764.84,1563.16
ORD000301,2025-03-12,CUS0164,SKU0031,LOC007,LOC021,standard,9,4553.64,3299.85
ORD000302,2025-02-05,CUS0003,SKU0016,LOC010,LOC015,standard,13,3510.78,2579.85
ORD000303,2025-02-01,CUS0087,SKU0040,LOC003,LOC026,standard,3,842.94,517.14
ORD000304,2025-03-13,CUS0188,SKU0029,LOC003,LOC019,expedited,12,3332.28,2245.44
ORD000305,2025-02-26,CUS0049,SKU0032,LOC009,LOC016,standard,18,2316.24,1619.1
ORD000306,2025-02-27,CUS0094,SKU0035,LOC003,LOC011,standard,9,1287.54,959.85
ORD000307,2025-01-31,CUS0210,SKU0035,LOC007,LOC031,standard,3,429.18,319.95
ORD000308,2025-03-08,CUS0046,SKU0009,LOC001,LOC029,expedited,2,1136.66,681.08
ORD000309,2025-03-09,CUS0094,SKU0004,LOC002,LOC025,expedited,9,223.74,170.37
ORD000310,2025-02-23,CUS0069,SKU0040,LOC002,LOC017,expedited,2,561.96,344.76
ORD000311,2025-01-30,CUS0135,SKU0013,LOC002,LOC031,standard,7,1709.75,1152.27
ORD000312,2025-03-31,CUS0203,SKU0011,LOC003,LOC028,expedited,4,1624.76,983.48
ORD000313,2025-02-10,CUS0106,SKU0024,LOC007,LOC028,standard,11,605.77,499.95
ORD000314,2025-02-27,CUS0186,SKU0001,LOC005,LOC011,standard,13,324.61,237.9
ORD000315,2025-01-28,CUS0236,SKU0018,LOC006,LOC015,expedited,1,123.0,102.37
ORD000316,2025-03-16,CUS0024,SKU0020,LOC002,LOC021,standard,9,1303.02,860.4
ORD000317,2025-03-30,CUS0165,SKU0039,LOC006,LOC022,expedited,4,2635.0,1562.84
ORD000318,2025-01-16,CUS0238,SKU0039,LOC005,LOC027,expedited,8,5270.0,3125.68
ORD000319,2025-03-14,CUS0040,SKU0015,LOC002,LOC018,standard,17,5699.59,4402.32
ORD000320,2025-02-20,CUS0122,SKU0006,LOC007,LOC027,standard,11,4539.04,3526.93
ORD000321,2025-01-17,CUS0051,SKU0036,LOC004,LOC018,expedited,16,1042.88,692.64
ORD000322,2025-02-25,CUS0172,SKU0008,LOC006,LOC030,standard,3,701.16,493.59
ORD000323,2025-01-22,CUS0038,SKU0040,LOC002,LOC014,same_day,15,4214.7,2585.7
ORD000324,2025-03-21,CUS0088,SKU0001,LOC006,LOC017,same_day,10,249.7,183.0
ORD000325,2025-03-08,CUS0160,SKU0031,LOC009,LOC012,expedited,18,9107.28,6599.7
ORD000326,2025-02-06,CUS0120,SKU0004,LOC006,LOC014,standard,9,223.74,170.37
ORD000327,2025-03-25,CUS0182,SKU0033,LOC009,LOC025,standard,13,7943.52,5023.46
ORD000328,2025-03-09,CUS0191,SKU0026,LOC005,LOC018,standard,16,6058.24,4056.16
ORD000329,2025-03-22,CUS0242,SKU0002,LOC002,LOC023,standard,13,6628.18,3728.4
ORD000330,2025-03-15,CUS0085,SKU0039,LOC010,LOC028,standard,10,6587.5,3907.1
ORD000331,2025-02-09,CUS0111,SKU0009,LOC002,LOC016,expedited,17,9661.61,5789.18
ORD000332,2025-01-19,CUS0247,SKU0027,LOC005,LOC015,expedited,11,4737.7,3989.04
ORD000333,2025-01-24,CUS0146,SKU0039,LOC008,LOC015,standard,9,5928.75,3516.39
ORD000334,2025-02-17,CUS0122,SKU0032,LOC001,LOC019,standard,13,1672.84,1169.35
ORD000335,2025-03-27,CUS0046,SKU0005,LOC007,LOC023,same_day,7,1874.74,1265.88
ORD000336,2025-02-18,CUS0241,SKU0040,LOC001,LOC027,expedited,13,3652.74,2240.94
ORD000337,2025-01-06,CUS0138,SKU0034,LOC001,LOC017,expedited,8,5529.68,3126.32
ORD000338,2025-02-08,CUS0043,SKU0030,LOC009,LOC015,expedited,10,6904.4,4084.2
ORD000339,2025-02-27,CUS0047,SKU0008,LOC001,LOC016,standard,17,3973.24,2797.01
ORD000340,2025-01-26,CUS0083,SKU0017,LOC002,LOC025,expedited,3,412.8,295.44
ORD000341,2025-02-19,CUS0244,SKU0040,LOC003,LOC016,expedited,17,4776.66,2930.46
ORD000342,2025-01-07,CUS0074,SKU0029,LOC004,LOC011,standard,10,2776.9,1871.2
ORD000343,2025-03-05,CUS0156,SKU0001,LOC010,LOC030,expedited,18,449.46,329.4
ORD000344,2025-03-12,CUS0013,SKU0014,LOC003,LOC012,standard,18,3814.74,2889.18
ORD000345,2025-01-12,CUS0042,SKU0012,LOC008,LOC029,standard,14,8411.06,4571.0
ORD000346,2025-01-12,CUS0230,SKU0024,LOC002,LOC020,expedited,11,605.77,499.95
ORD000347,2025-03-30,CUS0106,SKU0034,LOC009,LOC013,expedited,11,7603.31,4298.69
ORD000348,2025-03-19,CUS0156,SKU0028,LOC006,LOC015,same_day,10,5379.1,3173.6
ORD000349,2025-03-22,CUS0060,SKU0040,LOC002,LOC017,standard,6,1685.88,1034.28
ORD000350,2025-02-12,CUS0164,SKU0001,LOC005,LOC027,standard,7,174.79,128.1
ORD000351,2025-01-15,CUS0186,SKU0026,LOC008,LOC026,expedited,11,4165.04,2788.61
ORD000352,2025-03-03,CUS0230,SKU0035,LOC001,LOC027,standard,15,2145.9,1599.75
ORD000353,2025-03-28,CUS0054,SKU0002,LOC001,LOC021,standard,18,9177.48,5162.4
ORD000354,2025-01-22,CUS0153,SKU0012,LOC001,LOC019,standard,13,7810.27,4244.5
ORD000355,2025-01-31,CUS0135,SKU0014,LOC008,LOC027,standard,10,2119.3,1605.1
ORD000356,2025-03-06,CUS0188,SKU0031,LOC002,LOC027,standard,11,5565.56,4033.15
ORD000357,2025-01-05,CUS0002,SKU0008,LOC001,LOC014,standard,17,3973.24,2797.01
ORD000358,2025-02-09,CUS0052,SKU0021,LOC008,LOC032,expedited,7,596.05,468.02
ORD000359,2025-01-21,CUS0144,SKU0040,LOC005,LOC029,standard,1,280.98,172.38
ORD000360,2025-02-09,CUS0114,SKU0035,LOC001,LOC014,standard,11,1573.66,1173.15
ORD000361,2025-02-24,CUS0092,SKU0040,LOC008,LOC029,standard,15,4214.7,2585.7
ORD000362,2025-03-31,CUS0176,SKU0020,LOC003,LOC030,standard,15,2171.7,1434.0
ORD000363,2025-02-20,CUS0117,SKU0021,LOC005,LOC022,standard,11,936.65,735.46
ORD000364,2025-02-21,CUS0143,SKU0021,LOC007,LOC029,expedited,4,340.6,267.44
ORD000365,2025-02-01,CUS0017,SKU0025,LOC006,LOC028,standard,16,7825.44,5349.44
ORD000366,2025-03-27,CUS0152,SKU0008,LOC008,LOC016,standard,16,3739.52,2632.48
ORD000367,2025-01-09,CUS0127,SKU0021,LOC001,LOC015,standard,13,1106.95,869.18
ORD000368,2025-02-07,CUS0053,SKU0013,LOC005,LOC024,standard,15,3663.75,2469.15
ORD000369,2025-03-16,CUS0217,SKU0026,LOC009,LOC022,standard,17,6436.88,4309.67
ORD000370,2025-01-04,CUS0183,SKU0021,LOC003,LOC026,standard,13,1106.95,869.18
ORD000371,2025-02-19,CUS0040,SKU0027,LOC003,LOC026,expedited,12,5168.4,4351.68
ORD000372,2025-01-18,CUS0229,SKU0030,LOC008,LOC027,standard,14,9666.16,5717.88
ORD000373,2025-02-27,CUS0109,SKU0012,LOC009,LOC029,standard,8,4806.32,2612.0
ORD000374,2025-01-05,CUS0149,SKU0008,LOC005,LOC025,standard,12,2804.64,1974.36
ORD000375,2025-03-20,CUS0176,SKU0005,LOC001,LOC026,standard,16,4285.12,2893.44
ORD000376,2025-03-02,CUS0091,SKU0027,LOC010,LOC020,standard,11,4737.7,3989.04
ORD000377,2025-03-02,CUS0208,SKU0019,LOC005,LOC019,standard,2,126.4,70.54
ORD000378,2025-02-05,CUS0155,SKU0008,LOC006,LOC016,expedited,1,233.72,164.53
ORD000379,2025-01-31,CUS0088,SKU0003,LOC007,LOC023,standard,17,445.57,358.53
ORD000380,2025-03-23,CUS0165,SKU0004,LOC008,LOC020,standard,12,298.32,227.16
ORD000381,2025-03-10,CUS0068,SKU0031,LOC006,LOC027,standard,13,6577.48,4766.45
ORD000382,2025-03-10,CUS0236,SKU0040,LOC002,LOC019,expedited,14,3933.72,2413.32
ORD000383,2025-03-28,CUS0087,SKU0034,LOC002,LOC011,expedited,7,4838.47,2735.53
ORD000384,2025-01-14,CUS0186,SKU0015,LOC002,LOC012,expedited,12,4023.24,3107.52
ORD000385,2025-03-23,CUS0220,SKU0006,LOC002,LOC016,standard,4,1650.56,1282.52
ORD000386,2025-03-26,CUS0197,SKU0018,LOC005,LOC012,same_day,15,1845.0,1535.55
ORD000387,2025-01-08,CUS0113,SKU0012,LOC002,LOC015,standard,9,5407.11,2938.5
ORD000388,2025-03-24,CUS0027,SKU0017,LOC008,LOC011,standard,15,2064.0,1477.2
ORD000389,2025-03-23,CUS0069,SKU0025,LOC008,LOC026,standard,2,978.18,668.68
ORD000390,2025-01-09,CUS0245,SKU0025,LOC006,LOC021,standard,1,489.09,334.34
ORD000391,2025-03-22,CUS0137,SKU0024,LOC001,LOC023,same_day,3,165.21,136.35
ORD000392,2025-02-19,CUS0022,SKU0032,LOC004,LOC011,expedited,12,1544.16,1079.4
ORD000393,2025-01-09,CUS0137,SKU0032,LOC001,LOC023,expedited,10,1286.8,899.5
ORD000394,2025-03-25,CUS0039,SKU0035,LOC003,LOC026,expedited,15,2145.9,1599.75
ORD000395,2025-03-21,CUS0045,SKU0001,LOC010,LOC013,standard,5,124.85,91.5
ORD000396,2025-03-18,CUS0206,SKU0005,LOC007,LOC021,expedited,8,2142.56,1446.72
ORD000397,2025-03-15,CUS0196,SKU0014,LOC003,LOC022,standard,11,2331.23,1765.61
ORD000398,2025-03-16,CUS0097,SKU0040,LOC001,LOC016,standard,4,1123.92,689.52
ORD000399,2025-03-17,CUS0178,SKU0031,LOC003,LOC030,expedited,14,7083.44,5133.1
ORD000400,2025-03-05,CUS0090,SKU0020,LOC009,LOC014,standard,3,434.34,286.8
ORD000401,2025-03-11,CUS0071,SKU0014,LOC001,LOC012,standard,15,3178.95,2407.65
ORD000402,2025-02-25,CUS0027,SKU0003,LOC001,LOC026,standard,15,393.15,316.35
ORD000403,2025-01-31,CUS0051,SKU0027,LOC007,LOC017,expedited,11,4737.7,3989.04
ORD000404,2025-01-10,CUS0228,SKU0004,LOC003,LOC023,standard,16,397.76,302.88
ORD000405,2025-01-25,CUS0086,SKU0013,LOC008,LOC024,expedited,9,2198.25,1481.49
ORD000406,2025-01-29,CUS0232,SKU0040,LOC002,LOC024,expedited,6,1685.88,1034.28
ORD000407,2025-01-28,CUS0004,SKU0018,LOC010,LOC015,standard,15,1845.0,1535.55
ORD000408,2025-01-06,CUS0009,SKU0033,LOC002,LOC025,standard,16,9776.64,6182.72
ORD000409,2025-03-13,CUS0034,SKU0014,LOC003,LOC025,expedited,14,2967.02,2247.14
ORD000410,2025-03-01,CUS0203,SKU0012,LOC002,LOC023,expedited,13,7810.27,4244.5
ORD000411,2025-02-07,CUS0139,SKU0040,LOC001,LOC027,standard,9,2528.82,1551.42
ORD000412,2025-01-15,CUS0011,SKU0040,LOC002,LOC028,standard,15,4214.7,2585.7
ORD000413,2025-02-12,CUS0189,SKU0031,LOC009,LOC032,standard,4,2023.84,1466.6
ORD000414,2025-01-09,CUS0129,SKU0032,LOC009,LOC020,standard,15,1930.2,1349.25
ORD000415,2025-03-28,CUS0229,SKU0013,LOC002,LOC016,same_day,3,732.75,493.83
ORD000416,2025-01-19,CUS0244,SKU0034,LOC009,LOC015,standard,7,4838.47,2735.53
ORD000417,2025-02-26,CUS0049,SKU0019,LOC006,LOC031,expedited,1,63.2,35.27
ORD000418,2025-03-27,CUS0118,SKU0029,LOC003,LOC019,expedited,18,4998.42,3368.16
ORD000419,2025-02-06,CUS0091,SKU0010,LOC003,LOC032,expedited,2,111.4,80.94
ORD000420,2025-01-15,CUS0033,SKU0037,LOC001,LOC032,standard,11,4505.38,3558.72
ORD000421,2025-01-19,CUS0137,SKU0011,LOC006,LOC015,standard,18,7311.42,4425.66
ORD000422,2025-03-11,CUS0122,SKU0019,LOC008,LOC021,same_day,11,695.2,387.97
ORD000423,2025-01-06,CUS0079,SKU0008,LOC010,LOC031,standard,18,4206.96,2961.54
ORD000424,2025-01-29,CUS0006,SKU0013,LOC002,LOC027,expedited,9,2198.25,1481.49
ORD000425,2025-02-10,CUS0233,SKU0004,LOC005,LOC022,standard,17,422.62,321.81
ORD000426,2025-02-27,CUS0187,SKU0014,LOC007,LOC024,expedited,3,635.79,481.53
ORD000427,2025-03-18,CUS0122,SKU0020,LOC007,LOC031,standard,7,1013.46,669.2
ORD000428,2025-03-13,CUS0048,SKU0013,LOC005,LOC029,standard,5,1221.25,823.05
ORD000429,2025-03-01,CUS0068,SKU0010,LOC005,LOC024,standard,1,55.7,40.47
ORD000430,2025-03-30,CUS0196,SKU0008,LOC006,LOC029,expedited,1,233.72,164.53
ORD000431,2025-02-03,CUS0096,SKU0008,LOC006,LOC025,expedited,16,3739.52,2632.48
ORD000432,2025-01-07,CUS0013,SKU0023,LOC009,LOC017,standard,14,4066.02,2199.96
ORD000433,2025-03-18,CUS0224,SKU0021,LOC006,LOC014,expedited,18,1532.7,1203.48
ORD000434,2025-01-02,CUS0200,SKU0024,LOC002,LOC017,standard,10,550.7,454.5
ORD000435,2025-01-25,CUS0177,SKU0040,LOC002,LOC015,expedited,18,5057.64,3102.84
ORD000436,2025-02-09,CUS0228,SKU0029,LOC005,LOC011,expedited,5,1388.45,935.6
ORD000437,2025-03-30,CUS0033,SKU0020,LOC007,LOC012,standard,8,1158.24,764.8
ORD000438,2025-03-26,CUS0031,SKU0031,LOC002,LOC014,standard,2,1011.92,733.3
ORD000439,2025-01-26,CUS0024,SKU0002,LOC009,LOC030,standard,12,6118.32,3441.6
ORD000440,2025-01-09,CUS0056,SKU0034,LOC009,LOC011,standard,1,691.21,390.79
ORD000441,2025-03-06,CUS0179,SKU0024,LOC007,LOC024,expedited,16,881.12,727.2
ORD000442,2025-02-22,CUS0120,SKU0008,LOC005,LOC028,standard,11,2570.92,1809.83
ORD000443,2025-03-05,CUS0154,SKU0030,LOC007,LOC017,standard,10,6904.4,4084.2
ORD000444,2025-03-02,CUS0004,SKU0012,LOC009,LOC032,same_day,12,7209.48,3918.0
ORD000445,2025-02-20,CUS0017,SKU0011,LOC004,LOC024,standard,4,1624.76,983.48
ORD000446,2025-03-16,CUS0122,SKU0023,LOC009,LOC019,standard,13,3775.59,2042.82
ORD000447,2025-01-14,CUS0060,SKU0032,LOC001,LOC016,standard,16,2058.88,1439.2
ORD000448,2025-02-11,CUS0170,SKU0005,LOC008,LOC026,standard,4,1071.28,723.36
ORD000449,2025-03-11,CUS0226,SKU0028,LOC003,LOC028,standard,2,1075.82,634.72
ORD000450,2025-01-22,CUS0184,SKU0020,LOC008,LOC032,standard,5,723.9,478.0
ORD000451,2025-01-21,CUS0127,SKU0017,LOC001,LOC011,standard,13,1788.8,1280.24
ORD000452,2025-02-16,CUS0098,SKU0022,LOC006,LOC012,standard,1,182.71,116.25
ORD000453,2025-03-24,CUS0223,SKU0005,LOC007,LOC029,standard,3,803.46,542.52
ORD000454,2025-03-31,CUS0097,SKU0021,LOC008,LOC014,standard,1,85.15,66.86
ORD000455,2025-03-06,CUS0158,SKU0011,LOC002,LOC028,expedited,11,4468.09,2704.57
ORD000456,2025-01-07,CUS0160,SKU0015,LOC010,LOC021,standard,13,4358.51,3366.48
ORD000457,2025-03-09,CUS0204,SKU0023,LOC004,LOC024,standard,7,2033.01,1099.98
ORD000458,2025-03-07,CUS0226,SKU0012,LOC010,LOC026,standard,18,10814.22,5877.0
ORD000459,2025-03-01,CUS0219,SKU0040,LOC003,LOC018,standard,18,5057.64,3102.84
ORD000460,2025-02-08,CUS0221,SKU0021,LOC005,LOC031,expedited,14,1192.1,936.04
ORD000461,2025-03-18,CUS0039,SKU0008,LOC007,LOC024,standard,8,1869.76,1316.24
ORD000462,2025-02-04,CUS0169,SKU0018,LOC008,LOC011,standard,9,1107.0,921.33
ORD000463,2025-01-11,CUS0231,SKU0005,LOC003,LOC018,standard,10,2678.2,1808.4
ORD000464,2025-03-06,CUS0244,SKU0038,LOC010,LOC014,same_day,17,1982.2,1292.51
ORD000465,2025-03-16,CUS0056,SKU0028,LOC010,LOC012,expedited,8,4303.28,2538.88
ORD000466,2025-03-31,CUS0109,SKU0035,LOC003,LOC022,same_day,11,1573.66,1173.15
ORD000467,2025-02-09,CUS0177,SKU0004,LOC002,LOC028,standard,2,49.72,37.86
ORD000468,2025-02-19,CUS0078,SKU0017,LOC003,LOC025,standard,13,1788.8,1280.24
ORD000469,2025-03-24,CUS0222,SKU0018,LOC006,LOC024,standard,2,246.0,204.74
ORD000470,2025-03-31,CUS0108,SKU0023,LOC001,LOC012,standard,3,871.29,471.42
ORD000471,2025-03-24,CUS0161,SKU0013,LOC003,LOC030,standard,13,3175.25,2139.93
ORD000472,2025-02-10,CUS0045,SKU0017,LOC004,LOC013,standard,5,688.0,492.4
ORD000473,2025-02-20,CUS0243,SKU0002,LOC008,LOC017,expedited,8,4078.88,2294.4
ORD000474,2025-01-22,CUS0067,SKU0039,LOC010,LOC014,standard,14,9222.5,5469.94
ORD000475,2025-02-25,CUS0031,SKU0032,LOC003,LOC024,expedited,15,1930.2,1349.25
ORD000476,2025-02-06,CUS0047,SKU0027,LOC004,LOC030,expedited,7,3014.9,2538.48
ORD000477,2025-02-17,CUS0003,SKU0006,LOC007,LOC030,standard,15,6189.6,4809.45
ORD000478,2025-03-13,CUS0121,SKU0016,LOC010,LOC012,standard,11,2970.66,2182.95
ORD000479,2025-03-21,CUS0034,SKU0024,LOC008,LOC015,standard,13,715.91,590.85
ORD000480,2025-03-09,CUS0081,SKU0008,LOC005,LOC022,standard,9,2103.48,1480.77
ORD000481,2025-02-03,CUS0081,SKU0034,LOC008,LOC012,standard,9,6220.89,3517.11
ORD000482,2025-01-30,CUS0042,SKU0017,LOC008,LOC012,standard,16,2201.6,1575.68
ORD000483,2025-03-13,CUS0217,SKU0008,LOC003,LOC027,standard,16,3739.52,2632.48
ORD000484,2025-03-26,CUS0197,SKU0034,LOC008,LOC032,standard,1,691.21,390.79
ORD000485,2025-01-04,CUS0096,SKU0026,LOC008,LOC025,standard,4,1514.56,1014.04
ORD000486,2025-01-01,CUS0244,SKU0040,LOC010,LOC015,standard,2,561.96,344.76
ORD000487,2025-03-24,CUS0141,SKU0005,LOC007,LOC013,standard,2,535.64,361.68
ORD000488,2025-01-21,CUS0166,SKU0019,LOC007,LOC020,standard,13,821.6,458.51
ORD000489,2025-01-13,CUS0126,SKU0013,LOC007,LOC022,expedited,17,4152.25,2798.37
ORD000490,2025-02-24,CUS0250,SKU0022,LOC008,LOC027,standard,17,3106.07,1976.25
ORD000491,2025-02-25,CUS0039,SKU0020,LOC001,LOC028,standard,16,2316.48,1529.6
ORD000492,2025-03-07,CUS0025,SKU0027,LOC010,LOC013,standard,14,6029.8,5076.96
ORD000493,2025-03-26,CUS0012,SKU0026,LOC008,LOC030,standard,6,2271.84,1521.06
ORD000494,2025-01-24,CUS0067,SKU0039,LOC007,LOC014,standard,3,1976.25,1172.13
ORD000495,2025-03-03,CUS0186,SKU0039,LOC007,LOC020,standard,13,8563.75,5079.23
ORD000496,2025-01-02,CUS0220,SKU0013,LOC004,LOC024,standard,1,244.25,164.61
ORD000497,2025-03-01,CUS0030,SKU0002,LOC008,LOC029,standard,14,7138.04,4015.2
ORD000498,2025-03-14,CUS0086,SKU0004,LOC007,LOC026,expedited,13,323.18,246.09
ORD000499,2025-02-21,CUS0183,SKU0015,LOC007,LOC026,standard,16,5364.32,4143.36
ORD000500,2025-03-24,CUS0042,SKU0002,LOC009,LOC018,standard,14,7138.04,4015.2
ORD000501,2025-03-26,CUS0246,SKU0025,LOC003,LOC030,standard,10,4890.9,3343.4
ORD000502,2025-01-12,CUS0052,SKU0012,LOC008,LOC020,expedited,5,3003.95,1632.5
ORD000503,2025-01-07,CUS0092,SKU0017,LOC007,LOC014,same_day,12,1651.2,1181.76
ORD000504,2025-01-29,CUS0197,SKU0023,LOC009,LOC030,standard,11,3194.73,1728.54
ORD000505,2025-02-26,CUS0201,SKU0007,LOC002,LOC016,expedited,4,525.0,288.24
ORD000506,2025-02-16,CUS0196,SKU0029,LOC006,LOC021,standard,10,2776.9,1871.2
ORD000507,2025-01-26,CUS0063,SKU0001,LOC007,LOC022,standard,14,349.58,256.2
ORD000508,2025-03-09,CUS0206,SKU0009,LOC009,LOC032,standard,8,4546.64,2724.32
ORD000509,2025-02-26,CUS0242,SKU0034,LOC001,LOC032,standard,1,691.21,390.79
ORD000510,2025-01-08,CUS0108,SKU0019,LOC006,LOC022,same_day,17,1074.4,599.59
ORD000511,2025-03-09,CUS0115,SKU0026,LOC007,LOC017,standard,5,1893.2,1267.55
ORD000512,2025-03-10,CUS0139,SKU0034,LOC009,LOC021,standard,5,3456.05,1953.95
ORD000513,2025-03-11,CUS0186,SKU0020,LOC009,LOC022,standard,8,1158.24,764.8
ORD000514,2025-03-25,CUS0147,SKU0020,LOC010,LOC029,same_day,15,2171.7,1434.0
ORD000515,2025-02-06,CUS0134,SKU0025,LOC008,LOC014,expedited,5,2445.45,1671.7
ORD000516,2025-02-22,CUS0228,SKU0028,LOC009,LOC023,standard,2,1075.82,634.72
ORD000517,2025-03-16,CUS0177,SKU0029,LOC008,LOC015,standard,14,3887.66,2619.68
ORD000518,2025-02-28,CUS0095,SKU0036,LOC006,LOC029,standard,6,391.08,259.74
ORD000519,2025-01-20,CUS0078,SKU0024,LOC005,LOC020,standard,10,550.7,454.5
ORD000520,2025-03-04,CUS0018,SKU0023,LOC008,LOC021,standard,18,5227.74,2828.52
ORD000521,2025-03-19,CUS0163,SKU0033,LOC010,LOC032,standard,5,3055.2,1932.1
ORD000522,2025-02-20,CUS0189,SKU0029,LOC010,LOC031,standard,2,555.38,374.24
ORD000523,2025-01-16,CUS0245,SKU0013,LOC009,LOC011,expedited,3,732.75,493.83
ORD000524,2025-03-10,CUS0202,SKU0018,LOC010,LOC025,standard,1,123.0,102.37
ORD000525,2025-03-19,CUS0221,SKU0032,LOC005,LOC013,standard,2,257.36,179.9
ORD000526,2025-03-11,CUS0066,SKU0012,LOC003,LOC012,standard,5,3003.95,1632.5
ORD000527,2025-01-08,CUS0037,SKU0021,LOC010,LOC029,standard,4,340.6,267.44
ORD000528,2025-03-06,CUS0016,SKU0018,LOC001,LOC024,standard,4,492.0,409.48
ORD000529,2025-01-03,CUS0196,SKU0016,LOC009,LOC017,standard,4,1080.24,793.8
ORD000530,2025-01-22,CUS0247,SKU0028,LOC010,LOC020,expedited,18,9682.38,5712.48
ORD000531,2025-03-03,CUS0090,SKU0025,LOC010,LOC013,standard,9,4401.81,3009.06
ORD000532,2025-03-31,CUS0072,SKU0036,LOC006,LOC032,standard,5,325.9,216.45
ORD000533,2025-02-27,CUS0054,SKU0022,LOC008,LOC011,standard,11,2009.81,1278.75
ORD000534,2025-02-22,CUS0138,SKU0026,LOC008,LOC032,standard,16,6058.24,4056.16
ORD000535,2025-02-18,CUS0046,SKU0025,LOC004,LOC011,expedited,12,5869.08,4012.08
ORD000536,2025-02-15,CUS0060,SKU0015,LOC010,LOC017,standard,10,3352.7,2589.6
ORD000537,2025-03-23,CUS0129,SKU0037,LOC003,LOC013,standard,9,3686.22,2911.68
ORD000538,2025-01-17,CUS0187,SKU0034,LOC009,LOC030,standard,8,5529.68,3126.32
ORD000539,2025-02-28,CUS0219,SKU0004,LOC008,LOC022,standard,14,348.04,265.02
ORD000540,2025-01-29,CUS0115,SKU0035,LOC010,LOC011,standard,14,2002.84,1493.1
ORD000541,2025-02-24,CUS0043,SKU0013,LOC001,LOC029,same_day,8,1954.0,1316.88
ORD000542,2025-02-01,CUS0214,SKU0022,LOC002,LOC030,standard,8,1461.68,930.0
ORD000543,2025-03-22,CUS0250,SKU0006,LOC008,LOC012,standard,4,1650.56,1282.52
ORD000544,2025-02-25,CUS0014,SKU0036,LOC007,LOC018,standard,2,130.36,86.58
ORD000545,2025-03-01,CUS0167,SKU0022,LOC001,LOC030,expedited,4,730.84,465.0
ORD000546,2025-01-25,CUS0066,SKU0033,LOC003,LOC018,same_day,5,3055.2,1932.1
ORD000547,2025-01-08,CUS0246,SKU0033,LOC005,LOC030,standard,14,8554.56,5409.88
ORD000548,2025-01-02,CUS0061,SKU0004,LOC004,LOC017,standard,5,124.3,94.65
ORD000549,2025-02-13,CUS0154,SKU0030,LOC003,LOC014,standard,16,11047.04,6534.72
ORD000550,2025-01-06,CUS0178,SKU0015,LOC006,LOC023,standard,1,335.27,258.96
ORD000551,2025-01-01,CUS0008,SKU0023,LOC006,LOC012,standard,3,871.29,471.42
ORD000552,2025-02-06,CUS0087,SKU0012,LOC005,LOC014,standard,9,5407.11,2938.5
ORD000553,2025-01-18,CUS0240,SKU0022,LOC010,LOC024,standard,4,730.84,465.0
ORD000554,2025-01-17,CUS0097,SKU0035,LOC004,LOC012,expedited,7,1001.42,746.55
ORD000555,2025-02-07,CUS0014,SKU0016,LOC004,LOC013,expedited,11,2970.66,2182.95
ORD000556,2025-03-20,CUS0193,SKU0025,LOC003,LOC021,standard,17,8314.53,5683.78
ORD000557,2025-03-03,CUS0069,SKU0031,LOC004,LOC025,expedited,16,8095.36,5866.4
ORD000558,2025-02-09,CUS0041,SKU0037,LOC002,LOC020,standard,13,5324.54,4205.76
ORD000559,2025-01-30,CUS0160,SKU0033,LOC005,LOC023,standard,15,9165.6,5796.3
ORD000560,2025-01-30,CUS0231,SKU0023,LOC002,LOC019,standard,3,871.29,471.42
ORD000561,2025-01-10,CUS0086,SKU0013,LOC003,LOC028,standard,18,4396.5,2962.98
ORD000562,2025-02-08,CUS0243,SKU0026,LOC009,LOC015,standard,12,4543.68,3042.12
ORD000563,2025-01-27,CUS0202,SKU0038,LOC004,LOC024,standard,17,1982.2,1292.51
ORD000564,2025-02-27,CUS0036,SKU0024,LOC008,LOC032,expedited,1,55.07,45.45
ORD000565,2025-02-23,CUS0077,SKU0035,LOC006,LOC029,standard,13,1859.78,1386.45
ORD000566,2025-01-27,CUS0099,SKU0035,LOC008,LOC031,same_day,3,429.18,319.95
ORD000567,2025-01-14,CUS0212,SKU0003,LOC005,LOC017,expedited,6,157.26,126.54
ORD000568,2025-03-09,CUS0133,SKU0024,LOC007,LOC016,standard,2,110.14,90.9
ORD000569,2025-02-23,CUS0245,SKU0025,LOC003,LOC030,standard,3,1467.27,1003.02
ORD000570,2025-03-06,CUS0052,SKU0018,LOC010,LOC018,expedited,15,1845.0,1535.55
ORD000571,2025-03-04,CUS0074,SKU0006,LOC003,LOC024,standard,2,825.28,641.26
ORD000572,2025-03-21,CUS0234,SKU0025,LOC001,LOC018,expedited,15,7336.35,5015.1
ORD000573,2025-03-22,CUS0233,SKU0014,LOC002,LOC027,standard,3,635.79,481.53
ORD000574,2025-01-22,CUS0119,SKU0003,LOC008,LOC023,standard,17,445.57,358.53
ORD000575,2025-01-25,CUS0030,SKU0017,LOC009,LOC032,standard,1,137.6,98.48
ORD000576,2025-02-26,CUS0044,SKU0011,LOC009,LOC023,standard,9,3655.71,2212.83
ORD000577,2025-01-02,CUS0092,SKU0029,LOC009,LOC031,expedited,5,1388.45,935.6
ORD000578,2025-02-09,CUS0198,SKU0004,LOC004,LOC017,standard,1,24.86,18.93
ORD000579,2025-01-04,CUS0175,SKU0013,LOC003,LOC016,same_day,11,2686.75,1810.71
ORD000580,2025-01-14,CUS0161,SKU0036,LOC007,LOC014,expedited,11,716.98,476.19
ORD000581,2025-02-15,CUS0168,SKU0026,LOC010,LOC022,standard,1,378.64,253.51
ORD000582,2025-01-28,CUS0183,SKU0007,LOC010,LOC021,standard,16,2100.0,1152.96
ORD000583,2025-03-30,CUS0218,SKU0021,LOC009,LOC031,standard,6,510.9,401.16
ORD000584,2025-01-02,CUS0061,SKU0020,LOC001,LOC015,standard,4,579.12,382.4
ORD000585,2025-01-26,CUS0061,SKU0003,LOC001,LOC027,standard,7,183.47,147.63
ORD000586,2025-02-06,CUS0088,SKU0022,LOC004,LOC032,expedited,8,1461.68,930.0
ORD000587,2025-02-18,CUS0162,SKU0029,LOC004,LOC015,standard,6,1666.14,1122.72
ORD000588,2025-03-12,CUS0130,SKU0016,LOC004,LOC018,expedited,7,1890.42,1389.15
ORD000589,2025-02-01,CUS0070,SKU0013,LOC007,LOC027,standard,15,3663.75,2469.15
ORD000590,2025-03-03,CUS0219,SKU0028,LOC003,LOC019,standard,13,6992.83,4125.68
ORD000591,2025-02-28,CUS0124,SKU0039,LOC001,LOC027,standard,18,11857.5,7032.78
ORD000592,2025-02-23,CUS0126,SKU0025,LOC001,LOC014,same_day,12,5869.08,4012.08
ORD000593,2025-01-21,CUS0198,SKU0017,LOC007,LOC024,standard,14,1926.4,1378.72
ORD000594,2025-01-05,CUS0179,SKU0002,LOC003,LOC019,same_day,12,6118.32,3441.6
ORD000595,2025-03-26,CUS0198,SKU0008,LOC002,LOC027,expedited,1,233.72,164.53
ORD000596,2025-01-22,CUS0129,SKU0020,LOC002,LOC014,expedited,9,1303.02,860.4
ORD000597,2025-02-04,CUS0002,SKU0020,LOC007,LOC031,expedited,13,1882.14,1242.8
ORD000598,2025-01-22,CUS0051,SKU0009,LOC010,LOC017,standard,6,3409.98,2043.24
ORD000599,2025-01-24,CUS0231,SKU0017,LOC005,LOC013,expedited,7,963.2,689.36
ORD000600,2025-01-09,CUS0125,SKU0031,LOC001,LOC032,standard,8,4047.68,2933.2
ORD000601,2025-03-08,CUS0134,SKU0039,LOC006,LOC021,expedited,13,8563.75,5079.23
ORD000602,2025-03-27,CUS0224,SKU0023,LOC007,LOC015,standard,2,580.86,314.28
ORD000603,2025-03-09,CUS0116,SKU0024,LOC006,LOC011,standard,8,440.56,363.6
ORD000604,2025-02-11,CUS0125,SKU0039,LOC008,LOC032,expedited,8,5270.0,3125.68
ORD000605,2025-02-07,CUS0225,SKU0034,LOC005,LOC032,standard,5,3456.05,1953.95
ORD000606,2025-02-27,CUS0062,SKU0035,LOC002,LOC014,same_day,16,2288.96,1706.4
ORD000607,2025-01-04,CUS0197,SKU0025,LOC003,LOC028,standard,11,5379.99,3677.74
ORD000608,2025-03-30,CUS0197,SKU0037,LOC007,LOC031,standard,8,3276.64,2588.16
ORD000609,2025-01-29,CUS0029,SKU0006,LOC006,LOC015,standard,10,4126.4,3206.3
ORD000610,2025-03-15,CUS0152,SKU0004,LOC006,LOC022,expedited,10,248.6,189.3
ORD000611,2025-03-19,CUS0003,SKU0026,LOC008,LOC015,standard,4,1514.56,1014.04
ORD000612,2025-03-27,CUS0082,SKU0039,LOC010,LOC026,expedited,2,1317.5,781.42
ORD000613,2025-02-18,CUS0212,SKU0010,LOC003,LOC026,standard,11,612.7,445.17
ORD000614,2025-03-26,CUS0141,SKU0002,LOC006,LOC023,same_day,6,3059.16,1720.8
ORD000615,2025-02-06,CUS0101,SKU0036,LOC005,LOC025,standard,7,456.26,303.03
ORD000616,2025-02-26,CUS0054,SKU0010,LOC010,LOC014,expedited,10,557.0,404.7
ORD000617,2025-02-24,CUS0025,SKU0004,LOC006,LOC029,expedited,6,149.16,113.58
ORD000618,2025-03-22,CUS0031,SKU0003,LOC003,LOC031,expedited,8,209.68,168.72
ORD000619,2025-03-27,CUS0071,SKU0025,LOC009,LOC018,expedited,15,7336.35,5015.1
ORD000620,2025-03-15,CUS0047,SKU0038,LOC005,LOC029,standard,4,466.4,304.12
ORD000621,2025-01-09,CUS0104,SKU0012,LOC002,LOC027,expedited,18,10814.22,5877.0
ORD000622,2025-01-27,CUS0221,SKU0012,LOC006,LOC014,same_day,4,2403.16,1306.0
ORD000623,2025-01-27,CUS0066,SKU0036,LOC007,LOC032,expedited,3,195.54,129.87
ORD000624,2025-01-06,CUS0169,SKU0019,LOC006,LOC027,same_day,17,1074.4,599.59
ORD000625,2025-03-07,CUS0061,SKU0003,LOC004,LOC029,standard,4,104.84,84.36
ORD000626,2025-03-21,CUS0067,SKU0017,LOC005,LOC032,standard,18,2476.8,1772.64
ORD000627,2025-01-19,CUS0163,SKU0018,LOC010,LOC016,standard,3,369.0,307.11
ORD000628,2025-02-10,CUS0007,SKU0025,LOC002,LOC032,same_day,14,6847.26,4680.76
ORD000629,2025-03-23,CUS0038,SKU0018,LOC002,LOC016,standard,11,1353.0,1126.07
ORD000630,2025-03-04,CUS0222,SKU0037,LOC001,LOC016,standard,12,4914.96,3882.24
ORD000631,2025-02-19,CUS0153,SKU0036,LOC003,LOC015,standard,18,1173.24,779.22
ORD000632,2025-02-04,CUS0174,SKU0016,LOC006,LOC025,standard,12,3240.72,2381.4
ORD000633,2025-02-24,CUS0163,SKU0020,LOC002,LOC018,standard,8,1158.24,764.8
ORD000634,2025-01-08,CUS0238,SKU0036,LOC009,LOC015,standard,10,651.8,432.9
ORD000635,2025-03-29,CUS0104,SKU0008,LOC006,LOC018,same_day,18,4206.96,2961.54
ORD000636,2025-01-22,CUS0045,SKU0015,LOC001,LOC024,expedited,17,5699.59,4402.32
ORD000637,2025-02-17,CUS0213,SKU0016,LOC004,LOC011,same_day,11,2970.66,2182.95
ORD000638,2025-02-09,CUS0240,SKU0003,LOC001,LOC030,same_day,17,445.57,358.53
ORD000639,2025-02-15,CUS0103,SKU0012,LOC003,LOC024,standard,12,7209.48,3918.0
ORD000640,2025-01-01,CUS0121,SKU0015,LOC003,LOC028,standard,9,3017.43,2330.64
ORD000641,2025-02-26,CUS0036,SKU0011,LOC003,LOC023,expedited,15,6092.85,3688.05
ORD000642,2025-01-05,CUS0246,SKU0031,LOC008,LOC032,standard,7,3541.72,2566.55
ORD000643,2025-02-21,CUS0029,SKU0009,LOC004,LOC012,standard,13,7388.29,4427.02
ORD000644,2025-03-18,CUS0075,SKU0031,LOC010,LOC015,expedited,14,7083.44,5133.1
ORD000645,2025-01-15,CUS0051,SKU0028,LOC010,LOC031,expedited,8,4303.28,2538.88
ORD000646,2025-01-17,CUS0238,SKU0013,LOC001,LOC023,standard,9,2198.25,1481.49
ORD000647,2025-03-31,CUS0087,SKU0015,LOC005,LOC022,expedited,8,2682.16,2071.68
ORD000648,2025-01-07,CUS0170,SKU0004,LOC010,LOC014,standard,1,24.86,18.93
ORD000649,2025-03-04,CUS0025,SKU0008,LOC006,LOC029,standard,10,2337.2,1645.3
ORD000650,2025-02-05,CUS0228,SKU0006,LOC001,LOC029,standard,13,5364.32,4168.19
ORD000651,2025-02-27,CUS0159,SKU0035,LOC003,LOC017,same_day,3,429.18,319.95
ORD000652,2025-02-02,CUS0230,SKU0023,LOC007,LOC013,expedited,18,5227.74,2828.52
ORD000653,2025-03-06,CUS0071,SKU0039,LOC004,LOC023,expedited,6,3952.5,2344.26
ORD000654,2025-03-07,CUS0193,SKU0029,LOC010,LOC019,same_day,6,1666.14,1122.72
ORD000655,2025-01-21,CUS0117,SKU0033,LOC005,LOC028,standard,1,611.04,386.42
ORD000656,2025-01-06,CUS0164,SKU0003,LOC001,LOC031,standard,10,262.1,210.9
ORD000657,2025-01-27,CUS0162,SKU0023,LOC010,LOC020,standard,1,290.43,157.14
ORD000658,2025-03-22,CUS0188,SKU0015,LOC010,LOC014,expedited,12,4023.24,3107.52
ORD000659,2025-02-02,CUS0210,SKU0014,LOC007,LOC015,expedited,18,3814.74,2889.18
ORD000660,2025-02-25,CUS0127,SKU0006,LOC004,LOC029,standard,16,6602.24,5130.08
ORD000661,2025-01-24,CUS0042,SKU0020,LOC004,LOC025,expedited,1,144.78,95.6
ORD000662,2025-03-09,CUS0026,SKU0039,LOC001,LOC015,standard,1,658.75,390.71
ORD000663,2025-02-04,CUS0246,SKU0001,LOC010,LOC025,standard,1,24.97,18.3
ORD000664,2025-03-03,CUS0178,SKU0035,LOC001,LOC014,standard,2,286.12,213.3
ORD000665,2025-02-23,CUS0059,SKU0002,LOC007,LOC032,standard,8,4078.88,2294.4
ORD000666,2025-01-15,CUS0020,SKU0023,LOC002,LOC012,standard,10,2904.3,1571.4
ORD000667,2025-03-09,CUS0039,SKU0028,LOC008,LOC032,standard,6,3227.46,1904.16
ORD000668,2025-01-10,CUS0082,SKU0010,LOC008,LOC013,expedited,5,278.5,202.35
ORD000669,2025-02-05,CUS0047,SKU0009,LOC006,LOC015,standard,11,6251.63,3745.94
ORD000670,2025-03-12,CUS0137,SKU0032,LOC007,LOC027,standard,18,2316.24,1619.1
ORD000671,2025-01-31,CUS0093,SKU0002,LOC003,LOC020,standard,7,3569.02,2007.6
ORD000672,2025-03-12,CUS0054,SKU0016,LOC003,LOC023,same_day,14,3780.84,2778.3
ORD000673,2025-02-24,CUS0019,SKU0038,LOC004,LOC013,standard,4,466.4,304.12
ORD000674,2025-02-23,CUS0191,SKU0031,LOC007,LOC021,standard,6,3035.76,2199.9
ORD000675,2025-03-30,CUS0016,SKU0010,LOC007,LOC032,standard,4,222.8,161.88
ORD000676,2025-02-03,CUS0182,SKU0020,LOC002,LOC027,same_day,17,2461.26,1625.2
ORD000677,2025-01-17,CUS0015,SKU0040,LOC008,LOC026,expedited,13,3652.74,2240.94
ORD000678,2025-02-21,CUS0206,SKU0004,LOC002,LOC022,expedited,6,149.16,113.58
ORD000679,2025-02-06,CUS0055,SKU0005,LOC001,LOC018,standard,4,1071.28,723.36
ORD000680,2025-03-14,CUS0013,SKU0003,LOC006,LOC020,standard,16,419.36,337.44
ORD000681,2025-02-10,CUS0180,SKU0009,LOC003,LOC011,expedited,12,6819.96,4086.48
ORD000682,2025-01-05,CUS0021,SKU0030,LOC004,LOC032,standard,5,3452.2,2042.1
ORD000683,2025-01-21,CUS0187,SKU0034,LOC005,LOC022,same_day,17,11750.57,6643.43
ORD000684,2025-03-29,CUS0156,SKU0040,LOC002,LOC011,standard,7,1966.86,1206.66
ORD000685,2025-02-09,CUS0025,SKU0032,LOC006,LOC013,standard,3,386.04,269.85
ORD000686,2025-02-28,CUS0196,SKU0017,LOC008,LOC012,standard,16,2201.6,1575.68
ORD000687,2025-02-21,CUS0094,SKU0029,LOC008,LOC019,standard,5,1388.45,935.6
ORD000688,2025-03-24,CUS0003,SKU0036,LOC007,LOC013,standard,8,521.44,346.32
ORD000689,2025-03-01,CUS0120,SKU0030,LOC007,LOC024,expedited,12,8285.28,4901.04
ORD000690,2025-01-09,CUS0180,SKU0014,LOC009,LOC015,standard,16,3390.88,2568.16
ORD000691,2025-01-28,CUS0199,SKU0039,LOC004,LOC011,standard,2,1317.5,781.42
ORD000692,2025-03-23,CUS0071,SKU0005,LOC007,LOC027,standard,5,1339.1,904.2
ORD000693,2025-02-03,CUS0230,SKU0006,LOC008,LOC026,standard,2,825.28,641.26
ORD000694,2025-02-25,CUS0144,SKU0001,LOC010,LOC015,standard,13,324.61,237.9
ORD000695,2025-02-10,CUS0128,SKU0010,LOC008,LOC015,standard,15,835.5,607.05
ORD000696,2025-03-16,CUS0108,SKU0013,LOC004,LOC022,standard,7,1709.75,1152.27
ORD000697,2025-03-28,CUS0209,SKU0024,LOC008,LOC031,standard,1,55.07,45.45
ORD000698,2025-02-15,CUS0134,SKU0028,LOC006,LOC016,standard,18,9682.38,5712.48
ORD000699,2025-02-18,CUS0180,SKU0019,LOC002,LOC013,standard,14,884.8,493.78
ORD000700,2025-02-22,CUS0163,SKU0007,LOC005,LOC024,standard,18,2362.5,1297.08
ORD000701,2025-02-28,CUS0220,SKU0013,LOC007,LOC011,standard,4,977.0,658.44
ORD000702,2025-03-06,CUS0215,SKU0020,LOC001,LOC011,standard,9,1303.02,860.4
ORD000703,2025-02-17,CUS0082,SKU0039,LOC004,LOC030,expedited,17,11198.75,6642.07
ORD000704,2025-03-15,CUS0104,SKU0012,LOC003,LOC027,standard,13,7810.27,4244.5
ORD000705,2025-02-20,CUS0041,SKU0036,LOC003,LOC011,expedited,9,586.62,389.61
ORD000706,2025-01-04,CUS0163,SKU0030,LOC004,LOC020,expedited,5,3452.2,2042.1
ORD000707,2025-02-01,CUS0169,SKU0017,LOC002,LOC014,expedited,13,1788.8,1280.24
ORD000708,2025-01-16,CUS0230,SKU0017,LOC004,LOC023,standard,10,1376.0,984.8
ORD000709,2025-01-03,CUS0054,SKU0005,LOC003,LOC020,standard,16,4285.12,2893.44
ORD000710,2025-03-26,CUS0250,SKU0008,LOC009,LOC011,standard,2,467.44,329.06
ORD000711,2025-02-02,CUS0008,SKU0039,LOC004,LOC011,same_day,7,4611.25,2734.97
ORD000712,2025-01-11,CUS0071,SKU0018,LOC009,LOC031,expedited,5,615.0,511.85
ORD000713,2025-03-05,CUS0065,SKU0013,LOC010,LOC020,standard,13,3175.25,2139.93
ORD000714,2025-03-04,CUS0153,SKU0028,LOC010,LOC023,standard,15,8068.65,4760.4
ORD000715,2025-02-15,CUS0043,SKU0029,LOC009,LOC022,standard,3,833.07,561.36
ORD000716,2025-01-24,CUS0092,SKU0012,LOC003,LOC021,expedited,14,8411.06,4571.0
ORD000717,2025-03-30,CUS0120,SKU0014,LOC004,LOC027,standard,11,2331.23,1765.61
ORD000718,2025-02-05,CUS0229,SKU0037,LOC006,LOC017,expedited,3,1228.74,970.56
ORD000719,2025-03-05,CUS0031,SKU0027,LOC005,LOC011,standard,9,3876.3,3263.76
ORD000720,2025-02-06,CUS0230,SKU0003,LOC002,LOC026,standard,13,340.73,274.17
ORD000721,2025-02-23,CUS0193,SKU0021,LOC005,LOC025,expedited,9,766.35,601.74
ORD000722,2025-01-16,CUS0058,SKU0002,LOC007,LOC018,expedited,4,2039.44,1147.2
ORD000723,2025-02-17,CUS0240,SKU0001,LOC002,LOC019,expedited,18,449.46,329.4
ORD000724,2025-02-18,CUS0150,SKU0009,LOC010,LOC024,standard,6,3409.98,2043.24
ORD000725,2025-03-08,CUS0250,SKU0032,LOC002,LOC022,standard,16,2058.88,1439.2
ORD000726,2025-01-27,CUS0016,SKU0032,LOC007,LOC017,expedited,3,386.04,269.85
ORD000727,2025-01-27,CUS0220,SKU0033,LOC002,LOC015,expedited,17,10387.68,6569.14
ORD000728,2025-02-19,CUS0200,SKU0013,LOC005,LOC029,same_day,17,4152.25,2798.37
ORD000729,2025-01-14,CUS0229,SKU0002,LOC009,LOC013,expedited,8,4078.88,2294.4
ORD000730,2025-01-20,CUS0086,SKU0033,LOC007,LOC024,standard,14,8554.56,5409.88
ORD000731,2025-02-21,CUS0156,SKU0034,LOC004,LOC014,standard,9,6220.89,3517.11
ORD000732,2025-03-15,CUS0026,SKU0035,LOC007,LOC023,standard,3,429.18,319.95
ORD000733,2025-03-30,CUS0202,SKU0011,LOC003,LOC027,standard,7,2843.33,1721.09
ORD000734,2025-03-30,CUS0043,SKU0005,LOC001,LOC032,standard,11,2946.02,1989.24
ORD000735,2025-01-03,CUS0044,SKU0005,LOC008,LOC018,standard,9,2410.38,1627.56
ORD000736,2025-01-03,CUS0135,SKU0015,LOC002,LOC020,standard,10,3352.7,2589.6
ORD000737,2025-02-14,CUS0065,SKU0032,LOC010,LOC026,same_day,9,1158.12,809.55
ORD000738,2025-03-08,CUS0106,SKU0010,LOC010,LOC024,expedited,1,55.7,40.47
ORD000739,2025-01-12,CUS0248,SKU0007,LOC003,LOC019,standard,13,1706.25,936.78
ORD000740,2025-02-20,CUS0049,SKU0020,LOC010,LOC014,standard,9,1303.02,860.4
ORD000741,2025-03-14,CUS0029,SKU0019,LOC005,LOC030,same_day,12,758.4,423.24
ORD000742,2025-02-06,CUS0117,SKU0001,LOC001,LOC026,standard,10,249.7,183.0
ORD000743,2025-02-15,CUS0065,SKU0004,LOC003,LOC013,expedited,1,24.86,18.93
ORD000744,2025-01-26,CUS0057,SKU0019,LOC007,LOC024,standard,3,189.6,105.81
ORD000745,2025-01-13,CUS0080,SKU0039,LOC004,LOC019,expedited,10,6587.5,3907.1
ORD000746,2025-01-26,CUS0146,SKU0020,LOC007,LOC014,standard,3,434.34,286.8
ORD000747,2025-03-30,CUS0091,SKU0030,LOC007,LOC013,standard,12,8285.28,4901.04
ORD000748,2025-02-08,CUS0033,SKU0024,LOC001,LOC023,expedited,17,936.19,772.65
ORD000749,2025-01-01,CUS0215,SKU0030,LOC005,LOC029,standard,17,11737.48,6943.14
ORD000750,2025-01-08,CUS0180,SKU0004,LOC008,LOC015,standard,17,422.62,321.81
ORD000751,2025-03-23,CUS0185,SKU0020,LOC010,LOC014,expedited,10,1447.8,956.0
ORD000752,2025-01-14,CUS0101,SKU0029,LOC003,LOC018,standard,17,4720.73,3181.04
ORD000753,2025-03-29,CUS0038,SKU0028,LOC009,LOC017,standard,4,2151.64,1269.44
ORD000754,2025-02-07,CUS0171,SKU0024,LOC008,LOC024,expedited,16,881.12,727.2
ORD000755,2025-02-06,CUS0149,SKU0001,LOC006,LOC015,standard,13,324.61,237.9
ORD000756,2025-02-28,CUS0129,SKU0023,LOC007,LOC027,standard,6,1742.58,942.84
ORD000757,2025-01-20,CUS0184,SKU0030,LOC008,LOC023,standard,11,7594.84,4492.62
ORD000758,2025-01-24,CUS0067,SKU0034,LOC010,LOC030,standard,17,11750.57,6643.43
ORD000759,2025-01-04,CUS0025,SKU0015,LOC004,LOC014,expedited,6,2011.62,1553.76
ORD000760,2025-02-19,CUS0016,SKU0005,LOC002,LOC025,expedited,14,3749.48,2531.76
ORD000761,2025-01-04,CUS0179,SKU0007,LOC008,LOC025,same_day,11,1443.75,792.66
ORD000762,2025-01-21,CUS0023,SKU0013,LOC004,LOC012,standard,17,4152.25,2798.37
ORD000763,2025-02-16,CUS0088,SKU0005,LOC004,LOC029,expedited,18,4820.76,3255.12
ORD000764,2025-02-15,CUS0206,SKU0009,LOC002,LOC029,standard,18,10229.94,6129.72
ORD000765,2025-03-08,CUS0060,SKU0032,LOC005,LOC023,standard,4,514.72,359.8
ORD000766,2025-01-21,CUS0148,SKU0035,LOC007,LOC030,same_day,3,429.18,319.95
ORD000767,2025-01-15,CUS0009,SKU0002,LOC006,LOC032,standard,9,4588.74,2581.2
ORD000768,2025-01-10,CUS0019,SKU0023,LOC009,LOC026,expedited,2,580.86,314.28
ORD000769,2025-01-06,CUS0058,SKU0033,LOC004,LOC028,standard,16,9776.64,6182.72
ORD000770,2025-01-03,CUS0197,SKU0025,LOC003,LOC014,standard,2,978.18,668.68
ORD000771,2025-03-20,CUS0050,SKU0023,LOC007,LOC028,same_day,12,3485.16,1885.68
ORD000772,2025-01-02,CUS0020,SKU0004,LOC006,LOC022,expedited,8,198.88,151.44
ORD000773,2025-01-17,CUS0169,SKU0008,LOC006,LOC018,standard,16,3739.52,2632.48
ORD000774,2025-02-16,CUS0135,SKU0016,LOC001,LOC022,expedited,10,2700.6,1984.5
ORD000775,2025-03-21,CUS0234,SKU0014,LOC006,LOC015,standard,3,635.79,481.53
ORD000776,2025-03-31,CUS0006,SKU0008,LOC005,LOC013,standard,15,3505.8,2467.95
ORD000777,2025-03-20,CUS0099,SKU0025,LOC005,LOC012,standard,1,489.09,334.34
ORD000778,2025-03-19,CUS0208,SKU0017,LOC010,LOC024,expedited,11,1513.6,1083.28
ORD000779,2025-01-08,CUS0244,SKU0025,LOC010,LOC027,expedited,18,8803.62,6018.12
ORD000780,2025-02-18,CUS0233,SKU0009,LOC002,LOC018,standard,8,4546.64,2724.32
ORD000781,2025-02-20,CUS0069,SKU0024,LOC006,LOC019,standard,9,495.63,409.05
ORD000782,2025-01-03,CUS0248,SKU0003,LOC007,LOC012,standard,15,393.15,316.35
ORD000783,2025-03-20,CUS0047,SKU0029,LOC003,LOC030,standard,3,833.07,561.36
ORD000784,2025-03-25,CUS0149,SKU0029,LOC005,LOC019,standard,17,4720.73,3181.04
ORD000785,2025-02-15,CUS0061,SKU0039,LOC006,LOC029,standard,2,1317.5,781.42
ORD000786,2025-03-29,CUS0037,SKU0019,LOC007,LOC031,standard,14,884.8,493.78
ORD000787,2025-02-07,CUS0012,SKU0024,LOC006,LOC027,expedited,6,330.42,272.7
ORD000788,2025-02-18,CUS0098,SKU0010,LOC004,LOC029,expedited,2,111.4,80.94
ORD000789,2025-01-16,CUS0156,SKU0004,LOC005,LOC018,expedited,17,422.62,321.81
ORD000790,2025-02-16,CUS0178,SKU0008,LOC006,LOC013,standard,11,2570.92,1809.83
ORD000791,2025-01-10,CUS0059,SKU0039,LOC007,LOC032,same_day,16,10540.0,6251.36
ORD000792,2025-02-06,CUS0105,SKU0006,LOC004,LOC016,standard,4,1650.56,1282.52
ORD000793,2025-01-16,CUS0191,SKU0031,LOC002,LOC015,standard,18,9107.28,6599.7
ORD000794,2025-02-15,CUS0183,SKU0016,LOC006,LOC029,standard,18,4861.08,3572.1
ORD000795,2025-01-06,CUS0234,SKU0029,LOC003,LOC016,standard,12,3332.28,2245.44
ORD000796,2025-01-01,CUS0098,SKU0030,LOC005,LOC014,standard,12,8285.28,4901.04
ORD000797,2025-02-13,CUS0149,SKU0034,LOC003,LOC012,standard,17,11750.57,6643.43
ORD000798,2025-02-05,CUS0089,SKU0007,LOC008,LOC018,standard,11,1443.75,792.66
ORD000799,2025-02-03,CUS0171,SKU0015,LOC001,LOC028,same_day,4,1341.08,1035.84
ORD000800,2025-01-04,CUS0110,SKU0037,LOC005,LOC014,standard,10,4095.8,3235.2
ORD000801,2025-02-25,CUS0072,SKU0009,LOC002,LOC021,standard,3,1704.99,1021.62
ORD000802,2025-02-05,CUS0181,SKU0005,LOC002,LOC027,standard,17,4552.94,3074.28
ORD000803,2025-03-13,CUS0063,SKU0001,LOC003,LOC026,expedited,2,49.94,36.6
ORD000804,2025-02-06,CUS0220,SKU0034,LOC009,LOC030,standard,3,2073.63,1172.37
ORD000805,2025-01-05,CUS0098,SKU0040,LOC005,LOC018,standard,9,2528.82,1551.42
ORD000806,2025-03-04,CUS0092,SKU0039,LOC005,LOC024,expedited,13,8563.75,5079.23
ORD000807,2025-03-26,CUS0245,SKU0030,LOC008,LOC026,standard,6,4142.64,2450.52
ORD000808,2025-01-04,CUS0228,SKU0014,LOC006,LOC024,standard,17,3602.81,2728.67
ORD000809,2025-02-24,CUS0125,SKU0018,LOC010,LOC016,standard,2,246.0,204.74
ORD000810,2025-01-15,CUS0155,SKU0009,LOC007,LOC013,same_day,11,6251.63,3745.94
ORD000811,2025-03-12,CUS0054,SKU0034,LOC005,LOC016,standard,2,1382.42,781.58
ORD000812,2025-01-28,CUS0010,SKU0001,LOC008,LOC012,standard,8,199.76,146.4
ORD000813,2025-01-04,CUS0070,SKU0003,LOC005,LOC013,standard,8,209.68,168.72
ORD000814,2025-02-23,CUS0236,SKU0039,LOC004,LOC030,standard,18,11857.5,7032.78
ORD000815,2025-02-24,CUS0071,SKU0020,LOC002,LOC018,standard,1,144.78,95.6
ORD000816,2025-03-03,CUS0063,SKU0033,LOC006,LOC028,standard,18,10998.72,6955.56
ORD000817,2025-03-15,CUS0115,SKU0015,LOC002,LOC014,same_day,13,4358.51,3366.48
ORD000818,2025-03-04,CUS0104,SKU0010,LOC004,LOC012,standard,3,167.1,121.41
ORD000819,2025-02-09,CUS0083,SKU0003,LOC009,LOC026,expedited,5,131.05,105.45
ORD000820,2025-03-25,CUS0132,SKU0031,LOC002,LOC023,standard,15,7589.4,5499.75
ORD000821,2025-01-21,CUS0051,SKU0011,LOC009,LOC026,standard,4,1624.76,983.48
ORD000822,2025-03-12,CUS0031,SKU0019,LOC005,LOC027,standard,1,63.2,35.27
ORD000823,2025-02-17,CUS0075,SKU0010,LOC008,LOC017,standard,6,334.2,242.82
ORD000824,2025-01-18,CUS0082,SKU0001,LOC001,LOC020,standard,16,399.52,292.8
ORD000825,2025-01-13,CUS0016,SKU0007,LOC006,LOC031,standard,11,1443.75,792.66
ORD000826,2025-02-05,CUS0187,SKU0038,LOC005,LOC028,standard,14,1632.4,1064.42
ORD000827,2025-01-20,CUS0046,SKU0018,LOC006,LOC029,standard,7,861.0,716.59
ORD000828,2025-03-20,CUS0044,SKU0014,LOC010,LOC015,expedited,16,3390.88,2568.16
ORD000829,2025-01-01,CUS0131,SKU0009,LOC009,LOC023,standard,2,1136.66,681.08
ORD000830,2025-03-02,CUS0136,SKU0021,LOC005,LOC015,standard,17,1447.55,1136.62
ORD000831,2025-03-04,CUS0143,SKU0008,LOC006,LOC024,expedited,9,2103.48,1480.77
ORD000832,2025-01-25,CUS0051,SKU0001,LOC005,LOC021,standard,6,149.82,109.8
ORD000833,2025-02-02,CUS0070,SKU0039,LOC005,LOC019,standard,1,658.75,390.71
ORD000834,2025-01-04,CUS0162,SKU0039,LOC009,LOC014,expedited,16,10540.0,6251.36
ORD000835,2025-03-20,CUS0223,SKU0012,LOC001,LOC021,expedited,5,3003.95,1632.5
ORD000836,2025-02-05,CUS0189,SKU0040,LOC006,LOC016,same_day,7,1966.86,1206.66
ORD000837,2025-03-27,CUS0050,SKU0005,LOC004,LOC027,standard,2,535.64,361.68
ORD000838,2025-01-01,CUS0031,SKU0023,LOC010,LOC025,standard,18,5227.74,2828.52
ORD000839,2025-01-12,CUS0082,SKU0012,LOC006,LOC025,standard,3,1802.37,979.5
ORD000840,2025-02-01,CUS0080,SKU0009,LOC003,LOC029,standard,7,3978.31,2383.78
ORD000841,2025-01-25,CUS0076,SKU0012,LOC009,LOC025,standard,7,4205.53,2285.5
ORD000842,2025-03-16,CUS0054,SKU0037,LOC005,LOC017,standard,18,7372.44,5823.36
ORD000843,2025-03-06,CUS0132,SKU0006,LOC003,LOC026,standard,9,3713.76,2885.67
ORD000844,2025-02-11,CUS0231,SKU0038,LOC001,LOC016,standard,13,1515.8,988.39
ORD000845,2025-02-13,CUS0234,SKU0012,LOC010,LOC025,expedited,4,2403.16,1306.0
ORD000846,2025-03-02,CUS0154,SKU0024,LOC004,LOC027,expedited,9,495.63,409.05
ORD000847,2025-02-04,CUS0008,SKU0038,LOC004,LOC029,same_day,13,1515.8,988.39
ORD000848,2025-02-12,CUS0080,SKU0006,LOC001,LOC032,expedited,2,825.28,641.26
ORD000849,2025-01-23,CUS0061,SKU0012,LOC006,LOC011,standard,3,1802.37,979.5
ORD000850,2025-01-13,CUS0234,SKU0014,LOC002,LOC023,standard,13,2755.09,2086.63
ORD000851,2025-01-18,CUS0210,SKU0019,LOC010,LOC011,standard,11,695.2,387.97
ORD000852,2025-01-23,CUS0088,SKU0024,LOC002,LOC031,expedited,12,660.84,545.4
ORD000853,2025-01-25,CUS0024,SKU0028,LOC008,LOC012,standard,10,5379.1,3173.6
ORD000854,2025-02-23,CUS0214,SKU0034,LOC002,LOC031,standard,13,8985.73,5080.27
ORD000855,2025-01-02,CUS0130,SKU0037,LOC007,LOC019,standard,5,2047.9,1617.6
ORD000856,2025-02-27,CUS0217,SKU0022,LOC007,LOC028,standard,16,2923.36,1860.0
ORD000857,2025-01-11,CUS0067,SKU0038,LOC001,LOC014,standard,11,1282.6,836.33
ORD000858,2025-01-07,CUS0109,SKU0017,LOC005,LOC016,expedited,12,1651.2,1181.76
ORD000859,2025-01-03,CUS0153,SKU0003,LOC002,LOC015,standard,10,262.1,210.9
ORD000860,2025-02-25,CUS0177,SKU0030,LOC009,LOC029,expedited,12,8285.28,4901.04
ORD000861,2025-02-11,CUS0186,SKU0039,LOC005,LOC024,standard,5,3293.75,1953.55
ORD000862,2025-02-02,CUS0248,SKU0028,LOC010,LOC027,expedited,3,1613.73,952.08
ORD000863,2025-01-07,CUS0195,SKU0014,LOC010,LOC023,standard,16,3390.88,2568.16
ORD000864,2025-02-04,CUS0201,SKU0002,LOC006,LOC014,standard,7,3569.02,2007.6
ORD000865,2025-02-11,CUS0212,SKU0039,LOC009,LOC011,standard,10,6587.5,3907.1
ORD000866,2025-02-14,CUS0219,SKU0030,LOC007,LOC019,expedited,5,3452.2,2042.1
ORD000867,2025-03-15,CUS0089,SKU0036,LOC008,LOC032,same_day,16,1042.88,692.64
ORD000868,2025-03-21,CUS0111,SKU0037,LOC008,LOC018,standard,12,4914.96,3882.24
ORD000869,2025-01-17,CUS0102,SKU0007,LOC007,LOC028,standard,4,525.0,288.24
ORD000870,2025-01-28,CUS0198,SKU0021,LOC006,LOC027,standard,9,766.35,601.74
ORD000871,2025-02-21,CUS0212,SKU0019,LOC006,LOC025,standard,15,948.0,529.05
ORD000872,2025-01-13,CUS0106,SKU0027,LOC010,LOC030,standard,14,6029.8,5076.96
ORD000873,2025-02-22,CUS0064,SKU0040,LOC010,LOC031,same_day,11,3090.78,1896.18
ORD000874,2025-01-25,CUS0095,SKU0030,LOC004,LOC021,expedited,6,4142.64,2450.52
ORD000875,2025-01-04,CUS0063,SKU0030,LOC002,LOC030,standard,15,10356.6,6126.3
ORD000876,2025-01-21,CUS0192,SKU0001,LOC007,LOC013,standard,3,74.91,54.9
ORD000877,2025-03-10,CUS0113,SKU0002,LOC001,LOC022,standard,18,9177.48,5162.4
ORD000878,2025-03-07,CUS0202,SKU0028,LOC010,LOC014,expedited,15,8068.65,4760.4
ORD000879,2025-03-26,CUS0054,SKU0031,LOC004,LOC019,standard,8,4047.68,2933.2
ORD000880,2025-02-26,CUS0146,SKU0017,LOC009,LOC020,standard,15,2064.0,1477.2
ORD000881,2025-02-17,CUS0242,SKU0020,LOC003,LOC015,standard,10,1447.8,956.0
ORD000882,2025-02-19,CUS0218,SKU0002,LOC005,LOC022,standard,8,4078.88,2294.4
ORD000883,2025-01-22,CUS0219,SKU0038,LOC008,LOC016,same_day,5,583.0,380.15
ORD000884,2025-01-02,CUS0058,SKU0022,LOC002,LOC031,expedited,3,548.13,348.75
ORD000885,2025-02-28,CUS0230,SKU0034,LOC006,LOC027,standard,1,691.21,390.79
ORD000886,2025-03-10,CUS0249,SKU0006,LOC005,LOC016,expedited,18,7427.52,5771.34
ORD000887,2025-02-28,CUS0072,SKU0036,LOC005,LOC012,standard,9,586.62,389.61
ORD000888,2025-03-16,CUS0026,SKU0030,LOC004,LOC026,expedited,16,11047.04,6534.72
ORD000889,2025-03-02,CUS0056,SKU0038,LOC008,LOC031,standard,18,2098.8,1368.54
ORD000890,2025-03-23,CUS0065,SKU0001,LOC006,LOC027,standard,15,374.55,274.5
ORD000891,2025-03-24,CUS0088,SKU0016,LOC003,LOC026,standard,18,4861.08,3572.1
ORD000892,2025-03-07,CUS0017,SKU0012,LOC006,LOC031,standard,6,3604.74,1959.0
ORD000893,2025-01-14,CUS0129,SKU0020,LOC004,LOC029,expedited,7,1013.46,669.2
ORD000894,2025-01-25,CUS0157,SKU0011,LOC008,LOC031,expedited,6,2437.14,1475.22
ORD000895,2025-02-04,CUS0240,SKU0031,LOC005,LOC024,standard,9,4553.64,3299.85
ORD000896,2025-01-01,CUS0248,SKU0004,LOC008,LOC019,expedited,13,323.18,246.09
ORD000897,2025-01-26,CUS0214,SKU0019,LOC004,LOC017,standard,9,568.8,317.43
ORD000898,2025-01-14,CUS0186,SKU0021,LOC001,LOC032,standard,6,510.9,401.16
ORD000899,2025-03-04,CUS0026,SKU0004,LOC008,LOC015,standard,13,323.18,246.09
ORD000900,2025-02-22,CUS0077,SKU0038,LOC006,LOC029,expedited,5,583.0,380.15
ORD000901,2025-02-07,CUS0223,SKU0005,LOC004,LOC016,expedited,5,1339.1,904.2
ORD000902,2025-02-28,CUS0066,SKU0017,LOC007,LOC023,standard,7,963.2,689.36
ORD000903,2025-03-09,CUS0005,SKU0024,LOC009,LOC026,standard,17,936.19,772.65
ORD000904,2025-03-23,CUS0024,SKU0037,LOC002,LOC029,standard,3,1228.74,970.56
ORD000905,2025-01-25,CUS0120,SKU0018,LOC010,LOC021,expedited,14,1722.0,1433.18
ORD000906,2025-03-30,CUS0103,SKU0002,LOC001,LOC011,expedited,14,7138.04,4015.2
ORD000907,2025-01-20,CUS0173,SKU0038,LOC006,LOC029,standard,8,932.8,608.24
ORD000908,2025-01-19,CUS0007,SKU0007,LOC003,LOC028,standard,6,787.5,432.36
ORD000909,2025-02-11,CUS0052,SKU0014,LOC006,LOC011,expedited,8,1695.44,1284.08
ORD000910,2025-02-26,CUS0114,SKU0002,LOC007,LOC017,standard,13,6628.18,3728.4
ORD000911,2025-03-17,CUS0130,SKU0012,LOC010,LOC022,expedited,3,1802.37,979.5
ORD000912,2025-01-27,CUS0123,SKU0024,LOC001,LOC023,same_day,17,936.19,772.65
ORD000913,2025-01-13,CUS0112,SKU0005,LOC008,LOC011,standard,10,2678.2,1808.4
ORD000914,2025-02-11,CUS0145,SKU0012,LOC008,LOC012,standard,8,4806.32,2612.0
ORD000915,2025-01-27,CUS0159,SKU0024,LOC003,LOC022,expedited,10,550.7,454.5
ORD000916,2025-01-04,CUS0161,SKU0026,LOC001,LOC021,standard,10,3786.4,2535.1
ORD000917,2025-01-05,CUS0012,SKU0027,LOC006,LOC018,expedited,5,2153.5,1813.2
ORD000918,2025-01-09,CUS0107,SKU0030,LOC001,LOC020,standard,16,11047.04,6534.72
ORD000919,2025-02-02,CUS0245,SKU0024,LOC004,LOC015,standard,18,991.26,818.1
ORD000920,2025-01-19,CUS0184,SKU0007,LOC004,LOC019,standard,3,393.75,216.18
ORD000921,2025-02-08,CUS0134,SKU0038,LOC003,LOC029,standard,15,1749.0,1140.45
ORD000922,2025-02-19,CUS0004,SKU0012,LOC003,LOC023,expedited,7,4205.53,2285.5
ORD000923,2025-03-03,CUS0161,SKU0013,LOC002,LOC019,standard,12,2931.0,1975.32
ORD000924,2025-01-24,CUS0117,SKU0036,LOC009,LOC019,standard,16,1042.88,692.64
ORD000925,2025-02-24,CUS0025,SKU0009,LOC006,LOC020,expedited,18,10229.94,6129.72
ORD000926,2025-01-11,CUS0102,SKU0012,LOC001,LOC017,same_day,17,10213.43,5550.5
ORD000927,2025-01-20,CUS0013,SKU0034,LOC003,LOC031,standard,17,11750.57,6643.43
ORD000928,2025-01-20,CUS0072,SKU0013,LOC007,LOC026,standard,14,3419.5,2304.54
ORD000929,2025-02-08,CUS0172,SKU0036,LOC007,LOC015,standard,9,586.62,389.61
ORD000930,2025-01-21,CUS0202,SKU0026,LOC006,LOC013,expedited,8,3029.12,2028.08
ORD000931,2025-02-05,CUS0186,SKU0008,LOC006,LOC011,standard,13,3038.36,2138.89
ORD000932,2025-03-09,CUS0170,SKU0015,LOC010,LOC025,standard,16,5364.32,4143.36
ORD000933,2025-02-13,CUS0215,SKU0025,LOC008,LOC020,expedited,2,978.18,668.68
ORD000934,2025-01-12,CUS0223,SKU0016,LOC007,LOC012,same_day,12,3240.72,2381.4
ORD000935,2025-02-05,CUS0164,SKU0017,LOC002,LOC026,expedited,9,1238.4,886.32
ORD000936,2025-01-29,CUS0200,SKU0007,LOC007,LOC030,standard,9,1181.25,648.54
ORD000937,2025-01-14,CUS0025,SKU0037,LOC007,LOC023,standard,4,1638.32,1294.08
ORD000938,2025-02-26,CUS0241,SKU0003,LOC001,LOC017,expedited,17,445.57,358.53
ORD000939,2025-02-12,CUS0187,SKU0002,LOC005,LOC025,standard,14,7138.04,4015.2
ORD000940,2025-03-31,CUS0054,SKU0011,LOC006,LOC016,same_day,9,3655.71,2212.83
ORD000941,2025-02-12,CUS0082,SKU0015,LOC003,LOC023,standard,18,6034.86,4661.28
ORD000942,2025-03-04,CUS0194,SKU0024,LOC010,LOC020,standard,15,826.05,681.75
ORD000943,2025-03-10,CUS0024,SKU0013,LOC006,LOC028,standard,3,732.75,493.83
ORD000944,2025-02-19,CUS0146,SKU0040,LOC001,LOC018,standard,10,2809.8,1723.8
ORD000945,2025-02-05,CUS0063,SKU0015,LOC001,LOC030,standard,8,2682.16,2071.68
ORD000946,2025-02-23,CUS0048,SKU0027,LOC007,LOC019,standard,7,3014.9,2538.48
ORD000947,2025-02-03,CUS0082,SKU0016,LOC004,LOC028,standard,12,3240.72,2381.4
ORD000948,2025-03-06,CUS0027,SKU0021,LOC009,LOC018,expedited,18,1532.7,1203.48
ORD000949,2025-01-07,CUS0152,SKU0032,LOC001,LOC022,standard,15,1930.2,1349.25
ORD000950,2025-01-19,CUS0245,SKU0005,LOC001,LOC030,standard,12,3213.84,2170.08
ORD000951,2025-01-18,CUS0080,SKU0029,LOC007,LOC015,same_day,7,1943.83,1309.84
ORD000952,2025-03-20,CUS0031,SKU0038,LOC003,LOC017,standard,12,1399.2,912.36
ORD000953,2025-01-23,CUS0187,SKU0032,LOC007,LOC024,expedited,1,128.68,89.95
ORD000954,2025-01-18,CUS0080,SKU0007,LOC008,LOC013,expedited,6,787.5,432.36
ORD000955,2025-01-26,CUS0116,SKU0022,LOC006,LOC014,standard,3,548.13,348.75
ORD000956,2025-03-09,CUS0079,SKU0025,LOC003,LOC017,standard,11,5379.99,3677.74
ORD000957,2025-01-28,CUS0154,SKU0010,LOC008,LOC011,same_day,4,222.8,161.88
ORD000958,2025-01-16,CUS0028,SKU0019,LOC002,LOC026,expedited,10,632.0,352.7
ORD000959,2025-03-20,CUS0213,SKU0036,LOC003,LOC018,same_day,15,977.7,649.35
ORD000960,2025-02-21,CUS0208,SKU0031,LOC006,LOC027,standard,2,1011.92,733.3
ORD000961,2025-03-24,CUS0115,SKU0009,LOC001,LOC026,standard,11,6251.63,3745.94
ORD000962,2025-03-03,CUS0202,SKU0032,LOC002,LOC020,standard,10,1286.8,899.5
ORD000963,2025-01-07,CUS0099,SKU0020,LOC003,LOC027,standard,2,289.56,191.2
ORD000964,2025-01-06,CUS0244,SKU0030,LOC004,LOC026,same_day,4,2761.76,1633.68
ORD000965,2025-03-20,CUS0231,SKU0014,LOC006,LOC016,standard,13,2755.09,2086.63
ORD000966,2025-02-17,CUS0040,SKU0003,LOC007,LOC032,same_day,13,340.73,274.17
ORD000967,2025-03-25,CUS0177,SKU0027,LOC008,LOC019,expedited,9,3876.3,3263.76
ORD000968,2025-02-20,CUS0170,SKU0009,LOC003,LOC026,standard,15,8524.95,5108.1
ORD000969,2025-02-11,CUS0073,SKU0026,LOC004,LOC013,standard,9,3407.76,2281.59
ORD000970,2025-03-08,CUS0028,SKU0031,LOC002,LOC013,same_day,16,8095.36,5866.4
ORD000971,2025-02-17,CUS0153,SKU0029,LOC001,LOC029,standard,5,1388.45,935.6
ORD000972,2025-02-13,CUS0090,SKU0012,LOC007,LOC015,expedited,9,5407.11,2938.5
ORD000973,2025-01-29,CUS0169,SKU0022,LOC005,LOC028,standard,7,1278.97,813.75
ORD000974,2025-02-10,CUS0133,SKU0027,LOC006,LOC022,standard,3,1292.1,1087.92
ORD000975,2025-01-14,CUS0001,SKU0025,LOC001,LOC029,expedited,1,489.09,334.34
ORD000976,2025-03-02,CUS0176,SKU0019,LOC008,LOC030,same_day,13,821.6,458.51
ORD000977,2025-03-23,CUS0138,SKU0030,LOC005,LOC016,standard,5,3452.2,2042.1
ORD000978,2025-02-25,CUS0118,SKU0003,LOC003,LOC031,expedited,5,131.05,105.45
ORD000979,2025-02-21,CUS0188,SKU0030,LOC003,LOC027,standard,14,9666.16,5717.88
ORD000980,2025-01-25,CUS0141,SKU0030,LOC003,LOC026,standard,12,8285.28,4901.04
ORD000981,2025-02-27,CUS0052,SKU0004,LOC008,LOC011,standard,14,348.04,265.02
ORD000982,2025-03-27,CUS0148,SKU0026,LOC003,LOC026,standard,5,1893.2,1267.55
ORD000983,2025-03-20,CUS0202,SKU0007,LOC006,LOC017,standard,2,262.5,144.12
ORD000984,2025-02-09,CUS0233,SKU0040,LOC006,LOC016,expedited,12,3371.76,2068.56
ORD000985,2025-03-13,CUS0107,SKU0011,LOC005,LOC018,standard,5,2030.95,1229.35
ORD000986,2025-01-19,CUS0035,SKU0003,LOC001,LOC029,same_day,4,104.84,84.36
ORD000987,2025-03-16,CUS0249,SKU0002,LOC002,LOC016,standard,15,7647.9,4302.0
ORD000988,2025-03-28,CUS0240,SKU0008,LOC002,LOC022,standard,5,1168.6,822.65
ORD000989,2025-03-17,CUS0218,SKU0024,LOC006,LOC016,standard,6,330.42,272.7
ORD000990,2025-03-31,CUS0087,SKU0028,LOC008,LOC032,standard,15,8068.65,4760.4
ORD000991,2025-01-05,CUS0005,SKU0037,LOC005,LOC023,standard,1,409.58,323.52
ORD000992,2025-03-07,CUS0182,SKU0027,LOC009,LOC017,expedited,14,6029.8,5076.96
ORD000993,2025-01-11,CUS0221,SKU0021,LOC002,LOC016,same_day,3,255.45,200.58
ORD000994,2025-03-15,CUS0003,SKU0005,LOC010,LOC013,expedited,3,803.46,542.52
ORD000995,2025-02-28,CUS0157,SKU0007,LOC002,LOC011,expedited,11,1443.75,792.66
ORD000996,2025-01-30,CUS0083,SKU0025,LOC008,LOC030,standard,3,1467.27,1003.02
ORD000997,2025-03-28,CUS0048,SKU0029,LOC010,LOC017,standard,2,555.38,374.24
ORD000998,2025-01-10,CUS0042,SKU0015,LOC007,LOC027,standard,11,3687.97,2848.56
ORD000999,2025-02-02,CUS0002,SKU0034,LOC002,LOC026,expedited,8,5529.68,3126.32
ORD001000,2025-01-08,CUS0173,SKU0006,LOC002,LOC021,standard,14,5776.96,4488.82
ORD001001,2025-03-19,CUS0068,SKU0037,LOC008,LOC021,expedited,3,1228.74,970.56
ORD001002,2025-01-22,CUS0120,SKU0027,LOC007,LOC025,standard,12,5168.4,4351.68
ORD001003,2025-01-19,CUS0244,SKU0027,LOC007,LOC022,expedited,13,5599.1,4714.32
ORD001004,2025-03-26,CUS0243,SKU0038,LOC003,LOC019,same_day,5,583.0,380.15
ORD001005,2025-03-05,CUS0072,SKU0036,LOC003,LOC026,standard,10,651.8,432.9
ORD001006,2025-01-14,CUS0156,SKU0031,LOC004,LOC024,standard,11,5565.56,4033.15
ORD001007,2025-02-09,CUS0176,SKU0020,LOC006,LOC015,expedited,11,1592.58,1051.6
ORD001008,2025-03-02,CUS0107,SKU0024,LOC006,LOC031,standard,15,826.05,681.75
ORD001009,2025-03-13,CUS0231,SKU0013,LOC010,LOC030,standard,11,2686.75,1810.71
ORD001010,2025-02-01,CUS0081,SKU0002,LOC006,LOC013,standard,16,8157.76,4588.8
ORD001011,2025-02-04,CUS0203,SKU0013,LOC001,LOC021,standard,13,3175.25,2139.93
ORD001012,2025-03-03,CUS0125,SKU0021,LOC004,LOC030,standard,9,766.35,601.74
ORD001013,2025-01-08,CUS0205,SKU0034,LOC005,LOC019,expedited,7,4838.47,2735.53
ORD001014,2025-01-04,CUS0095,SKU0006,LOC003,LOC030,standard,14,5776.96,4488.82
ORD001015,2025-01-14,CUS0051,SKU0018,LOC002,LOC012,same_day,15,1845.0,1535.55
ORD001016,2025-02-17,CUS0007,SKU0036,LOC006,LOC030,standard,13,847.34,562.77
ORD001017,2025-02-11,CUS0015,SKU0033,LOC002,LOC027,standard,2,1222.08,772.84
ORD001018,2025-01-31,CUS0087,SKU0023,LOC007,LOC028,standard,12,3485.16,1885.68
ORD001019,2025-03-24,CUS0211,SKU0036,LOC004,LOC018,expedited,5,325.9,216.45
ORD001020,2025-03-13,CUS0011,SKU0031,LOC003,LOC027,standard,8,4047.68,2933.2
ORD001021,2025-03-23,CUS0196,SKU0033,LOC010,LOC012,expedited,1,611.04,386.42
ORD001022,2025-03-04,CUS0226,SKU0038,LOC004,LOC015,standard,3,349.8,228.09
ORD001023,2025-03-21,CUS0131,SKU0024,LOC005,LOC023,standard,18,991.26,818.1
ORD001024,2025-02-27,CUS0053,SKU0026,LOC004,LOC017,standard,17,6436.88,4309.67
ORD001025,2025-03-28,CUS0119,SKU0024,LOC001,LOC017,standard,10,550.7,454.5
ORD001026,2025-01-27,CUS0118,SKU0021,LOC008,LOC028,standard,13,1106.95,869.18
ORD001027,2025-03-27,CUS0158,SKU0005,LOC005,LOC011,expedited,8,2142.56,1446.72
ORD001028,2025-03-14,CUS0095,SKU0004,LOC006,LOC013,same_day,4,99.44,75.72
ORD001029,2025-01-03,CUS0078,SKU0008,LOC001,LOC026,standard,2,467.44,329.06
ORD001030,2025-01-12,CUS0178,SKU0038,LOC008,LOC013,expedited,15,1749.0,1140.45
ORD001031,2025-02-20,CUS0128,SKU0003,LOC002,LOC019,expedited,1,26.21,21.09
ORD001032,2025-01-26,CUS0247,SKU0018,LOC001,LOC029,expedited,1,123.0,102.37
ORD001033,2025-03-31,CUS0074,SKU0004,LOC006,LOC028,standard,8,198.88,151.44
ORD001034,2025-03-23,CUS0103,SKU0038,LOC003,LOC032,standard,6,699.6,456.18
ORD001035,2025-02-22,CUS0155,SKU0006,LOC009,LOC032,standard,14,5776.96,4488.82
ORD001036,2025-02-13,CUS0088,SKU0039,LOC010,LOC015,standard,5,3293.75,1953.55
ORD001037,2025-02-20,CUS0129,SKU0008,LOC003,LOC018,standard,14,3272.08,2303.42
ORD001038,2025-02-11,CUS0240,SKU0036,LOC010,LOC022,expedited,12,782.16,519.48
ORD001039,2025-01-14,CUS0214,SKU0010,LOC002,LOC026,standard,15,835.5,607.05
ORD001040,2025-03-30,CUS0078,SKU0026,LOC004,LOC011,same_day,8,3029.12,2028.08
ORD001041,2025-01-16,CUS0065,SKU0005,LOC010,LOC020,standard,3,803.46,542.52
ORD001042,2025-01-27,CUS0152,SKU0040,LOC006,LOC011,standard,16,4495.68,2758.08
ORD001043,2025-02-19,CUS0177,SKU0028,LOC008,LOC013,expedited,4,2151.64,1269.44
ORD001044,2025-01-12,CUS0098,SKU0030,LOC001,LOC021,standard,4,2761.76,1633.68
ORD001045,2025-02-27,CUS0003,SKU0007,LOC009,LOC016,standard,14,1837.5,1008.84
ORD001046,2025-03-14,CUS0065,SKU0004,LOC008,LOC020,standard,18,447.48,340.74
ORD001047,2025-03-18,CUS0248,SKU0010,LOC003,LOC023,standard,4,222.8,161.88
ORD001048,2025-01-29,CUS0183,SKU0015,LOC010,LOC029,standard,16,5364.32,4143.36
ORD001049,2025-02-16,CUS0182,SKU0002,LOC005,LOC024,expedited,14,7138.04,4015.2
ORD001050,2025-01-12,CUS0103,SKU0031,LOC002,LOC011,standard,12,6071.52,4399.8
ORD001051,2025-01-24,CUS0096,SKU0035,LOC001,LOC018,expedited,15,2145.9,1599.75
ORD001052,2025-01-18,CUS0096,SKU0001,LOC005,LOC029,expedited,13,324.61,237.9
ORD001053,2025-01-18,CUS0206,SKU0031,LOC009,LOC031,standard,8,4047.68,2933.2
ORD001054,2025-01-17,CUS0123,SKU0005,LOC007,LOC031,expedited,5,1339.1,904.2
ORD001055,2025-02-03,CUS0223,SKU0003,LOC004,LOC015,standard,14,366.94,295.26
ORD001056,2025-03-07,CUS0154,SKU0016,LOC010,LOC011,expedited,6,1620.36,1190.7
ORD001057,2025-01-11,CUS0095,SKU0003,LOC006,LOC020,expedited,5,131.05,105.45
ORD001058,2025-02-19,CUS0154,SKU0039,LOC008,LOC021,expedited,18,11857.5,7032.78
ORD001059,2025-02-04,CUS0132,SKU0039,LOC005,LOC017,same_day,10,6587.5,3907.1
ORD001060,2025-02-22,CUS0197,SKU0013,LOC004,LOC032,standard,14,3419.5,2304.54
ORD001061,2025-03-12,CUS0134,SKU0038,LOC006,LOC016,standard,15,1749.0,1140.45
ORD001062,2025-02-20,CUS0118,SKU0037,LOC005,LOC014,standard,9,3686.22,2911.68
ORD001063,2025-02-20,CUS0238,SKU0017,LOC007,LOC017,standard,7,963.2,689.36
ORD001064,2025-02-24,CUS0028,SKU0039,LOC003,LOC014,expedited,16,10540.0,6251.36
ORD001065,2025-01-07,CUS0028,SKU0018,LOC004,LOC012,standard,3,369.0,307.11
ORD001066,2025-02-13,CUS0111,SKU0019,LOC005,LOC028,same_day,9,568.8,317.43
ORD001067,2025-01-20,CUS0044,SKU0015,LOC005,LOC026,standard,11,3687.97,2848.56
ORD001068,2025-02-22,CUS0043,SKU0040,LOC005,LOC024,standard,15,4214.7,2585.7
ORD001069,2025-01-30,CUS0183,SKU0027,LOC001,LOC028,standard,3,1292.1,1087.92
ORD001070,2025-03-28,CUS0083,SKU0022,LOC008,LOC030,standard,17,3106.07,1976.25
ORD001071,2025-01-10,CUS0202,SKU0011,LOC004,LOC023,standard,13,5280.47,3196.31
ORD001072,2025-03-29,CUS0116,SKU0005,LOC007,LOC011,same_day,8,2142.56,1446.72
ORD001073,2025-02-27,CUS0066,SKU0028,LOC010,LOC031,same_day,3,1613.73,952.08
ORD001074,2025-02-18,CUS0182,SKU0006,LOC005,LOC013,standard,8,3301.12,2565.04
ORD001075,2025-02-07,CUS0223,SKU0018,LOC010,LOC012,standard,14,1722.0,1433.18
ORD001076,2025-03-02,CUS0005,SKU0016,LOC002,LOC019,same_day,6,1620.36,1190.7
ORD001077,2025-03-01,CUS0040,SKU0012,LOC005,LOC027,standard,12,7209.48,3918.0
ORD001078,2025-01-08,CUS0121,SKU0004,LOC006,LOC029,standard,6,149.16,113.58
ORD001079,2025-02-28,CUS0042,SKU0016,LOC009,LOC026,standard,4,1080.24,793.8
ORD001080,2025-02-21,CUS0091,SKU0034,LOC005,LOC027,expedited,15,10368.15,5861.85
ORD001081,2025-03-05,CUS0019,SKU0014,LOC007,LOC020,standard,2,423.86,321.02
ORD001082,2025-03-04,CUS0112,SKU0014,LOC003,LOC031,standard,1,211.93,160.51
ORD001083,2025-01-19,CUS0065,SKU0029,LOC007,LOC012,standard,8,2221.52,1496.96
ORD001084,2025-03-23,CUS0014,SKU0024,LOC007,LOC013,same_day,10,550.7,454.5
ORD001085,2025-03-07,CUS0018,SKU0031,LOC003,LOC028,standard,2,1011.92,733.3
ORD001086,2025-03-07,CUS0007,SKU0024,LOC006,LOC030,standard,17,936.19,772.65
ORD001087,2025-01-07,CUS0195,SKU0029,LOC002,LOC015,expedited,4,1110.76,748.48
ORD001088,2025-02-26,CUS0037,SKU0010,LOC004,LOC012,expedited,9,501.3,364.23
ORD001089,2025-01-18,CUS0205,SKU0027,LOC001,LOC019,standard,7,3014.9,2538.48
ORD001090,2025-01-29,CUS0030,SKU0032,LOC006,LOC026,standard,6,772.08,539.7
ORD001091,2025-03-12,CUS0135,SKU0021,LOC010,LOC018,expedited,11,936.65,735.46
ORD001092,2025-02-25,CUS0077,SKU0033,LOC005,LOC014,standard,11,6721.44,4250.62
ORD001093,2025-01-29,CUS0232,SKU0030,LOC007,LOC029,expedited,8,5523.52,3267.36
ORD001094,2025-02-01,CUS0199,SKU0005,LOC003,LOC024,standard,16,4285.12,2893.44
ORD001095,2025-02-12,CUS0061,SKU0020,LOC004,LOC020,same_day,4,579.12,382.4
ORD001096,2025-01-22,CUS0097,SKU0038,LOC001,LOC015,standard,11,1282.6,836.33
ORD001097,2025-01-12,CUS0001,SKU0004,LOC006,LOC032,same_day,5,124.3,94.65
ORD001098,2025-02-09,CUS0022,SKU0038,LOC003,LOC023,standard,2,233.2,152.06
ORD001099,2025-03-17,CUS0213,SKU0005,LOC009,LOC014,standard,17,4552.94,3074.28
ORD001100,2025-03-30,CUS0171,SKU0022,LOC009,LOC020,standard,13,2375.23,1511.25
ORD001101,2025-02-21,CUS0171,SKU0020,LOC002,LOC015,standard,8,1158.24,764.8
ORD001102,2025-01-17,CUS0198,SKU0019,LOC007,LOC024,standard,3,189.6,105.81
ORD001103,2025-03-27,CUS0078,SKU0038,LOC006,LOC013,same_day,18,2098.8,1368.54
ORD001104,2025-02-02,CUS0169,SKU0030,LOC007,LOC032,standard,16,11047.04,6534.72
ORD001105,2025-03-14,CUS0223,SKU0001,LOC001,LOC015,expedited,6,149.82,109.8
ORD001106,2025-03-05,CUS0107,SKU0012,LOC010,LOC022,same_day,7,4205.53,2285.5
ORD001107,2025-03-03,CUS0055,SKU0013,LOC009,LOC029,expedited,17,4152.25,2798.37
ORD001108,2025-01-06,CUS0138,SKU0019,LOC010,LOC031,standard,18,1137.6,634.86
ORD001109,2025-02-23,CUS0214,SKU0021,LOC010,LOC019,same_day,8,681.2,534.88
ORD001110,2025-03-09,CUS0062,SKU0029,LOC005,LOC028,standard,8,2221.52,1496.96
ORD001111,2025-03-23,CUS0149,SKU0032,LOC007,LOC028,expedited,2,257.36,179.9
ORD001112,2025-03-25,CUS0085,SKU0006,LOC003,LOC019,standard,14,5776.96,4488.82
ORD001113,2025-03-27,CUS0053,SKU0028,LOC009,LOC031,standard,6,3227.46,1904.16
ORD001114,2025-01-20,CUS0017,SKU0016,LOC002,LOC027,expedited,1,270.06,198.45
ORD001115,2025-03-03,CUS0092,SKU0006,LOC001,LOC030,expedited,9,3713.76,2885.67
ORD001116,2025-01-21,CUS0209,SKU0034,LOC006,LOC011,standard,6,4147.26,2344.74
ORD001117,2025-02-25,CUS0055,SKU0026,LOC004,LOC032,standard,17,6436.88,4309.67
ORD001118,2025-02-28,CUS0231,SKU0013,LOC006,LOC011,standard,12,2931.0,1975.32
ORD001119,2025-02-23,CUS0221,SKU0021,LOC010,LOC015,expedited,1,85.15,66.86
ORD001120,2025-03-12,CUS0160,SKU0008,LOC007,LOC020,expedited,11,2570.92,1809.83
ORD001121,2025-01-08,CUS0209,SKU0017,LOC006,LOC013,same_day,5,688.0,492.4
ORD001122,2025-02-08,CUS0084,SKU0019,LOC010,LOC030,standard,1,63.2,35.27
ORD001123,2025-01-13,CUS0228,SKU0021,LOC009,LOC028,same_day,11,936.65,735.46
ORD001124,2025-03-12,CUS0233,SKU0020,LOC001,LOC020,same_day,18,2606.04,1720.8
ORD001125,2025-02-12,CUS0018,SKU0009,LOC006,LOC023,standard,2,1136.66,681.08
ORD001126,2025-03-17,CUS0086,SKU0006,LOC002,LOC031,same_day,8,3301.12,2565.04
ORD001127,2025-01-17,CUS0105,SKU0016,LOC004,LOC026,standard,17,4591.02,3373.65
ORD001128,2025-01-28,CUS0212,SKU0013,LOC010,LOC024,standard,13,3175.25,2139.93
ORD001129,2025-03-20,CUS0066,SKU0027,LOC005,LOC015,expedited,4,1722.8,1450.56
ORD001130,2025-03-16,CUS0183,SKU0009,LOC002,LOC032,standard,8,4546.64,2724.32
ORD001131,2025-01-28,CUS0001,SKU0037,LOC008,LOC015,standard,4,1638.32,1294.08
ORD001132,2025-01-16,CUS0097,SKU0027,LOC004,LOC031,expedited,11,4737.7,3989.04
ORD001133,2025-02-15,CUS0126,SKU0032,LOC001,LOC025,standard,8,1029.44,719.6
ORD001134,2025-01-15,CUS0072,SKU0019,LOC009,LOC013,expedited,5,316.0,176.35
ORD001135,2025-03-24,CUS0215,SKU0018,LOC001,LOC018,standard,7,861.0,716.59
ORD001136,2025-03-12,CUS0069,SKU0008,LOC005,LOC032,standard,5,1168.6,822.65
ORD001137,2025-01-03,CUS0231,SKU0016,LOC009,LOC016,standard,4,1080.24,793.8
ORD001138,2025-01-01,CUS0197,SKU0021,LOC008,LOC017,standard,1,85.15,66.86
ORD001139,2025-02-09,CUS0179,SKU0017,LOC007,LOC026,expedited,14,1926.4,1378.72
ORD001140,2025-02-11,CUS0121,SKU0023,LOC009,LOC011,standard,11,3194.73,1728.54
ORD001141,2025-01-18,CUS0120,SKU0014,LOC008,LOC015,standard,2,423.86,321.02
ORD001142,2025-01-28,CUS0003,SKU0017,LOC010,LOC025,standard,2,275.2,196.96
ORD001143,2025-01-31,CUS0203,SKU0017,LOC009,LOC016,standard,3,412.8,295.44
ORD001144,2025-03-04,CUS0228,SKU0027,LOC010,LOC019,expedited,7,3014.9,2538.48
ORD001145,2025-02-14,CUS0179,SKU0036,LOC004,LOC016,same_day,15,977.7,649.35
ORD001146,2025-01-06,CUS0051,SKU0014,LOC004,LOC030,expedited,7,1483.51,1123.57
ORD001147,2025-01-27,CUS0040,SKU0028,LOC001,LOC028,standard,10,5379.1,3173.6
ORD001148,2025-02-23,CUS0019,SKU0014,LOC003,LOC019,standard,6,1271.58,963.06
ORD001149,2025-01-21,CUS0056,SKU0037,LOC004,LOC011,expedited,18,7372.44,5823.36
ORD001150,2025-02-18,CUS0224,SKU0006,LOC001,LOC018,expedited,15,6189.6,4809.45
ORD001151,2025-02-20,CUS0133,SKU0004,LOC010,LOC028,same_day,5,124.3,94.65
ORD001152,2025-03-12,CUS0024,SKU0035,LOC003,LOC012,standard,17,2432.02,1813.05
ORD001153,2025-01-27,CUS0133,SKU0006,LOC006,LOC025,standard,8,3301.12,2565.04
ORD001154,2025-02-13,CUS0199,SKU0002,LOC002,LOC021,standard,1,509.86,286.8
ORD001155,2025-03-23,CUS0124,SKU0013,LOC010,LOC011,standard,3,732.75,493.83
ORD001156,2025-02-10,CUS0166,SKU0033,LOC003,LOC030,standard,4,2444.16,1545.68
ORD001157,2025-03-08,CUS0045,SKU0010,LOC007,LOC025,same_day,3,167.1,121.41
ORD001158,2025-01-07,CUS0097,SKU0016,LOC009,LOC019,standard,9,2430.54,1786.05
ORD001159,2025-03-14,CUS0205,SKU0010,LOC003,LOC029,standard,14,779.8,566.58
ORD001160,2025-03-12,CUS0105,SKU0004,LOC009,LOC025,expedited,16,397.76,302.88
ORD001161,2025-01-03,CUS0033,SKU0012,LOC009,LOC014,expedited,17,10213.43,5550.5
ORD001162,2025-02-03,CUS0243,SKU0036,LOC004,LOC023,same_day,6,391.08,259.74
ORD001163,2025-01-09,CUS0173,SKU0010,LOC005,LOC024,standard,8,445.6,323.76
ORD001164,2025-02-01,CUS0185,SKU0024,LOC005,LOC013,expedited,5,275.35,227.25
ORD001165,2025-02-19,CUS0091,SKU0011,LOC006,LOC021,standard,13,5280.47,3196.31
ORD001166,2025-01-03,CUS0079,SKU0025,LOC009,LOC027,expedited,16,7825.44,5349.44
ORD001167,2025-01-14,CUS0133,SKU0033,LOC001,LOC032,standard,18,10998.72,6955.56
ORD001168,2025-03-29,CUS0053,SKU0016,LOC004,LOC027,expedited,10,2700.6,1984.5
ORD001169,2025-01-16,CUS0207,SKU0010,LOC002,LOC028,standard,8,445.6,323.76
ORD001170,2025-01-26,CUS0127,SKU0013,LOC004,LOC012,standard,3,732.75,493.83
ORD001171,2025-01-10,CUS0195,SKU0032,LOC009,LOC011,same_day,17,2187.56,1529.15
ORD001172,2025-01-27,CUS0028,SKU0038,LOC010,LOC027,expedited,1,116.6,76.03
ORD001173,2025-02-18,CUS0187,SKU0017,LOC004,LOC023,standard,16,2201.6,1575.68
ORD001174,2025-02-14,CUS0080,SKU0005,LOC010,LOC020,standard,2,535.64,361.68
ORD001175,2025-01-29,CUS0088,SKU0031,LOC003,LOC017,standard,17,8601.32,6233.05
ORD001176,2025-02-27,CUS0020,SKU0027,LOC005,LOC015,standard,11,4737.7,3989.04
ORD001177,2025-01-06,CUS0061,SKU0022,LOC003,LOC024,expedited,1,182.71,116.25
ORD001178,2025-01-25,CUS0227,SKU0034,LOC002,LOC011,expedited,2,1382.42,781.58
ORD001179,2025-02-28,CUS0244,SKU0007,LOC009,LOC028,standard,7,918.75,504.42
ORD001180,2025-01-14,CUS0196,SKU0028,LOC005,LOC020,standard,16,8606.56,5077.76
ORD001181,2025-02-08,CUS0115,SKU0034,LOC007,LOC012,expedited,1,691.21,390.79
ORD001182,2025-02-17,CUS0027,SKU0004,LOC010,LOC012,standard,4,99.44,75.72
ORD001183,2025-03-16,CUS0147,SKU0019,LOC003,LOC023,expedited,10,632.0,352.7
ORD001184,2025-03-15,CUS0165,SKU0036,LOC008,LOC013,expedited,10,651.8,432.9
ORD001185,2025-02-16,CUS0085,SKU0010,LOC004,LOC016,standard,8,445.6,323.76
ORD001186,2025-01-29,CUS0104,SKU0028,LOC010,LOC011,standard,5,2689.55,1586.8
ORD001187,2025-03-23,CUS0165,SKU0002,LOC009,LOC030,standard,14,7138.04,4015.2
ORD001188,2025-03-26,CUS0231,SKU0016,LOC001,LOC020,standard,12,3240.72,2381.4
ORD001189,2025-02-22,CUS0231,SKU0010,LOC003,LOC023,expedited,4,222.8,161.88
ORD001190,2025-01-19,CUS0201,SKU0006,LOC002,LOC017,standard,9,3713.76,2885.67
ORD001191,2025-02-24,CUS0207,SKU0013,LOC005,LOC023,standard,5,1221.25,823.05
ORD001192,2025-02-09,CUS0219,SKU0003,LOC001,LOC032,expedited,9,235.89,189.81
ORD001193,2025-02-19,CUS0214,SKU0008,LOC001,LOC012,standard,2,467.44,329.06
ORD001194,2025-01-08,CUS0076,SKU0006,LOC001,LOC025,standard,9,3713.76,2885.67
ORD001195,2025-03-22,CUS0161,SKU0027,LOC008,LOC025,standard,15,6460.5,5439.6
ORD001196,2025-02-20,CUS0186,SKU0009,LOC006,LOC011,standard,15,8524.95,5108.1
ORD001197,2025-03-04,CUS0237,SKU0025,LOC001,LOC023,expedited,16,7825.44,5349.44
ORD001198,2025-01-25,CUS0023,SKU0015,LOC004,LOC022,standard,15,5029.05,3884.4
ORD001199,2025-03-11,CUS0053,SKU0001,LOC007,LOC018,same_day,15,374.55,274.5
ORD001200,2025-03-05,CUS0032,SKU0025,LOC009,LOC020,standard,12,5869.08,4012.08
ORD001201,2025-01-07,CUS0083,SKU0038,LOC007,LOC019,expedited,6,699.6,456.18
ORD001202,2025-01-31,CUS0102,SKU0007,LOC008,LOC026,standard,9,1181.25,648.54
ORD001203,2025-01-10,CUS0225,SKU0006,LOC009,LOC024,standard,6,2475.84,1923.78
ORD001204,2025-02-13,CUS0113,SKU0039,LOC009,LOC018,expedited,16,10540.0,6251.36
ORD001205,2025-01-23,CUS0008,SKU0027,LOC009,LOC031,standard,11,4737.7,3989.04
ORD001206,2025-01-16,CUS0221,SKU0026,LOC003,LOC011,standard,2,757.28,507.02
ORD001207,2025-02-18,CUS0047,SKU0011,LOC006,LOC011,standard,3,1218.57,737.61
ORD001208,2025-02-27,CUS0146,SKU0026,LOC003,LOC013,same_day,9,3407.76,2281.59
ORD001209,2025-02-20,CUS0152,SKU0036,LOC009,LOC011,same_day,2,130.36,86.58
ORD001210,2025-01-05,CUS0178,SKU0039,LOC010,LOC019,expedited,2,1317.5,781.42
ORD001211,2025-02-08,CUS0132,SKU0040,LOC009,LOC025,expedited,11,3090.78,1896.18
ORD001212,2025-02-26,CUS0230,SKU0016,LOC009,LOC032,standard,6,1620.36,1190.7
ORD001213,2025-03-20,CUS0247,SKU0005,LOC007,LOC028,standard,13,3481.66,2350.92
ORD001214,2025-03-15,CUS0184,SKU0032,LOC008,LOC012,same_day,17,2187.56,1529.15
ORD001215,2025-01-01,CUS0095,SKU0016,LOC010,LOC021,standard,6,1620.36,1190.7
ORD001216,2025-01-04,CUS0231,SKU0018,LOC006,LOC019,expedited,6,738.0,614.22
ORD001217,2025-03-09,CUS0036,SKU0013,LOC003,LOC032,standard,13,3175.25,2139.93
ORD001218,2025-01-29,CUS0246,SKU0035,LOC002,LOC032,expedited,7,1001.42,746.55
ORD001219,2025-02-13,CUS0234,SKU0012,LOC004,LOC021,expedited,16,9612.64,5224.0
ORD001220,2025-03-06,CUS0094,SKU0024,LOC009,LOC021,standard,13,715.91,590.85
ORD001221,2025-03-04,CUS0058,SKU0017,LOC010,LOC013,expedited,10,1376.0,984.8
ORD001222,2025-03-18,CUS0134,SKU0013,LOC001,LOC013,standard,2,488.5,329.22
ORD001223,2025-02-09,CUS0028,SKU0030,LOC004,LOC024,standard,10,6904.4,4084.2
ORD001224,2025-03-09,CUS0218,SKU0029,LOC003,LOC031,standard,14,3887.66,2619.68
ORD001225,2025-01-12,CUS0117,SKU0012,LOC009,LOC012,standard,12,7209.48,3918.0
ORD001226,2025-01-01,CUS0217,SKU0016,LOC007,LOC016,standard,5,1350.3,992.25
ORD001227,2025-03-13,CUS0015,SKU0027,LOC008,LOC019,expedited,14,6029.8,5076.96
ORD001228,2025-01-18,CUS0087,SKU0033,LOC010,LOC024,standard,11,6721.44,4250.62
ORD001229,2025-02-10,CUS0129,SKU0012,LOC007,LOC021,expedited,10,6007.9,3265.0
ORD001230,2025-01-01,CUS0206,SKU0010,LOC004,LOC013,expedited,2,111.4,80.94
ORD001231,2025-01-15,CUS0054,SKU0005,LOC009,LOC016,expedited,11,2946.02,1989.24
ORD001232,2025-02-06,CUS0099,SKU0040,LOC003,LOC026,expedited,17,4776.66,2930.46
ORD001233,2025-03-23,CUS0039,SKU0027,LOC006,LOC020,expedited,10,4307.0,3626.4
ORD001234,2025-01-09,CUS0207,SKU0035,LOC004,LOC030,standard,6,858.36,639.9
ORD001235,2025-03-24,CUS0024,SKU0040,LOC008,LOC016,standard,10,2809.8,1723.8
ORD001236,2025-03-01,CUS0197,SKU0011,LOC008,LOC016,standard,18,7311.42,4425.66
ORD001237,2025-03-03,CUS0144,SKU0024,LOC006,LOC015,standard,9,495.63,409.05
ORD001238,2025-03-27,CUS0062,SKU0036,LOC003,LOC025,expedited,13,847.34,562.77
ORD001239,2025-01-23,CUS0114,SKU0013,LOC001,LOC021,standard,7,1709.75,1152.27
ORD001240,2025-03-15,CUS0226,SKU0027,LOC010,LOC013,same_day,7,3014.9,2538.48
ORD001241,2025-03-12,CUS0168,SKU0021,LOC006,LOC028,standard,6,510.9,401.16
ORD001242,2025-01-16,CUS0057,SKU0032,LOC010,LOC021,standard,15,1930.2,1349.25
ORD001243,2025-03-15,CUS0184,SKU0040,LOC008,LOC011,expedited,16,4495.68,2758.08
ORD001244,2025-02-26,CUS0064,SKU0022,LOC008,LOC014,standard,2,365.42,232.5
ORD001245,2025-02-11,CUS0063,SKU0034,LOC001,LOC028,standard,18,12441.78,7034.22
ORD001246,2025-01-06,CUS0156,SKU0032,LOC010,LOC025,standard,18,2316.24,1619.1
ORD001247,2025-03-30,CUS0092,SKU0033,LOC001,LOC017,expedited,12,7332.48,4637.04
ORD001248,2025-02-08,CUS0209,SKU0006,LOC006,LOC016,standard,13,5364.32,4168.19
ORD001249,2025-03-15,CUS0200,SKU0002,LOC002,LOC020,expedited,3,1529.58,860.4
ORD001250,2025-03-25,CUS0015,SKU0013,LOC008,LOC013,expedited,17,4152.25,2798.37
ORD001251,2025-03-05,CUS0102,SKU0010,LOC008,LOC024,standard,4,222.8,161.88
ORD001252,2025-01-18,CUS0029,SKU0008,LOC001,LOC014,standard,3,701.16,493.59
ORD001253,2025-02-13,CUS0239,SKU0029,LOC007,LOC023,expedited,17,4720.73,3181.04
ORD001254,2025-01-02,CUS0199,SKU0020,LOC003,LOC014,expedited,15,2171.7,1434.0
ORD001255,2025-03-13,CUS0237,SKU0009,LOC005,LOC023,expedited,17,9661.61,5789.18
ORD001256,2025-03-17,CUS0185,SKU0023,LOC001,LOC017,standard,12,3485.16,1885.68
ORD001257,2025-03-30,CUS0059,SKU0007,LOC009,LOC022,standard,1,131.25,72.06
ORD001258,2025-01-17,CUS0242,SKU0017,LOC001,LOC024,standard,1,137.6,98.48
ORD001259,2025-01-21,CUS0072,SKU0032,LOC007,LOC024,standard,18,2316.24,1619.1
ORD001260,2025-01-17,CUS0167,SKU0034,LOC003,LOC032,standard,10,6912.1,3907.9
ORD001261,2025-02-06,CUS0005,SKU0008,LOC008,LOC022,standard,2,467.44,329.06
ORD001262,2025-02-09,CUS0152,SKU0029,LOC003,LOC018,expedited,12,3332.28,2245.44
ORD001263,2025-01-14,CUS0112,SKU0030,LOC001,LOC017,standard,9,6213.96,3675.78
ORD001264,2025-02-22,CUS0103,SKU0029,LOC001,LOC028,standard,4,1110.76,748.48
ORD001265,2025-03-27,CUS0152,SKU0010,LOC004,LOC027,standard,4,222.8,161.88
ORD001266,2025-01-14,CUS0086,SKU0015,LOC009,LOC019,standard,15,5029.05,3884.4
ORD001267,2025-02-21,CUS0005,SKU0002,LOC007,LOC030,standard,7,3569.02,2007.6
ORD001268,2025-01-27,CUS0051,SKU0022,LOC008,LOC019,standard,1,182.71,116.25
ORD001269,2025-02-25,CUS0150,SKU0023,LOC005,LOC023,expedited,3,871.29,471.42
ORD001270,2025-02-09,CUS0204,SKU0005,LOC008,LOC014,same_day,1,267.82,180.84
ORD001271,2025-03-25,CUS0197,SKU0035,LOC006,LOC018,standard,8,1144.48,853.2
ORD001272,2025-01-23,CUS0207,SKU0003,LOC008,LOC023,standard,17,445.57,358.53
ORD001273,2025-03-24,CUS0113,SKU0038,LOC007,LOC023,standard,15,1749.0,1140.45
ORD001274,2025-03-04,CUS0123,SKU0032,LOC006,LOC024,standard,2,257.36,179.9
ORD001275,2025-03-30,CUS0146,SKU0038,LOC005,LOC016,same_day,10,1166.0,760.3
ORD001276,2025-03-26,CUS0014,SKU0030,LOC003,LOC014,standard,7,4833.08,2858.94
ORD001277,2025-01-21,CUS0025,SKU0017,LOC010,LOC029,expedited,1,137.6,98.48
ORD001278,2025-01-15,CUS0188,SKU0002,LOC009,LOC011,standard,15,7647.9,4302.0
ORD001279,2025-02-21,CUS0036,SKU0035,LOC004,LOC029,expedited,10,1430.6,1066.5
ORD001280,2025-02-17,CUS0045,SKU0035,LOC008,LOC021,standard,1,143.06,106.65
ORD001281,2025-01-24,CUS0022,SKU0037,LOC008,LOC032,expedited,13,5324.54,4205.76
ORD001282,2025-03-18,CUS0039,SKU0033,LOC008,LOC032,expedited,18,10998.72,6955.56
ORD001283,2025-03-17,CUS0232,SKU0017,LOC009,LOC031,standard,4,550.4,393.92
ORD001284,2025-02-06,CUS0058,SKU0036,LOC008,LOC029,expedited,18,1173.24,779.22
ORD001285,2025-03-23,CUS0214,SKU0019,LOC005,LOC025,standard,14,884.8,493.78
ORD001286,2025-02-26,CUS0027,SKU0022,LOC010,LOC018,standard,18,3288.78,2092.5
ORD001287,2025-03-11,CUS0246,SKU0037,LOC007,LOC015,standard,17,6962.86,5499.84
ORD001288,2025-01-20,CUS0155,SKU0029,LOC002,LOC013,same_day,17,4720.73,3181.04
ORD001289,2025-01-15,CUS0170,SKU0023,LOC004,LOC026,standard,8,2323.44,1257.12
ORD001290,2025-02-13,CUS0236,SKU0003,LOC006,LOC011,standard,8,209.68,168.72
ORD001291,2025-02-05,CUS0068,SKU0010,LOC005,LOC011,expedited,16,891.2,647.52
ORD001292,2025-01-09,CUS0198,SKU0005,LOC010,LOC028,standard,16,4285.12,2893.44
ORD001293,2025-01-01,CUS0038,SKU0036,LOC004,LOC021,expedited,15,977.7,649.35
ORD001294,2025-03-22,CUS0109,SKU0035,LOC010,LOC023,standard,9,1287.54,959.85
ORD001295,2025-03-06,CUS0084,SKU0006,LOC010,LOC032,standard,10,4126.4,3206.3
ORD001296,2025-03-29,CUS0179,SKU0016,LOC002,LOC024,expedited,12,3240.72,2381.4
ORD001297,2025-03-18,CUS0054,SKU0026,LOC006,LOC022,standard,18,6815.52,4563.18
ORD001298,2025-01-01,CUS0077,SKU0009,LOC007,LOC023,standard,10,5683.3,3405.4
ORD001299,2025-03-13,CUS0106,SKU0032,LOC005,LOC021,standard,14,1801.52,1259.3
ORD001300,2025-03-04,CUS0229,SKU0035,LOC006,LOC018,expedited,11,1573.66,1173.15
ORD001301,2025-03-19,CUS0220,SKU0016,LOC003,LOC024,standard,5,1350.3,992.25
ORD001302,2025-01-07,CUS0156,SKU0039,LOC007,LOC016,standard,11,7246.25,4297.81
ORD001303,2025-01-20,CUS0247,SKU0028,LOC002,LOC023,standard,15,8068.65,4760.4
ORD001304,2025-01-23,CUS0096,SKU0006,LOC007,LOC012,standard,4,1650.56,1282.52
ORD001305,2025-03-10,CUS0133,SKU0038,LOC003,LOC029,standard,16,1865.6,1216.48
ORD001306,2025-01-02,CUS0035,SKU0029,LOC007,LOC013,same_day,9,2499.21,1684.08
ORD001307,2025-01-22,CUS0059,SKU0017,LOC007,LOC028,standard,17,2339.2,1674.16
ORD001308,2025-02-14,CUS0068,SKU0024,LOC009,LOC018,same_day,6,330.42,272.7
ORD001309,2025-02-16,CUS0009,SKU0004,LOC003,LOC017,expedited,9,223.74,170.37
ORD001310,2025-01-25,CUS0198,SKU0019,LOC008,LOC032,standard,15,948.0,529.05
ORD001311,2025-02-20,CUS0166,SKU0019,LOC009,LOC028,expedited,8,505.6,282.16
ORD001312,2025-01-10,CUS0168,SKU0001,LOC007,LOC018,expedited,12,299.64,219.6
ORD001313,2025-03-23,CUS0203,SKU0039,LOC006,LOC018,standard,13,8563.75,5079.23
ORD001314,2025-03-31,CUS0018,SKU0033,LOC009,LOC013,expedited,4,2444.16,1545.68
ORD001315,2025-01-23,CUS0067,SKU0024,LOC002,LOC026,standard,9,495.63,409.05
ORD001316,2025-03-12,CUS0165,SKU0016,LOC009,LOC027,standard,11,2970.66,2182.95
ORD001317,2025-02-19,CUS0136,SKU0038,LOC006,LOC026,expedited,14,1632.4,1064.42
ORD001318,2025-01-14,CUS0065,SKU0009,LOC010,LOC028,standard,15,8524.95,5108.1
ORD001319,2025-01-23,CUS0167,SKU0036,LOC003,LOC014,standard,7,456.26,303.03
ORD001320,2025-01-21,CUS0133,SKU0012,LOC004,LOC016,same_day,7,4205.53,2285.5
ORD001321,2025-01-15,CUS0228,SKU0012,LOC001,LOC011,standard,8,4806.32,2612.0
ORD001322,2025-01-16,CUS0049,SKU0019,LOC004,LOC028,standard,3,189.6,105.81
ORD001323,2025-03-25,CUS0131,SKU0038,LOC005,LOC024,standard,3,349.8,228.09
ORD001324,2025-01-13,CUS0118,SKU0002,LOC005,LOC021,standard,7,3569.02,2007.6
ORD001325,2025-01-10,CUS0111,SKU0028,LOC006,LOC020,standard,2,1075.82,634.72
ORD001326,2025-01-29,CUS0139,SKU0029,LOC010,LOC019,same_day,1,277.69,187.12
ORD001327,2025-03-20,CUS0111,SKU0013,LOC010,LOC030,standard,18,4396.5,2962.98
ORD001328,2025-03-19,CUS0060,SKU0034,LOC010,LOC014,standard,1,691.21,390.79
ORD001329,2025-03-29,CUS0019,SKU0040,LOC002,LOC029,expedited,16,4495.68,2758.08
ORD001330,2025-01-03,CUS0006,SKU0009,LOC006,LOC025,expedited,8,4546.64,2724.32
ORD001331,2025-02-08,CUS0195,SKU0001,LOC009,LOC021,same_day,18,449.46,329.4
ORD001332,2025-02-28,CUS0125,SKU0009,LOC002,LOC028,standard,3,1704.99,1021.62
ORD001333,2025-03-19,CUS0112,SKU0009,LOC008,LOC012,expedited,13,7388.29,4427.02
ORD001334,2025-02-16,CUS0211,SKU0007,LOC001,LOC021,standard,5,656.25,360.3
ORD001335,2025-01-17,CUS0217,SKU0009,LOC002,LOC031,standard,5,2841.65,1702.7
ORD001336,2025-02-13,CUS0044,SKU0030,LOC003,LOC027,standard,2,1380.88,816.84
ORD001337,2025-03-20,CUS0015,SKU0001,LOC008,LOC018,standard,9,224.73,164.7
ORD001338,2025-02-23,CUS0002,SKU0024,LOC009,LOC031,standard,18,991.26,818.1
ORD001339,2025-03-15,CUS0046,SKU0040,LOC001,LOC022,standard,1,280.98,172.38
ORD001340,2025-02-26,CUS0012,SKU0013,LOC006,LOC032,standard,5,1221.25,823.05
ORD001341,2025-03-03,CUS0147,SKU0033,LOC010,LOC027,standard,3,1833.12,1159.26
ORD001342,2025-03-13,CUS0034,SKU0023,LOC002,LOC024,standard,14,4066.02,2199.96
ORD001343,2025-03-07,CUS0207,SKU0013,LOC003,LOC022,same_day,16,3908.0,2633.76
ORD001344,2025-01-24,CUS0249,SKU0014,LOC004,LOC021,standard,10,2119.3,1605.1
ORD001345,2025-01-08,CUS0112,SKU0035,LOC005,LOC020,standard,9,1287.54,959.85
ORD001346,2025-01-23,CUS0236,SKU0025,LOC001,LOC021,standard,8,3912.72,2674.72
ORD001347,2025-02-26,CUS0093,SKU0026,LOC010,LOC016,same_day,2,757.28,507.02
ORD001348,2025-03-11,CUS0011,SKU0007,LOC010,LOC014,same_day,11,1443.75,792.66
ORD001349,2025-01-11,CUS0241,SKU0033,LOC008,LOC032,same_day,15,9165.6,5796.3
ORD001350,2025-03-31,CUS0184,SKU0026,LOC005,LOC013,standard,1,378.64,253.51
ORD001351,2025-01-11,CUS0231,SKU0029,LOC003,LOC024,expedited,6,1666.14,1122.72
ORD001352,2025-01-15,CUS0248,SKU0023,LOC010,LOC021,standard,6,1742.58,942.84
ORD001353,2025-01-06,CUS0196,SKU0007,LOC006,LOC029,same_day,16,2100.0,1152.96
ORD001354,2025-01-30,CUS0003,SKU0004,LOC005,LOC011,expedited,3,74.58,56.79
ORD001355,2025-03-16,CUS0033,SKU0023,LOC005,LOC013,standard,9,2613.87,1414.26
ORD001356,2025-03-22,CUS0168,SKU0015,LOC009,LOC022,standard,4,1341.08,1035.84
ORD001357,2025-02-01,CUS0012,SKU0010,LOC010,LOC011,same_day,11,612.7,445.17
ORD001358,2025-02-24,CUS0019,SKU0004,LOC001,LOC018,same_day,18,447.48,340.74
ORD001359,2025-03-30,CUS0146,SKU0013,LOC007,LOC026,expedited,7,1709.75,1152.27
ORD001360,2025-01-21,CUS0042,SKU0014,LOC004,LOC023,standard,1,211.93,160.51
ORD001361,2025-02-20,CUS0138,SKU0030,LOC003,LOC018,standard,4,2761.76,1633.68
ORD001362,2025-01-13,CUS0011,SKU0037,LOC004,LOC011,standard,2,819.16,647.04
ORD001363,2025-02-01,CUS0099,SKU0006,LOC006,LOC025,standard,4,1650.56,1282.52
ORD001364,2025-03-14,CUS0083,SKU0029,LOC010,LOC024,standard,18,4998.42,3368.16
ORD001365,2025-01-06,CUS0172,SKU0027,LOC003,LOC013,standard,8,3445.6,2901.12
ORD001366,2025-03-01,CUS0233,SKU0001,LOC003,LOC018,expedited,5,124.85,91.5
ORD001367,2025-02-25,CUS0166,SKU0007,LOC002,LOC027,expedited,6,787.5,432.36
ORD001368,2025-03-29,CUS0028,SKU0028,LOC006,LOC028,standard,4,2151.64,1269.44
ORD001369,2025-02-10,CUS0043,SKU0031,LOC006,LOC018,standard,15,7589.4,5499.75
ORD001370,2025-03-31,CUS0141,SKU0005,LOC010,LOC026,standard,7,1874.74,1265.88
ORD001371,2025-02-05,CUS0169,SKU0004,LOC009,LOC017,standard,10,248.6,189.3
ORD001372,2025-03-22,CUS0170,SKU0009,LOC008,LOC019,same_day,8,4546.64,2724.32
ORD001373,2025-03-09,CUS0250,SKU0027,LOC001,LOC015,expedited,3,1292.1,1087.92
ORD001374,2025-01-07,CUS0219,SKU0015,LOC003,LOC014,standard,5,1676.35,1294.8
ORD001375,2025-01-25,CUS0024,SKU0033,LOC001,LOC022,standard,5,3055.2,1932.1
ORD001376,2025-02-26,CUS0232,SKU0026,LOC002,LOC032,standard,12,4543.68,3042.12
ORD001377,2025-03-18,CUS0077,SKU0031,LOC004,LOC014,standard,3,1517.88,1099.95
ORD001378,2025-03-11,CUS0100,SKU0040,LOC004,LOC014,expedited,3,842.94,517.14
ORD001379,2025-03-06,CUS0227,SKU0036,LOC001,LOC023,standard,13,847.34,562.77
ORD001380,2025-01-20,CUS0093,SKU0026,LOC005,LOC020,standard,17,6436.88,4309.67
ORD001381,2025-02-25,CUS0155,SKU0020,LOC007,LOC016,standard,7,1013.46,669.2
ORD001382,2025-01-22,CUS0023,SKU0008,LOC003,LOC021,standard,14,3272.08,2303.42
ORD001383,2025-01-20,CUS0163,SKU0033,LOC010,LOC024,standard,17,10387.68,6569.14
ORD001384,2025-02-09,CUS0147,SKU0039,LOC006,LOC018,same_day,3,1976.25,1172.13
ORD001385,2025-02-06,CUS0171,SKU0024,LOC001,LOC018,same_day,6,330.42,272.7
ORD001386,2025-02-16,CUS0104,SKU0032,LOC008,LOC023,expedited,17,2187.56,1529.15
ORD001387,2025-02-28,CUS0243,SKU0022,LOC005,LOC023,standard,9,1644.39,1046.25
ORD001388,2025-03-18,CUS0111,SKU0005,LOC005,LOC022,expedited,13,3481.66,2350.92
ORD001389,2025-01-02,CUS0023,SKU0033,LOC010,LOC023,standard,10,6110.4,3864.2
ORD001390,2025-02-27,CUS0117,SKU0001,LOC010,LOC014,standard,8,199.76,146.4
ORD001391,2025-01-16,CUS0171,SKU0004,LOC007,LOC014,same_day,10,248.6,189.3
ORD001392,2025-02-09,CUS0146,SKU0029,LOC002,LOC032,standard,2,555.38,374.24
ORD001393,2025-03-24,CUS0241,SKU0032,LOC009,LOC025,expedited,4,514.72,359.8
ORD001394,2025-03-13,CUS0093,SKU0014,LOC009,LOC025,standard,6,1271.58,963.06
ORD001395,2025-03-29,CUS0029,SKU0004,LOC006,LOC015,expedited,16,397.76,302.88
ORD001396,2025-03-01,CUS0175,SKU0026,LOC002,LOC019,standard,14,5300.96,3549.14
ORD001397,2025-01-06,CUS0209,SKU0010,LOC001,LOC012,same_day,12,668.4,485.64
ORD001398,2025-03-03,CUS0017,SKU0009,LOC004,LOC014,expedited,6,3409.98,2043.24
ORD001399,2025-02-08,CUS0196,SKU0014,LOC001,LOC017,standard,4,847.72,642.04
ORD001400,2025-03-21,CUS0199,SKU0034,LOC003,LOC029,standard,5,3456.05,1953.95
ORD001401,2025-02-14,CUS0091,SKU0040,LOC008,LOC018,standard,12,3371.76,2068.56
ORD001402,2025-03-19,CUS0094,SKU0019,LOC004,LOC024,standard,1,63.2,35.27
ORD001403,2025-02-14,CUS0024,SKU0026,LOC002,LOC027,same_day,16,6058.24,4056.16
ORD001404,2025-01-26,CUS0126,SKU0001,LOC009,LOC018,standard,4,99.88,73.2
ORD001405,2025-03-05,CUS0137,SKU0017,LOC003,LOC017,expedited,14,1926.4,1378.72
ORD001406,2025-01-20,CUS0005,SKU0033,LOC003,LOC022,standard,6,3666.24,2318.52
ORD001407,2025-03-27,CUS0188,SKU0012,LOC006,LOC031,same_day,6,3604.74,1959.0
ORD001408,2025-02-01,CUS0018,SKU0016,LOC008,LOC019,expedited,16,4320.96,3175.2
ORD001409,2025-01-01,CUS0220,SKU0015,LOC002,LOC018,standard,11,3687.97,2848.56
ORD001410,2025-03-26,CUS0059,SKU0026,LOC006,LOC019,standard,10,3786.4,2535.1
ORD001411,2025-02-10,CUS0240,SKU0012,LOC002,LOC029,standard,3,1802.37,979.5
ORD001412,2025-02-04,CUS0185,SKU0037,LOC008,LOC028,standard,3,1228.74,970.56
ORD001413,2025-01-24,CUS0005,SKU0009,LOC008,LOC014,standard,1,568.33,340.54
ORD001414,2025-01-12,CUS0147,SKU0013,LOC008,LOC028,standard,3,732.75,493.83
ORD001415,2025-03-14,CUS0019,SKU0014,LOC003,LOC015,same_day,16,3390.88,2568.16
ORD001416,2025-03-28,CUS0179,SKU0022,LOC009,LOC024,expedited,15,2740.65,1743.75
ORD001417,2025-03-23,CUS0030,SKU0013,LOC009,LOC032,same_day,10,2442.5,1646.1
ORD001418,2025-01-16,CUS0151,SKU0008,LOC008,LOC023,standard,6,1402.32,987.18
ORD001419,2025-03-14,CUS0002,SKU0031,LOC009,LOC032,expedited,10,5059.6,3666.5
ORD001420,2025-02-08,CUS0227,SKU0020,LOC006,LOC024,standard,15,2171.7,1434.0
ORD001421,2025-02-12,CUS0091,SKU0016,LOC005,LOC029,standard,14,3780.84,2778.3
ORD001422,2025-03-01,CUS0167,SKU0037,LOC006,LOC017,standard,4,1638.32,1294.08
ORD001423,2025-03-17,CUS0095,SKU0012,LOC005,LOC018,standard,1,600.79,326.5
ORD001424,2025-03-20,CUS0218,SKU0040,LOC006,LOC020,standard,17,4776.66,2930.46
ORD001425,2025-02-01,CUS0224,SKU0017,LOC005,LOC030,standard,11,1513.6,1083.28
ORD001426,2025-03-19,CUS0071,SKU0017,LOC005,LOC024,standard,8,1100.8,787.84
ORD001427,2025-03-28,CUS0038,SKU0011,LOC004,LOC029,expedited,18,7311.42,4425.66
ORD001428,2025-01-21,CUS0115,SKU0037,LOC008,LOC012,standard,1,409.58,323.52
ORD001429,2025-03-08,CUS0095,SKU0027,LOC005,LOC019,standard,10,4307.0,3626.4
ORD001430,2025-02-18,CUS0058,SKU0040,LOC006,LOC014,same_day,5,1404.9,861.9
ORD001431,2025-01-27,CUS0220,SKU0022,LOC006,LOC031,expedited,15,2740.65,1743.75
ORD001432,2025-03-13,CUS0157,SKU0037,LOC005,LOC017,same_day,3,1228.74,970.56
ORD001433,2025-02-20,CUS0058,SKU0005,LOC007,LOC016,standard,3,803.46,542.52
ORD001434,2025-02-01,CUS0047,SKU0019,LOC005,LOC018,standard,15,948.0,529.05
ORD001435,2025-02-23,CUS0213,SKU0035,LOC010,LOC019,standard,13,1859.78,1386.45
ORD001436,2025-01-07,CUS0113,SKU0032,LOC001,LOC020,standard,3,386.04,269.85
ORD001437,2025-01-08,CUS0243,SKU0024,LOC006,LOC016,standard,18,991.26,818.1
ORD001438,2025-01-21,CUS0040,SKU0034,LOC006,LOC023,standard,5,3456.05,1953.95
ORD001439,2025-01-02,CUS0065,SKU0013,LOC008,LOC022,standard,8,1954.0,1316.88
ORD001440,2025-02-24,CUS0157,SKU0040,LOC003,LOC019,standard,16,4495.68,2758.08
ORD001441,2025-01-11,CUS0189,SKU0015,LOC005,LOC015,same_day,6,2011.62,1553.76
ORD001442,2025-02-07,CUS0117,SKU0006,LOC003,LOC020,standard,1,412.64,320.63
ORD001443,2025-01-08,CUS0170,SKU0017,LOC008,LOC021,standard,14,1926.4,1378.72
ORD001444,2025-03-21,CUS0013,SKU0017,LOC008,LOC015,expedited,6,825.6,590.88
ORD001445,2025-02-13,CUS0040,SKU0012,LOC007,LOC028,standard,3,1802.37,979.5
ORD001446,2025-03-06,CUS0125,SKU0016,LOC002,LOC016,expedited,5,1350.3,992.25
ORD001447,2025-01-12,CUS0118,SKU0034,LOC010,LOC012,same_day,4,2764.84,1563.16
ORD001448,2025-01-07,CUS0178,SKU0019,LOC006,LOC014,expedited,16,1011.2,564.32
ORD001449,2025-01-23,CUS0027,SKU0032,LOC009,LOC025,standard,4,514.72,359.8
ORD001450,2025-02-16,CUS0029,SKU0010,LOC005,LOC029,expedited,5,278.5,202.35
ORD001451,2025-01-25,CUS0210,SKU0035,LOC001,LOC020,same_day,1,143.06,106.65
ORD001452,2025-03-16,CUS0119,SKU0018,LOC007,LOC027,same_day,1,123.0,102.37
ORD001453,2025-02-10,CUS0066,SKU0032,LOC010,LOC021,standard,15,1930.2,1349.25
ORD001454,2025-01-24,CUS0082,SKU0031,LOC001,LOC024,standard,16,8095.36,5866.4
ORD001455,2025-02-14,CUS0035,SKU0039,LOC002,LOC021,standard,5,3293.75,1953.55
ORD001456,2025-01-20,CUS0103,SKU0038,LOC003,LOC031,standard,11,1282.6,836.33
ORD001457,2025-03-21,CUS0111,SKU0003,LOC009,LOC021,expedited,6,157.26,126.54
ORD001458,2025-01-14,CUS0012,SKU0003,LOC003,LOC013,standard,18,471.78,379.62
ORD001459,2025-01-20,CUS0096,SKU0005,LOC007,LOC028,standard,6,1606.92,1085.04
ORD001460,2025-02-21,CUS0196,SKU0007,LOC009,LOC012,standard,1,131.25,72.06
ORD001461,2025-02-09,CUS0204,SKU0003,LOC004,LOC021,expedited,1,26.21,21.09
ORD001462,2025-02-19,CUS0192,SKU0026,LOC004,LOC020,expedited,10,3786.4,2535.1
ORD001463,2025-01-19,CUS0046,SKU0010,LOC005,LOC028,expedited,14,779.8,566.58
ORD001464,2025-01-15,CUS0235,SKU0033,LOC008,LOC015,standard,16,9776.64,6182.72
ORD001465,2025-03-18,CUS0177,SKU0037,LOC001,LOC018,same_day,9,3686.22,2911.68
ORD001466,2025-01-03,CUS0016,SKU0001,LOC009,LOC021,expedited,6,149.82,109.8
ORD001467,2025-01-25,CUS0162,SKU0021,LOC009,LOC011,expedited,1,85.15,66.86
ORD001468,2025-01-21,CUS0197,SKU0037,LOC007,LOC016,same_day,6,2457.48,1941.12
ORD001469,2025-02-01,CUS0228,SKU0036,LOC004,LOC017,expedited,6,391.08,259.74
ORD001470,2025-01-11,CUS0234,SKU0035,LOC007,LOC028,standard,4,572.24,426.6
ORD001471,2025-01-14,CUS0040,SKU0013,LOC009,LOC027,standard,3,732.75,493.83
ORD001472,2025-01-24,CUS0123,SKU0034,LOC008,LOC023,standard,3,2073.63,1172.37
ORD001473,2025-02-24,CUS0043,SKU0038,LOC005,LOC018,expedited,12,1399.2,912.36
ORD001474,2025-03-01,CUS0118,SKU0008,LOC010,LOC028,standard,14,3272.08,2303.42
ORD001475,2025-02-08,CUS0189,SKU0012,LOC007,LOC028,standard,16,9612.64,5224.0
ORD001476,2025-03-20,CUS0083,SKU0009,LOC010,LOC016,expedited,4,2273.32,1362.16
ORD001477,2025-03-19,CUS0196,SKU0001,LOC005,LOC031,standard,14,349.58,256.2
ORD001478,2025-03-21,CUS0196,SKU0005,LOC009,LOC011,standard,10,2678.2,1808.4
ORD001479,2025-03-29,CUS0176,SKU0023,LOC010,LOC027,standard,18,5227.74,2828.52
ORD001480,2025-03-01,CUS0242,SKU0034,LOC009,LOC028,standard,15,10368.15,5861.85
ORD001481,2025-02-07,CUS0068,SKU0002,LOC007,LOC011,expedited,18,9177.48,5162.4
ORD001482,2025-01-16,CUS0103,SKU0011,LOC009,LOC030,expedited,2,812.38,491.74
ORD001483,2025-03-11,CUS0092,SKU0017,LOC004,LOC032,standard,18,2476.8,1772.64
ORD001484,2025-02-09,CUS0061,SKU0036,LOC002,LOC028,expedited,18,1173.24,779.22
ORD001485,2025-01-31,CUS0235,SKU0024,LOC007,LOC014,standard,15,826.05,681.75
ORD001486,2025-01-03,CUS0075,SKU0025,LOC008,LOC028,same_day,12,5869.08,4012.08
ORD001487,2025-03-14,CUS0168,SKU0002,LOC004,LOC024,standard,16,8157.76,4588.8
ORD001488,2025-01-16,CUS0078,SKU0019,LOC007,LOC026,standard,9,568.8,317.43
ORD001489,2025-02-24,CUS0043,SKU0024,LOC010,LOC030,standard,13,715.91,590.85
ORD001490,2025-01-18,CUS0048,SKU0012,LOC004,LOC031,standard,14,8411.06,4571.0
ORD001491,2025-01-04,CUS0231,SKU0031,LOC007,LOC021,standard,10,5059.6,3666.5
ORD001492,2025-01-30,CUS0126,SKU0001,LOC004,LOC014,standard,11,274.67,201.3
ORD001493,2025-03-18,CUS0033,SKU0026,LOC004,LOC031,standard,8,3029.12,2028.08
ORD001494,2025-03-01,CUS0138,SKU0018,LOC009,LOC021,standard,14,1722.0,1433.18
ORD001495,2025-01-22,CUS0175,SKU0011,LOC006,LOC026,standard,10,4061.9,2458.7
ORD001496,2025-02-27,CUS0136,SKU0004,LOC005,LOC025,standard,11,273.46,208.23
ORD001497,2025-03-02,CUS0092,SKU0014,LOC008,LOC014,standard,12,2543.16,1926.12
ORD001498,2025-03-31,CUS0067,SKU0013,LOC008,LOC027,expedited,15,3663.75,2469.15
ORD001499,2025-01-16,CUS0224,SKU0006,LOC007,LOC012,standard,14,5776.96,4488.82
ORD001500,2025-01-23,CUS0091,SKU0005,LOC005,LOC028,expedited,18,4820.76,3255.12
ORD001501,2025-03-29,CUS0114,SKU0008,LOC008,LOC027,standard,6,1402.32,987.18
ORD001502,2025-03-14,CUS0176,SKU0028,LOC008,LOC013,expedited,12,6454.92,3808.32
ORD001503,2025-02-18,CUS0239,SKU0038,LOC005,LOC023,same_day,13,1515.8,988.39
ORD001504,2025-02-13,CUS0029,SKU0003,LOC004,LOC029,standard,1,26.21,21.09
ORD001505,2025-01-30,CUS0025,SKU0011,LOC005,LOC023,expedited,11,4468.09,2704.57
ORD001506,2025-03-07,CUS0193,SKU0040,LOC008,LOC016,expedited,10,2809.8,1723.8
ORD001507,2025-03-04,CUS0033,SKU0034,LOC010,LOC025,standard,12,8294.52,4689.48
ORD001508,2025-02-08,CUS0233,SKU0039,LOC010,LOC027,standard,7,4611.25,2734.97
ORD001509,2025-02-03,CUS0204,SKU0018,LOC009,LOC014,same_day,4,492.0,409.48
ORD001510,2025-01-28,CUS0129,SKU0034,LOC002,LOC029,expedited,7,4838.47,2735.53
ORD001511,2025-03-04,CUS0242,SKU0018,LOC010,LOC031,expedited,3,369.0,307.11
ORD001512,2025-02-26,CUS0081,SKU0024,LOC010,LOC017,standard,2,110.14,90.9
ORD001513,2025-02-17,CUS0138,SKU0033,LOC004,LOC015,standard,11,6721.44,4250.62
ORD001514,2025-01-16,CUS0021,SKU0038,LOC010,LOC026,standard,8,932.8,608.24
ORD001515,2025-02-10,CUS0011,SKU0028,LOC002,LOC012,standard,8,4303.28,2538.88
ORD001516,2025-01-18,CUS0103,SKU0014,LOC009,LOC026,standard,15,3178.95,2407.65
ORD001517,2025-02-21,CUS0056,SKU0006,LOC004,LOC030,standard,15,6189.6,4809.45
ORD001518,2025-03-22,CUS0024,SKU0028,LOC004,LOC013,standard,11,5917.01,3490.96
ORD001519,2025-02-18,CUS0048,SKU0037,LOC010,LOC012,standard,16,6553.28,5176.32
ORD001520,2025-01-31,CUS0008,SKU0030,LOC007,LOC024,standard,6,4142.64,2450.52
ORD001521,2025-02-01,CUS0097,SKU0006,LOC010,LOC025,standard,17,7014.88,5450.71
ORD001522,2025-01-27,CUS0213,SKU0027,LOC001,LOC017,standard,10,4307.0,3626.4
ORD001523,2025-01-28,CUS0108,SKU0032,LOC005,LOC032,standard,5,643.4,449.75
ORD001524,2025-03-09,CUS0082,SKU0038,LOC001,LOC024,expedited,8,932.8,608.24
ORD001525,2025-03-30,CUS0045,SKU0037,LOC005,LOC021,expedited,1,409.58,323.52
ORD001526,2025-01-31,CUS0192,SKU0035,LOC005,LOC017,expedited,11,1573.66,1173.15
ORD001527,2025-02-24,CUS0202,SKU0008,LOC001,LOC017,expedited,18,4206.96,2961.54
ORD001528,2025-03-17,CUS0130,SKU0005,LOC006,LOC027,standard,17,4552.94,3074.28
ORD001529,2025-01-28,CUS0004,SKU0029,LOC006,LOC017,standard,16,4443.04,2993.92
ORD001530,2025-01-24,CUS0090,SKU0009,LOC002,LOC031,standard,13,7388.29,4427.02
ORD001531,2025-01-30,CUS0116,SKU0023,LOC008,LOC029,expedited,2,580.86,314.28
ORD001532,2025-01-28,CUS0216,SKU0016,LOC010,LOC020,standard,12,3240.72,2381.4
ORD001533,2025-01-19,CUS0244,SKU0035,LOC005,LOC029,standard,9,1287.54,959.85
ORD001534,2025-01-23,CUS0204,SKU0020,LOC004,LOC016,standard,16,2316.48,1529.6
ORD001535,2025-03-10,CUS0050,SKU0003,LOC003,LOC028,expedited,2,52.42,42.18
ORD001536,2025-03-25,CUS0009,SKU0003,LOC007,LOC015,standard,5,131.05,105.45
ORD001537,2025-01-26,CUS0008,SKU0038,LOC004,LOC015,standard,18,2098.8,1368.54
ORD001538,2025-03-14,CUS0056,SKU0030,LOC001,LOC031,same_day,1,690.44,408.42
ORD001539,2025-01-12,CUS0145,SKU0025,LOC003,LOC014,standard,18,8803.62,6018.12
ORD001540,2025-02-02,CUS0203,SKU0027,LOC002,LOC026,standard,9,3876.3,3263.76
ORD001541,2025-02-09,CUS0212,SKU0010,LOC007,LOC011,standard,2,111.4,80.94
ORD001542,2025-01-28,CUS0037,SKU0006,LOC008,LOC026,same_day,9,3713.76,2885.67
ORD001543,2025-01-03,CUS0165,SKU0027,LOC008,LOC030,standard,6,2584.2,2175.84
ORD001544,2025-01-04,CUS0243,SKU0018,LOC007,LOC012,same_day,5,615.0,511.85
ORD001545,2025-03-15,CUS0149,SKU0035,LOC010,LOC028,expedited,11,1573.66,1173.15
ORD001546,2025-03-13,CUS0033,SKU0027,LOC001,LOC027,standard,17,7321.9,6164.88
ORD001547,2025-02-03,CUS0211,SKU0029,LOC005,LOC030,standard,8,2221.52,1496.96
ORD001548,2025-02-08,CUS0189,SKU0037,LOC004,LOC023,standard,13,5324.54,4205.76
ORD001549,2025-02-11,CUS0069,SKU0035,LOC010,LOC027,same_day,9,1287.54,959.85
ORD001550,2025-02-25,CUS0017,SKU0011,LOC003,LOC011,standard,1,406.19,245.87
ORD001551,2025-01-01,CUS0016,SKU0001,LOC007,LOC025,expedited,7,174.79,128.1
ORD001552,2025-03-20,CUS0147,SKU0034,LOC001,LOC011,standard,17,11750.57,6643.43
ORD001553,2025-03-22,CUS0176,SKU0009,LOC010,LOC025,standard,8,4546.64,2724.32
ORD001554,2025-03-11,CUS0140,SKU0020,LOC007,LOC018,expedited,11,1592.58,1051.6
ORD001555,2025-03-18,CUS0176,SKU0018,LOC008,LOC013,expedited,17,2091.0,1740.29
ORD001556,2025-01-11,CUS0178,SKU0024,LOC005,LOC015,standard,18,991.26,818.1
ORD001557,2025-02-03,CUS0093,SKU0005,LOC007,LOC029,expedited,1,267.82,180.84
ORD001558,2025-02-04,CUS0038,SKU0029,LOC005,LOC031,expedited,14,3887.66,2619.68
ORD001559,2025-03-11,CUS0236,SKU0010,LOC001,LOC015,same_day,17,946.9,687.99
ORD001560,2025-03-09,CUS0068,SKU0032,LOC006,LOC031,standard,3,386.04,269.85
ORD001561,2025-01-21,CUS0117,SKU0023,LOC003,LOC028,same_day,8,2323.44,1257.12
ORD001562,2025-01-15,CUS0202,SKU0012,LOC007,LOC014,expedited,3,1802.37,979.5
ORD001563,2025-03-19,CUS0110,SKU0017,LOC002,LOC011,standard,2,275.2,196.96
ORD001564,2025-01-23,CUS0189,SKU0037,LOC001,LOC031,standard,5,2047.9,1617.6
ORD001565,2025-02-17,CUS0193,SKU0028,LOC005,LOC031,standard,14,7530.74,4443.04
ORD001566,2025-02-26,CUS0099,SKU0020,LOC001,LOC022,standard,8,1158.24,764.8
ORD001567,2025-03-22,CUS0217,SKU0032,LOC009,LOC016,same_day,10,1286.8,899.5
ORD001568,2025-01-13,CUS0172,SKU0030,LOC007,LOC024,expedited,5,3452.2,2042.1
ORD001569,2025-03-31,CUS0071,SKU0009,LOC009,LOC025,expedited,5,2841.65,1702.7
ORD001570,2025-02-07,CUS0149,SKU0011,LOC007,LOC014,standard,3,1218.57,737.61
ORD001571,2025-03-03,CUS0061,SKU0009,LOC007,LOC028,same_day,5,2841.65,1702.7
ORD001572,2025-01-20,CUS0155,SKU0017,LOC003,LOC011,standard,14,1926.4,1378.72
ORD001573,2025-02-05,CUS0026,SKU0008,LOC003,LOC025,expedited,3,701.16,493.59
ORD001574,2025-03-27,CUS0087,SKU0015,LOC009,LOC016,standard,10,3352.7,2589.6
ORD001575,2025-02-05,CUS0006,SKU0035,LOC002,LOC012,standard,14,2002.84,1493.1
ORD001576,2025-02-17,CUS0206,SKU0006,LOC007,LOC012,standard,9,3713.76,2885.67
ORD001577,2025-03-09,CUS0037,SKU0032,LOC004,LOC016,standard,8,1029.44,719.6
ORD001578,2025-01-26,CUS0212,SKU0036,LOC002,LOC013,standard,15,977.7,649.35
ORD001579,2025-01-02,CUS0062,SKU0008,LOC009,LOC024,standard,16,3739.52,2632.48
ORD001580,2025-01-14,CUS0195,SKU0010,LOC009,LOC019,expedited,13,724.1,526.11
ORD001581,2025-02-06,CUS0085,SKU0034,LOC004,LOC021,expedited,15,10368.15,5861.85
ORD001582,2025-01-03,CUS0136,SKU0036,LOC003,LOC025,standard,6,391.08,259.74
ORD001583,2025-03-01,CUS0110,SKU0007,LOC003,LOC017,standard,14,1837.5,1008.84
ORD001584,2025-03-04,CUS0125,SKU0013,LOC009,LOC014,expedited,18,4396.5,2962.98
ORD001585,2025-02-06,CUS0201,SKU0024,LOC005,LOC017,standard,18,991.26,818.1
ORD001586,2025-02-20,CUS0101,SKU0008,LOC007,LOC028,same_day,6,1402.32,987.18
ORD001587,2025-02-03,CUS0100,SKU0002,LOC010,LOC022,standard,16,8157.76,4588.8
ORD001588,2025-01-08,CUS0211,SKU0020,LOC001,LOC017,expedited,14,2026.92,1338.4
ORD001589,2025-03-25,CUS0073,SKU0011,LOC003,LOC020,standard,9,3655.71,2212.83
ORD001590,2025-01-29,CUS0190,SKU0007,LOC001,LOC021,standard,10,1312.5,720.6
ORD001591,2025-01-13,CUS0122,SKU0025,LOC007,LOC018,standard,3,1467.27,1003.02
ORD001592,2025-03-20,CUS0141,SKU0020,LOC002,LOC019,expedited,8,1158.24,764.8
ORD001593,2025-01-20,CUS0082,SKU0008,LOC008,LOC026,standard,14,3272.08,2303.42
ORD001594,2025-01-18,CUS0128,SKU0037,LOC007,LOC031,standard,12,4914.96,3882.24
ORD001595,2025-03-18,CUS0005,SKU0025,LOC008,LOC025,standard,8,3912.72,2674.72
ORD001596,2025-01-09,CUS0053,SKU0030,LOC005,LOC031,standard,1,690.44,408.42
ORD001597,2025-03-24,CUS0056,SKU0004,LOC008,LOC020,expedited,16,397.76,302.88
ORD001598,2025-03-06,CUS0099,SKU0012,LOC007,LOC032,expedited,15,9011.85,4897.5
ORD001599,2025-02-27,CUS0012,SKU0020,LOC004,LOC015,standard,17,2461.26,1625.2
ORD001600,2025-01-27,CUS0248,SKU0036,LOC010,LOC015,same_day,7,456.26,303.03
ORD001601,2025-02-25,CUS0014,SKU0039,LOC007,LOC029,expedited,16,10540.0,6251.36
ORD001602,2025-03-30,CUS0067,SKU0016,LOC010,LOC015,standard,12,3240.72,2381.4
ORD001603,2025-02-23,CUS0219,SKU0039,LOC006,LOC024,expedited,11,7246.25,4297.81
ORD001604,2025-03-02,CUS0182,SKU0032,LOC002,LOC029,standard,15,1930.2,1349.25
ORD001605,2025-03-09,CUS0054,SKU0031,LOC003,LOC031,standard,6,3035.76,2199.9
ORD001606,2025-01-14,CUS0167,SKU0024,LOC002,LOC024,expedited,15,826.05,681.75
ORD001607,2025-02-07,CUS0030,SKU0024,LOC003,LOC014,standard,18,991.26,818.1
ORD001608,2025-01-02,CUS0008,SKU0012,LOC009,LOC011,standard,6,3604.74,1959.0
ORD001609,2025-02-04,CUS0127,SKU0018,LOC001,LOC017,standard,13,1599.0,1330.81
ORD001610,2025-01-25,CUS0176,SKU0022,LOC003,LOC024,standard,2,365.42,232.5
ORD001611,2025-02-05,CUS0221,SKU0008,LOC009,LOC011,standard,8,1869.76,1316.24
ORD001612,2025-01-05,CUS0016,SKU0017,LOC009,LOC021,expedited,11,1513.6,1083.28
ORD001613,2025-01-29,CUS0119,SKU0009,LOC010,LOC014,expedited,8,4546.64,2724.32
ORD001614,2025-03-25,CUS0033,SKU0004,LOC003,LOC025,standard,14,348.04,265.02
ORD001615,2025-02-08,CUS0126,SKU0038,LOC009,LOC028,standard,7,816.2,532.21
ORD001616,2025-01-01,CUS0193,SKU0024,LOC002,LOC029,standard,16,881.12,727.2
ORD001617,2025-01-22,CUS0199,SKU0024,LOC001,LOC029,standard,3,165.21,136.35
ORD001618,2025-01-21,CUS0053,SKU0016,LOC002,LOC012,standard,7,1890.42,1389.15
ORD001619,2025-03-25,CUS0030,SKU0004,LOC001,LOC018,expedited,12,298.32,227.16
ORD001620,2025-03-12,CUS0160,SKU0014,LOC004,LOC023,expedited,10,2119.3,1605.1
ORD001621,2025-01-17,CUS0089,SKU0002,LOC005,LOC019,standard,18,9177.48,5162.4
ORD001622,2025-03-16,CUS0101,SKU0039,LOC001,LOC014,standard,11,7246.25,4297.81
ORD001623,2025-03-05,CUS0118,SKU0031,LOC010,LOC019,standard,3,1517.88,1099.95
ORD001624,2025-02-27,CUS0034,SKU0038,LOC002,LOC026,standard,4,466.4,304.12
ORD001625,2025-02-21,CUS0122,SKU0018,LOC002,LOC015,standard,14,1722.0,1433.18
ORD001626,2025-02-24,CUS0002,SKU0002,LOC009,LOC019,standard,8,4078.88,2294.4
ORD001627,2025-02-04,CUS0017,SKU0007,LOC004,LOC015,standard,6,787.5,432.36
ORD001628,2025-01-14,CUS0218,SKU0034,LOC003,LOC019,standard,2,1382.42,781.58
ORD001629,2025-01-17,CUS0040,SKU0009,LOC009,LOC014,standard,9,5114.97,3064.86
ORD001630,2025-01-01,CUS0127,SKU0031,LOC010,LOC017,standard,18,9107.28,6599.7
ORD001631,2025-01-22,CUS0091,SKU0028,LOC009,LOC032,standard,18,9682.38,5712.48
ORD001632,2025-02-05,CUS0163,SKU0022,LOC009,LOC016,standard,17,3106.07,1976.25
ORD001633,2025-03-03,CUS0190,SKU0002,LOC004,LOC031,standard,6,3059.16,1720.8
ORD001634,2025-01-11,CUS0143,SKU0011,LOC002,LOC028,expedited,13,5280.47,3196.31
ORD001635,2025-03-26,CUS0194,SKU0011,LOC003,LOC031,same_day,13,5280.47,3196.31
ORD001636,2025-01-22,CUS0023,SKU0018,LOC001,LOC030,expedited,8,984.0,818.96
ORD001637,2025-03-30,CUS0103,SKU0027,LOC010,LOC022,standard,5,2153.5,1813.2
ORD001638,2025-01-09,CUS0005,SKU0003,LOC002,LOC029,standard,10,262.1,210.9
ORD001639,2025-01-26,CUS0042,SKU0009,LOC001,LOC024,standard,6,3409.98,2043.24
ORD001640,2025-01-19,CUS0103,SKU0021,LOC007,LOC012,standard,2,170.3,133.72
ORD001641,2025-01-17,CUS0183,SKU0034,LOC007,LOC013,standard,7,4838.47,2735.53
ORD001642,2025-03-26,CUS0053,SKU0008,LOC010,LOC019,standard,8,1869.76,1316.24
ORD001643,2025-02-25,CUS0100,SKU0007,LOC003,LOC025,standard,7,918.75,504.42
ORD001644,2025-02-19,CUS0229,SKU0027,LOC005,LOC030,standard,16,6891.2,5802.24
ORD001645,2025-01-06,CUS0122,SKU0005,LOC008,LOC030,expedited,14,3749.48,2531.76
ORD001646,2025-03-31,CUS0144,SKU0019,LOC002,LOC026,standard,6,379.2,211.62
ORD001647,2025-02-14,CUS0129,SKU0013,LOC009,LOC022,standard,11,2686.75,1810.71
ORD001648,2025-01-18,CUS0177,SKU0018,LOC005,LOC013,standard,2,246.0,204.74
ORD001649,2025-01-01,CUS0224,SKU0033,LOC005,LOC018,standard,8,4888.32,3091.36
ORD001650,2025-03-19,CUS0200,SKU0038,LOC007,LOC012,standard,2,233.2,152.06
ORD001651,2025-03-24,CUS0057,SKU0019,LOC007,LOC023,expedited,4,252.8,141.08
ORD001652,2025-02-27,CUS0066,SKU0027,LOC004,LOC023,expedited,12,5168.4,4351.68
ORD001653,2025-02-08,CUS0096,SKU0034,LOC003,LOC029,expedited,3,2073.63,1172.37
ORD001654,2025-03-08,CUS0167,SKU0030,LOC006,LOC024,standard,2,1380.88,816.84
ORD001655,2025-01-05,CUS0069,SKU0029,LOC004,LOC011,standard,8,2221.52,1496.96
ORD001656,2025-01-16,CUS0189,SKU0012,LOC010,LOC031,standard,5,3003.95,1632.5
ORD001657,2025-03-20,CUS0131,SKU0029,LOC001,LOC023,standard,17,4720.73,3181.04
ORD001658,2025-03-15,CUS0179,SKU0011,LOC008,LOC023,standard,10,4061.9,2458.7
ORD001659,2025-02-10,CUS0217,SKU0002,LOC001,LOC019,expedited,11,5608.46,3154.8
ORD001660,2025-01-10,CUS0008,SKU0029,LOC002,LOC023,standard,13,3609.97,2432.56
ORD001661,2025-03-28,CUS0050,SKU0031,LOC010,LOC028,expedited,1,505.96,366.65
ORD001662,2025-03-13,CUS0198,SKU0014,LOC001,LOC028,standard,11,2331.23,1765.61
ORD001663,2025-02-09,CUS0151,SKU0026,LOC004,LOC013,standard,6,2271.84,1521.06
ORD001664,2025-02-08,CUS0073,SKU0008,LOC001,LOC023,expedited,1,233.72,164.53
ORD001665,2025-02-13,CUS0001,SKU0013,LOC009,LOC027,expedited,15,3663.75,2469.15
ORD001666,2025-02-01,CUS0120,SKU0005,LOC001,LOC023,expedited,5,1339.1,904.2
ORD001667,2025-02-04,CUS0227,SKU0022,LOC005,LOC029,expedited,4,730.84,465.0
ORD001668,2025-03-25,CUS0052,SKU0001,LOC010,LOC015,standard,11,274.67,201.3
ORD001669,2025-01-06,CUS0008,SKU0014,LOC002,LOC025,standard,2,423.86,321.02
ORD001670,2025-03-09,CUS0045,SKU0036,LOC006,LOC011,standard,14,912.52,606.06
ORD001671,2025-03-08,CUS0048,SKU0037,LOC007,LOC029,standard,11,4505.38,3558.72
ORD001672,2025-02-19,CUS0104,SKU0031,LOC003,LOC011,expedited,6,3035.76,2199.9
ORD001673,2025-02-28,CUS0050,SKU0027,LOC007,LOC031,standard,6,2584.2,2175.84
ORD001674,2025-02-12,CUS0021,SKU0001,LOC003,LOC020,same_day,16,399.52,292.8
ORD001675,2025-02-17,CUS0024,SKU0038,LOC005,LOC029,standard,1,116.6,76.03
ORD001676,2025-01-08,CUS0001,SKU0029,LOC005,LOC012,standard,13,3609.97,2432.56
ORD001677,2025-03-31,CUS0193,SKU0033,LOC001,LOC018,expedited,9,5499.36,3477.78
ORD001678,2025-02-04,CUS0038,SKU0035,LOC008,LOC018,expedited,17,2432.02,1813.05
ORD001679,2025-02-21,CUS0060,SKU0009,LOC009,LOC024,standard,7,3978.31,2383.78
ORD001680,2025-01-17,CUS0210,SKU0037,LOC005,LOC016,standard,10,4095.8,3235.2
ORD001681,2025-02-22,CUS0099,SKU0001,LOC006,LOC023,standard,5,124.85,91.5
ORD001682,2025-03-19,CUS0056,SKU0016,LOC007,LOC028,expedited,18,4861.08,3572.1
ORD001683,2025-02-27,CUS0004,SKU0028,LOC005,LOC030,standard,12,6454.92,3808.32
ORD001684,2025-01-26,CUS0022,SKU0039,LOC002,LOC020,standard,7,4611.25,2734.97
ORD001685,2025-03-26,CUS0216,SKU0010,LOC001,LOC020,expedited,13,724.1,526.11
ORD001686,2025-01-16,CUS0127,SKU0037,LOC008,LOC015,standard,17,6962.86,5499.84
ORD001687,2025-03-11,CUS0077,SKU0025,LOC010,LOC031,standard,11,5379.99,3677.74
ORD001688,2025-01-24,CUS0146,SKU0002,LOC002,LOC030,standard,8,4078.88,2294.4
ORD001689,2025-03-21,CUS0167,SKU0003,LOC004,LOC031,standard,18,471.78,379.62
ORD001690,2025-02-22,CUS0147,SKU0028,LOC005,LOC011,standard,17,9144.47,5395.12
ORD001691,2025-02-09,CUS0082,SKU0011,LOC007,LOC014,standard,4,1624.76,983.48
ORD001692,2025-03-04,CUS0128,SKU0005,LOC010,LOC032,standard,6,1606.92,1085.04
ORD001693,2025-01-19,CUS0051,SKU0038,LOC005,LOC020,expedited,3,349.8,228.09
ORD001694,2025-02-06,CUS0127,SKU0018,LOC007,LOC015,standard,1,123.0,102.37
ORD001695,2025-01-09,CUS0106,SKU0031,LOC009,LOC022,same_day,1,505.96,366.65
ORD001696,2025-01-31,CUS0152,SKU0035,LOC005,LOC012,same_day,6,858.36,639.9
ORD001697,2025-02-15,CUS0140,SKU0023,LOC005,LOC019,standard,12,3485.16,1885.68
ORD001698,2025-02-01,CUS0013,SKU0026,LOC005,LOC011,standard,4,1514.56,1014.04
ORD001699,2025-01-02,CUS0031,SKU0020,LOC009,LOC015,expedited,11,1592.58,1051.6
ORD001700,2025-03-11,CUS0098,SKU0038,LOC001,LOC018,standard,7,816.2,532.21
ORD001701,2025-03-11,CUS0169,SKU0002,LOC006,LOC013,standard,9,4588.74,2581.2
ORD001702,2025-02-25,CUS0185,SKU0014,LOC001,LOC017,expedited,7,1483.51,1123.57
ORD001703,2025-01-03,CUS0196,SKU0004,LOC001,LOC030,standard,17,422.62,321.81
ORD001704,2025-03-28,CUS0215,SKU0035,LOC004,LOC013,expedited,3,429.18,319.95
ORD001705,2025-01-19,CUS0025,SKU0007,LOC007,LOC018,expedited,13,1706.25,936.78
ORD001706,2025-01-15,CUS0076,SKU0003,LOC010,LOC026,standard,13,340.73,274.17
ORD001707,2025-02-04,CUS0123,SKU0019,LOC003,LOC031,standard,9,568.8,317.43
ORD001708,2025-01-09,CUS0147,SKU0040,LOC008,LOC023,standard,3,842.94,517.14
ORD001709,2025-02-22,CUS0097,SKU0037,LOC009,LOC020,standard,11,4505.38,3558.72
ORD001710,2025-03-04,CUS0056,SKU0001,LOC001,LOC023,expedited,15,374.55,274.5
ORD001711,2025-02-20,CUS0012,SKU0024,LOC001,LOC030,standard,1,55.07,45.45
ORD001712,2025-01-28,CUS0016,SKU0011,LOC003,LOC011,standard,4,1624.76,983.48
ORD001713,2025-03-30,CUS0146,SKU0024,LOC007,LOC012,standard,15,826.05,681.75
ORD001714,2025-03-10,CUS0090,SKU0030,LOC005,LOC031,standard,5,3452.2,2042.1
ORD001715,2025-02-06,CUS0237,SKU0019,LOC009,LOC030,expedited,10,632.0,352.7
ORD001716,2025-02-14,CUS0196,SKU0019,LOC003,LOC030,standard,10,632.0,352.7
ORD001717,2025-03-05,CUS0180,SKU0021,LOC003,LOC020,standard,2,170.3,133.72
ORD001718,2025-01-02,CUS0231,SKU0027,LOC002,LOC022,standard,5,2153.5,1813.2
ORD001719,2025-02-17,CUS0113,SKU0005,LOC006,LOC024,same_day,1,267.82,180.84
ORD001720,2025-02-26,CUS0046,SKU0009,LOC006,LOC020,standard,12,6819.96,4086.48
ORD001721,2025-01-08,CUS0055,SKU0024,LOC008,LOC014,expedited,9,495.63,409.05
ORD001722,2025-03-09,CUS0112,SKU0026,LOC004,LOC024,expedited,18,6815.52,4563.18
ORD001723,2025-01-16,CUS0183,SKU0021,LOC001,LOC022,standard,7,596.05,468.02
ORD001724,2025-01-24,CUS0206,SKU0031,LOC001,LOC031,same_day,16,8095.36,5866.4
ORD001725,2025-01-21,CUS0126,SKU0028,LOC008,LOC017,standard,12,6454.92,3808.32
ORD001726,2025-02-21,CUS0223,SKU0012,LOC007,LOC025,standard,2,1201.58,653.0
ORD001727,2025-03-17,CUS0113,SKU0011,LOC006,LOC031,expedited,9,3655.71,2212.83
ORD001728,2025-01-31,CUS0025,SKU0037,LOC004,LOC016,expedited,1,409.58,323.52
ORD001729,2025-01-28,CUS0155,SKU0005,LOC006,LOC013,same_day,16,4285.12,2893.44
ORD001730,2025-03-30,CUS0235,SKU0004,LOC010,LOC013,standard,13,323.18,246.09
ORD001731,2025-01-29,CUS0202,SKU0026,LOC003,LOC015,standard,1,378.64,253.51
ORD001732,2025-03-01,CUS0227,SKU0027,LOC007,LOC023,standard,3,1292.1,1087.92
ORD001733,2025-01-04,CUS0054,SKU0001,LOC010,LOC027,same_day,15,374.55,274.5
ORD001734,2025-02-06,CUS0203,SKU0031,LOC008,LOC019,standard,2,1011.92,733.3
ORD001735,2025-02-25,CUS0043,SKU0033,LOC007,LOC016,standard,12,7332.48,4637.04
ORD001736,2025-02-01,CUS0170,SKU0033,LOC007,LOC019,expedited,7,4277.28,2704.94
ORD001737,2025-02-06,CUS0153,SKU0021,LOC010,LOC032,standard,9,766.35,601.74
ORD001738,2025-03-11,CUS0154,SKU0017,LOC010,LOC021,expedited,3,412.8,295.44
ORD001739,2025-02-06,CUS0211,SKU0010,LOC010,LOC019,standard,7,389.9,283.29
ORD001740,2025-01-13,CUS0181,SKU0038,LOC006,LOC030,standard,18,2098.8,1368.54
ORD001741,2025-02-13,CUS0180,SKU0001,LOC010,LOC027,standard,1,24.97,18.3
ORD001742,2025-02-08,CUS0102,SKU0022,LOC002,LOC027,standard,6,1096.26,697.5
ORD001743,2025-01-17,CUS0167,SKU0035,LOC007,LOC013,standard,17,2432.02,1813.05
ORD001744,2025-02-02,CUS0079,SKU0026,LOC005,LOC023,standard,12,4543.68,3042.12
ORD001745,2025-02-11,CUS0069,SKU0040,LOC010,LOC025,standard,15,4214.7,2585.7
ORD001746,2025-01-16,CUS0147,SKU0004,LOC001,LOC014,standard,18,447.48,340.74
ORD001747,2025-02-10,CUS0244,SKU0027,LOC006,LOC026,expedited,17,7321.9,6164.88
ORD001748,2025-01-23,CUS0002,SKU0018,LOC009,LOC024,standard,14,1722.0,1433.18
ORD001749,2025-01-08,CUS0091,SKU0025,LOC009,LOC029,standard,14,6847.26,4680.76
ORD001750,2025-01-01,CUS0136,SKU0013,LOC004,LOC021,standard,7,1709.75,1152.27
ORD001751,2025-01-09,CUS0050,SKU0027,LOC007,LOC012,standard,8,3445.6,2901.12
ORD001752,2025-03-30,CUS0157,SKU0035,LOC005,LOC013,standard,2,286.12,213.3
ORD001753,2025-03-16,CUS0211,SKU0005,LOC005,LOC021,standard,14,3749.48,2531.76
ORD001754,2025-01-15,CUS0070,SKU0040,LOC008,LOC017,standard,13,3652.74,2240.94
ORD001755,2025-02-18,CUS0131,SKU0020,LOC001,LOC021,expedited,16,2316.48,1529.6
ORD001756,2025-02-25,CUS0038,SKU0018,LOC006,LOC027,standard,9,1107.0,921.33
ORD001757,2025-02-05,CUS0049,SKU0030,LOC008,LOC020,standard,1,690.44,408.42
ORD001758,2025-03-20,CUS0018,SKU0020,LOC009,LOC016,standard,4,579.12,382.4
ORD001759,2025-03-08,CUS0082,SKU0039,LOC010,LOC024,expedited,5,3293.75,1953.55
ORD001760,2025-01-29,CUS0189,SKU0002,LOC010,LOC019,standard,14,7138.04,4015.2
ORD001761,2025-03-03,CUS0026,SKU0014,LOC002,LOC022,standard,17,3602.81,2728.67
ORD001762,2025-03-09,CUS0139,SKU0030,LOC007,LOC022,same_day,3,2071.32,1225.26
ORD001763,2025-02-23,CUS0238,SKU0027,LOC008,LOC030,expedited,1,430.7,362.64
ORD001764,2025-01-22,CUS0182,SKU0003,LOC009,LOC031,standard,2,52.42,42.18
ORD001765,2025-03-12,CUS0149,SKU0029,LOC004,LOC029,standard,15,4165.35,2806.8
ORD001766,2025-03-11,CUS0192,SKU0029,LOC002,LOC021,standard,2,555.38,374.24
ORD001767,2025-03-13,CUS0156,SKU0033,LOC009,LOC025,standard,12,7332.48,4637.04
ORD001768,2025-01-03,CUS0103,SKU0031,LOC002,LOC016,expedited,1,505.96,366.65
ORD001769,2025-03-27,CUS0141,SKU0006,LOC002,LOC027,standard,11,4539.04,3526.93
ORD001770,2025-01-04,CUS0235,SKU0001,LOC010,LOC012,expedited,16,399.52,292.8
ORD001771,2025-03-17,CUS0151,SKU0010,LOC009,LOC032,standard,16,891.2,647.52
ORD001772,2025-03-19,CUS0183,SKU0016,LOC009,LOC030,same_day,2,540.12,396.9
ORD001773,2025-01-29,CUS0091,SKU0022,LOC003,LOC032,same_day,7,1278.97,813.75
ORD001774,2025-02-12,CUS0113,SKU0021,LOC009,LOC026,standard,2,170.3,133.72
ORD001775,2025-02-05,CUS0131,SKU0024,LOC001,LOC031,standard,10,550.7,454.5
ORD001776,2025-01-30,CUS0051,SKU0004,LOC007,LOC028,same_day,11,273.46,208.23
ORD001777,2025-03-16,CUS0115,SKU0040,LOC005,LOC022,expedited,15,4214.7,2585.7
ORD001778,2025-02-03,CUS0208,SKU0037,LOC007,LOC024,standard,16,6553.28,5176.32
ORD001779,2025-01-09,CUS0082,SKU0040,LOC008,LOC022,standard,5,1404.9,861.9
ORD001780,2025-01-21,CUS0060,SKU0029,LOC004,LOC012,standard,5,1388.45,935.6
ORD001781,2025-01-12,CUS0165,SKU0020,LOC006,LOC013,standard,12,1737.36,1147.2
ORD001782,2025-02-02,CUS0007,SKU0025,LOC008,LOC019,standard,14,6847.26,4680.76
ORD001783,2025-01-16,CUS0073,SKU0035,LOC010,LOC014,standard,12,1716.72,1279.8
ORD001784,2025-01-01,CUS0020,SKU0011,LOC005,LOC014,standard,6,2437.14,1475.22
ORD001785,2025-02-08,CUS0179,SKU0025,LOC008,LOC020,expedited,16,7825.44,5349.44
ORD001786,2025-01-17,CUS0104,SKU0035,LOC001,LOC015,standard,5,715.3,533.25
ORD001787,2025-03-23,CUS0186,SKU0037,LOC007,LOC023,standard,1,409.58,323.52
ORD001788,2025-03-18,CUS0112,SKU0027,LOC007,LOC018,expedited,14,6029.8,5076.96
ORD001789,2025-01-05,CUS0175,SKU0009,LOC004,LOC025,standard,5,2841.65,1702.7
ORD001790,2025-02-23,CUS0122,SKU0007,LOC005,LOC019,standard,1,131.25,72.06
ORD001791,2025-02-07,CUS0063,SKU0014,LOC005,LOC015,standard,6,1271.58,963.06
ORD001792,2025-01-15,CUS0193,SKU0032,LOC006,LOC031,standard,8,1029.44,719.6
ORD001793,2025-03-23,CUS0125,SKU0012,LOC001,LOC011,standard,6,3604.74,1959.0
ORD001794,2025-03-12,CUS0088,SKU0022,LOC005,LOC020,standard,6,1096.26,697.5
ORD001795,2025-02-21,CUS0234,SKU0035,LOC002,LOC019,standard,6,858.36,639.9
ORD001796,2025-03-31,CUS0149,SKU0019,LOC010,LOC025,standard,16,1011.2,564.32
ORD001797,2025-02-10,CUS0075,SKU0001,LOC002,LOC027,standard,5,124.85,91.5
ORD001798,2025-03-09,CUS0016,SKU0004,LOC005,LOC017,expedited,17,422.62,321.81
ORD001799,2025-01-09,CUS0137,SKU0031,LOC009,LOC025,standard,14,7083.44,5133.1
ORD001800,2025-03-27,CUS0109,SKU0021,LOC001,LOC024,standard,17,1447.55,1136.62
ORD001801,2025-02-24,CUS0237,SKU0016,LOC007,LOC012,expedited,7,1890.42,1389.15
ORD001802,2025-01-07,CUS0224,SKU0028,LOC006,LOC015,standard,17,9144.47,5395.12
ORD001803,2025-01-13,CUS0104,SKU0002,LOC010,LOC015,standard,5,2549.3,1434.0
ORD001804,2025-02-21,CUS0218,SKU0014,LOC003,LOC019,standard,8,1695.44,1284.08
ORD001805,2025-02-10,CUS0171,SKU0012,LOC010,LOC012,standard,5,3003.95,1632.5
ORD001806,2025-01-27,CUS0058,SKU0014,LOC006,LOC016,standard,10,2119.3,1605.1
ORD001807,2025-01-15,CUS0188,SKU0016,LOC004,LOC020,expedited,6,1620.36,1190.7
ORD001808,2025-02-08,CUS0114,SKU0040,LOC007,LOC024,expedited,10,2809.8,1723.8
ORD001809,2025-01-07,CUS0112,SKU0016,LOC006,LOC016,expedited,12,3240.72,2381.4
ORD001810,2025-02-15,CUS0177,SKU0022,LOC006,LOC029,standard,3,548.13,348.75
ORD001811,2025-02-19,CUS0224,SKU0016,LOC008,LOC022,same_day,12,3240.72,2381.4
ORD001812,2025-03-16,CUS0225,SKU0019,LOC006,LOC032,expedited,6,379.2,211.62
ORD001813,2025-03-13,CUS0196,SKU0009,LOC004,LOC023,standard,14,7956.62,4767.56
ORD001814,2025-01-20,CUS0021,SKU0031,LOC007,LOC017,standard,11,5565.56,4033.15
ORD001815,2025-01-28,CUS0141,SKU0027,LOC007,LOC028,same_day,10,4307.0,3626.4
ORD001816,2025-03-02,CUS0156,SKU0040,LOC004,LOC032,standard,8,2247.84,1379.04
ORD001817,2025-03-07,CUS0008,SKU0006,LOC003,LOC011,expedited,15,6189.6,4809.45
ORD001818,2025-03-20,CUS0232,SKU0036,LOC005,LOC029,standard,16,1042.88,692.64
ORD001819,2025-01-16,CUS0152,SKU0013,LOC003,LOC029,same_day,13,3175.25,2139.93
ORD001820,2025-03-31,CUS0235,SKU0014,LOC010,LOC029,standard,13,2755.09,2086.63
ORD001821,2025-02-20,CUS0217,SKU0033,LOC007,LOC020,expedited,9,5499.36,3477.78
ORD001822,2025-02-22,CUS0175,SKU0027,LOC002,LOC012,standard,1,430.7,362.64
ORD001823,2025-01-14,CUS0103,SKU0008,LOC004,LOC018,standard,1,233.72,164.53
ORD001824,2025-02-04,CUS0169,SKU0031,LOC001,LOC029,standard,14,7083.44,5133.1
ORD001825,2025-01-08,CUS0154,SKU0032,LOC005,LOC029,same_day,14,1801.52,1259.3
ORD001826,2025-01-07,CUS0039,SKU0003,LOC007,LOC014,expedited,6,157.26,126.54
ORD001827,2025-01-05,CUS0155,SKU0040,LOC006,LOC020,expedited,3,842.94,517.14
ORD001828,2025-01-08,CUS0109,SKU0005,LOC008,LOC029,standard,7,1874.74,1265.88
ORD001829,2025-03-11,CUS0202,SKU0021,LOC003,LOC014,standard,3,255.45,200.58
ORD001830,2025-01-03,CUS0172,SKU0030,LOC002,LOC020,same_day,10,6904.4,4084.2
ORD001831,2025-03-10,CUS0035,SKU0021,LOC009,LOC022,standard,10,851.5,668.6
ORD001832,2025-02-24,CUS0142,SKU0016,LOC010,LOC014,standard,3,810.18,595.35
ORD001833,2025-03-15,CUS0165,SKU0016,LOC006,LOC017,same_day,6,1620.36,1190.7
ORD001834,2025-03-18,CUS0018,SKU0025,LOC003,LOC021,expedited,6,2934.54,2006.04
ORD001835,2025-03-05,CUS0036,SKU0001,LOC009,LOC030,expedited,3,74.91,54.9
ORD001836,2025-02-15,CUS0146,SKU0033,LOC002,LOC029,standard,10,6110.4,3864.2
ORD001837,2025-02-14,CUS0094,SKU0014,LOC002,LOC025,same_day,13,2755.09,2086.63
ORD001838,2025-01-18,CUS0094,SKU0026,LOC001,LOC032,expedited,12,4543.68,3042.12
ORD001839,2025-03-25,CUS0002,SKU0015,LOC009,LOC025,same_day,4,1341.08,1035.84
ORD001840,2025-01-01,CUS0139,SKU0027,LOC002,LOC026,same_day,14,6029.8,5076.96
ORD001841,2025-01-01,CUS0129,SKU0013,LOC003,LOC016,standard,6,1465.5,987.66
ORD001842,2025-02-06,CUS0084,SKU0031,LOC010,LOC030,standard,9,4553.64,3299.85
ORD001843,2025-02-04,CUS0116,SKU0018,LOC006,LOC032,standard,18,2214.0,1842.66
ORD001844,2025-02-10,CUS0043,SKU0010,LOC001,LOC024,standard,15,835.5,607.05
ORD001845,2025-03-31,CUS0143,SKU0032,LOC001,LOC013,same_day,12,1544.16,1079.4
ORD001846,2025-01-14,CUS0078,SKU0016,LOC009,LOC014,expedited,11,2970.66,2182.95
ORD001847,2025-03-13,CUS0188,SKU0019,LOC010,LOC018,standard,15,948.0,529.05
ORD001848,2025-02-14,CUS0173,SKU0002,LOC003,LOC014,standard,18,9177.48,5162.4
ORD001849,2025-03-21,CUS0239,SKU0017,LOC009,LOC021,expedited,15,2064.0,1477.2
ORD001850,2025-02-17,CUS0140,SKU0002,LOC007,LOC030,standard,10,5098.6,2868.0
ORD001851,2025-01-07,CUS0134,SKU0010,LOC006,LOC024,expedited,12,668.4,485.64
ORD001852,2025-02-27,CUS0229,SKU0029,LOC007,LOC013,expedited,12,3332.28,2245.44
ORD001853,2025-03-13,CUS0036,SKU0004,LOC010,LOC030,standard,18,447.48,340.74
ORD001854,2025-02-20,CUS0199,SKU0030,LOC001,LOC028,standard,10,6904.4,4084.2
ORD001855,2025-01-31,CUS0055,SKU0012,LOC005,LOC014,expedited,9,5407.11,2938.5
ORD001856,2025-02-20,CUS0087,SKU0035,LOC001,LOC023,standard,11,1573.66,1173.15
ORD001857,2025-03-14,CUS0072,SKU0011,LOC006,LOC032,expedited,1,406.19,245.87
ORD001858,2025-01-29,CUS0236,SKU0035,LOC001,LOC015,expedited,11,1573.66,1173.15
ORD001859,2025-03-30,CUS0041,SKU0029,LOC005,LOC013,standard,3,833.07,561.36
ORD001860,2025-01-23,CUS0152,SKU0016,LOC001,LOC023,same_day,12,3240.72,2381.4
ORD001861,2025-02-15,CUS0215,SKU0008,LOC006,LOC011,expedited,7,1636.04,1151.71
ORD001862,2025-02-23,CUS0148,SKU0007,LOC008,LOC030,standard,2,262.5,144.12
ORD001863,2025-01-08,CUS0182,SKU0012,LOC007,LOC032,standard,1,600.79,326.5
ORD001864,2025-01-09,CUS0249,SKU0023,LOC010,LOC015,standard,12,3485.16,1885.68
ORD001865,2025-02-14,CUS0191,SKU0009,LOC009,LOC013,expedited,7,3978.31,2383.78
ORD001866,2025-02-07,CUS0114,SKU0016,LOC006,LOC017,standard,10,2700.6,1984.5
ORD001867,2025-03-27,CUS0249,SKU0028,LOC007,LOC013,standard,16,8606.56,5077.76
ORD001868,2025-03-15,CUS0123,SKU0021,LOC010,LOC012,standard,3,255.45,200.58
ORD001869,2025-01-09,CUS0161,SKU0031,LOC007,LOC017,expedited,13,6577.48,4766.45
ORD001870,2025-01-20,CUS0139,SKU0008,LOC007,LOC031,standard,16,3739.52,2632.48
ORD001871,2025-02-17,CUS0022,SKU0006,LOC004,LOC025,standard,16,6602.24,5130.08
ORD001872,2025-02-01,CUS0233,SKU0037,LOC002,LOC017,standard,18,7372.44,5823.36
ORD001873,2025-02-14,CUS0098,SKU0025,LOC009,LOC017,standard,17,8314.53,5683.78
ORD001874,2025-03-14,CUS0236,SKU0014,LOC005,LOC032,standard,11,2331.23,1765.61
ORD001875,2025-02-15,CUS0075,SKU0026,LOC003,LOC026,standard,14,5300.96,3549.14
ORD001876,2025-02-10,CUS0126,SKU0016,LOC010,LOC026,same_day,8,2160.48,1587.6
ORD001877,2025-02-26,CUS0043,SKU0011,LOC007,LOC031,standard,14,5686.66,3442.18
ORD001878,2025-02-22,CUS0099,SKU0021,LOC001,LOC024,standard,14,1192.1,936.04
ORD001879,2025-02-23,CUS0242,SKU0039,LOC005,LOC032,expedited,6,3952.5,2344.26
ORD001880,2025-01-10,CUS0112,SKU0020,LOC004,LOC020,standard,4,579.12,382.4
ORD001881,2025-03-30,CUS0234,SKU0019,LOC002,LOC027,same_day,1,63.2,35.27
ORD001882,2025-01-07,CUS0167,SKU0015,LOC009,LOC032,standard,7,2346.89,1812.72
ORD001883,2025-01-25,CUS0238,SKU0004,LOC007,LOC025,standard,5,124.3,94.65
ORD001884,2025-02-22,CUS0110,SKU0034,LOC003,LOC011,expedited,5,3456.05,1953.95
ORD001885,2025-03-28,CUS0033,SKU0018,LOC004,LOC024,standard,17,2091.0,1740.29
ORD001886,2025-02-18,CUS0241,SKU0011,LOC002,LOC017,standard,17,6905.23,4179.79
ORD001887,2025-02-12,CUS0235,SKU0039,LOC006,LOC024,expedited,9,5928.75,3516.39
ORD001888,2025-01-07,CUS0067,SKU0010,LOC010,LOC017,standard,7,389.9,283.29
ORD001889,2025-03-25,CUS0028,SKU0005,LOC001,LOC028,same_day,1,267.82,180.84
ORD001890,2025-03-09,CUS0066,SKU0019,LOC004,LOC013,expedited,2,126.4,70.54
ORD001891,2025-03-07,CUS0049,SKU0022,LOC008,LOC021,standard,7,1278.97,813.75
ORD001892,2025-01-26,CUS0237,SKU0007,LOC008,LOC014,standard,1,131.25,72.06
ORD001893,2025-02-27,CUS0247,SKU0006,LOC009,LOC031,standard,2,825.28,641.26
ORD001894,2025-01-14,CUS0133,SKU0024,LOC007,LOC014,standard,4,220.28,181.8
ORD001895,2025-03-02,CUS0092,SKU0029,LOC001,LOC021,expedited,13,3609.97,2432.56
ORD001896,2025-03-10,CUS0092,SKU0017,LOC006,LOC025,standard,7,963.2,689.36
ORD001897,2025-02-01,CUS0149,SKU0016,LOC003,LOC014,standard,8,2160.48,1587.6
ORD001898,2025-03-31,CUS0018,SKU0003,LOC007,LOC024,standard,18,471.78,379.62
ORD001899,2025-01-27,CUS0039,SKU0001,LOC007,LOC029,standard,7,174.79,128.1
ORD001900,2025-01-09,CUS0082,SKU0011,LOC002,LOC018,expedited,2,812.38,491.74
ORD001901,2025-03-01,CUS0235,SKU0035,LOC004,LOC028,expedited,1,143.06,106.65
ORD001902,2025-03-02,CUS0225,SKU0008,LOC008,LOC031,standard,4,934.88,658.12
ORD001903,2025-03-19,CUS0038,SKU0006,LOC005,LOC026,standard,15,6189.6,4809.45
ORD001904,2025-01-07,CUS0121,SKU0029,LOC007,LOC014,standard,16,4443.04,2993.92
ORD001905,2025-02-16,CUS0198,SKU0023,LOC007,LOC027,expedited,14,4066.02,2199.96
ORD001906,2025-02-04,CUS0042,SKU0010,LOC006,LOC017,standard,12,668.4,485.64
ORD001907,2025-03-30,CUS0020,SKU0038,LOC005,LOC026,standard,3,349.8,228.09
ORD001908,2025-01-15,CUS0233,SKU0006,LOC002,LOC023,standard,4,1650.56,1282.52
ORD001909,2025-01-04,CUS0090,SKU0026,LOC010,LOC025,standard,5,1893.2,1267.55
ORD001910,2025-02-06,CUS0126,SKU0023,LOC007,LOC026,standard,7,2033.01,1099.98
ORD001911,2025-02-19,CUS0163,SKU0027,LOC004,LOC013,standard,17,7321.9,6164.88
ORD001912,2025-03-26,CUS0200,SKU0010,LOC005,LOC029,standard,12,668.4,485.64
ORD001913,2025-03-05,CUS0011,SKU0001,LOC001,LOC013,expedited,10,249.7,183.0
ORD001914,2025-02-18,CUS0151,SKU0006,LOC003,LOC026,expedited,11,4539.04,3526.93
ORD001915,2025-03-25,CUS0061,SKU0013,LOC004,LOC011,standard,2,488.5,329.22
ORD001916,2025-01-08,CUS0211,SKU0034,LOC009,LOC014,expedited,2,1382.42,781.58
ORD001917,2025-02-09,CUS0045,SKU0003,LOC006,LOC028,expedited,18,471.78,379.62
ORD001918,2025-01-07,CUS0237,SKU0004,LOC002,LOC018,expedited,8,198.88,151.44
ORD001919,2025-03-10,CUS0202,SKU0033,LOC010,LOC020,same_day,1,611.04,386.42
ORD001920,2025-02-02,CUS0234,SKU0023,LOC002,LOC012,expedited,1,290.43,157.14
ORD001921,2025-01-28,CUS0221,SKU0001,LOC003,LOC014,expedited,8,199.76,146.4
ORD001922,2025-01-18,CUS0105,SKU0031,LOC002,LOC023,expedited,8,4047.68,2933.2
ORD001923,2025-03-30,CUS0123,SKU0032,LOC007,LOC018,expedited,17,2187.56,1529.15
ORD001924,2025-03-27,CUS0187,SKU0006,LOC003,LOC025,expedited,1,412.64,320.63
ORD001925,2025-01-21,CUS0114,SKU0028,LOC007,LOC013,standard,14,7530.74,4443.04
ORD001926,2025-02-11,CUS0174,SKU0039,LOC005,LOC029,standard,18,11857.5,7032.78
ORD001927,2025-03-14,CUS0088,SKU0021,LOC008,LOC023,standard,5,425.75,334.3
ORD001928,2025-01-25,CUS0007,SKU0035,LOC005,LOC014,same_day,12,1716.72,1279.8
ORD001929,2025-02-19,CUS0049,SKU0038,LOC007,LOC022,standard,18,2098.8,1368.54
ORD001930,2025-02-26,CUS0135,SKU0020,LOC001,LOC011,standard,4,579.12,382.4
ORD001931,2025-03-18,CUS0243,SKU0034,LOC004,LOC031,expedited,6,4147.26,2344.74
ORD001932,2025-03-17,CUS0188,SKU0007,LOC009,LOC023,standard,4,525.0,288.24
ORD001933,2025-01-22,CUS0170,SKU0026,LOC007,LOC030,standard,1,378.64,253.51
ORD001934,2025-03-23,CUS0227,SKU0011,LOC004,LOC011,standard,13,5280.47,3196.31
ORD001935,2025-01-23,CUS0067,SKU0009,LOC005,LOC011,same_day,14,7956.62,4767.56
ORD001936,2025-03-30,CUS0101,SKU0020,LOC008,LOC019,standard,9,1303.02,860.4
ORD001937,2025-03-11,CUS0166,SKU0024,LOC007,LOC031,same_day,7,385.49,318.15
ORD001938,2025-03-10,CUS0238,SKU0023,LOC009,LOC017,expedited,14,4066.02,2199.96
ORD001939,2025-01-30,CUS0242,SKU0036,LOC005,LOC027,expedited,12,782.16,519.48
ORD001940,2025-01-04,CUS0094,SKU0031,LOC010,LOC020,expedited,15,7589.4,5499.75
ORD001941,2025-03-25,CUS0169,SKU0014,LOC009,LOC012,standard,18,3814.74,2889.18
ORD001942,2025-02-09,CUS0185,SKU0024,LOC008,LOC016,standard,2,110.14,90.9
ORD001943,2025-01-26,CUS0012,SKU0037,LOC010,LOC021,standard,7,2867.06,2264.64
ORD001944,2025-02-14,CUS0144,SKU0016,LOC006,LOC014,expedited,1,270.06,198.45
ORD001945,2025-01-17,CUS0088,SKU0020,LOC002,LOC015,expedited,1,144.78,95.6
ORD001946,2025-03-29,CUS0193,SKU0015,LOC004,LOC013,expedited,8,2682.16,2071.68
ORD001947,2025-01-31,CUS0223,SKU0018,LOC007,LOC032,expedited,1,123.0,102.37
ORD001948,2025-03-27,CUS0094,SKU0034,LOC006,LOC022,standard,2,1382.42,781.58
ORD001949,2025-01-11,CUS0205,SKU0003,LOC008,LOC032,standard,14,366.94,295.26
ORD001950,2025-02-15,CUS0179,SKU0030,LOC002,LOC024,standard,8,5523.52,3267.36
ORD001951,2025-02-26,CUS0217,SKU0009,LOC003,LOC024,standard,4,2273.32,1362.16
ORD001952,2025-01-23,CUS0066,SKU0033,LOC008,LOC023,expedited,1,611.04,386.42
ORD001953,2025-03-21,CUS0060,SKU0037,LOC010,LOC030,same_day,14,5734.12,4529.28
ORD001954,2025-02-25,CUS0086,SKU0020,LOC009,LOC015,expedited,2,289.56,191.2
ORD001955,2025-02-23,CUS0244,SKU0012,LOC001,LOC020,standard,4,2403.16,1306.0
ORD001956,2025-01-12,CUS0038,SKU0004,LOC006,LOC012,expedited,5,124.3,94.65
ORD001957,2025-01-31,CUS0121,SKU0009,LOC002,LOC021,standard,9,5114.97,3064.86
ORD001958,2025-02-06,CUS0134,SKU0006,LOC010,LOC022,expedited,7,2888.48,2244.41
ORD001959,2025-01-11,CUS0124,SKU0038,LOC010,LOC014,expedited,6,699.6,456.18
ORD001960,2025-02-19,CUS0233,SKU0005,LOC007,LOC015,same_day,11,2946.02,1989.24
ORD001961,2025-03-06,CUS0026,SKU0011,LOC008,LOC024,standard,5,2030.95,1229.35
ORD001962,2025-01-04,CUS0125,SKU0029,LOC010,LOC030,standard,17,4720.73,3181.04
ORD001963,2025-01-26,CUS0014,SKU0021,LOC009,LOC018,standard,9,766.35,601.74
ORD001964,2025-01-05,CUS0226,SKU0023,LOC008,LOC023,expedited,10,2904.3,1571.4
ORD001965,2025-01-07,CUS0105,SKU0018,LOC003,LOC018,standard,7,861.0,716.59
ORD001966,2025-01-13,CUS0171,SKU0036,LOC006,LOC014,standard,8,521.44,346.32
ORD001967,2025-02-18,CUS0041,SKU0020,LOC003,LOC012,standard,18,2606.04,1720.8
ORD001968,2025-01-10,CUS0032,SKU0034,LOC001,LOC018,expedited,13,8985.73,5080.27
ORD001969,2025-03-31,CUS0154,SKU0025,LOC003,LOC012,standard,8,3912.72,2674.72
ORD001970,2025-01-17,CUS0248,SKU0004,LOC005,LOC028,standard,4,99.44,75.72
ORD001971,2025-01-04,CUS0083,SKU0039,LOC010,LOC013,expedited,18,11857.5,7032.78
ORD001972,2025-02-08,CUS0156,SKU0027,LOC007,LOC014,standard,12,5168.4,4351.68
ORD001973,2025-03-05,CUS0188,SKU0029,LOC007,LOC018,standard,15,4165.35,2806.8
ORD001974,2025-01-18,CUS0140,SKU0029,LOC008,LOC014,expedited,13,3609.97,2432.56
ORD001975,2025-03-09,CUS0043,SKU0003,LOC005,LOC020,standard,10,262.1,210.9
ORD001976,2025-01-23,CUS0001,SKU0014,LOC002,LOC032,standard,7,1483.51,1123.57
ORD001977,2025-03-27,CUS0131,SKU0019,LOC007,LOC019,standard,6,379.2,211.62
ORD001978,2025-02-02,CUS0145,SKU0035,LOC001,LOC017,standard,13,1859.78,1386.45
ORD001979,2025-01-30,CUS0057,SKU0035,LOC002,LOC022,standard,9,1287.54,959.85
ORD001980,2025-01-19,CUS0124,SKU0011,LOC002,LOC012,expedited,4,1624.76,983.48
ORD001981,2025-03-29,CUS0140,SKU0006,LOC001,LOC013,standard,4,1650.56,1282.52
ORD001982,2025-03-16,CUS0218,SKU0004,LOC009,LOC031,expedited,13,323.18,246.09
ORD001983,2025-03-03,CUS0154,SKU0040,LOC005,LOC028,expedited,15,4214.7,2585.7
ORD001984,2025-02-23,CUS0159,SKU0036,LOC001,LOC024,standard,4,260.72,173.16
ORD001985,2025-03-22,CUS0221,SKU0027,LOC006,LOC022,expedited,11,4737.7,3989.04
ORD001986,2025-02-23,CUS0106,SKU0039,LOC002,LOC029,standard,10,6587.5,3907.1
ORD001987,2025-03-30,CUS0136,SKU0026,LOC002,LOC024,expedited,2,757.28,507.02
ORD001988,2025-03-29,CUS0057,SKU0025,LOC004,LOC013,expedited,4,1956.36,1337.36
ORD001989,2025-03-09,CUS0080,SKU0003,LOC005,LOC022,standard,2,52.42,42.18
ORD001990,2025-02-13,CUS0235,SKU0039,LOC008,LOC019,expedited,8,5270.0,3125.68
ORD001991,2025-01-20,CUS0028,SKU0022,LOC009,LOC013,standard,11,2009.81,1278.75
ORD001992,2025-02-23,CUS0181,SKU0012,LOC009,LOC023,expedited,4,2403.16,1306.0
ORD001993,2025-02-03,CUS0186,SKU0014,LOC010,LOC018,standard,4,847.72,642.04
ORD001994,2025-03-02,CUS0199,SKU0022,LOC005,LOC022,standard,17,3106.07,1976.25
ORD001995,2025-02-05,CUS0192,SKU0036,LOC004,LOC021,same_day,2,130.36,86.58
ORD001996,2025-03-07,CUS0247,SKU0014,LOC001,LOC026,standard,7,1483.51,1123.57
ORD001997,2025-03-26,CUS0181,SKU0001,LOC002,LOC030,standard,10,249.7,183.0
ORD001998,2025-01-08,CUS0188,SKU0012,LOC002,LOC028,standard,8,4806.32,2612.0
ORD001999,2025-02-09,CUS0195,SKU0019,LOC006,LOC011,standard,6,379.2,211.62
ORD002000,2025-02-14,CUS0172,SKU0008,LOC006,LOC024,expedited,3,701.16,493.59
ORD002001,2025-03-15,CUS0090,SKU0032,LOC006,LOC020,standard,10,1286.8,899.5
ORD002002,2025-02-11,CUS0233,SKU0033,LOC002,LOC011,same_day,2,1222.08,772.84
ORD002003,2025-02-10,CUS0152,SKU0037,LOC007,LOC029,standard,6,2457.48,1941.12
ORD002004,2025-01-22,CUS0138,SKU0015,LOC002,LOC031,standard,8,2682.16,2071.68
ORD002005,2025-01-03,CUS0033,SKU0020,LOC003,LOC027,expedited,8,1158.24,764.8
ORD002006,2025-01-25,CUS0138,SKU0034,LOC008,LOC022,standard,10,6912.1,3907.9
ORD002007,2025-03-09,CUS0130,SKU0003,LOC009,LOC016,standard,9,235.89,189.81
ORD002008,2025-01-18,CUS0116,SKU0002,LOC010,LOC022,standard,11,5608.46,3154.8
ORD002009,2025-03-13,CUS0096,SKU0040,LOC004,LOC029,expedited,17,4776.66,2930.46
ORD002010,2025-03-19,CUS0084,SKU0019,LOC008,LOC023,expedited,14,884.8,493.78
ORD002011,2025-02-28,CUS0052,SKU0034,LOC009,LOC025,standard,18,12441.78,7034.22
ORD002012,2025-02-06,CUS0133,SKU0025,LOC010,LOC019,expedited,13,6358.17,4346.42
ORD002013,2025-03-31,CUS0150,SKU0028,LOC004,LOC027,standard,1,537.91,317.36
ORD002014,2025-02-27,CUS0213,SKU0031,LOC006,LOC013,standard,13,6577.48,4766.45
ORD002015,2025-03-29,CUS0067,SKU0019,LOC006,LOC030,standard,16,1011.2,564.32
ORD002016,2025-02-11,CUS0195,SKU0021,LOC010,LOC018,standard,9,766.35,601.74
ORD002017,2025-01-06,CUS0204,SKU0012,LOC008,LOC014,standard,9,5407.11,2938.5
ORD002018,2025-01-17,CUS0083,SKU0035,LOC007,LOC020,standard,8,1144.48,853.2
ORD002019,2025-02-01,CUS0063,SKU0037,LOC009,LOC022,standard,10,4095.8,3235.2
ORD002020,2025-01-11,CUS0113,SKU0010,LOC010,LOC031,standard,3,167.1,121.41
ORD002021,2025-02-07,CUS0038,SKU0024,LOC004,LOC023,expedited,17,936.19,772.65
ORD002022,2025-01-07,CUS0065,SKU0014,LOC007,LOC027,same_day,14,2967.02,2247.14
ORD002023,2025-02-01,CUS0173,SKU0005,LOC001,LOC025,standard,18,4820.76,3255.12
ORD002024,2025-02-27,CUS0119,SKU0030,LOC007,LOC018,standard,12,8285.28,4901.04
ORD002025,2025-02-10,CUS0231,SKU0040,LOC006,LOC030,expedited,17,4776.66,2930.46
ORD002026,2025-03-25,CUS0183,SKU0033,LOC008,LOC025,standard,10,6110.4,3864.2
ORD002027,2025-01-04,CUS0100,SKU0031,LOC008,LOC024,same_day,8,4047.68,2933.2
ORD002028,2025-02-09,CUS0077,SKU0013,LOC004,LOC031,standard,12,2931.0,1975.32
ORD002029,2025-03-17,CUS0147,SKU0003,LOC003,LOC018,standard,2,52.42,42.18
ORD002030,2025-02-13,CUS0094,SKU0028,LOC003,LOC024,standard,11,5917.01,3490.96
ORD002031,2025-03-22,CUS0067,SKU0003,LOC005,LOC029,expedited,1,26.21,21.09
ORD002032,2025-01-10,CUS0152,SKU0037,LOC002,LOC028,standard,17,6962.86,5499.84
ORD002033,2025-02-10,CUS0103,SKU0018,LOC009,LOC031,standard,15,1845.0,1535.55
ORD002034,2025-03-27,CUS0106,SKU0038,LOC010,LOC011,standard,15,1749.0,1140.45
ORD002035,2025-02-17,CUS0135,SKU0002,LOC001,LOC016,standard,12,6118.32,3441.6
ORD002036,2025-02-06,CUS0215,SKU0018,LOC003,LOC013,expedited,11,1353.0,1126.07
ORD002037,2025-01-09,CUS0100,SKU0035,LOC010,LOC013,standard,3,429.18,319.95
ORD002038,2025-03-06,CUS0077,SKU0030,LOC005,LOC020,standard,9,6213.96,3675.78
ORD002039,2025-03-28,CUS0124,SKU0033,LOC007,LOC024,standard,8,4888.32,3091.36
ORD002040,2025-03-05,CUS0024,SKU0014,LOC001,LOC015,standard,4,847.72,642.04
ORD002041,2025-01-26,CUS0137,SKU0021,LOC003,LOC014,standard,14,1192.1,936.04
ORD002042,2025-02-11,CUS0134,SKU0037,LOC009,LOC023,standard,2,819.16,647.04
ORD002043,2025-03-08,CUS0118,SKU0025,LOC010,LOC018,expedited,4,1956.36,1337.36
ORD002044,2025-03-15,CUS0051,SKU0004,LOC004,LOC019,standard,2,49.72,37.86
ORD002045,2025-01-23,CUS0177,SKU0007,LOC010,LOC014,standard,6,787.5,432.36
ORD002046,2025-02-10,CUS0024,SKU0019,LOC004,LOC013,standard,7,442.4,246.89
ORD002047,2025-02-15,CUS0083,SKU0005,LOC009,LOC013,standard,2,535.64,361.68
ORD002048,2025-03-20,CUS0158,SKU0024,LOC008,LOC024,same_day,14,770.98,636.3
ORD002049,2025-02-09,CUS0201,SKU0008,LOC010,LOC030,standard,10,2337.2,1645.3
ORD002050,2025-01-08,CUS0235,SKU0040,LOC007,LOC031,standard,3,842.94,517.14
ORD002051,2025-01-12,CUS0041,SKU0009,LOC009,LOC015,standard,17,9661.61,5789.18
ORD002052,2025-03-23,CUS0044,SKU0026,LOC007,LOC015,expedited,12,4543.68,3042.12
ORD002053,2025-03-22,CUS0003,SKU0001,LOC006,LOC026,standard,3,74.91,54.9
ORD002054,2025-03-12,CUS0041,SKU0013,LOC008,LOC019,expedited,2,488.5,329.22
ORD002055,2025-01-17,CUS0119,SKU0036,LOC001,LOC021,standard,7,456.26,303.03
ORD002056,2025-01-19,CUS0005,SKU0026,LOC003,LOC019,same_day,17,6436.88,4309.67
ORD002057,2025-02-15,CUS0116,SKU0017,LOC005,LOC013,expedited,16,2201.6,1575.68
ORD002058,2025-03-30,CUS0231,SKU0007,LOC003,LOC018,standard,2,262.5,144.12
ORD002059,2025-03-07,CUS0109,SKU0023,LOC007,LOC032,standard,13,3775.59,2042.82
ORD002060,2025-01-17,CUS0006,SKU0038,LOC009,LOC023,expedited,5,583.0,380.15
ORD002061,2025-03-03,CUS0232,SKU0029,LOC002,LOC019,expedited,9,2499.21,1684.08
ORD002062,2025-03-13,CUS0019,SKU0020,LOC001,LOC022,standard,10,1447.8,956.0
ORD002063,2025-01-17,CUS0246,SKU0006,LOC004,LOC015,standard,12,4951.68,3847.56
ORD002064,2025-03-13,CUS0104,SKU0034,LOC006,LOC023,standard,17,11750.57,6643.43
ORD002065,2025-01-22,CUS0224,SKU0012,LOC002,LOC027,standard,18,10814.22,5877.0
ORD002066,2025-02-17,CUS0132,SKU0033,LOC007,LOC026,standard,14,8554.56,5409.88
ORD002067,2025-03-06,CUS0083,SKU0018,LOC008,LOC021,standard,13,1599.0,1330.81
ORD002068,2025-02-15,CUS0083,SKU0031,LOC009,LOC030,expedited,3,1517.88,1099.95
ORD002069,2025-02-28,CUS0181,SKU0005,LOC002,LOC031,same_day,3,803.46,542.52
ORD002070,2025-03-21,CUS0058,SKU0022,LOC002,LOC022,standard,9,1644.39,1046.25
ORD002071,2025-01-15,CUS0154,SKU0034,LOC009,LOC016,standard,15,10368.15,5861.85
ORD002072,2025-02-20,CUS0195,SKU0006,LOC003,LOC016,expedited,2,825.28,641.26
ORD002073,2025-03-09,CUS0079,SKU0014,LOC009,LOC019,standard,18,3814.74,2889.18
ORD002074,2025-01-07,CUS0071,SKU0003,LOC001,LOC013,same_day,17,445.57,358.53
ORD002075,2025-02-26,CUS0103,SKU0034,LOC001,LOC022,expedited,12,8294.52,4689.48
ORD002076,2025-02-20,CUS0220,SKU0032,LOC003,LOC012,standard,14,1801.52,1259.3
ORD002077,2025-02-20,CUS0147,SKU0040,LOC008,LOC031,same_day,10,2809.8,1723.8
ORD002078,2025-02-16,CUS0226,SKU0006,LOC004,LOC028,expedited,6,2475.84,1923.78
ORD002079,2025-03-28,CUS0141,SKU0021,LOC010,LOC022,standard,11,936.65,735.46
ORD002080,2025-03-07,CUS0115,SKU0001,LOC008,LOC021,standard,13,324.61,237.9
ORD002081,2025-03-14,CUS0130,SKU0039,LOC005,LOC020,expedited,4,2635.0,1562.84
ORD002082,2025-03-19,CUS0173,SKU0014,LOC003,LOC027,expedited,11,2331.23,1765.61
ORD002083,2025-03-24,CUS0113,SKU0018,LOC001,LOC022,standard,16,1968.0,1637.92
ORD002084,2025-03-20,CUS0057,SKU0020,LOC006,LOC024,standard,7,1013.46,669.2
ORD002085,2025-01-01,CUS0220,SKU0040,LOC004,LOC022,expedited,9,2528.82,1551.42
ORD002086,2025-01-07,CUS0244,SKU0008,LOC005,LOC030,expedited,4,934.88,658.12
ORD002087,2025-01-10,CUS0124,SKU0035,LOC005,LOC014,expedited,9,1287.54,959.85
ORD002088,2025-03-24,CUS0025,SKU0020,LOC008,LOC017,same_day,16,2316.48,1529.6
ORD002089,2025-01-19,CUS0142,SKU0023,LOC008,LOC030,standard,12,3485.16,1885.68
ORD002090,2025-02-16,CUS0104,SKU0027,LOC005,LOC031,same_day,4,1722.8,1450.56
ORD002091,2025-02-22,CUS0114,SKU0020,LOC008,LOC031,standard,7,1013.46,669.2
ORD002092,2025-03-05,CUS0250,SKU0016,LOC010,LOC021,expedited,16,4320.96,3175.2
ORD002093,2025-01-28,CUS0183,SKU0024,LOC001,LOC013,standard,10,550.7,454.5
ORD002094,2025-03-28,CUS0113,SKU0007,LOC005,LOC029,standard,2,262.5,144.12
ORD002095,2025-02-25,CUS0081,SKU0034,LOC010,LOC018,expedited,6,4147.26,2344.74
ORD002096,2025-03-28,CUS0125,SKU0028,LOC009,LOC030,standard,7,3765.37,2221.52
ORD002097,2025-01-08,CUS0138,SKU0035,LOC002,LOC017,standard,5,715.3,533.25
ORD002098,2025-01-25,CUS0043,SKU0020,LOC007,LOC023,standard,15,2171.7,1434.0
ORD002099,2025-03-14,CUS0134,SKU0018,LOC004,LOC022,standard,3,369.0,307.11
ORD002100,2025-03-13,CUS0132,SKU0002,LOC007,LOC018,expedited,13,6628.18,3728.4
ORD002101,2025-02-03,CUS0227,SKU0010,LOC003,LOC032,expedited,3,167.1,121.41
ORD002102,2025-01-22,CUS0222,SKU0021,LOC008,LOC031,standard,6,510.9,401.16
ORD002103,2025-03-21,CUS0116,SKU0021,LOC006,LOC019,expedited,13,1106.95,869.18
ORD002104,2025-01-15,CUS0022,SKU0022,LOC001,LOC032,standard,18,3288.78,2092.5
ORD002105,2025-01-27,CUS0177,SKU0007,LOC009,LOC019,standard,18,2362.5,1297.08
ORD002106,2025-02-03,CUS0008,SKU0011,LOC004,LOC021,standard,5,2030.95,1229.35
ORD002107,2025-01-13,CUS0139,SKU0011,LOC007,LOC020,standard,15,6092.85,3688.05
ORD002108,2025-01-06,CUS0170,SKU0027,LOC004,LOC025,expedited,1,430.7,362.64
ORD002109,2025-03-19,CUS0168,SKU0027,LOC003,LOC012,standard,16,6891.2,5802.24
ORD002110,2025-03-08,CUS0027,SKU0020,LOC004,LOC032,standard,2,289.56,191.2
ORD002111,2025-02-08,CUS0158,SKU0017,LOC004,LOC030,expedited,13,1788.8,1280.24
ORD002112,2025-02-02,CUS0185,SKU0037,LOC003,LOC021,expedited,2,819.16,647.04
ORD002113,2025-03-18,CUS0142,SKU0008,LOC009,LOC015,standard,2,467.44,329.06
ORD002114,2025-01-02,CUS0246,SKU0008,LOC007,LOC015,standard,6,1402.32,987.18
ORD002115,2025-02-21,CUS0029,SKU0012,LOC006,LOC019,expedited,5,3003.95,1632.5
ORD002116,2025-03-19,CUS0060,SKU0035,LOC002,LOC011,standard,12,1716.72,1279.8
ORD002117,2025-01-31,CUS0123,SKU0006,LOC006,LOC014,expedited,11,4539.04,3526.93
ORD002118,2025-01-11,CUS0234,SKU0010,LOC006,LOC027,standard,3,167.1,121.41
ORD002119,2025-01-02,CUS0117,SKU0039,LOC006,LOC024,same_day,11,7246.25,4297.81
ORD002120,2025-03-15,CUS0233,SKU0017,LOC007,LOC019,standard,5,688.0,492.4
ORD002121,2025-03-22,CUS0062,SKU0014,LOC008,LOC025,standard,11,2331.23,1765.61
ORD002122,2025-01-02,CUS0084,SKU0020,LOC004,LOC013,standard,8,1158.24,764.8
ORD002123,2025-01-06,CUS0149,SKU0017,LOC008,LOC019,standard,6,825.6,590.88
ORD002124,2025-01-01,CUS0220,SKU0035,LOC008,LOC017,standard,9,1287.54,959.85
ORD002125,2025-02-14,CUS0042,SKU0019,LOC010,LOC020,standard,11,695.2,387.97
ORD002126,2025-01-16,CUS0245,SKU0031,LOC006,LOC020,standard,2,1011.92,733.3
ORD002127,2025-03-01,CUS0043,SKU0010,LOC001,LOC017,standard,15,835.5,607.05
ORD002128,2025-02-03,CUS0220,SKU0034,LOC010,LOC030,same_day,13,8985.73,5080.27
ORD002129,2025-03-25,CUS0056,SKU0005,LOC008,LOC025,expedited,14,3749.48,2531.76
ORD002130,2025-02-17,CUS0145,SKU0037,LOC010,LOC016,standard,7,2867.06,2264.64
ORD002131,2025-01-11,CUS0092,SKU0016,LOC007,LOC028,standard,15,4050.9,2976.75
ORD002132,2025-01-21,CUS0202,SKU0004,LOC005,LOC019,standard,8,198.88,151.44
ORD002133,2025-02-21,CUS0145,SKU0025,LOC003,LOC017,expedited,1,489.09,334.34
ORD002134,2025-02-20,CUS0079,SKU0039,LOC001,LOC012,standard,5,3293.75,1953.55
ORD002135,2025-02-03,CUS0074,SKU0022,LOC009,LOC011,standard,18,3288.78,2092.5
ORD002136,2025-02-14,CUS0206,SKU0034,LOC005,LOC015,same_day,5,3456.05,1953.95
ORD002137,2025-01-04,CUS0136,SKU0036,LOC010,LOC015,standard,14,912.52,606.06
ORD002138,2025-01-10,CUS0160,SKU0006,LOC004,LOC029,same_day,2,825.28,641.26
ORD002139,2025-03-02,CUS0236,SKU0011,LOC005,LOC029,standard,16,6499.04,3933.92
ORD002140,2025-01-23,CUS0235,SKU0031,LOC007,LOC011,standard,4,2023.84,1466.6
ORD002141,2025-01-24,CUS0121,SKU0001,LOC006,LOC032,standard,17,424.49,311.1
ORD002142,2025-01-03,CUS0022,SKU0001,LOC005,LOC013,standard,6,149.82,109.8
ORD002143,2025-03-05,CUS0223,SKU0004,LOC002,LOC022,standard,3,74.58,56.79
ORD002144,2025-03-29,CUS0044,SKU0018,LOC008,LOC028,standard,9,1107.0,921.33
ORD002145,2025-03-11,CUS0004,SKU0013,LOC009,LOC017,same_day,7,1709.75,1152.27
ORD002146,2025-03-24,CUS0222,SKU0006,LOC004,LOC015,standard,2,825.28,641.26
ORD002147,2025-02-04,CUS0129,SKU0022,LOC002,LOC029,expedited,18,3288.78,2092.5
ORD002148,2025-03-03,CUS0034,SKU0040,LOC009,LOC015,expedited,1,280.98,172.38
ORD002149,2025-01-30,CUS0213,SKU0001,LOC010,LOC014,expedited,15,374.55,274.5
ORD002150,2025-03-22,CUS0020,SKU0008,LOC002,LOC020,same_day,11,2570.92,1809.83
ORD002151,2025-03-01,CUS0179,SKU0020,LOC004,LOC029,standard,15,2171.7,1434.0
ORD002152,2025-01-17,CUS0237,SKU0034,LOC010,LOC026,standard,3,2073.63,1172.37
ORD002153,2025-03-24,CUS0044,SKU0031,LOC005,LOC030,standard,15,7589.4,5499.75
ORD002154,2025-01-22,CUS0122,SKU0024,LOC005,LOC018,standard,13,715.91,590.85
ORD002155,2025-03-20,CUS0070,SKU0015,LOC007,LOC012,same_day,2,670.54,517.92
ORD002156,2025-03-14,CUS0179,SKU0027,LOC005,LOC016,standard,3,1292.1,1087.92
ORD002157,2025-03-30,CUS0067,SKU0024,LOC010,LOC013,expedited,5,275.35,227.25
ORD002158,2025-03-22,CUS0038,SKU0022,LOC008,LOC016,same_day,4,730.84,465.0
ORD002159,2025-01-09,CUS0147,SKU0027,LOC004,LOC017,standard,11,4737.7,3989.04
ORD002160,2025-02-04,CUS0041,SKU0011,LOC006,LOC030,standard,10,4061.9,2458.7
ORD002161,2025-03-30,CUS0091,SKU0006,LOC003,LOC020,standard,16,6602.24,5130.08
ORD002162,2025-01-31,CUS0185,SKU0003,LOC001,LOC031,standard,1,26.21,21.09
ORD002163,2025-02-28,CUS0038,SKU0020,LOC001,LOC020,standard,10,1447.8,956.0
ORD002164,2025-01-16,CUS0037,SKU0039,LOC006,LOC019,standard,16,10540.0,6251.36
ORD002165,2025-02-09,CUS0005,SKU0038,LOC006,LOC016,same_day,13,1515.8,988.39
ORD002166,2025-01-29,CUS0212,SKU0016,LOC008,LOC018,standard,7,1890.42,1389.15
ORD002167,2025-03-22,CUS0047,SKU0004,LOC005,LOC011,expedited,7,174.02,132.51
ORD002168,2025-02-28,CUS0089,SKU0015,LOC003,LOC018,standard,8,2682.16,2071.68
ORD002169,2025-01-04,CUS0243,SKU0024,LOC005,LOC031,standard,3,165.21,136.35
ORD002170,2025-01-20,CUS0101,SKU0022,LOC006,LOC022,expedited,10,1827.1,1162.5
ORD002171,2025-01-30,CUS0198,SKU0032,LOC006,LOC011,standard,2,257.36,179.9
ORD002172,2025-01-29,CUS0247,SKU0040,LOC002,LOC021,expedited,10,2809.8,1723.8
ORD002173,2025-02-10,CUS0111,SKU0026,LOC001,LOC024,standard,4,1514.56,1014.04
ORD002174,2025-01-18,CUS0169,SKU0035,LOC001,LOC025,expedited,3,429.18,319.95
ORD002175,2025-02-10,CUS0081,SKU0004,LOC008,LOC025,standard,5,124.3,94.65
ORD002176,2025-03-29,CUS0234,SKU0002,LOC002,LOC012,standard,14,7138.04,4015.2
ORD002177,2025-02-23,CUS0154,SKU0014,LOC004,LOC012,expedited,2,423.86,321.02
ORD002178,2025-02-20,CUS0143,SKU0016,LOC009,LOC022,expedited,13,3510.78,2579.85
ORD002179,2025-03-29,CUS0012,SKU0039,LOC009,LOC028,standard,14,9222.5,5469.94
ORD002180,2025-01-23,CUS0244,SKU0031,LOC009,LOC014,standard,1,505.96,366.65
ORD002181,2025-03-22,CUS0108,SKU0023,LOC007,LOC030,standard,7,2033.01,1099.98
ORD002182,2025-03-08,CUS0165,SKU0007,LOC004,LOC024,expedited,12,1575.0,864.72
ORD002183,2025-02-03,CUS0010,SKU0037,LOC009,LOC021,standard,9,3686.22,2911.68
ORD002184,2025-01-11,CUS0012,SKU0028,LOC004,LOC020,standard,12,6454.92,3808.32
ORD002185,2025-01-12,CUS0151,SKU0014,LOC007,LOC021,standard,15,3178.95,2407.65
ORD002186,2025-03-02,CUS0005,SKU0016,LOC009,LOC026,expedited,16,4320.96,3175.2
ORD002187,2025-01-21,CUS0073,SKU0024,LOC003,LOC022,expedited,4,220.28,181.8
ORD002188,2025-01-04,CUS0152,SKU0019,LOC010,LOC029,expedited,11,695.2,387.97
ORD002189,2025-03-05,CUS0134,SKU0016,LOC005,LOC018,standard,15,4050.9,2976.75
ORD002190,2025-01-08,CUS0058,SKU0019,LOC004,LOC011,standard,3,189.6,105.81
ORD002191,2025-02-05,CUS0070,SKU0021,LOC002,LOC027,standard,14,1192.1,936.04
ORD002192,2025-02-13,CUS0015,SKU0026,LOC004,LOC020,standard,11,4165.04,2788.61
ORD002193,2025-03-01,CUS0093,SKU0012,LOC009,LOC031,standard,4,2403.16,1306.0
ORD002194,2025-03-06,CUS0018,SKU0022,LOC002,LOC016,expedited,1,182.71,116.25
ORD002195,2025-03-04,CUS0125,SKU0018,LOC006,LOC015,standard,10,1230.0,1023.7
ORD002196,2025-02-11,CUS0078,SKU0020,LOC005,LOC028,expedited,10,1447.8,956.0
ORD002197,2025-03-11,CUS0063,SKU0005,LOC002,LOC028,expedited,7,1874.74,1265.88
ORD002198,2025-02-18,CUS0202,SKU0017,LOC007,LOC011,expedited,4,550.4,393.92
ORD002199,2025-02-03,CUS0146,SKU0033,LOC006,LOC023,standard,3,1833.12,1159.26
ORD002200,2025-03-04,CUS0075,SKU0014,LOC002,LOC017,standard,18,3814.74,2889.18
ORD002201,2025-01-15,CUS0080,SKU0007,LOC006,LOC031,same_day,18,2362.5,1297.08
ORD002202,2025-03-17,CUS0116,SKU0020,LOC005,LOC012,expedited,10,1447.8,956.0
ORD002203,2025-02-07,CUS0135,SKU0030,LOC007,LOC019,expedited,17,11737.48,6943.14
ORD002204,2025-01-20,CUS0069,SKU0039,LOC004,LOC025,standard,16,10540.0,6251.36
ORD002205,2025-03-22,CUS0001,SKU0029,LOC010,LOC020,standard,17,4720.73,3181.04
ORD002206,2025-03-22,CUS0002,SKU0005,LOC008,LOC022,standard,10,2678.2,1808.4
ORD002207,2025-03-31,CUS0126,SKU0023,LOC010,LOC023,expedited,2,580.86,314.28
ORD002208,2025-01-13,CUS0010,SKU0026,LOC005,LOC027,standard,8,3029.12,2028.08
ORD002209,2025-02-08,CUS0209,SKU0038,LOC004,LOC023,expedited,13,1515.8,988.39
ORD002210,2025-01-07,CUS0002,SKU0030,LOC004,LOC031,same_day,15,10356.6,6126.3
ORD002211,2025-02-09,CUS0114,SKU0003,LOC007,LOC012,standard,7,183.47,147.63
ORD002212,2025-01-04,CUS0074,SKU0018,LOC006,LOC029,standard,3,369.0,307.11
ORD002213,2025-01-30,CUS0170,SKU0020,LOC010,LOC014,standard,17,2461.26,1625.2
ORD002214,2025-01-04,CUS0063,SKU0024,LOC010,LOC029,expedited,8,440.56,363.6
ORD002215,2025-02-21,CUS0184,SKU0025,LOC004,LOC029,same_day,7,3423.63,2340.38
ORD002216,2025-03-30,CUS0127,SKU0033,LOC009,LOC022,same_day,9,5499.36,3477.78
ORD002217,2025-03-26,CUS0169,SKU0031,LOC004,LOC019,standard,5,2529.8,1833.25
ORD002218,2025-03-03,CUS0240,SKU0029,LOC002,LOC026,same_day,13,3609.97,2432.56
ORD002219,2025-03-01,CUS0100,SKU0008,LOC006,LOC019,standard,4,934.88,658.12
ORD002220,2025-01-27,CUS0115,SKU0039,LOC006,LOC022,expedited,18,11857.5,7032.78
ORD002221,2025-01-30,CUS0170,SKU0017,LOC007,LOC029,standard,8,1100.8,787.84
ORD002222,2025-01-17,CUS0007,SKU0022,LOC001,LOC032,standard,2,365.42,232.5
ORD002223,2025-01-15,CUS0210,SKU0006,LOC005,LOC030,expedited,2,825.28,641.26
ORD002224,2025-01-12,CUS0173,SKU0004,LOC004,LOC027,expedited,1,24.86,18.93
ORD002225,2025-02-18,CUS0219,SKU0036,LOC005,LOC027,expedited,2,130.36,86.58
ORD002226,2025-03-01,CUS0220,SKU0027,LOC003,LOC015,same_day,8,3445.6,2901.12
ORD002227,2025-03-09,CUS0106,SKU0002,LOC007,LOC013,standard,5,2549.3,1434.0
ORD002228,2025-01-20,CUS0177,SKU0008,LOC004,LOC021,standard,9,2103.48,1480.77
ORD002229,2025-03-01,CUS0038,SKU0016,LOC006,LOC015,standard,1,270.06,198.45
ORD002230,2025-03-23,CUS0045,SKU0007,LOC010,LOC030,expedited,15,1968.75,1080.9
ORD002231,2025-01-22,CUS0233,SKU0012,LOC004,LOC031,same_day,11,6608.69,3591.5
ORD002232,2025-03-11,CUS0020,SKU0008,LOC001,LOC030,standard,4,934.88,658.12
ORD002233,2025-03-05,CUS0180,SKU0021,LOC003,LOC026,standard,11,936.65,735.46
ORD002234,2025-01-07,CUS0026,SKU0037,LOC007,LOC018,standard,12,4914.96,3882.24
ORD002235,2025-02-22,CUS0186,SKU0026,LOC001,LOC016,standard,13,4922.32,3295.63
ORD002236,2025-03-21,CUS0198,SKU0030,LOC004,LOC030,standard,16,11047.04,6534.72
ORD002237,2025-03-16,CUS0145,SKU0005,LOC002,LOC026,standard,12,3213.84,2170.08
ORD002238,2025-02-28,CUS0038,SKU0028,LOC007,LOC014,standard,17,9144.47,5395.12
ORD002239,2025-03-13,CUS0054,SKU0014,LOC009,LOC015,standard,6,1271.58,963.06
ORD002240,2025-03-23,CUS0058,SKU0030,LOC009,LOC027,standard,17,11737.48,6943.14
ORD002241,2025-03-23,CUS0196,SKU0023,LOC010,LOC025,standard,14,4066.02,2199.96
ORD002242,2025-01-18,CUS0112,SKU0005,LOC004,LOC031,standard,9,2410.38,1627.56
ORD002243,2025-01-21,CUS0085,SKU0023,LOC002,LOC030,expedited,11,3194.73,1728.54
ORD002244,2025-02-02,CUS0225,SKU0028,LOC007,LOC011,expedited,5,2689.55,1586.8
ORD002245,2025-01-31,CUS0060,SKU0034,LOC005,LOC017,standard,5,3456.05,1953.95
ORD002246,2025-01-27,CUS0037,SKU0037,LOC007,LOC023,standard,14,5734.12,4529.28
ORD002247,2025-02-24,CUS0187,SKU0031,LOC005,LOC013,standard,18,9107.28,6599.7
ORD002248,2025-02-25,CUS0008,SKU0001,LOC006,LOC028,standard,15,374.55,274.5
ORD002249,2025-03-25,CUS0037,SKU0020,LOC005,LOC014,standard,14,2026.92,1338.4
ORD002250,2025-02-10,CUS0147,SKU0040,LOC004,LOC014,expedited,14,3933.72,2413.32
ORD002251,2025-02-12,CUS0035,SKU0011,LOC004,LOC025,standard,8,3249.52,1966.96
ORD002252,2025-01-31,CUS0245,SKU0004,LOC006,LOC032,standard,9,223.74,170.37
ORD002253,2025-01-06,CUS0235,SKU0008,LOC003,LOC025,expedited,3,701.16,493.59
ORD002254,2025-03-12,CUS0057,SKU0003,LOC004,LOC011,standard,13,340.73,274.17
ORD002255,2025-02-15,CUS0002,SKU0033,LOC005,LOC015,expedited,18,10998.72,6955.56
ORD002256,2025-01-29,CUS0170,SKU0019,LOC006,LOC022,standard,11,695.2,387.97
ORD002257,2025-02-26,CUS0175,SKU0007,LOC006,LOC025,standard,3,393.75,216.18
ORD002258,2025-02-26,CUS0023,SKU0007,LOC006,LOC027,expedited,11,1443.75,792.66
ORD002259,2025-01-05,CUS0169,SKU0023,LOC007,LOC012,expedited,4,1161.72,628.56
ORD002260,2025-01-26,CUS0034,SKU0005,LOC010,LOC030,standard,14,3749.48,2531.76
ORD002261,2025-03-05,CUS0192,SKU0008,LOC010,LOC015,standard,4,934.88,658.12
ORD002262,2025-02-12,CUS0055,SKU0015,LOC006,LOC015,expedited,2,670.54,517.92
ORD002263,2025-03-13,CUS0132,SKU0026,LOC008,LOC023,expedited,17,6436.88,4309.67
ORD002264,2025-03-14,CUS0061,SKU0031,LOC010,LOC031,standard,1,505.96,366.65
ORD002265,2025-02-10,CUS0071,SKU0020,LOC007,LOC015,standard,9,1303.02,860.4
ORD002266,2025-02-13,CUS0197,SKU0020,LOC007,LOC011,standard,8,1158.24,764.8
ORD002267,2025-03-16,CUS0236,SKU0014,LOC001,LOC025,expedited,17,3602.81,2728.67
ORD002268,2025-02-10,CUS0085,SKU0032,LOC005,LOC017,standard,8,1029.44,719.6
ORD002269,2025-03-04,CUS0114,SKU0004,LOC004,LOC021,expedited,7,174.02,132.51
ORD002270,2025-01-01,CUS0100,SKU0014,LOC009,LOC021,standard,18,3814.74,2889.18
ORD002271,2025-01-25,CUS0245,SKU0009,LOC003,LOC032,standard,11,6251.63,3745.94
ORD002272,2025-01-21,CUS0208,SKU0022,LOC010,LOC012,standard,11,2009.81,1278.75
ORD002273,2025-01-17,CUS0020,SKU0032,LOC006,LOC022,standard,16,2058.88,1439.2
ORD002274,2025-01-06,CUS0011,SKU0003,LOC007,LOC020,same_day,5,131.05,105.45
ORD002275,2025-02-16,CUS0029,SKU0026,LOC008,LOC032,standard,16,6058.24,4056.16
ORD002276,2025-02-11,CUS0232,SKU0007,LOC009,LOC031,standard,13,1706.25,936.78
ORD002277,2025-03-22,CUS0073,SKU0019,LOC006,LOC021,standard,13,821.6,458.51
ORD002278,2025-02-22,CUS0002,SKU0028,LOC005,LOC017,standard,11,5917.01,3490.96
ORD002279,2025-03-04,CUS0186,SKU0037,LOC004,LOC023,standard,7,2867.06,2264.64
ORD002280,2025-01-19,CUS0005,SKU0037,LOC006,LOC021,same_day,14,5734.12,4529.28
ORD002281,2025-02-28,CUS0165,SKU0028,LOC001,LOC017,expedited,2,1075.82,634.72
ORD002282,2025-03-20,CUS0122,SKU0039,LOC009,LOC031,standard,14,9222.5,5469.94
ORD002283,2025-03-29,CUS0041,SKU0039,LOC006,LOC018,expedited,3,1976.25,1172.13
ORD002284,2025-01-21,CUS0222,SKU0003,LOC004,LOC031,standard,14,366.94,295.26
ORD002285,2025-02-05,CUS0074,SKU0021,LOC003,LOC028,standard,2,170.3,133.72
ORD002286,2025-01-25,CUS0246,SKU0002,LOC001,LOC020,standard,17,8667.62,4875.6
ORD002287,2025-02-23,CUS0190,SKU0009,LOC001,LOC031,standard,11,6251.63,3745.94
ORD002288,2025-02-03,CUS0046,SKU0022,LOC005,LOC026,standard,9,1644.39,1046.25
ORD002289,2025-03-10,CUS0208,SKU0001,LOC001,LOC024,standard,15,374.55,274.5
ORD002290,2025-03-20,CUS0140,SKU0010,LOC010,LOC015,standard,15,835.5,607.05
ORD002291,2025-03-29,CUS0031,SKU0017,LOC007,LOC012,expedited,13,1788.8,1280.24
ORD002292,2025-02-20,CUS0020,SKU0013,LOC008,LOC029,standard,1,244.25,164.61
ORD002293,2025-01-19,CUS0230,SKU0013,LOC004,LOC022,standard,17,4152.25,2798.37
ORD002294,2025-02-21,CUS0155,SKU0037,LOC001,LOC027,expedited,3,1228.74,970.56
ORD002295,2025-03-31,CUS0200,SKU0033,LOC008,LOC031,standard,1,611.04,386.42
ORD002296,2025-01-08,CUS0073,SKU0004,LOC006,LOC025,standard,10,248.6,189.3
ORD002297,2025-01-20,CUS0022,SKU0027,LOC001,LOC012,expedited,10,4307.0,3626.4
ORD002298,2025-01-14,CUS0186,SKU0002,LOC005,LOC029,standard,12,6118.32,3441.6
ORD002299,2025-03-22,CUS0021,SKU0003,LOC010,LOC026,standard,6,157.26,126.54
ORD002300,2025-03-28,CUS0223,SKU0015,LOC008,LOC020,expedited,11,3687.97,2848.56
ORD002301,2025-01-22,CUS0196,SKU0040,LOC002,LOC022,standard,13,3652.74,2240.94
ORD002302,2025-01-06,CUS0231,SKU0006,LOC010,LOC018,same_day,12,4951.68,3847.56
ORD002303,2025-02-20,CUS0137,SKU0025,LOC008,LOC013,expedited,15,7336.35,5015.1
ORD002304,2025-03-26,CUS0077,SKU0034,LOC005,LOC029,standard,12,8294.52,4689.48
ORD002305,2025-01-28,CUS0103,SKU0033,LOC001,LOC029,same_day,11,6721.44,4250.62
ORD002306,2025-02-03,CUS0038,SKU0021,LOC002,LOC012,standard,8,681.2,534.88
ORD002307,2025-01-10,CUS0174,SKU0027,LOC002,LOC018,same_day,9,3876.3,3263.76
ORD002308,2025-02-22,CUS0210,SKU0004,LOC005,LOC028,standard,7,174.02,132.51
ORD002309,2025-01-06,CUS0068,SKU0027,LOC006,LOC021,expedited,5,2153.5,1813.2
ORD002310,2025-01-21,CUS0236,SKU0031,LOC002,LOC020,expedited,17,8601.32,6233.05
ORD002311,2025-02-02,CUS0115,SKU0018,LOC002,LOC026,standard,18,2214.0,1842.66
ORD002312,2025-01-24,CUS0118,SKU0006,LOC005,LOC022,standard,14,5776.96,4488.82
ORD002313,2025-01-24,CUS0236,SKU0040,LOC008,LOC021,standard,14,3933.72,2413.32
ORD002314,2025-03-07,CUS0248,SKU0019,LOC010,LOC015,standard,15,948.0,529.05
ORD002315,2025-01-01,CUS0179,SKU0012,LOC004,LOC027,expedited,14,8411.06,4571.0
ORD002316,2025-02-05,CUS0202,SKU0019,LOC006,LOC024,expedited,17,1074.4,599.59
ORD002317,2025-01-09,CUS0206,SKU0036,LOC008,LOC011,same_day,14,912.52,606.06
ORD002318,2025-02-02,CUS0027,SKU0015,LOC005,LOC018,standard,11,3687.97,2848.56
ORD002319,2025-02-26,CUS0018,SKU0032,LOC006,LOC024,same_day,6,772.08,539.7
ORD002320,2025-01-14,CUS0140,SKU0014,LOC009,LOC026,standard,3,635.79,481.53
ORD002321,2025-02-23,CUS0160,SKU0023,LOC005,LOC013,standard,10,2904.3,1571.4
ORD002322,2025-03-12,CUS0036,SKU0022,LOC009,LOC023,expedited,6,1096.26,697.5
ORD002323,2025-02-10,CUS0151,SKU0025,LOC009,LOC020,expedited,9,4401.81,3009.06
ORD002324,2025-02-12,CUS0172,SKU0006,LOC008,LOC013,standard,8,3301.12,2565.04
ORD002325,2025-01-21,CUS0242,SKU0028,LOC008,LOC028,same_day,7,3765.37,2221.52
ORD002326,2025-03-11,CUS0121,SKU0012,LOC001,LOC018,expedited,11,6608.69,3591.5
ORD002327,2025-03-03,CUS0113,SKU0018,LOC004,LOC019,standard,8,984.0,818.96
ORD002328,2025-03-23,CUS0088,SKU0016,LOC008,LOC026,expedited,16,4320.96,3175.2
ORD002329,2025-02-12,CUS0181,SKU0023,LOC003,LOC016,standard,17,4937.31,2671.38
ORD002330,2025-02-27,CUS0182,SKU0020,LOC003,LOC021,same_day,1,144.78,95.6
ORD002331,2025-02-22,CUS0204,SKU0038,LOC008,LOC028,standard,8,932.8,608.24
ORD002332,2025-03-16,CUS0223,SKU0026,LOC006,LOC023,standard,10,3786.4,2535.1
ORD002333,2025-02-05,CUS0128,SKU0028,LOC003,LOC020,standard,9,4841.19,2856.24
ORD002334,2025-03-01,CUS0003,SKU0002,LOC010,LOC019,same_day,15,7647.9,4302.0
ORD002335,2025-03-17,CUS0108,SKU0011,LOC001,LOC013,expedited,9,3655.71,2212.83
ORD002336,2025-01-07,CUS0131,SKU0037,LOC008,LOC013,standard,8,3276.64,2588.16
ORD002337,2025-01-29,CUS0160,SKU0036,LOC002,LOC022,standard,14,912.52,606.06
ORD002338,2025-02-05,CUS0104,SKU0021,LOC008,LOC016,expedited,7,596.05,468.02
ORD002339,2025-02-10,CUS0111,SKU0039,LOC008,LOC021,same_day,12,7905.0,4688.52
ORD002340,2025-02-17,CUS0083,SKU0022,LOC010,LOC031,same_day,1,182.71,116.25
ORD002341,2025-02-08,CUS0144,SKU0005,LOC006,LOC015,standard,10,2678.2,1808.4
ORD002342,2025-03-27,CUS0199,SKU0011,LOC002,LOC030,expedited,17,6905.23,4179.79
ORD002343,2025-02-17,CUS0039,SKU0021,LOC010,LOC019,standard,10,851.5,668.6
ORD002344,2025-03-07,CUS0077,SKU0010,LOC004,LOC016,expedited,18,1002.6,728.46
ORD002345,2025-02-06,CUS0189,SKU0001,LOC001,LOC029,expedited,10,249.7,183.0
ORD002346,2025-01-12,CUS0184,SKU0024,LOC010,LOC029,expedited,2,110.14,90.9
ORD002347,2025-02-06,CUS0234,SKU0039,LOC007,LOC011,same_day,16,10540.0,6251.36
ORD002348,2025-03-18,CUS0205,SKU0014,LOC006,LOC026,standard,4,847.72,642.04
ORD002349,2025-03-18,CUS0229,SKU0012,LOC003,LOC014,expedited,14,8411.06,4571.0
ORD002350,2025-01-22,CUS0022,SKU0033,LOC005,LOC028,standard,7,4277.28,2704.94
ORD002351,2025-03-09,CUS0140,SKU0036,LOC006,LOC016,same_day,2,130.36,86.58
ORD002352,2025-03-15,CUS0040,SKU0033,LOC009,LOC017,standard,2,1222.08,772.84
ORD002353,2025-01-20,CUS0126,SKU0026,LOC004,LOC028,standard,14,5300.96,3549.14
ORD002354,2025-03-06,CUS0010,SKU0019,LOC003,LOC011,expedited,16,1011.2,564.32
ORD002355,2025-02-03,CUS0246,SKU0002,LOC008,LOC025,standard,14,7138.04,4015.2
ORD002356,2025-01-20,CUS0058,SKU0010,LOC007,LOC011,standard,15,835.5,607.05
ORD002357,2025-03-24,CUS0167,SKU0006,LOC008,LOC011,standard,3,1237.92,961.89
ORD002358,2025-03-15,CUS0109,SKU0004,LOC010,LOC019,standard,7,174.02,132.51
ORD002359,2025-02-20,CUS0197,SKU0009,LOC006,LOC027,standard,8,4546.64,2724.32
ORD002360,2025-03-16,CUS0168,SKU0018,LOC004,LOC020,standard,3,369.0,307.11
ORD002361,2025-02-21,CUS0076,SKU0032,LOC003,LOC018,standard,18,2316.24,1619.1
ORD002362,2025-01-01,CUS0037,SKU0012,LOC003,LOC032,expedited,16,9612.64,5224.0
ORD002363,2025-02-13,CUS0223,SKU0021,LOC004,LOC020,expedited,12,1021.8,802.32
ORD002364,2025-01-31,CUS0233,SKU0036,LOC010,LOC031,standard,18,1173.24,779.22
ORD002365,2025-01-31,CUS0178,SKU0017,LOC005,LOC027,standard,2,275.2,196.96
ORD002366,2025-02-04,CUS0197,SKU0032,LOC008,LOC021,standard,8,1029.44,719.6
ORD002367,2025-03-15,CUS0032,SKU0003,LOC005,LOC019,standard,13,340.73,274.17
ORD002368,2025-01-23,CUS0180,SKU0014,LOC002,LOC014,standard,10,2119.3,1605.1
ORD002369,2025-01-04,CUS0023,SKU0005,LOC005,LOC023,expedited,13,3481.66,2350.92
ORD002370,2025-01-23,CUS0098,SKU0016,LOC004,LOC026,expedited,17,4591.02,3373.65
ORD002371,2025-02-04,CUS0225,SKU0019,LOC006,LOC032,expedited,7,442.4,246.89
ORD002372,2025-01-04,CUS0024,SKU0006,LOC008,LOC015,standard,1,412.64,320.63
ORD002373,2025-02-18,CUS0176,SKU0018,LOC007,LOC027,expedited,16,1968.0,1637.92
ORD002374,2025-03-26,CUS0084,SKU0038,LOC010,LOC017,expedited,2,233.2,152.06
ORD002375,2025-03-19,CUS0009,SKU0024,LOC001,LOC018,standard,14,770.98,636.3
ORD002376,2025-03-22,CUS0224,SKU0013,LOC007,LOC016,standard,9,2198.25,1481.49
ORD002377,2025-02-12,CUS0079,SKU0008,LOC010,LOC021,expedited,11,2570.92,1809.83
ORD002378,2025-01-11,CUS0217,SKU0023,LOC001,LOC011,same_day,16,4646.88,2514.24
ORD002379,2025-01-09,CUS0070,SKU0014,LOC003,LOC018,expedited,15,3178.95,2407.65
ORD002380,2025-02-22,CUS0211,SKU0015,LOC010,LOC026,expedited,18,6034.86,4661.28
ORD002381,2025-03-29,CUS0114,SKU0006,LOC005,LOC031,expedited,2,825.28,641.26
ORD002382,2025-01-10,CUS0220,SKU0003,LOC005,LOC016,expedited,8,209.68,168.72
ORD002383,2025-02-14,CUS0164,SKU0013,LOC008,LOC029,expedited,18,4396.5,2962.98
ORD002384,2025-01-07,CUS0097,SKU0021,LOC002,LOC013,same_day,14,1192.1,936.04
ORD002385,2025-01-17,CUS0222,SKU0034,LOC001,LOC026,expedited,3,2073.63,1172.37
ORD002386,2025-02-23,CUS0066,SKU0026,LOC002,LOC029,standard,10,3786.4,2535.1
ORD002387,2025-03-15,CUS0188,SKU0012,LOC006,LOC016,standard,10,6007.9,3265.0
ORD002388,2025-03-27,CUS0173,SKU0036,LOC009,LOC028,standard,10,651.8,432.9
ORD002389,2025-02-13,CUS0041,SKU0007,LOC003,LOC016,standard,11,1443.75,792.66
ORD002390,2025-03-16,CUS0106,SKU0026,LOC004,LOC028,standard,14,5300.96,3549.14
ORD002391,2025-03-24,CUS0105,SKU0005,LOC001,LOC011,same_day,15,4017.3,2712.6
ORD002392,2025-03-02,CUS0012,SKU0029,LOC009,LOC024,standard,1,277.69,187.12
ORD002393,2025-03-16,CUS0205,SKU0032,LOC010,LOC015,standard,2,257.36,179.9
ORD002394,2025-02-08,CUS0158,SKU0012,LOC005,LOC032,standard,14,8411.06,4571.0
ORD002395,2025-02-20,CUS0121,SKU0028,LOC008,LOC029,standard,5,2689.55,1586.8
ORD002396,2025-03-15,CUS0079,SKU0013,LOC007,LOC016,standard,2,488.5,329.22
ORD002397,2025-01-29,CUS0170,SKU0025,LOC001,LOC030,standard,5,2445.45,1671.7
ORD002398,2025-03-01,CUS0188,SKU0003,LOC006,LOC015,expedited,9,235.89,189.81
ORD002399,2025-02-21,CUS0033,SKU0008,LOC001,LOC022,expedited,12,2804.64,1974.36
ORD002400,2025-02-22,CUS0035,SKU0013,LOC003,LOC015,standard,7,1709.75,1152.27
ORD002401,2025-01-21,CUS0120,SKU0015,LOC006,LOC029,expedited,17,5699.59,4402.32
ORD002402,2025-01-30,CUS0002,SKU0004,LOC005,LOC012,expedited,16,397.76,302.88
ORD002403,2025-01-02,CUS0228,SKU0015,LOC009,LOC019,standard,7,2346.89,1812.72
ORD002404,2025-01-11,CUS0161,SKU0036,LOC010,LOC027,standard,16,1042.88,692.64
ORD002405,2025-03-29,CUS0147,SKU0027,LOC006,LOC020,expedited,16,6891.2,5802.24
ORD002406,2025-03-30,CUS0171,SKU0032,LOC003,LOC024,standard,12,1544.16,1079.4
ORD002407,2025-01-27,CUS0166,SKU0013,LOC003,LOC027,expedited,15,3663.75,2469.15
ORD002408,2025-03-15,CUS0234,SKU0040,LOC009,LOC017,standard,15,4214.7,2585.7
ORD002409,2025-02-17,CUS0153,SKU0007,LOC002,LOC032,standard,6,787.5,432.36
ORD002410,2025-01-02,CUS0104,SKU0034,LOC005,LOC026,standard,14,9676.94,5471.06
ORD002411,2025-02-08,CUS0064,SKU0028,LOC004,LOC027,expedited,18,9682.38,5712.48
ORD002412,2025-01-19,CUS0040,SKU0011,LOC004,LOC032,expedited,13,5280.47,3196.31
ORD002413,2025-03-15,CUS0153,SKU0015,LOC010,LOC022,expedited,14,4693.78,3625.44
ORD002414,2025-02-06,CUS0051,SKU0024,LOC001,LOC012,standard,14,770.98,636.3
ORD002415,2025-01-12,CUS0241,SKU0030,LOC008,LOC017,standard,5,3452.2,2042.1
ORD002416,2025-01-27,CUS0069,SKU0029,LOC007,LOC011,standard,17,4720.73,3181.04
ORD002417,2025-01-05,CUS0133,SKU0036,LOC003,LOC024,standard,10,651.8,432.9
ORD002418,2025-02-27,CUS0161,SKU0037,LOC010,LOC022,expedited,18,7372.44,5823.36
ORD002419,2025-02-25,CUS0051,SKU0039,LOC001,LOC020,expedited,1,658.75,390.71
ORD002420,2025-02-01,CUS0247,SKU0028,LOC004,LOC018,expedited,14,7530.74,4443.04
ORD002421,2025-01-08,CUS0129,SKU0009,LOC009,LOC017,expedited,11,6251.63,3745.94
ORD002422,2025-02-08,CUS0152,SKU0006,LOC005,LOC018,expedited,15,6189.6,4809.45
ORD002423,2025-03-19,CUS0159,SKU0021,LOC009,LOC029,expedited,17,1447.55,1136.62
ORD002424,2025-03-19,CUS0239,SKU0017,LOC005,LOC027,same_day,6,825.6,590.88
ORD002425,2025-01-23,CUS0176,SKU0007,LOC009,LOC012,same_day,6,787.5,432.36
ORD002426,2025-02-09,CUS0110,SKU0025,LOC008,LOC023,standard,10,4890.9,3343.4
ORD002427,2025-02-28,CUS0110,SKU0006,LOC010,LOC032,standard,4,1650.56,1282.52
ORD002428,2025-02-14,CUS0183,SKU0033,LOC001,LOC012,standard,14,8554.56,5409.88
ORD002429,2025-03-08,CUS0096,SKU0014,LOC009,LOC021,standard,7,1483.51,1123.57
ORD002430,2025-01-04,CUS0050,SKU0031,LOC001,LOC013,standard,11,5565.56,4033.15
ORD002431,2025-02-15,CUS0024,SKU0035,LOC010,LOC014,expedited,4,572.24,426.6
ORD002432,2025-03-22,CUS0225,SKU0003,LOC010,LOC018,expedited,12,314.52,253.08
ORD002433,2025-01-11,CUS0124,SKU0005,LOC004,LOC016,standard,16,4285.12,2893.44
ORD002434,2025-03-31,CUS0040,SKU0006,LOC004,LOC019,standard,14,5776.96,4488.82
ORD002435,2025-01-18,CUS0171,SKU0003,LOC008,LOC026,standard,9,235.89,189.81
ORD002436,2025-02-14,CUS0139,SKU0017,LOC003,LOC024,standard,15,2064.0,1477.2
ORD002437,2025-03-25,CUS0152,SKU0025,LOC002,LOC028,standard,2,978.18,668.68
ORD002438,2025-03-24,CUS0171,SKU0008,LOC004,LOC032,standard,3,701.16,493.59
ORD002439,2025-01-24,CUS0149,SKU0032,LOC006,LOC030,standard,17,2187.56,1529.15
ORD002440,2025-03-30,CUS0226,SKU0002,LOC007,LOC028,standard,4,2039.44,1147.2
ORD002441,2025-02-15,CUS0017,SKU0006,LOC005,LOC014,standard,6,2475.84,1923.78
ORD002442,2025-02-22,CUS0178,SKU0005,LOC009,LOC018,expedited,18,4820.76,3255.12
ORD002443,2025-02-11,CUS0210,SKU0002,LOC001,LOC024,standard,12,6118.32,3441.6
ORD002444,2025-02-28,CUS0153,SKU0028,LOC006,LOC029,standard,13,6992.83,4125.68
ORD002445,2025-01-19,CUS0079,SKU0006,LOC008,LOC024,standard,9,3713.76,2885.67
ORD002446,2025-01-25,CUS0117,SKU0019,LOC006,LOC017,expedited,18,1137.6,634.86
ORD002447,2025-02-06,CUS0032,SKU0026,LOC001,LOC015,standard,17,6436.88,4309.67
ORD002448,2025-02-27,CUS0195,SKU0008,LOC007,LOC024,same_day,3,701.16,493.59
ORD002449,2025-02-09,CUS0207,SKU0018,LOC008,LOC031,standard,5,615.0,511.85
ORD002450,2025-02-17,CUS0211,SKU0032,LOC006,LOC026,standard,16,2058.88,1439.2
ORD002451,2025-01-19,CUS0247,SKU0012,LOC006,LOC027,standard,9,5407.11,2938.5
ORD002452,2025-01-09,CUS0245,SKU0024,LOC006,LOC018,standard,4,220.28,181.8
ORD002453,2025-01-12,CUS0070,SKU0033,LOC005,LOC032,standard,4,2444.16,1545.68
ORD002454,2025-01-17,CUS0155,SKU0001,LOC005,LOC018,expedited,4,99.88,73.2
ORD002455,2025-02-05,CUS0221,SKU0018,LOC004,LOC032,same_day,3,369.0,307.11
ORD002456,2025-03-03,CUS0177,SKU0010,LOC002,LOC024,standard,18,1002.6,728.46
ORD002457,2025-01-28,CUS0129,SKU0006,LOC003,LOC024,standard,17,7014.88,5450.71
ORD002458,2025-03-08,CUS0174,SKU0014,LOC005,LOC022,expedited,14,2967.02,2247.14
ORD002459,2025-03-31,CUS0037,SKU0035,LOC003,LOC015,standard,17,2432.02,1813.05
ORD002460,2025-01-15,CUS0174,SKU0034,LOC004,LOC019,standard,15,10368.15,5861.85
ORD002461,2025-03-12,CUS0247,SKU0033,LOC007,LOC012,expedited,6,3666.24,2318.52
ORD002462,2025-03-05,CUS0021,SKU0029,LOC004,LOC013,standard,17,4720.73,3181.04
ORD002463,2025-02-19,CUS0096,SKU0007,LOC002,LOC019,standard,7,918.75,504.42
ORD002464,2025-03-23,CUS0021,SKU0025,LOC010,LOC023,expedited,1,489.09,334.34
ORD002465,2025-03-01,CUS0018,SKU0014,LOC006,LOC018,standard,7,1483.51,1123.57
ORD002466,2025-02-05,CUS0160,SKU0011,LOC001,LOC017,expedited,15,6092.85,3688.05
ORD002467,2025-02-08,CUS0190,SKU0024,LOC009,LOC027,standard,16,881.12,727.2
ORD002468,2025-03-02,CUS0030,SKU0009,LOC005,LOC017,standard,2,1136.66,681.08
ORD002469,2025-01-29,CUS0150,SKU0019,LOC010,LOC021,standard,16,1011.2,564.32
ORD002470,2025-02-26,CUS0176,SKU0014,LOC009,LOC017,standard,15,3178.95,2407.65
ORD002471,2025-02-09,CUS0002,SKU0017,LOC006,LOC023,standard,16,2201.6,1575.68
ORD002472,2025-02-27,CUS0219,SKU0011,LOC009,LOC015,standard,5,2030.95,1229.35
ORD002473,2025-01-28,CUS0222,SKU0027,LOC005,LOC017,expedited,17,7321.9,6164.88
ORD002474,2025-01-02,CUS0215,SKU0038,LOC007,LOC023,same_day,12,1399.2,912.36
ORD002475,2025-02-04,CUS0047,SKU0007,LOC005,LOC029,standard,8,1050.0,576.48
ORD002476,2025-03-08,CUS0026,SKU0023,LOC007,LOC018,expedited,14,4066.02,2199.96
ORD002477,2025-01-12,CUS0144,SKU0020,LOC002,LOC013,standard,1,144.78,95.6
ORD002478,2025-03-16,CUS0207,SKU0036,LOC002,LOC030,standard,12,782.16,519.48
ORD002479,2025-01-26,CUS0050,SKU0027,LOC009,LOC026,same_day,7,3014.9,2538.48
ORD002480,2025-03-14,CUS0019,SKU0028,LOC010,LOC013,standard,18,9682.38,5712.48
ORD002481,2025-03-13,CUS0205,SKU0035,LOC001,LOC032,standard,18,2575.08,1919.7
ORD002482,2025-01-15,CUS0025,SKU0003,LOC005,LOC027,standard,1,26.21,21.09
ORD002483,2025-01-24,CUS0128,SKU0017,LOC009,LOC023,expedited,14,1926.4,1378.72
ORD002484,2025-02-19,CUS0181,SKU0030,LOC010,LOC029,expedited,9,6213.96,3675.78
ORD002485,2025-03-03,CUS0117,SKU0025,LOC001,LOC029,standard,1,489.09,334.34
ORD002486,2025-01-24,CUS0111,SKU0012,LOC009,LOC023,expedited,15,9011.85,4897.5
ORD002487,2025-02-04,CUS0171,SKU0007,LOC008,LOC025,same_day,16,2100.0,1152.96
ORD002488,2025-03-29,CUS0174,SKU0030,LOC007,LOC011,standard,4,2761.76,1633.68
ORD002489,2025-02-22,CUS0108,SKU0036,LOC006,LOC027,standard,18,1173.24,779.22
ORD002490,2025-03-03,CUS0243,SKU0014,LOC005,LOC026,expedited,10,2119.3,1605.1
ORD002491,2025-01-26,CUS0169,SKU0032,LOC005,LOC021,standard,13,1672.84,1169.35
ORD002492,2025-02-19,CUS0163,SKU0038,LOC004,LOC019,standard,9,1049.4,684.27
ORD002493,2025-02-10,CUS0007,SKU0017,LOC005,LOC032,expedited,5,688.0,492.4
ORD002494,2025-01-30,CUS0225,SKU0022,LOC005,LOC028,expedited,9,1644.39,1046.25
ORD002495,2025-03-03,CUS0137,SKU0015,LOC010,LOC014,standard,12,4023.24,3107.52
ORD002496,2025-02-18,CUS0179,SKU0003,LOC001,LOC019,standard,17,445.57,358.53
ORD002497,2025-02-19,CUS0081,SKU0002,LOC009,LOC025,standard,9,4588.74,2581.2
ORD002498,2025-02-07,CUS0166,SKU0018,LOC007,LOC024,same_day,15,1845.0,1535.55
ORD002499,2025-01-18,CUS0159,SKU0037,LOC010,LOC020,same_day,7,2867.06,2264.64
ORD002500,2025-01-12,CUS0012,SKU0028,LOC006,LOC014,standard,16,8606.56,5077.76
