shipment_id,order_id,carrier_id,ship_date,promised_delivery_date,actual_delivery_date,distance_miles,shipping_cost,damage_flag
SHP000001,ORD000001,CAR004,2025-02-12,2025-02-14,2025-02-15,2388,323.7,False
SHP000002,ORD000002,CAR006,2025-01-31,2025-02-06,2025-02-07,1110,190.26,False
SHP000003,ORD000003,CAR003,2025-02-15,2025-02-15,2025-02-15,1645,1000.85,False
SHP000004,ORD000004,CAR005,2025-04-01,2025-04-06,2025-04-06,270,116.73,False
SHP000005,ORD000005,CAR006,2025-01-26,2025-01-28,2025-01-27,1875,280.2,False
SHP000006,ORD000006,CAR003,2025-02-24,2025-03-01,2025-02-28,2244,993.61,False
SHP000007,ORD000007,CAR001,2025-02-08,2025-02-10,2025-02-12,1697,432.32,True
SHP000008,ORD000008,CAR004,2025-03-10,2025-03-16,2025-03-19,2685,419.67,False
SHP000009,ORD000009,CAR004,2025-03-14,2025-03-19,2025-03-20,1742,197.96,False
SHP000010,ORD000010,CAR003,2025-01-31,2025-02-03,2025-02-02,2282,1313.15,False
SHP000011,ORD000011,CAR003,2025-03-21,2025-03-26,2025-03-26,1037,451.91,False
SHP000012,ORD000012,CAR006,2025-02-06,2025-02-11,2025-02-12,938,149.1,False
SHP000013,ORD000013,CAR005,2025-01-18,2025-01-20,2025-01-20,1024,191.08,False
SHP000014,ORD000014,CAR002,2025-01-19,2025-01-20,2025-01-21,520,252.15,False
SHP000015,ORD000015,CAR004,2025-01-04,2025-01-09,2025-01-07,2020,242.63,False
SHP000016,ORD000016,CAR006,2025-03-20,2025-03-26,2025-03-26,197,141.76,False
SHP000017,ORD000017,CAR002,2025-02-27,2025-03-04,2025-03-05,2663,412.61,False
SHP000018,ORD000018,CAR002,2025-03-20,2025-03-25,2025-03-25,1831,233.66,False
SHP000019,ORD000019,CAR002,2025-01-13,2025-01-19,2025-01-18,443,168.73,False
SHP000020,ORD000020,CAR001,2025-03-18,2025-03-18,2025-03-18,1752,615.73,False
SHP000021,ORD000021,CAR006,2025-02-15,2025-02-21,2025-02-18,1504,251.12,False
SHP000022,ORD000022,CAR006,2025-03-14,2025-03-14,2025-03-14,1165,207.11,True
SHP000023,ORD000023,CAR006,2025-01-20,2025-01-25,2025-01-25,2242,309.18,False
SHP000024,ORD000024,CAR002,2025-02-12,2025-02-14,2025-02-14,2600,382.9,False
SHP000025,ORD000025,CAR003,2025-02-27,2025-03-04,2025-03-03,2499,1234.64,False
SHP000026,ORD000026,CAR002,2025-01-08,2025-01-14,2025-01-14,1116,160.58,False
SHP000027,ORD000027,CAR006,2025-03-11,2025-03-13,2025-03-13,243,50.49,False
SHP000028,ORD000028,CAR003,2025-03-24,2025-03-29,2025-03-28,773,379.88,False
SHP000029,ORD000029,CAR004,2025-02-01,2025-02-07,2025-02-09,977,208.58,False
SHP000030,ORD000030,CAR006,2025-01-25,2025-01-26,2025-01-26,674,123.81,False
SHP000031,ORD000031,CAR005,2025-03-26,2025-03-31,2025-03-31,2382,549.0,False
SHP000032,ORD000032,CAR001,2025-01-09,2025-01-15,2025-01-13,1511,277.47,False
SHP000033,ORD000033,CAR005,2025-02-07,2025-02-12,2025-02-11,238,54.88,False
SHP000034,ORD000034,CAR006,2025-01-08,2025-01-14,2025-01-15,776,140.72,False
SHP000035,ORD000035,CAR006,2025-02-06,2025-02-12,2025-02-12,457,148.87,False
SHP000036,ORD000036,CAR006,2025-03-17,2025-03-19,2025-03-19,1675,357.39,False
SHP000037,ORD000037,CAR006,2025-02-12,2025-02-15,2025-02-14,1555,341.72,False
SHP000038,ORD000038,CAR005,2025-01-19,2025-01-24,2025-01-25,2226,360.19,False
SHP000039,ORD000039,CAR004,2025-01-24,2025-01-27,2025-01-26,1889,362.51,False
SHP000040,ORD000040,CAR005,2025-03-03,2025-03-03,2025-03-05,1874,403.68,False
SHP000041,ORD000041,CAR006,2025-01-26,2025-01-29,2025-01-28,490,127.48,False
SHP000042,ORD000042,CAR004,2025-02-04,2025-02-10,2025-02-10,445,211.53,False
SHP000043,ORD000043,CAR003,2025-02-20,2025-02-26,2025-02-26,475,234.63,False
SHP000044,ORD000044,CAR005,2025-03-03,2025-03-05,2025-03-06,91,59.39,False
SHP000045,ORD000045,CAR004,2025-02-06,2025-02-12,2025-02-11,327,67.06,False
SHP000046,ORD000046,CAR001,2025-03-15,2025-03-21,2025-03-20,2588,473.22,False
SHP000047,ORD000047,CAR005,2025-02-16,2025-02-22,2025-02-21,1995,376.84,False
SHP000048,ORD000048,CAR003,2025-01-10,2025-01-15,2025-01-15,616,303.5,False
SHP000049,ORD000049,CAR004,2025-03-04,2025-03-06,2025-03-07,887,139.27,False
SHP000050,ORD000050,CAR003,2025-03-12,2025-03-17,2025-03-17,265,140.33,False
SHP000051,ORD000051,CAR002,2025-02-27,2025-03-01,2025-02-27,2196,413.92,False
SHP000052,ORD000052,CAR003,2025-01-25,2025-01-30,2025-01-30,1280,639.65,False
SHP000053,ORD000053,CAR003,2025-01-06,2025-01-09,2025-01-07,304,207.28,False
SHP000054,ORD000054,CAR001,2025-01-19,2025-01-22,2025-01-20,1036,248.68,False
SHP000055,ORD000055,CAR001,2025-03-28,2025-04-03,2025-04-01,1700,281.69,False
SHP000056,ORD000056,CAR003,2025-02-19,2025-02-20,2025-02-20,1897,1295.73,False
SHP000057,ORD000057,CAR006,2025-01-10,2025-01-16,2025-01-20,1493,281.58,False
SHP000058,ORD000058,CAR001,2025-04-01,2025-04-03,2025-04-02,893,245.98,False
SHP000059,ORD000059,CAR001,2025-02-17,2025-02-23,2025-02-24,2030,493.49,False
SHP000060,ORD000060,CAR002,2025-03-24,2025-03-30,2025-03-31,2328,442.17,False
SHP000061,ORD000061,CAR006,2025-03-09,2025-03-14,2025-03-15,2195,306.94,False
SHP000062,ORD000062,CAR002,2025-02-09,2025-02-14,2025-02-17,2494,328.87,False
SHP000063,ORD000063,CAR006,2025-03-15,2025-03-20,2025-03-20,933,120.65,False
SHP000064,ORD000064,CAR001,2025-02-09,2025-02-14,2025-02-13,315,150.24,False
SHP000065,ORD000065,CAR004,2025-02-11,2025-02-13,2025-02-14,2370,320.83,False
SHP000066,ORD000066,CAR002,2025-01-13,2025-01-19,2025-01-20,724,192.72,False
SHP000067,ORD000067,CAR001,2025-03-08,2025-03-13,2025-03-15,1056,185.18,False
SHP000068,ORD000068,CAR001,2025-03-26,2025-03-28,2025-03-27,1835,385.72,False
SHP000069,ORD000069,CAR003,2025-01-07,2025-01-13,2025-01-14,2322,1208.28,False
SHP000070,ORD000070,CAR003,2025-02-20,2025-02-26,2025-02-27,660,309.7,False
SHP000071,ORD000071,CAR005,2025-02-13,2025-02-15,2025-02-16,2581,553.19,False
SHP000072,ORD000072,CAR001,2025-03-08,2025-03-13,2025-03-13,1578,296.78,False
SHP000073,ORD000073,CAR006,2025-03-31,2025-04-02,2025-04-02,2435,419.48,False
SHP000074,ORD000074,CAR004,2025-03-30,2025-04-04,2025-04-02,1354,193.58,False
SHP000075,ORD000075,CAR003,2025-01-09,2025-01-11,2025-01-13,1613,835.57,False
SHP000076,ORD000076,CAR002,2025-03-29,2025-04-01,2025-04-01,1079,195.45,False
SHP000077,ORD000077,CAR006,2025-03-05,2025-03-10,2025-03-10,2294,336.73,False
SHP000078,ORD000078,CAR004,2025-01-11,2025-01-17,2025-01-18,946,220.6,False
SHP000079,ORD000079,CAR006,2025-03-17,2025-03-23,2025-03-23,1422,180.43,False
SHP000080,ORD000080,CAR003,2025-03-02,2025-03-08,2025-03-09,312,183.5,False
SHP000081,ORD000081,CAR004,2025-01-23,2025-01-29,2025-01-29,1255,148.7,False
SHP000082,ORD000082,CAR002,2025-02-12,2025-02-18,2025-02-17,2135,427.5,False
SHP000083,ORD000083,CAR003,2025-03-25,2025-03-30,2025-03-30,861,444.04,False
SHP000084,ORD000084,CAR002,2025-03-28,2025-04-02,2025-03-31,97,41.32,False
SHP000085,ORD000085,CAR006,2025-03-16,2025-03-21,2025-03-22,1730,413.56,False
SHP000086,ORD000086,CAR004,2025-01-29,2025-02-04,2025-02-05,2551,355.6,False
SHP000087,ORD000087,CAR005,2025-03-29,2025-04-01,2025-04-01,2380,504.3,False
SHP000088,ORD000088,CAR001,2025-03-09,2025-03-14,2025-03-13,2160,362.27,False
SHP000089,ORD000089,CAR003,2025-01-08,2025-01-14,2025-01-15,2438,1096.98,False
SHP000090,ORD000090,CAR004,2025-01-10,2025-01-10,2025-01-10,807,205.74,False
SHP000091,ORD000091,CAR003,2025-02-18,2025-02-24,2025-02-27,1679,940.49,False
SHP000092,ORD000092,CAR004,2025-03-01,2025-03-04,2025-03-07,1010,192.9,False
SHP000093,ORD000093,CAR001,2025-03-27,2025-04-01,2025-04-01,2518,478.57,False
SHP000094,ORD000094,CAR003,2025-03-12,2025-03-17,2025-03-17,1029,516.14,False
SHP000095,ORD000095,CAR003,2025-01-20,2025-01-20,2025-01-20,2493,2011.56,False
SHP000096,ORD000096,CAR006,2025-02-15,2025-02-15,2025-02-17,1775,414.02,False
SHP000097,ORD000097,CAR001,2025-01-30,2025-02-04,2025-02-01,2352,413.25,False
SHP000098,ORD000098,CAR002,2025-02-27,2025-03-02,2025-03-01,281,64.73,False
SHP000099,ORD000099,CAR002,2025-03-17,2025-03-20,2025-03-21,132,61.23,False
SHP000100,ORD000100,CAR003,2025-01-28,2025-02-02,2025-02-01,1629,780.62,False
SHP000101,ORD000101,CAR002,2025-03-06,2025-03-11,2025-03-10,2374,541.47,False
SHP000102,ORD000102,CAR002,2025-01-27,2025-02-01,2025-02-02,2115,408.97,False
SHP000103,ORD000103,CAR003,2025-03-24,2025-03-27,2025-03-28,2070,1239.46,False
SHP000104,ORD000104,CAR002,2025-01-11,2025-01-11,2025-01-13,2653,544.41,False
SHP000105,ORD000105,CAR001,2025-03-22,2025-03-24,2025-03-23,138,56.98,False
SHP000106,ORD000106,CAR002,2025-01-24,2025-01-29,2025-01-29,856,149.55,False
SHP000107,ORD000107,CAR006,2025-02-21,2025-02-27,2025-02-27,199,70.26,False
SHP000108,ORD000108,CAR003,2025-03-31,2025-04-06,2025-04-05,2387,1332.16,False
SHP000109,ORD000109,CAR001,2025-03-30,2025-04-02,2025-04-02,2294,453.85,False
SHP000110,ORD000110,CAR002,2025-02-21,2025-02-21,2025-02-21,2391,455.05,False
SHP000111,ORD000111,CAR003,2025-01-19,2025-01-21,2025-01-22,381,236.69,False
SHP000112,ORD000112,CAR003,2025-02-05,2025-02-07,2025-02-07,2335,1274.74,False
SHP000113,ORD000113,CAR003,2025-03-21,2025-03-27,2025-03-28,2666,1199.62,True
SHP000114,ORD000114,CAR001,2025-02-09,2025-02-15,2025-02-17,837,178.16,False
SHP000115,ORD000115,CAR003,2025-02-15,2025-02-21,2025-02-19,2361,1230.21,False
SHP000116,ORD000116,CAR002,2025-01-22,2025-01-28,2025-01-29,329,68.69,False
SHP000117,ORD000117,CAR002,2025-02-02,2025-02-04,2025-02-03,97,188.31,False
SHP000118,ORD000118,CAR005,2025-02-26,2025-02-28,2025-02-28,892,199.42,False
SHP000119,ORD000119,CAR003,2025-03-23,2025-03-29,2025-03-30,536,314.01,False
SHP000120,ORD000120,CAR003,2025-03-02,2025-03-02,2025-03-02,353,356.12,False
SHP000121,ORD000121,CAR004,2025-02-08,2025-02-14,2025-02-18,2032,265.58,False
SHP000122,ORD000122,CAR001,2025-02-16,2025-02-19,2025-02-21,517,297.16,False
SHP000123,ORD000123,CAR004,2025-03-24,2025-03-27,2025-03-28,979,280.51,False
SHP000124,ORD000124,CAR001,2025-02-20,2025-02-26,2025-02-26,2047,422.11,False
SHP000125,ORD000125,CAR003,2025-02-14,2025-02-19,2025-02-18,1923,887.21,False
SHP000126,ORD000126,CAR005,2025-03-29,2025-03-31,2025-03-31,725,200.28,False
SHP000127,ORD000127,CAR006,2025-01-25,2025-01-27,2025-01-26,2495,356.02,False
SHP000128,ORD000128,CAR003,2025-01-10,2025-01-15,2025-01-14,877,542.76,False
SHP000129,ORD000129,CAR004,2025-03-20,2025-03-26,2025-03-24,1288,166.03,False
SHP000130,ORD000130,CAR004,2025-01-15,2025-01-21,2025-01-19,2512,308.96,False
SHP000131,ORD000131,CAR004,2025-03-05,2025-03-10,2025-03-08,109,60.9,False
SHP000132,ORD000132,CAR001,2025-03-05,2025-03-10,2025-03-08,2385,448.5,False
SHP000133,ORD000133,CAR004,2025-02-06,2025-02-12,2025-02-11,537,135.93,False
SHP000134,ORD000134,CAR006,2025-02-27,2025-03-04,2025-03-04,1083,209.25,False
SHP000135,ORD000135,CAR006,2025-01-12,2025-01-18,2025-01-17,2569,338.59,False
SHP000136,ORD000136,CAR002,2025-03-14,2025-03-20,2025-03-19,1395,276.97,False
SHP000137,ORD000137,CAR002,2025-02-23,2025-02-23,2025-02-23,1083,292.9,False
SHP000138,ORD000138,CAR006,2025-02-19,2025-02-24,2025-02-26,1209,179.13,False
SHP000139,ORD000139,CAR001,2025-01-13,2025-01-15,2025-01-15,1829,394.59,False
SHP000140,ORD000140,CAR006,2025-01-17,2025-01-23,2025-01-22,268,149.0,False
SHP000141,ORD000141,CAR006,2025-01-22,2025-01-27,2025-01-29,1306,186.5,False
SHP000142,ORD000142,CAR006,2025-02-17,2025-02-20,2025-02-18,1321,268.84,False
SHP000143,ORD000143,CAR002,2025-01-02,2025-01-07,2025-01-05,103,39.71,False
SHP000144,ORD000144,CAR003,2025-02-19,2025-02-25,2025-02-25,1295,647.0,False
SHP000145,ORD000145,CAR006,2025-03-14,2025-03-20,2025-03-21,1756,291.4,False
SHP000146,ORD000146,CAR004,2025-01-17,2025-01-22,2025-01-24,1358,176.33,False
SHP000147,ORD000147,CAR005,2025-03-31,2025-04-05,2025-04-03,1280,256.72,False
SHP000148,ORD000148,CAR001,2025-03-06,2025-03-08,2025-03-08,1549,312.75,False
SHP000149,ORD000149,CAR001,2025-01-24,2025-01-26,2025-01-27,317,65.54,False
SHP000150,ORD000150,CAR002,2025-02-22,2025-02-27,2025-02-27,1206,218.45,False
SHP000151,ORD000151,CAR004,2025-03-23,2025-03-26,2025-03-26,307,76.28,False
SHP000152,ORD000152,CAR002,2025-03-27,2025-03-29,2025-03-27,116,29.94,False
SHP000153,ORD000153,CAR001,2025-01-17,2025-01-20,2025-01-19,2215,489.5,False
SHP000154,ORD000154,CAR003,2025-03-07,2025-03-13,2025-03-14,714,357.48,False
SHP000155,ORD000155,CAR004,2025-03-08,2025-03-13,2025-03-11,803,120.84,False
SHP000156,ORD000156,CAR001,2025-02-01,2025-02-07,2025-02-09,2411,442.88,False
SHP000157,ORD000157,CAR003,2025-01-07,2025-01-07,2025-01-07,423,254.53,False
SHP000158,ORD000158,CAR005,2025-02-02,2025-02-07,2025-02-06,1074,318.64,False
SHP000159,ORD000159,CAR006,2025-03-31,2025-04-02,2025-03-31,1329,219.52,False
SHP000160,ORD000160,CAR002,2025-01-19,2025-01-22,2025-01-24,2198,398.42,False
SHP000161,ORD000161,CAR001,2025-03-24,2025-03-26,2025-03-24,1039,245.16,False
SHP000162,ORD000162,CAR005,2025-01-31,2025-02-05,2025-02-06,516,104.01,False
SHP000163,ORD000163,CAR004,2025-02-15,2025-02-16,2025-02-16,715,209.14,False
SHP000164,ORD000164,CAR005,2025-02-12,2025-02-17,2025-02-18,270,54.81,False
SHP000165,ORD000165,CAR001,2025-03-13,2025-03-16,2025-03-16,118,48.19,False
SHP000166,ORD000166,CAR003,2025-02-17,2025-02-20,2025-02-19,377,191.22,False
SHP000167,ORD000167,CAR005,2025-02-12,2025-02-18,2025-02-16,2102,424.84,False
SHP000168,ORD000168,CAR005,2025-02-06,2025-02-11,2025-02-12,2597,397.48,False
SHP000169,ORD000169,CAR005,2025-02-06,2025-02-11,2025-02-11,2296,606.8,False
SHP000170,ORD000170,CAR001,2025-03-15,2025-03-20,2025-03-24,1376,248.95,False
SHP000171,ORD000171,CAR006,2025-03-17,2025-03-17,2025-03-17,299,93.37,False
SHP000172,ORD000172,CAR005,2025-01-23,2025-01-29,2025-01-31,185,49.57,False
SHP000173,ORD000173,CAR002,2025-01-26,2025-01-28,2025-01-27,1022,246.3,False
SHP000174,ORD000174,CAR003,2025-01-27,2025-01-29,2025-01-29,313,244.29,False
SHP000175,ORD000175,CAR003,2025-02-18,2025-02-20,2025-02-20,715,489.96,False
SHP000176,ORD000176,CAR005,2025-03-13,2025-03-16,2025-03-17,788,257.34,False
SHP000177,ORD000177,CAR002,2025-04-01,2025-04-01,2025-04-01,2574,564.3,False
SHP000178,ORD000178,CAR001,2025-01-31,2025-02-06,2025-02-04,2687,438.78,False
SHP000179,ORD000179,CAR004,2025-01-10,2025-01-15,2025-01-14,751,103.35,False
SHP000180,ORD000180,CAR001,2025-03-04,2025-03-06,2025-03-07,206,42.92,False
SHP000181,ORD000181,CAR001,2025-02-19,2025-02-24,2025-02-22,2047,340.13,False
SHP000182,ORD000182,CAR005,2025-01-13,2025-01-19,2025-01-22,2282,385.08,False
SHP000183,ORD000183,CAR001,2025-03-12,2025-03-15,2025-03-14,2630,517.46,False
SHP000184,ORD000184,CAR004,2025-01-12,2025-01-17,2025-01-18,1998,291.36,False
SHP000185,ORD000185,CAR004,2025-02-19,2025-02-24,2025-02-23,1170,166.94,False
SHP000186,ORD000186,CAR004,2025-02-22,2025-02-23,2025-02-23,2210,382.66,False
SHP000187,ORD000187,CAR005,2025-01-11,2025-01-17,2025-01-18,2610,470.54,False
SHP000188,ORD000188,CAR004,2025-01-26,2025-01-31,2025-01-29,897,214.4,False
SHP000189,ORD000189,CAR003,2025-01-09,2025-01-15,2025-01-16,120,127.7,False
SHP000190,ORD000190,CAR001,2025-01-20,2025-01-25,2025-01-24,1241,252.97,False
SHP000191,ORD000191,CAR004,2025-03-15,2025-03-21,2025-03-22,1715,239.07,False
SHP000192,ORD000192,CAR003,2025-02-04,2025-02-07,2025-02-09,1343,730.4,False
SHP000193,ORD000193,CAR004,2025-02-27,2025-03-01,2025-03-01,1879,321.46,False
SHP000194,ORD000194,CAR005,2025-03-07,2025-03-10,2025-03-10,1722,375.3,False
SHP000195,ORD000195,CAR001,2025-01-26,2025-01-29,2025-01-31,1192,254.07,False
SHP000196,ORD000196,CAR004,2025-02-01,2025-02-06,2025-02-05,2473,435.5,False
SHP000197,ORD000197,CAR002,2025-01-07,2025-01-13,2025-01-13,1747,328.93,False
SHP000198,ORD000198,CAR003,2025-03-19,2025-03-21,2025-03-20,1197,690.57,False
SHP000199,ORD000199,CAR001,2025-02-08,2025-02-11,2025-02-09,1602,427.92,False
SHP000200,ORD000200,CAR006,2025-02-14,2025-02-14,2025-02-14,1293,263.81,False
SHP000201,ORD000201,CAR003,2025-03-29,2025-04-04,2025-04-05,214,113.12,False
SHP000202,ORD000202,CAR002,2025-03-23,2025-03-26,2025-03-25,2356,383.83,False
SHP000203,ORD000203,CAR006,2025-02-13,2025-02-15,2025-02-16,1427,229.24,False
SHP000204,ORD000204,CAR002,2025-03-24,2025-03-29,2025-03-28,2119,318.54,False
SHP000205,ORD000205,CAR005,2025-01-21,2025-01-26,2025-01-29,656,177.86,False
SHP000206,ORD000206,CAR003,2025-01-23,2025-01-29,2025-01-26,927,391.36,False
SHP000207,ORD000207,CAR004,2025-02-25,2025-02-28,2025-02-28,886,211.01,True
SHP000208,ORD000208,CAR003,2025-01-01,2025-01-04,2025-01-04,1348,751.13,False
SHP000209,ORD000209,CAR005,2025-01-06,2025-01-12,2025-01-11,618,167.71,False
SHP000210,ORD000210,CAR006,2025-02-21,2025-02-27,2025-02-26,159,69.08,False
SHP000211,ORD000211,CAR005,2025-03-23,2025-03-29,2025-03-31,150,68.28,False
SHP000212,ORD000212,CAR004,2025-03-03,2025-03-05,2025-03-05,483,83.96,False
SHP000213,ORD000213,CAR001,2025-01-15,2025-01-20,2025-01-18,1147,256.15,False
SHP000214,ORD000214,CAR002,2025-03-13,2025-03-18,2025-03-18,81,39.2,False
SHP000215,ORD000215,CAR003,2025-01-13,2025-01-15,2025-01-14,1282,615.49,False
SHP000216,ORD000216,CAR001,2025-03-29,2025-04-03,2025-04-02,109,41.18,False
SHP000217,ORD000217,CAR003,2025-03-21,2025-03-27,2025-03-28,1939,860.9,False
SHP000218,ORD000218,CAR005,2025-04-01,2025-04-03,2025-04-04,2047,431.1,False
SHP000219,ORD000219,CAR004,2025-03-20,2025-03-26,2025-03-27,258,58.12,False
SHP000220,ORD000220,CAR006,2025-03-28,2025-03-30,2025-03-31,2602,522.93,False
SHP000221,ORD000221,CAR001,2025-03-25,2025-03-30,2025-03-29,1992,483.18,False
SHP000222,ORD000222,CAR004,2025-02-06,2025-02-11,2025-02-10,1721,189.19,False
SHP000223,ORD000223,CAR006,2025-03-06,2025-03-11,2025-03-12,216,30.85,False
SHP000224,ORD000224,CAR001,2025-03-14,2025-03-19,2025-03-19,983,355.42,False
SHP000225,ORD000225,CAR006,2025-02-16,2025-02-19,2025-02-19,2665,394.18,False
SHP000226,ORD000226,CAR005,2025-01-23,2025-01-28,2025-01-29,872,201.68,False
SHP000227,ORD000227,CAR006,2025-01-26,2025-01-28,2025-01-29,1915,325.11,True
SHP000228,ORD000228,CAR005,2025-01-08,2025-01-13,2025-01-11,795,222.65,False
SHP000229,ORD000229,CAR005,2025-03-19,2025-03-22,2025-03-24,1190,224.79,False
SHP000230,ORD000230,CAR006,2025-03-19,2025-03-22,2025-03-21,2313,609.71,False
SHP000231,ORD000231,CAR006,2025-03-22,2025-03-24,2025-03-25,2292,409.43,False
SHP000232,ORD000232,CAR004,2025-03-27,2025-03-30,2025-03-30,122,124.97,False
SHP000233,ORD000233,CAR001,2025-01-21,2025-01-22,2025-01-22,2286,636.97,False
SHP000234,ORD000234,CAR006,2025-03-13,2025-03-19,2025-03-18,262,184.17,True
SHP000235,ORD000235,CAR006,2025-02-03,2025-02-08,2025-02-07,2480,461.21,False
SHP000236,ORD000236,CAR004,2025-03-30,2025-04-04,2025-04-02,236,62.56,True
SHP000237,ORD000237,CAR003,2025-03-02,2025-03-04,2025-03-02,2631,1494.82,False
SHP000238,ORD000238,CAR005,2025-02-10,2025-02-16,2025-02-15,722,171.7,False
SHP000239,ORD000239,CAR005,2025-03-26,2025-04-01,2025-03-27,106,70.81,False
SHP000240,ORD000240,CAR003,2025-03-30,2025-04-01,2025-03-31,2282,1127.86,False
SHP000241,ORD000241,CAR001,2025-02-07,2025-02-10,2025-02-11,2273,532.16,False
SHP000242,ORD000242,CAR006,2025-02-25,2025-02-27,2025-02-27,1852,367.18,False
SHP000243,ORD000243,CAR003,2025-01-06,2025-01-11,2025-01-09,1002,472.62,False
SHP000244,ORD000244,CAR006,2025-01-04,2025-01-09,2025-01-08,2602,367.51,False
SHP000245,ORD000245,CAR003,2025-01-14,2025-01-20,2025-01-20,1688,764.75,False
SHP000246,ORD000246,CAR006,2025-02-20,2025-02-23,2025-02-22,660,222.76,False
SHP000247,ORD000247,CAR001,2025-01-01,2025-01-07,2025-01-06,1478,351.36,False
SHP000248,ORD000248,CAR006,2025-03-20,2025-03-23,2025-03-25,2393,429.58,False
SHP000249,ORD000249,CAR003,2025-01-10,2025-01-15,2025-01-14,1030,521.27,False
SHP000250,ORD000250,CAR003,2025-03-20,2025-03-23,2025-03-25,1365,705.43,False
SHP000251,ORD000251,CAR006,2025-03-24,2025-03-30,2025-03-29,1894,291.12,False
SHP000252,ORD000252,CAR003,2025-01-11,2025-01-14,2025-01-15,2636,1277.23,False
SHP000253,ORD000253,CAR003,2025-03-17,2025-03-22,2025-03-17,2003,848.06,False
SHP000254,ORD000254,CAR001,2025-03-06,2025-03-12,2025-03-11,1048,215.7,False
SHP000255,ORD000255,CAR005,2025-01-18,2025-01-24,2025-01-22,2050,324.16,False
SHP000256,ORD000256,CAR003,2025-01-31,2025-02-05,2025-02-02,1659,815.57,False
SHP000257,ORD000257,CAR005,2025-03-09,2025-03-11,2025-03-10,1620,391.33,False
SHP000258,ORD000258,CAR004,2025-01-29,2025-02-04,2025-02-03,2544,346.72,False
SHP000259,ORD000259,CAR003,2025-03-25,2025-03-30,2025-03-28,1013,487.04,False
SHP000260,ORD000260,CAR001,2025-03-17,2025-03-23,2025-03-21,593,105.78,False
SHP000261,ORD000261,CAR005,2025-02-04,2025-02-04,2025-02-04,1231,320.75,False
SHP000262,ORD000262,CAR005,2025-02-22,2025-02-28,2025-02-26,1153,211.88,False
SHP000263,ORD000263,CAR005,2025-02-19,2025-02-25,2025-02-24,2550,405.95,False
SHP000264,ORD000264,CAR006,2025-03-11,2025-03-16,2025-03-14,603,104.08,False
SHP000265,ORD000265,CAR004,2025-02-18,2025-02-20,2025-02-20,2482,483.27,False
SHP000266,ORD000266,CAR005,2025-03-03,2025-03-06,2025-03-05,1743,295.35,False
SHP000267,ORD000267,CAR001,2025-02-19,2025-02-21,2025-02-22,1108,299.78,False
SHP000268,ORD000268,CAR005,2025-02-21,2025-02-23,2025-02-25,2046,396.29,False
SHP000269,ORD000269,CAR006,2025-02-20,2025-02-23,2025-02-24,2152,336.09,False
SHP000270,ORD000270,CAR005,2025-03-23,2025-03-29,2025-03-29,1853,287.69,False
SHP000271,ORD000271,CAR005,2025-02-22,2025-02-27,2025-03-01,787,250.04,False
SHP000272,ORD000272,CAR006,2025-03-19,2025-03-24,2025-03-25,217,62.2,False
SHP000273,ORD000273,CAR005,2025-02-16,2025-02-18,2025-02-20,439,192.11,False
SHP000274,ORD000274,CAR004,2025-02-05,2025-02-11,2025-02-11,2424,286.06,False
SHP000275,ORD000275,CAR005,2025-02-14,2025-02-14,2025-02-15,1883,649.04,False
SHP000276,ORD000276,CAR001,2025-03-18,2025-03-20,2025-03-18,1637,451.69,False
SHP000277,ORD000277,CAR001,2025-03-09,2025-03-14,2025-03-12,1470,349.31,False
SHP000278,ORD000278,CAR002,2025-03-15,2025-03-21,2025-03-22,1031,172.61,False
SHP000279,ORD000279,CAR001,2025-03-22,2025-03-27,2025-03-26,2584,486.19,False
SHP000280,ORD000280,CAR005,2025-03-06,2025-03-08,2025-03-06,1217,259.47,False
SHP000281,ORD000281,CAR006,2025-03-11,2025-03-17,2025-03-17,563,112.74,False
SHP000282,ORD000282,CAR003,2025-01-13,2025-01-19,2025-01-17,1041,618.86,False
SHP000283,ORD000283,CAR004,2025-01-27,2025-02-02,2025-02-02,607,100.23,False
SHP000284,ORD000284,CAR001,2025-02-19,2025-02-24,2025-02-25,793,152.62,False
SHP000285,ORD000285,CAR006,2025-02-09,2025-02-14,2025-02-15,1111,150.72,False
SHP000286,ORD000286,CAR004,2025-03-13,2025-03-19,2025-03-20,566,84.96,False
SHP000287,ORD000287,CAR006,2025-02-07,2025-02-12,2025-02-11,2583,365.6,False
SHP000288,ORD000288,CAR003,2025-03-21,2025-03-26,2025-03-26,1004,490.71,False
SHP000289,ORD000289,CAR004,2025-02-26,2025-03-01,2025-02-28,164,78.71,False
SHP000290,ORD000290,CAR001,2025-01-14,2025-01-20,2025-01-20,1696,339.63,False
SHP000291,ORD000291,CAR006,2025-02-20,2025-02-25,2025-02-26,768,136.52,False
SHP000292,ORD000292,CAR006,2025-03-12,2025-03-12,2025-03-13,2278,574.59,False
SHP000293,ORD000293,CAR003,2025-03-04,2025-03-09,2025-03-08,113,78.42,False
SHP000294,ORD000294,CAR001,2025-01-03,2025-01-05,2025-01-05,1833,529.68,False
SHP000295,ORD000295,CAR006,2025-03-14,2025-03-19,2025-03-17,973,123.76,False
SHP000296,ORD000296,CAR001,2025-03-11,2025-03-13,2025-03-11,817,234.31,False
SHP000297,ORD000297,CAR001,2025-03-21,2025-03-27,2025-03-27,488,82.92,False
SHP000298,ORD000298,CAR004,2025-01-02,2025-01-08,2025-01-08,1591,303.91,False
SHP000299,ORD000299,CAR003,2025-02-20,2025-02-26,2025-02-27,569,515.94,False
SHP000300,ORD000300,CAR002,2025-01-05,2025-01-11,2025-01-09,2006,347.25,False
SHP000301,ORD000301,CAR003,2025-03-12,2025-03-18,2025-03-19,962,497.03,False
SHP000302,ORD000302,CAR001,2025-02-06,2025-02-11,2025-02-14,2450,585.11,False
SHP000303,ORD000303,CAR006,2025-02-01,2025-02-07,2025-02-08,700,111.97,False
SHP000304,ORD000304,CAR002,2025-03-13,2025-03-16,2025-03-16,157,177.15,False
SHP000305,ORD000305,CAR005,2025-02-26,2025-03-04,2025-03-05,1988,373.92,False
SHP000306,ORD000306,CAR004,2025-02-28,2025-03-05,2025-03-06,72,84.36,False
SHP000307,ORD000307,CAR004,2025-02-01,2025-02-06,2025-02-07,2328,273.97,False
SHP000308,ORD000308,CAR001,2025-03-09,2025-03-11,2025-03-13,897,170.96,False
SHP000309,ORD000309,CAR002,2025-03-09,2025-03-12,2025-03-12,924,253.97,False
SHP000310,ORD000310,CAR005,2025-02-23,2025-02-26,2025-02-26,236,59.66,False
SHP000311,ORD000311,CAR006,2025-01-31,2025-02-05,2025-02-05,802,177.3,False
SHP000312,ORD000312,CAR002,2025-04-01,2025-04-03,2025-04-05,2322,357.89,False
SHP000313,ORD000313,CAR006,2025-02-11,2025-02-16,2025-02-14,2562,338.17,False
SHP000314,ORD000314,CAR001,2025-02-28,2025-03-05,2025-03-06,1235,247.08,False
SHP000315,ORD000315,CAR005,2025-01-28,2025-01-31,2025-01-29,2411,394.92,False
SHP000316,ORD000316,CAR005,2025-03-17,2025-03-22,2025-03-22,1707,342.25,False
SHP000317,ORD000317,CAR003,2025-03-31,2025-04-02,2025-04-04,1632,793.17,False
SHP000318,ORD000318,CAR001,2025-01-16,2025-01-19,2025-01-20,2666,589.97,False
SHP000319,ORD000319,CAR001,2025-03-15,2025-03-20,2025-03-18,1895,508.22,False
SHP000320,ORD000320,CAR005,2025-02-21,2025-02-26,2025-02-22,271,95.13,False
SHP000321,ORD000321,CAR004,2025-01-17,2025-01-20,2025-01-19,2368,369.63,False
SHP000322,ORD000322,CAR004,2025-02-25,2025-03-03,2025-03-04,1804,206.41,False
SHP000323,ORD000323,CAR004,2025-01-22,2025-01-23,2025-01-25,887,206.92,False
SHP000324,ORD000324,CAR006,2025-03-21,2025-03-22,2025-03-23,525,116.12,False
SHP000325,ORD000325,CAR006,2025-03-09,2025-03-11,2025-03-13,145,163.24,False
SHP000326,ORD000326,CAR006,2025-02-06,2025-02-12,2025-02-12,104,61.94,False
SHP000327,ORD000327,CAR001,2025-03-25,2025-03-31,2025-04-01,2515,458.73,False
SHP000328,ORD000328,CAR002,2025-03-10,2025-03-15,2025-03-14,145,60.84,False
SHP000329,ORD000329,CAR005,2025-03-22,2025-03-28,2025-03-29,1469,261.66,False
SHP000330,ORD000330,CAR004,2025-03-15,2025-03-21,2025-03-21,2290,344.01,False
SHP000331,ORD000331,CAR002,2025-02-10,2025-02-12,2025-02-11,717,212.67,False
SHP000332,ORD000332,CAR004,2025-01-19,2025-01-22,2025-01-20,1312,307.26,False
SHP000333,ORD000333,CAR005,2025-01-25,2025-01-30,2025-01-30,176,99.25,False
SHP000334,ORD000334,CAR002,2025-02-18,2025-02-23,2025-02-24,740,105.24,False
SHP000335,ORD000335,CAR004,2025-03-27,2025-03-28,2025-03-29,1400,294.61,False
SHP000336,ORD000336,CAR006,2025-02-18,2025-02-21,2025-02-20,2412,424.15,False
SHP000337,ORD000337,CAR004,2025-01-07,2025-01-09,2025-01-09,1656,324.13,False
SHP000338,ORD000338,CAR004,2025-02-09,2025-02-11,2025-02-11,1275,216.25,False
SHP000339,ORD000339,CAR005,2025-02-28,2025-03-05,2025-03-07,624,156.1,False
SHP000340,ORD000340,CAR006,2025-01-27,2025-01-29,2025-01-28,741,128.11,False
SHP000341,ORD000341,CAR002,2025-02-19,2025-02-22,2025-02-21,769,230.46,False
SHP000342,ORD000342,CAR006,2025-01-08,2025-01-13,2025-01-14,810,163.59,True
SHP000343,ORD000343,CAR004,2025-03-05,2025-03-08,2025-03-08,2018,325.21,False
SHP000344,ORD000344,CAR002,2025-03-13,2025-03-18,2025-03-20,677,124.81,False
SHP000345,ORD000345,CAR006,2025-01-13,2025-01-18,2025-01-18,2506,475.57,False
SHP000346,ORD000346,CAR004,2025-01-13,2025-01-15,2025-01-17,347,73.54,False
SHP000347,ORD000347,CAR005,2025-03-31,2025-04-02,2025-04-02,308,141.51,False
SHP000348,ORD000348,CAR003,2025-03-20,2025-03-20,2025-03-21,1133,880.21,False
SHP000349,ORD000349,CAR006,2025-03-23,2025-03-28,2025-03-28,554,89.47,False
SHP000350,ORD000350,CAR002,2025-02-13,2025-02-18,2025-02-19,1223,160.45,False
SHP000351,ORD000351,CAR005,2025-01-15,2025-01-18,2025-01-18,789,188.05,False
SHP000352,ORD000352,CAR003,2025-03-04,2025-03-09,2025-03-09,1964,999.29,False
SHP000353,ORD000353,CAR005,2025-03-29,2025-04-03,2025-04-02,1518,228.77,False
SHP000354,ORD000354,CAR001,2025-01-23,2025-01-28,2025-01-26,1332,360.8,False
SHP000355,ORD000355,CAR003,2025-01-31,2025-02-06,2025-02-07,223,157.86,False
SHP000356,ORD000356,CAR005,2025-03-06,2025-03-12,2025-03-13,1341,285.0,False
SHP000357,ORD000357,CAR003,2025-01-06,2025-01-11,2025-01-13,2504,1180.16,True
SHP000358,ORD000358,CAR002,2025-02-09,2025-02-12,2025-02-11,1243,238.68,False
SHP000359,ORD000359,CAR005,2025-01-21,2025-01-27,2025-01-28,2320,333.79,False
SHP000360,ORD000360,CAR001,2025-02-10,2025-02-15,2025-02-16,602,164.27,False
SHP000361,ORD000361,CAR003,2025-02-24,2025-03-02,2025-03-02,2255,1196.69,False
SHP000362,ORD000362,CAR006,2025-04-01,2025-04-06,2025-04-07,1976,453.39,False
SHP000363,ORD000363,CAR004,2025-02-20,2025-02-26,2025-02-28,1509,302.1,False
SHP000364,ORD000364,CAR006,2025-02-22,2025-02-24,2025-02-24,360,98.7,False
SHP000365,ORD000365,CAR003,2025-02-01,2025-02-07,2025-02-08,1835,839.39,False
SHP000366,ORD000366,CAR005,2025-03-28,2025-04-02,2025-04-04,1966,327.98,False
SHP000367,ORD000367,CAR006,2025-01-09,2025-01-15,2025-01-15,639,259.12,False
SHP000368,ORD000368,CAR006,2025-02-08,2025-02-13,2025-02-12,1366,322.17,False
SHP000369,ORD000369,CAR002,2025-03-16,2025-03-22,2025-03-22,2318,335.25,False
SHP000370,ORD000370,CAR004,2025-01-04,2025-01-10,2025-01-10,1733,315.34,False
SHP000371,ORD000371,CAR003,2025-02-20,2025-02-22,2025-02-24,620,413.5,False
SHP000372,ORD000372,CAR006,2025-01-19,2025-01-24,2025-01-24,2545,450.28,False
SHP000373,ORD000373,CAR005,2025-02-28,2025-03-05,2025-03-07,1039,244.22,False
SHP000374,ORD000374,CAR004,2025-01-05,2025-01-11,2025-01-11,397,88.37,False
SHP000375,ORD000375,CAR006,2025-03-21,2025-03-26,2025-03-24,2581,344.25,False
SHP000376,ORD000376,CAR003,2025-03-03,2025-03-08,2025-03-08,1254,676.38,False
SHP000377,ORD000377,CAR006,2025-03-02,2025-03-08,2025-03-07,407,53.85,False
SHP000378,ORD000378,CAR002,2025-02-06,2025-02-08,2025-02-07,2493,421.6,False
SHP000379,ORD000379,CAR001,2025-01-31,2025-02-06,2025-02-08,701,192.14,False
SHP000380,ORD000380,CAR003,2025-03-24,2025-03-29,2025-03-29,545,306.37,False
SHP000381,ORD000381,CAR002,2025-03-10,2025-03-16,2025-03-15,1252,300.83,False
SHP000382,ORD000382,CAR006,2025-03-11,2025-03-13,2025-03-13,1186,216.77,False
SHP000383,ORD000383,CAR006,2025-03-29,2025-03-31,2025-03-31,2313,334.54,False
SHP000384,ORD000384,CAR003,2025-01-14,2025-01-17,2025-01-16,1101,586.44,False
SHP000385,ORD000385,CAR005,2025-03-24,2025-03-29,2025-03-30,2388,367.78,False
SHP000386,ORD000386,CAR004,2025-03-27,2025-03-27,2025-03-28,1394,302.83,False
SHP000387,ORD000387,CAR001,2025-01-09,2025-01-14,2025-01-11,2569,536.04,False
SHP000388,ORD000388,CAR001,2025-03-25,2025-03-30,2025-03-30,368,162.59,False
SHP000389,ORD000389,CAR002,2025-03-24,2025-03-29,2025-03-28,2423,348.33,False
SHP000390,ORD000390,CAR006,2025-01-10,2025-01-15,2025-01-12,2044,259.73,False
SHP000391,ORD000391,CAR003,2025-03-22,2025-03-23,2025-03-24,1257,747.89,False
SHP000392,ORD000392,CAR006,2025-02-19,2025-02-22,2025-02-23,1863,275.53,False
SHP000393,ORD000393,CAR004,2025-01-09,2025-01-12,2025-01-12,1459,234.08,False
SHP000394,ORD000394,CAR006,2025-03-25,2025-03-28,2025-03-28,2443,392.2,False
SHP000395,ORD000395,CAR006,2025-03-21,2025-03-27,2025-03-28,468,65.75,False
SHP000396,ORD000396,CAR002,2025-03-18,2025-03-21,2025-03-21,1815,343.0,False
SHP000397,ORD000397,CAR001,2025-03-15,2025-03-21,2025-03-20,564,132.91,False
SHP000398,ORD000398,CAR002,2025-03-16,2025-03-22,2025-03-21,134,37.27,False
SHP000399,ORD000399,CAR002,2025-03-17,2025-03-20,2025-03-21,2212,426.21,False
SHP000400,ORD000400,CAR004,2025-03-06,2025-03-11,2025-03-13,88,40.32,False
SHP000401,ORD000401,CAR001,2025-03-12,2025-03-17,2025-03-18,2013,351.49,False
SHP000402,ORD000402,CAR006,2025-02-25,2025-03-03,2025-03-05,284,85.51,False
SHP000403,ORD000403,CAR006,2025-02-01,2025-02-03,2025-02-02,521,142.52,False
SHP000404,ORD000404,CAR004,2025-01-11,2025-01-16,2025-01-15,663,181.2,False
SHP000405,ORD000405,CAR002,2025-01-25,2025-01-28,2025-01-30,1219,284.13,False
SHP000406,ORD000406,CAR002,2025-01-30,2025-02-01,2025-02-01,2437,468.92,False
SHP000407,ORD000407,CAR006,2025-01-28,2025-02-03,2025-01-31,1085,190.36,False
SHP000408,ORD000408,CAR004,2025-01-07,2025-01-12,2025-01-13,2245,382.73,False
SHP000409,ORD000409,CAR003,2025-03-13,2025-03-16,2025-03-15,441,277.82,False
SHP000410,ORD000410,CAR003,2025-03-02,2025-03-04,2025-03-06,2637,1606.03,False
SHP000411,ORD000411,CAR005,2025-02-08,2025-02-13,2025-02-14,401,103.48,False
SHP000412,ORD000412,CAR003,2025-01-15,2025-01-21,2025-01-19,1570,779.27,False
SHP000413,ORD000413,CAR005,2025-02-13,2025-02-18,2025-02-20,993,202.6,False
SHP000414,ORD000414,CAR005,2025-01-10,2025-01-15,2025-01-13,572,120.97,False
SHP000415,ORD000415,CAR004,2025-03-29,2025-03-29,2025-03-30,802,179.83,False
SHP000416,ORD000416,CAR006,2025-01-20,2025-01-25,2025-01-26,162,89.05,False
SHP000417,ORD000417,CAR001,2025-02-27,2025-03-01,2025-03-03,2198,432.11,False
SHP000418,ORD000418,CAR003,2025-03-27,2025-03-30,2025-03-30,2393,1546.42,False
SHP000419,ORD000419,CAR003,2025-02-06,2025-02-09,2025-02-08,728,386.12,False
SHP000420,ORD000420,CAR004,2025-01-16,2025-01-21,2025-01-21,1136,176.5,False
SHP000421,ORD000421,CAR003,2025-01-19,2025-01-25,2025-01-25,2115,1097.37,False
SHP000422,ORD000422,CAR003,2025-03-11,2025-03-12,2025-03-12,2419,1786.59,False
SHP000423,ORD000423,CAR001,2025-01-06,2025-01-12,2025-01-10,1896,367.22,False
SHP000424,ORD000424,CAR001,2025-01-30,2025-02-01,2025-02-03,2275,593.26,False
SHP000425,ORD000425,CAR006,2025-02-11,2025-02-16,2025-02-15,1821,336.69,False
SHP000426,ORD000426,CAR004,2025-02-27,2025-03-02,2025-03-03,1772,245.39,False
SHP000427,ORD000427,CAR005,2025-03-19,2025-03-24,2025-03-25,2489,428.85,False
SHP000428,ORD000428,CAR004,2025-03-14,2025-03-19,2025-03-19,1255,176.55,False
SHP000429,ORD000429,CAR003,2025-03-01,2025-03-07,2025-03-10,2005,961.32,False
SHP000430,ORD000430,CAR003,2025-03-31,2025-04-02,2025-04-01,2089,998.78,False
SHP000431,ORD000431,CAR005,2025-02-03,2025-02-06,2025-02-06,1133,229.04,False
SHP000432,ORD000432,CAR003,2025-01-07,2025-01-13,2025-01-13,1264,672.66,False
SHP000433,ORD000433,CAR003,2025-03-19,2025-03-21,2025-03-22,1303,878.64,False
SHP000434,ORD000434,CAR004,2025-01-02,2025-01-08,2025-01-06,1757,245.05,False
SHP000435,ORD000435,CAR005,2025-01-25,2025-01-28,2025-01-29,536,196.24,False
SHP000436,ORD000436,CAR005,2025-02-09,2025-02-12,2025-02-10,2212,460.49,False
SHP000437,ORD000437,CAR002,2025-03-30,2025-04-05,2025-04-05,527,137.6,False
SHP000438,ORD000438,CAR003,2025-03-26,2025-04-01,2025-04-01,247,128.36,False
SHP000439,ORD000439,CAR002,2025-01-26,2025-02-01,2025-02-03,2444,312.34,False
SHP000440,ORD000440,CAR006,2025-01-09,2025-01-15,2025-01-12,854,110.33,False
SHP000441,ORD000441,CAR005,2025-03-06,2025-03-09,2025-03-10,509,107.13,False
SHP000442,ORD000442,CAR001,2025-02-22,2025-02-28,2025-03-02,2198,429.84,False
SHP000443,ORD000443,CAR006,2025-03-05,2025-03-11,2025-03-10,1888,278.19,False
SHP000444,ORD000444,CAR006,2025-03-02,2025-03-03,2025-03-07,2083,498.22,False
SHP000445,ORD000445,CAR003,2025-02-21,2025-02-26,2025-02-27,2506,1117.26,False
SHP000446,ORD000446,CAR006,2025-03-16,2025-03-22,2025-03-22,2540,396.0,False
SHP000447,ORD000447,CAR006,2025-01-15,2025-01-20,2025-01-20,286,77.07,False
SHP000448,ORD000448,CAR005,2025-02-12,2025-02-17,2025-02-17,2086,317.88,False
SHP000449,ORD000449,CAR001,2025-03-12,2025-03-17,2025-03-16,1611,243.38,False
SHP000450,ORD000450,CAR004,2025-01-23,2025-01-28,2025-01-29,2066,315.39,False
SHP000451,ORD000451,CAR005,2025-01-21,2025-01-27,2025-01-29,1514,362.76,False
SHP000452,ORD000452,CAR001,2025-02-16,2025-02-22,2025-02-22,1823,303.11,False
SHP000453,ORD000453,CAR003,2025-03-25,2025-03-30,2025-03-31,2275,1035.93,False
SHP000454,ORD000454,CAR005,2025-03-31,2025-04-06,2025-04-07,1668,241.24,False
SHP000455,ORD000455,CAR003,2025-03-06,2025-03-09,2025-03-08,2105,1287.03,False
SHP000456,ORD000456,CAR006,2025-01-08,2025-01-13,2025-01-14,446,194.7,False
SHP000457,ORD000457,CAR001,2025-03-10,2025-03-15,2025-03-14,1298,231.78,False
SHP000458,ORD000458,CAR001,2025-03-07,2025-03-13,2025-03-12,2641,723.52,False
SHP000459,ORD000459,CAR004,2025-03-01,2025-03-07,2025-03-09,315,116.64,False
SHP000460,ORD000460,CAR001,2025-02-08,2025-02-11,2025-02-10,2666,609.13,False
SHP000461,ORD000461,CAR002,2025-03-18,2025-03-24,2025-03-26,1341,218.24,False
SHP000462,ORD000462,CAR005,2025-02-04,2025-02-10,2025-02-10,790,143.26,False
SHP000463,ORD000463,CAR004,2025-01-11,2025-01-17,2025-01-19,439,91.18,False
SHP000464,ORD000464,CAR005,2025-03-07,2025-03-07,2025-03-07,1101,330.14,False
SHP000465,ORD000465,CAR002,2025-03-17,2025-03-19,2025-03-20,1194,208.23,False
SHP000466,ORD000466,CAR004,2025-04-01,2025-04-01,2025-04-02,1079,314.69,False
SHP000467,ORD000467,CAR006,2025-02-09,2025-02-15,2025-02-15,1336,195.29,False
SHP000468,ORD000468,CAR001,2025-02-20,2025-02-25,2025-02-27,1034,301.21,False
SHP000469,ORD000469,CAR001,2025-03-24,2025-03-30,2025-03-31,1999,384.01,False
SHP000470,ORD000470,CAR005,2025-03-31,2025-04-06,2025-04-03,2313,366.05,False
SHP000471,ORD000471,CAR003,2025-03-25,2025-03-30,2025-03-30,716,456.31,False
SHP000472,ORD000472,CAR006,2025-02-11,2025-02-16,2025-02-17,2499,402.47,False
SHP000473,ORD000473,CAR001,2025-02-21,2025-02-23,2025-02-25,2636,470.28,False
SHP000474,ORD000474,CAR002,2025-01-22,2025-01-28,2025-01-27,434,199.31,False
SHP000475,ORD000475,CAR002,2025-02-25,2025-02-28,2025-02-28,1160,210.81,False
SHP000476,ORD000476,CAR004,2025-02-07,2025-02-09,2025-02-08,667,148.2,False
SHP000477,ORD000477,CAR004,2025-02-18,2025-02-23,2025-02-24,1698,306.93,False
SHP000478,ORD000478,CAR003,2025-03-13,2025-03-19,2025-03-20,2553,1498.44,False
SHP000479,ORD000479,CAR005,2025-03-21,2025-03-27,2025-03-28,765,155.08,False
SHP000480,ORD000480,CAR001,2025-03-10,2025-03-15,2025-03-15,593,154.9,False
SHP000481,ORD000481,CAR004,2025-02-03,2025-02-09,2025-02-10,2082,322.92,False
SHP000482,ORD000482,CAR006,2025-01-31,2025-02-05,2025-02-04,1983,442.18,False
SHP000483,ORD000483,CAR006,2025-03-14,2025-03-19,2025-03-19,453,102.08,False
SHP000484,ORD000484,CAR005,2025-03-26,2025-04-01,2025-03-31,809,121.25,False
SHP000485,ORD000485,CAR005,2025-01-05,2025-01-10,2025-01-11,1395,202.99,False
SHP000486,ORD000486,CAR004,2025-01-01,2025-01-07,2025-01-07,1400,202.4,False
SHP000487,ORD000487,CAR005,2025-03-24,2025-03-30,2025-03-29,799,140.9,False
SHP000488,ORD000488,CAR006,2025-01-21,2025-01-27,2025-01-28,701,150.02,False
SHP000489,ORD000489,CAR004,2025-01-13,2025-01-16,2025-01-17,2376,460.42,False
SHP000490,ORD000490,CAR004,2025-02-24,2025-03-02,2025-03-01,988,341.79,False
SHP000491,ORD000491,CAR002,2025-02-25,2025-03-03,2025-03-03,1088,304.06,False
SHP000492,ORD000492,CAR004,2025-03-07,2025-03-13,2025-03-12,2398,419.99,False
SHP000493,ORD000493,CAR001,2025-03-27,2025-04-01,2025-03-30,1355,244.21,False
SHP000494,ORD000494,CAR006,2025-01-24,2025-01-30,2025-01-31,505,75.84,False
SHP000495,ORD000495,CAR004,2025-03-03,2025-03-09,2025-03-08,2596,423.22,False
SHP000496,ORD000496,CAR001,2025-01-02,2025-01-08,2025-01-10,927,149.59,False
SHP000497,ORD000497,CAR002,2025-03-01,2025-03-07,2025-03-09,1893,276.74,False
SHP000498,ORD000498,CAR001,2025-03-15,2025-03-17,2025-03-16,490,222.1,False
SHP000499,ORD000499,CAR001,2025-02-21,2025-02-27,2025-02-26,1363,352.28,False
SHP000500,ORD000500,CAR003,2025-03-25,2025-03-30,2025-03-30,857,399.89,False
SHP000501,ORD000501,CAR004,2025-03-26,2025-04-01,2025-04-02,1545,209.5,False
SHP000502,ORD000502,CAR002,2025-01-12,2025-01-15,2025-01-13,2551,496.22,False
SHP000503,ORD000503,CAR006,2025-01-07,2025-01-08,2025-01-09,2132,397.09,False
SHP000504,ORD000504,CAR001,2025-01-29,2025-02-04,2025-02-06,2351,371.5,False
SHP000505,ORD000505,CAR005,2025-02-26,2025-03-01,2025-02-27,487,97.6,False
SHP000506,ORD000506,CAR005,2025-02-16,2025-02-22,2025-02-20,2111,418.52,False
SHP000507,ORD000507,CAR004,2025-01-26,2025-02-01,2025-01-31,419,85.93,False
SHP000508,ORD000508,CAR004,2025-03-10,2025-03-15,2025-03-16,1763,308.45,False
SHP000509,ORD000509,CAR001,2025-02-26,2025-03-04,2025-03-05,743,130.27,False
SHP000510,ORD000510,CAR004,2025-01-08,2025-01-09,2025-01-10,2337,578.05,False
SHP000511,ORD000511,CAR006,2025-03-10,2025-03-15,2025-03-15,2602,362.51,False
SHP000512,ORD000512,CAR003,2025-03-10,2025-03-16,2025-03-18,945,471.57,True
SHP000513,ORD000513,CAR004,2025-03-11,2025-03-17,2025-03-18,315,136.73,False
SHP000514,ORD000514,CAR006,2025-03-25,2025-03-26,2025-03-26,91,192.66,False
SHP000515,ORD000515,CAR006,2025-02-06,2025-02-09,2025-02-09,2455,394.57,False
SHP000516,ORD000516,CAR002,2025-02-23,2025-02-28,2025-03-01,2020,248.72,False
SHP000517,ORD000517,CAR004,2025-03-16,2025-03-22,2025-03-22,737,182.33,False
SHP000518,ORD000518,CAR001,2025-03-01,2025-03-06,2025-03-05,2534,386.79,False
SHP000519,ORD000519,CAR003,2025-01-20,2025-01-26,2025-01-24,652,308.23,False
SHP000520,ORD000520,CAR001,2025-03-05,2025-03-10,2025-03-10,1780,312.78,False
SHP000521,ORD000521,CAR004,2025-03-20,2025-03-25,2025-03-25,680,113.47,False
SHP000522,ORD000522,CAR003,2025-02-21,2025-02-26,2025-02-24,432,239.54,False
SHP000523,ORD000523,CAR005,2025-01-16,2025-01-19,2025-01-17,2405,510.14,False
SHP000524,ORD000524,CAR002,2025-03-10,2025-03-16,2025-03-15,1074,164.41,False
SHP000525,ORD000525,CAR001,2025-03-19,2025-03-25,2025-03-25,168,31.77,False
SHP000526,ORD000526,CAR001,2025-03-12,2025-03-17,2025-03-18,701,157.21,False
SHP000527,ORD000527,CAR004,2025-01-08,2025-01-14,2025-01-15,565,83.8,False
SHP000528,ORD000528,CAR003,2025-03-06,2025-03-12,2025-03-11,1973,809.23,False
SHP000529,ORD000529,CAR005,2025-01-03,2025-01-09,2025-01-09,2397,372.08,False
SHP000530,ORD000530,CAR005,2025-01-22,2025-01-25,2025-01-24,1920,438.59,True
SHP000531,ORD000531,CAR006,2025-03-04,2025-03-09,2025-03-10,1222,168.6,False
SHP000532,ORD000532,CAR004,2025-04-01,2025-04-06,2025-04-09,933,129.93,False
SHP000533,ORD000533,CAR004,2025-02-27,2025-03-05,2025-03-06,617,178.71,False
SHP000534,ORD000534,CAR001,2025-02-22,2025-02-28,2025-02-28,387,128.51,False
SHP000535,ORD000535,CAR006,2025-02-19,2025-02-21,2025-02-22,1587,245.42,False
SHP000536,ORD000536,CAR004,2025-02-15,2025-02-21,2025-02-21,1556,239.55,False
SHP000537,ORD000537,CAR004,2025-03-23,2025-03-29,2025-03-29,2387,351.77,False
SHP000538,ORD000538,CAR003,2025-01-18,2025-01-23,2025-01-24,855,429.62,False
SHP000539,ORD000539,CAR003,2025-02-28,2025-03-06,2025-03-02,1192,623.87,False
SHP000540,ORD000540,CAR003,2025-01-29,2025-02-04,2025-02-06,91,123.86,False
SHP000541,ORD000541,CAR003,2025-02-25,2025-02-25,2025-02-25,466,345.67,False
SHP000542,ORD000542,CAR001,2025-02-02,2025-02-07,2025-02-09,1436,305.6,False
SHP000543,ORD000543,CAR001,2025-03-23,2025-03-28,2025-03-29,336,72.02,False
SHP000544,ORD000544,CAR003,2025-02-25,2025-03-03,2025-03-02,1632,769.97,False
SHP000545,ORD000545,CAR006,2025-03-01,2025-03-04,2025-03-04,1414,228.93,False
SHP000546,ORD000546,CAR003,2025-01-25,2025-01-26,2025-01-26,1794,1230.48,False
SHP000547,ORD000547,CAR006,2025-01-09,2025-01-14,2025-01-14,2286,351.78,False
SHP000548,ORD000548,CAR005,2025-01-02,2025-01-08,2025-01-07,2361,413.82,False
SHP000549,ORD000549,CAR006,2025-02-14,2025-02-19,2025-02-18,1444,282.99,False
SHP000550,ORD000550,CAR002,2025-01-06,2025-01-12,2025-01-14,1980,258.86,False
SHP000551,ORD000551,CAR005,2025-01-01,2025-01-07,2025-01-08,866,158.08,False
SHP000552,ORD000552,CAR005,2025-02-06,2025-02-12,2025-02-13,1077,208.01,False
SHP000553,ORD000553,CAR002,2025-01-18,2025-01-24,2025-01-24,1595,296.94,False
SHP000554,ORD000554,CAR006,2025-01-17,2025-01-20,2025-01-21,1602,273.31,False
SHP000555,ORD000555,CAR006,2025-02-08,2025-02-10,2025-02-11,2151,538.34,False
SHP000556,ORD000556,CAR006,2025-03-21,2025-03-26,2025-03-23,2155,285.27,False
SHP000557,ORD000557,CAR005,2025-03-03,2025-03-06,2025-03-04,2461,549.32,False
SHP000558,ORD000558,CAR003,2025-02-10,2025-02-15,2025-02-17,1112,528.04,False
SHP000559,ORD000559,CAR003,2025-01-30,2025-02-05,2025-02-04,1745,875.41,False
SHP000560,ORD000560,CAR001,2025-01-30,2025-02-05,2025-02-06,1276,221.46,False
SHP000561,ORD000561,CAR002,2025-01-11,2025-01-16,2025-01-16,1194,306.94,True
SHP000562,ORD000562,CAR004,2025-02-09,2025-02-14,2025-02-13,2445,290.91,False
SHP000563,ORD000563,CAR005,2025-01-28,2025-02-02,2025-02-02,1959,371.23,False
SHP000564,ORD000564,CAR005,2025-02-28,2025-03-02,2025-02-28,595,118.98,False
SHP000565,ORD000565,CAR003,2025-02-24,2025-03-01,2025-02-27,201,191.8,False
SHP000566,ORD000566,CAR002,2025-01-28,2025-01-28,2025-01-28,2014,409.87,False
SHP000567,ORD000567,CAR006,2025-01-14,2025-01-17,2025-01-17,885,160.26,False
SHP000568,ORD000568,CAR001,2025-03-09,2025-03-15,2025-03-15,773,146.64,False
SHP000569,ORD000569,CAR002,2025-02-24,2025-03-01,2025-03-02,1840,264.2,False
SHP000570,ORD000570,CAR001,2025-03-07,2025-03-09,2025-03-10,654,201.22,False
SHP000571,ORD000571,CAR006,2025-03-04,2025-03-10,2025-03-11,1288,186.07,False
SHP000572,ORD000572,CAR006,2025-03-21,2025-03-24,2025-03-23,821,121.78,False
SHP000573,ORD000573,CAR004,2025-03-23,2025-03-28,2025-03-26,566,71.69,False
SHP000574,ORD000574,CAR001,2025-01-23,2025-01-28,2025-01-29,369,121.92,False
SHP000575,ORD000575,CAR006,2025-01-25,2025-01-31,2025-02-01,1971,226.86,False
SHP000576,ORD000576,CAR001,2025-02-26,2025-03-04,2025-03-03,2556,408.65,False
SHP000577,ORD000577,CAR002,2025-01-02,2025-01-05,2025-01-05,2250,426.26,False
SHP000578,ORD000578,CAR004,2025-02-09,2025-02-15,2025-02-15,896,112.87,True
SHP000579,ORD000579,CAR006,2025-01-04,2025-01-05,2025-01-08,465,239.72,False
SHP000580,ORD000580,CAR002,2025-01-14,2025-01-17,2025-01-18,2628,433.54,False
SHP000581,ORD000581,CAR003,2025-02-15,2025-02-21,2025-02-22,971,482.86,False
SHP000582,ORD000582,CAR005,2025-01-29,2025-02-03,2025-02-03,2401,479.77,False
SHP000583,ORD000583,CAR006,2025-03-30,2025-04-05,2025-04-04,2562,388.24,False
SHP000584,ORD000584,CAR006,2025-01-03,2025-01-08,2025-01-08,1825,289.77,False
SHP000585,ORD000585,CAR006,2025-01-27,2025-02-01,2025-01-29,1416,182.68,False
SHP000586,ORD000586,CAR002,2025-02-06,2025-02-09,2025-02-07,913,261.47,False
SHP000587,ORD000587,CAR001,2025-02-18,2025-02-24,2025-02-25,858,213.13,False
SHP000588,ORD000588,CAR001,2025-03-13,2025-03-15,2025-03-16,1815,428.53,False
SHP000589,ORD000589,CAR004,2025-02-02,2025-02-07,2025-02-10,1701,335.41,False
SHP000590,ORD000590,CAR001,2025-03-04,2025-03-09,2025-03-11,1299,250.4,False
SHP000591,ORD000591,CAR001,2025-03-01,2025-03-06,2025-03-05,871,233.62,False
SHP000592,ORD000592,CAR003,2025-02-24,2025-02-24,2025-02-26,2695,1557.37,False
SHP000593,ORD000593,CAR006,2025-01-21,2025-01-27,2025-01-26,2670,510.68,False
SHP000594,ORD000594,CAR006,2025-01-05,2025-01-06,2025-01-08,675,129.9,False
SHP000595,ORD000595,CAR001,2025-03-26,2025-03-29,2025-03-27,1698,384.44,False
SHP000596,ORD000596,CAR005,2025-01-23,2025-01-25,2025-01-23,1637,432.78,False
SHP000597,ORD000597,CAR002,2025-02-05,2025-02-07,2025-02-07,356,221.33,False
SHP000598,ORD000598,CAR004,2025-01-22,2025-01-28,2025-01-28,815,121.56,False
SHP000599,ORD000599,CAR004,2025-01-25,2025-01-27,2025-01-25,517,142.48,False
SHP000600,ORD000600,CAR006,2025-01-09,2025-01-15,2025-01-16,482,92.0,False
SHP000601,ORD000601,CAR003,2025-03-08,2025-03-11,2025-03-12,1450,858.88,False
SHP000602,ORD000602,CAR003,2025-03-27,2025-04-02,2025-04-01,480,243.2,False
SHP000603,ORD000603,CAR005,2025-03-10,2025-03-15,2025-03-14,2179,324.12,False
SHP000604,ORD000604,CAR004,2025-02-11,2025-02-14,2025-02-12,2579,425.26,False
SHP000605,ORD000605,CAR005,2025-02-08,2025-02-13,2025-02-13,200,72.14,False
SHP000606,ORD000606,CAR002,2025-02-28,2025-02-28,2025-02-28,936,292.83,False
SHP000607,ORD000607,CAR003,2025-01-05,2025-01-10,2025-01-10,2020,977.58,False
SHP000608,ORD000608,CAR005,2025-03-31,2025-04-05,2025-04-06,334,100.82,False
SHP000609,ORD000609,CAR001,2025-01-30,2025-02-04,2025-02-03,840,181.61,False
SHP000610,ORD000610,CAR005,2025-03-15,2025-03-18,2025-03-20,847,291.46,False
SHP000611,ORD000611,CAR005,2025-03-20,2025-03-25,2025-03-26,1285,218.26,False
SHP000612,ORD000612,CAR003,2025-03-27,2025-03-30,2025-03-29,2127,1050.06,False
SHP000613,ORD000613,CAR006,2025-02-19,2025-02-24,2025-02-25,991,195.04,False
SHP000614,ORD000614,CAR004,2025-03-27,2025-03-27,2025-03-29,1452,249.09,False
SHP000615,ORD000615,CAR001,2025-02-06,2025-02-12,2025-02-14,2447,368.52,False
SHP000616,ORD000616,CAR002,2025-02-26,2025-03-01,2025-03-03,871,199.67,False
SHP000617,ORD000617,CAR003,2025-02-25,2025-02-27,2025-02-28,284,186.48,False
SHP000618,ORD000618,CAR002,2025-03-23,2025-03-25,2025-03-25,1694,309.07,False
SHP000619,ORD000619,CAR006,2025-03-27,2025-03-30,2025-03-29,561,82.74,False
SHP000620,ORD000620,CAR004,2025-03-15,2025-03-21,2025-03-20,2053,300.15,False
SHP000621,ORD000621,CAR006,2025-01-09,2025-01-12,2025-01-14,2267,568.69,False
SHP000622,ORD000622,CAR005,2025-01-27,2025-01-28,2025-01-28,807,202.61,False
SHP000623,ORD000623,CAR001,2025-01-27,2025-01-30,2025-01-31,1292,261.25,False
SHP000624,ORD000624,CAR005,2025-01-07,2025-01-07,2025-01-07,1892,505.35,False
SHP000625,ORD000625,CAR001,2025-03-08,2025-03-13,2025-03-13,951,180.08,False
SHP000626,ORD000626,CAR004,2025-03-22,2025-03-27,2025-03-28,738,214.32,False
SHP000627,ORD000627,CAR006,2025-01-20,2025-01-25,2025-01-24,2378,338.62,False
SHP000628,ORD000628,CAR005,2025-02-11,2025-02-11,2025-02-11,1083,225.01,False
SHP000629,ORD000629,CAR002,2025-03-24,2025-03-29,2025-03-29,980,153.27,False
SHP000630,ORD000630,CAR003,2025-03-05,2025-03-10,2025-03-11,2329,998.62,False
SHP000631,ORD000631,CAR004,2025-02-20,2025-02-25,2025-02-24,108,33.92,False
SHP000632,ORD000632,CAR005,2025-02-05,2025-02-10,2025-02-10,1783,399.87,False
SHP000633,ORD000633,CAR001,2025-02-24,2025-03-02,2025-03-03,1350,347.65,False
SHP000634,ORD000634,CAR004,2025-01-09,2025-01-14,2025-01-14,113,25.63,False
SHP000635,ORD000635,CAR001,2025-03-29,2025-03-30,2025-03-30,99,118.65,False
SHP000636,ORD000636,CAR001,2025-01-23,2025-01-25,2025-01-23,1573,503.85,False
SHP000637,ORD000637,CAR005,2025-02-18,2025-02-18,2025-02-20,1258,363.23,False
SHP000638,ORD000638,CAR004,2025-02-10,2025-02-10,2025-02-10,2600,440.86,False
SHP000639,ORD000639,CAR003,2025-02-15,2025-02-21,2025-02-22,879,485.76,False
SHP000640,ORD000640,CAR004,2025-01-02,2025-01-07,2025-01-07,1603,251.76,False
SHP000641,ORD000641,CAR003,2025-02-27,2025-03-01,2025-03-01,882,453.73,False
SHP000642,ORD000642,CAR006,2025-01-05,2025-01-11,2025-01-11,1158,182.57,False
SHP000643,ORD000643,CAR001,2025-02-22,2025-02-27,2025-02-27,1479,356.7,False
SHP000644,ORD000644,CAR003,2025-03-18,2025-03-21,2025-03-20,2060,1158.81,False
SHP000645,ORD000645,CAR004,2025-01-15,2025-01-18,2025-01-17,2127,305.93,False
SHP000646,ORD000646,CAR002,2025-01-18,2025-01-23,2025-01-21,1816,277.74,False
SHP000647,ORD000647,CAR004,2025-04-01,2025-04-03,2025-04-01,281,92.71,False
SHP000648,ORD000648,CAR006,2025-01-08,2025-01-13,2025-01-13,1387,178.89,False
SHP000649,ORD000649,CAR006,2025-03-05,2025-03-10,2025-03-12,603,119.5,False
SHP000650,ORD000650,CAR001,2025-02-05,2025-02-11,2025-02-11,604,180.11,False
SHP000651,ORD000651,CAR003,2025-02-28,2025-02-28,2025-02-28,897,546.26,False
SHP000652,ORD000652,CAR003,2025-02-03,2025-02-05,2025-02-07,1906,951.88,False
SHP000653,ORD000653,CAR006,2025-03-07,2025-03-09,2025-03-10,2389,435.7,False
SHP000654,ORD000654,CAR005,2025-03-07,2025-03-08,2025-03-08,1643,427.11,False
SHP000655,ORD000655,CAR005,2025-01-21,2025-01-27,2025-01-27,1312,202.59,False
SHP000656,ORD000656,CAR002,2025-01-06,2025-01-12,2025-01-10,1207,190.03,False
SHP000657,ORD000657,CAR005,2025-01-28,2025-02-02,2025-02-03,2319,330.62,False
SHP000658,ORD000658,CAR003,2025-03-23,2025-03-25,2025-03-25,793,445.4,False
SHP000659,ORD000659,CAR004,2025-02-03,2025-02-05,2025-02-05,2452,447.94,False
SHP000660,ORD000660,CAR002,2025-02-26,2025-03-03,2025-03-04,1951,358.38,False
SHP000661,ORD000661,CAR002,2025-01-25,2025-01-27,2025-01-28,839,125.08,False
SHP000662,ORD000662,CAR004,2025-03-09,2025-03-15,2025-03-13,1642,217.4,False
SHP000663,ORD000663,CAR001,2025-02-04,2025-02-10,2025-02-08,418,71.83,False
SHP000664,ORD000664,CAR003,2025-03-04,2025-03-09,2025-03-08,2640,1061.77,False
SHP000665,ORD000665,CAR004,2025-02-23,2025-03-01,2025-02-28,1244,170.41,False
SHP000666,ORD000666,CAR005,2025-01-15,2025-01-21,2025-01-22,1436,265.64,False
SHP000667,ORD000667,CAR006,2025-03-10,2025-03-15,2025-03-14,1245,159.33,False
SHP000668,ORD000668,CAR002,2025-01-10,2025-01-13,2025-01-11,1669,328.06,False
SHP000669,ORD000669,CAR004,2025-02-05,2025-02-11,2025-02-10,2041,317.23,False
SHP000670,ORD000670,CAR005,2025-03-12,2025-03-18,2025-03-19,1012,196.92,False
SHP000671,ORD000671,CAR005,2025-02-01,2025-02-06,2025-02-05,521,83.74,False
SHP000672,ORD000672,CAR002,2025-03-12,2025-03-13,2025-03-13,298,219.52,False
SHP000673,ORD000673,CAR004,2025-02-24,2025-03-02,2025-03-03,193,39.75,False
SHP000674,ORD000674,CAR002,2025-02-24,2025-03-01,2025-02-27,2230,337.27,False
SHP000675,ORD000675,CAR006,2025-03-31,2025-04-05,2025-04-07,2131,281.73,False
SHP000676,ORD000676,CAR002,2025-02-04,2025-02-04,2025-02-04,1805,555.82,False
SHP000677,ORD000677,CAR002,2025-01-18,2025-01-20,2025-01-18,2360,392.0,False
SHP000678,ORD000678,CAR003,2025-02-22,2025-02-24,2025-02-26,1807,902.33,False
SHP000679,ORD000679,CAR005,2025-02-07,2025-02-12,2025-02-15,838,151.78,False
SHP000680,ORD000680,CAR003,2025-03-15,2025-03-20,2025-03-20,451,232.86,False
SHP000681,ORD000681,CAR006,2025-02-11,2025-02-13,2025-02-14,2132,399.73,False
SHP000682,ORD000682,CAR006,2025-01-05,2025-01-11,2025-01-12,452,91.68,False
SHP000683,ORD000683,CAR005,2025-01-22,2025-01-22,2025-01-22,1468,443.26,False
SHP000684,ORD000684,CAR001,2025-03-29,2025-04-04,2025-04-01,694,170.06,False
SHP000685,ORD000685,CAR004,2025-02-09,2025-02-15,2025-02-14,731,92.53,False
SHP000686,ORD000686,CAR004,2025-03-01,2025-03-06,2025-03-09,645,312.72,False
SHP000687,ORD000687,CAR005,2025-02-21,2025-02-27,2025-03-01,1600,283.68,False
SHP000688,ORD000688,CAR002,2025-03-24,2025-03-30,2025-03-27,501,67.37,False
SHP000689,ORD000689,CAR006,2025-03-01,2025-03-04,2025-03-02,516,133.88,False
SHP000690,ORD000690,CAR006,2025-01-10,2025-01-15,2025-01-14,2020,286.6,False
SHP000691,ORD000691,CAR004,2025-01-29,2025-02-03,2025-02-05,1831,221.66,False
SHP000692,ORD000692,CAR004,2025-03-23,2025-03-29,2025-03-30,404,65.85,False
SHP000693,ORD000693,CAR004,2025-02-03,2025-02-09,2025-02-08,743,107.33,False
SHP000694,ORD000694,CAR005,2025-02-26,2025-03-03,2025-03-05,883,170.37,False
SHP000695,ORD000695,CAR003,2025-02-11,2025-02-16,2025-02-19,1734,936.77,False
SHP000696,ORD000696,CAR006,2025-03-16,2025-03-22,2025-03-24,2306,385.84,False
SHP000697,ORD000697,CAR003,2025-03-29,2025-04-03,2025-04-06,2126,873.68,False
SHP000698,ORD000698,CAR003,2025-02-15,2025-02-21,2025-02-21,534,340.57,False
SHP000699,ORD000699,CAR005,2025-02-18,2025-02-24,2025-02-27,476,226.89,False
SHP000700,ORD000700,CAR004,2025-02-22,2025-02-28,2025-02-27,2131,290.05,False
SHP000701,ORD000701,CAR004,2025-03-01,2025-03-06,2025-03-07,1970,294.46,False
SHP000702,ORD000702,CAR004,2025-03-06,2025-03-12,2025-03-12,1059,203.79,False
SHP000703,ORD000703,CAR003,2025-02-18,2025-02-20,2025-02-21,1831,1238.62,False
SHP000704,ORD000704,CAR003,2025-03-15,2025-03-21,2025-03-23,2188,1016.63,False
SHP000705,ORD000705,CAR003,2025-02-20,2025-02-23,2025-02-23,1861,1080.35,False
SHP000706,ORD000706,CAR006,2025-01-04,2025-01-07,2025-01-08,1536,261.04,False
SHP000707,ORD000707,CAR001,2025-02-02,2025-02-04,2025-02-03,2639,674.86,False
SHP000708,ORD000708,CAR002,2025-01-16,2025-01-22,2025-01-25,450,133.96,False
SHP000709,ORD000709,CAR006,2025-01-03,2025-01-09,2025-01-06,2665,441.37,False
SHP000710,ORD000710,CAR003,2025-03-26,2025-04-01,2025-04-02,1490,709.34,False
SHP000711,ORD000711,CAR005,2025-02-03,2025-02-03,2025-02-05,694,193.19,False
SHP000712,ORD000712,CAR004,2025-01-12,2025-01-14,2025-01-14,886,144.24,False
SHP000713,ORD000713,CAR002,2025-03-05,2025-03-11,2025-03-12,1221,308.26,False
SHP000714,ORD000714,CAR006,2025-03-05,2025-03-10,2025-03-13,1182,234.35,False
SHP000715,ORD000715,CAR001,2025-02-16,2025-02-21,2025-02-22,1748,350.28,False
SHP000716,ORD000716,CAR002,2025-01-24,2025-01-27,2025-01-27,367,164.59,True
SHP000717,ORD000717,CAR005,2025-03-30,2025-04-05,2025-04-06,2370,373.96,False
SHP000718,ORD000718,CAR006,2025-02-05,2025-02-08,2025-02-06,1797,281.19,False
SHP000719,ORD000719,CAR001,2025-03-05,2025-03-11,2025-03-09,2491,498.95,False
SHP000720,ORD000720,CAR005,2025-02-06,2025-02-12,2025-02-13,2230,389.67,False
SHP000721,ORD000721,CAR003,2025-02-24,2025-02-26,2025-02-25,1352,710.08,False
SHP000722,ORD000722,CAR001,2025-01-16,2025-01-19,2025-01-20,112,28.79,False
SHP000723,ORD000723,CAR006,2025-02-18,2025-02-20,2025-02-21,246,79.35,False
SHP000724,ORD000724,CAR004,2025-02-19,2025-02-24,2025-02-23,561,103.07,False
SHP000725,ORD000725,CAR003,2025-03-08,2025-03-14,2025-03-13,995,510.07,False
SHP000726,ORD000726,CAR002,2025-01-28,2025-01-30,2025-02-01,123,26.41,False
SHP000727,ORD000727,CAR003,2025-01-27,2025-01-30,2025-01-30,1929,1260.19,False
SHP000728,ORD000728,CAR004,2025-02-19,2025-02-20,2025-02-20,839,248.22,False
SHP000729,ORD000729,CAR004,2025-01-15,2025-01-17,2025-01-17,2244,302.37,False
SHP000730,ORD000730,CAR001,2025-01-20,2025-01-26,2025-01-26,1877,341.42,False
SHP000731,ORD000731,CAR004,2025-02-21,2025-02-27,2025-02-26,274,150.03,False
SHP000732,ORD000732,CAR003,2025-03-16,2025-03-21,2025-03-21,997,507.81,False
SHP000733,ORD000733,CAR002,2025-03-31,2025-04-05,2025-04-04,2512,298.6,False
SHP000734,ORD000734,CAR002,2025-03-31,2025-04-05,2025-04-06,1430,220.39,False
SHP000735,ORD000735,CAR006,2025-01-04,2025-01-09,2025-01-09,1512,237.57,False
SHP000736,ORD000736,CAR005,2025-01-04,2025-01-09,2025-01-09,755,241.88,False
SHP000737,ORD000737,CAR003,2025-02-14,2025-02-15,2025-02-15,1303,956.9,False
SHP000738,ORD000738,CAR002,2025-03-09,2025-03-11,2025-03-12,650,96.85,False
SHP000739,ORD000739,CAR003,2025-01-13,2025-01-18,2025-01-20,1910,1041.93,False
SHP000740,ORD000740,CAR001,2025-02-21,2025-02-26,2025-02-25,2443,485.99,False
SHP000741,ORD000741,CAR001,2025-03-14,2025-03-15,2025-03-15,1980,569.64,False
SHP000742,ORD000742,CAR001,2025-02-07,2025-02-12,2025-02-12,960,188.51,True
SHP000743,ORD000743,CAR002,2025-02-16,2025-02-18,2025-02-17,2126,374.69,False
SHP000744,ORD000744,CAR001,2025-01-27,2025-02-01,2025-02-02,2008,339.9,False
SHP000745,ORD000745,CAR002,2025-01-13,2025-01-16,2025-01-14,1390,294.79,False
SHP000746,ORD000746,CAR006,2025-01-26,2025-02-01,2025-01-31,1958,269.8,False
SHP000747,ORD000747,CAR004,2025-03-30,2025-04-05,2025-04-02,1959,282.78,False
SHP000748,ORD000748,CAR005,2025-02-08,2025-02-11,2025-02-12,2295,505.06,False
SHP000749,ORD000749,CAR001,2025-01-02,2025-01-07,2025-01-08,508,157.09,False
SHP000750,ORD000750,CAR002,2025-01-08,2025-01-14,2025-01-15,2184,417.59,False
SHP000751,ORD000751,CAR001,2025-03-23,2025-03-26,2025-03-27,892,216.72,False
SHP000752,ORD000752,CAR001,2025-01-15,2025-01-20,2025-01-18,568,258.48,False
SHP000753,ORD000753,CAR006,2025-03-30,2025-04-04,2025-04-05,1055,154.2,False
SHP000754,ORD000754,CAR003,2025-02-08,2025-02-10,2025-02-10,1672,995.16,False
SHP000755,ORD000755,CAR003,2025-02-07,2025-02-12,2025-02-14,2609,1359.52,False
SHP000756,ORD000756,CAR005,2025-02-28,2025-03-06,2025-03-06,933,164.95,False
SHP000757,ORD000757,CAR002,2025-01-21,2025-01-26,2025-01-26,1310,237.5,False
SHP000758,ORD000758,CAR002,2025-01-25,2025-01-30,2025-02-01,1397,380.7,False
SHP000759,ORD000759,CAR006,2025-01-04,2025-01-07,2025-01-10,2021,320.02,False
SHP000760,ORD000760,CAR005,2025-02-20,2025-02-22,2025-02-24,1095,258.92,False
SHP000761,ORD000761,CAR004,2025-01-05,2025-01-05,2025-01-05,2420,417.62,False
SHP000762,ORD000762,CAR005,2025-01-21,2025-01-27,2025-01-30,169,225.48,False
SHP000763,ORD000763,CAR002,2025-02-17,2025-02-19,2025-02-18,2700,454.23,False
SHP000764,ORD000764,CAR001,2025-02-15,2025-02-21,2025-02-18,1867,409.47,False
SHP000765,ORD000765,CAR001,2025-03-09,2025-03-14,2025-03-13,987,165.82,False
SHP000766,ORD000766,CAR002,2025-01-21,2025-01-22,2025-01-22,2190,449.87,False
SHP000767,ORD000767,CAR003,2025-01-15,2025-01-21,2025-01-20,313,152.05,False
SHP000768,ORD000768,CAR004,2025-01-10,2025-01-13,2025-01-13,2520,397.98,False
SHP000769,ORD000769,CAR006,2025-01-07,2025-01-12,2025-01-11,1002,162.46,False
SHP000770,ORD000770,CAR004,2025-01-04,2025-01-09,2025-01-10,582,69.24,False
SHP000771,ORD000771,CAR003,2025-03-20,2025-03-21,2025-03-21,1020,586.06,False
SHP000772,ORD000772,CAR001,2025-01-02,2025-01-05,2025-01-05,589,166.14,False
SHP000773,ORD000773,CAR001,2025-01-18,2025-01-23,2025-01-26,913,234.28,False
SHP000774,ORD000774,CAR003,2025-02-17,2025-02-19,2025-02-21,1376,871.08,False
SHP000775,ORD000775,CAR002,2025-03-21,2025-03-27,2025-03-28,1319,175.96,False
SHP000776,ORD000776,CAR004,2025-03-31,2025-04-06,2025-04-05,208,78.12,False
SHP000777,ORD000777,CAR004,2025-03-21,2025-03-26,2025-03-27,825,99.65,False
SHP000778,ORD000778,CAR005,2025-03-20,2025-03-22,2025-03-22,956,288.12,False
SHP000779,ORD000779,CAR006,2025-01-09,2025-01-11,2025-01-12,2260,356.82,False
SHP000780,ORD000780,CAR001,2025-02-19,2025-02-24,2025-02-24,1219,301.72,False
SHP000781,ORD000781,CAR006,2025-02-20,2025-02-26,2025-02-26,2560,312.13,False
SHP000782,ORD000782,CAR003,2025-01-03,2025-01-09,2025-01-11,2036,992.0,False
SHP000783,ORD000783,CAR003,2025-03-20,2025-03-26,2025-03-26,2097,1015.52,False
SHP000784,ORD000784,CAR003,2025-03-25,2025-03-31,2025-03-30,241,291.01,False
SHP000785,ORD000785,CAR003,2025-02-16,2025-02-21,2025-02-22,533,241.65,False
SHP000786,ORD000786,CAR001,2025-03-30,2025-04-04,2025-04-05,1407,327.81,False
SHP000787,ORD000787,CAR003,2025-02-08,2025-02-10,2025-02-13,174,91.77,False
SHP000788,ORD000788,CAR006,2025-02-19,2025-02-21,2025-02-20,391,88.46,False
SHP000789,ORD000789,CAR004,2025-01-17,2025-01-19,2025-01-18,1368,327.76,False
SHP000790,ORD000790,CAR002,2025-02-17,2025-02-22,2025-02-21,1892,343.75,False
SHP000791,ORD000791,CAR004,2025-01-10,2025-01-11,2025-01-11,583,258.32,False
SHP000792,ORD000792,CAR004,2025-02-07,2025-02-12,2025-02-11,2138,287.86,True
SHP000793,ORD000793,CAR001,2025-01-17,2025-01-22,2025-01-22,1837,359.02,False
SHP000794,ORD000794,CAR003,2025-02-15,2025-02-21,2025-02-21,557,466.5,False
SHP000795,ORD000795,CAR004,2025-01-06,2025-01-12,2025-01-10,1854,332.59,False
SHP000796,ORD000796,CAR003,2025-01-01,2025-01-07,2025-01-05,1866,960.7,False
SHP000797,ORD000797,CAR005,2025-02-13,2025-02-19,2025-02-20,1392,400.27,False
SHP000798,ORD000798,CAR003,2025-02-05,2025-02-11,2025-02-10,748,350.17,False
SHP000799,ORD000799,CAR003,2025-02-03,2025-02-04,2025-02-05,2153,1254.59,True
SHP000800,ORD000800,CAR006,2025-01-04,2025-01-10,2025-01-11,1892,322.87,False
SHP000801,ORD000801,CAR006,2025-02-25,2025-03-03,2025-03-01,393,67.29,False
SHP000802,ORD000802,CAR006,2025-02-06,2025-02-11,2025-02-08,1359,216.58,False
SHP000803,ORD000803,CAR002,2025-03-13,2025-03-16,2025-03-14,971,151.59,False
SHP000804,ORD000804,CAR006,2025-02-06,2025-02-12,2025-02-11,947,121.12,False
SHP000805,ORD000805,CAR006,2025-01-06,2025-01-11,2025-01-09,2053,336.64,False
SHP000806,ORD000806,CAR005,2025-03-05,2025-03-07,2025-03-06,2040,434.55,False
SHP000807,ORD000807,CAR003,2025-03-27,2025-04-01,2025-03-31,1700,879.17,False
SHP000808,ORD000808,CAR004,2025-01-05,2025-01-10,2025-01-09,319,92.06,False
SHP000809,ORD000809,CAR006,2025-02-24,2025-03-02,2025-03-02,256,37.77,False
SHP000810,ORD000810,CAR005,2025-01-16,2025-01-16,2025-01-18,151,114.36,False
SHP000811,ORD000811,CAR003,2025-03-13,2025-03-18,2025-03-14,2264,1113.15,False
SHP000812,ORD000812,CAR001,2025-01-28,2025-02-03,2025-02-02,2226,377.75,False
SHP000813,ORD000813,CAR006,2025-01-04,2025-01-10,2025-01-12,1711,246.12,False
SHP000814,ORD000814,CAR002,2025-02-24,2025-03-01,2025-03-03,461,260.36,False
SHP000815,ORD000815,CAR004,2025-02-25,2025-03-02,2025-03-02,2430,281.76,False
SHP000816,ORD000816,CAR004,2025-03-03,2025-03-09,2025-03-10,140,176.03,False
SHP000817,ORD000817,CAR003,2025-03-15,2025-03-16,2025-03-16,1342,1049.65,False
SHP000818,ORD000818,CAR005,2025-03-05,2025-03-10,2025-03-10,2009,370.91,False
SHP000819,ORD000819,CAR006,2025-02-10,2025-02-12,2025-02-11,92,23.4,False
SHP000820,ORD000820,CAR005,2025-03-25,2025-03-31,2025-03-30,403,214.46,False
SHP000821,ORD000821,CAR004,2025-01-21,2025-01-27,2025-01-27,1807,224.2,False
SHP000822,ORD000822,CAR004,2025-03-13,2025-03-18,2025-03-17,1275,175.57,False
SHP000823,ORD000823,CAR005,2025-02-18,2025-02-23,2025-02-22,1590,277.08,False
SHP000824,ORD000824,CAR004,2025-01-18,2025-01-24,2025-01-22,804,112.44,False
SHP000825,ORD000825,CAR005,2025-01-13,2025-01-19,2025-01-18,1505,317.17,False
SHP000826,ORD000826,CAR003,2025-02-05,2025-02-11,2025-02-11,1574,809.85,False
SHP000827,ORD000827,CAR003,2025-01-21,2025-01-26,2025-01-25,2209,1111.28,False
SHP000828,ORD000828,CAR001,2025-03-20,2025-03-23,2025-03-23,1019,244.77,False
SHP000829,ORD000829,CAR004,2025-01-02,2025-01-07,2025-01-06,1309,150.9,False
SHP000830,ORD000830,CAR001,2025-03-03,2025-03-08,2025-03-09,2549,699.01,False
SHP000831,ORD000831,CAR004,2025-03-04,2025-03-07,2025-03-06,1567,287.52,False
SHP000832,ORD000832,CAR004,2025-01-25,2025-01-31,2025-01-30,1548,173.82,False
SHP000833,ORD000833,CAR001,2025-02-02,2025-02-08,2025-02-07,1701,305.86,False
SHP000834,ORD000834,CAR004,2025-01-04,2025-01-07,2025-01-05,2078,415.72,False
SHP000835,ORD000835,CAR002,2025-03-20,2025-03-23,2025-03-25,559,127.39,False
SHP000836,ORD000836,CAR001,2025-02-06,2025-02-06,2025-02-07,1432,417.41,False
SHP000837,ORD000837,CAR005,2025-03-28,2025-04-02,2025-04-03,776,121.03,False
SHP000838,ORD000838,CAR003,2025-01-01,2025-01-07,2025-01-08,1979,985.87,False
SHP000839,ORD000839,CAR005,2025-01-12,2025-01-18,2025-01-18,763,146.33,False
SHP000840,ORD000840,CAR001,2025-02-02,2025-02-07,2025-02-07,1623,297.11,False
SHP000841,ORD000841,CAR003,2025-01-25,2025-01-31,2025-01-31,2076,974.1,False
SHP000842,ORD000842,CAR006,2025-03-17,2025-03-22,2025-03-21,1847,350.45,False
SHP000843,ORD000843,CAR002,2025-03-06,2025-03-12,2025-03-12,198,89.38,False
SHP000844,ORD000844,CAR001,2025-02-12,2025-02-17,2025-02-19,1390,356.17,False
SHP000845,ORD000845,CAR003,2025-02-14,2025-02-16,2025-02-15,832,489.47,False
SHP000846,ORD000846,CAR003,2025-03-02,2025-03-05,2025-03-06,2046,1056.13,False
SHP000847,ORD000847,CAR002,2025-02-04,2025-02-05,2025-02-05,2514,689.2,False
SHP000848,ORD000848,CAR002,2025-02-12,2025-02-15,2025-02-15,1487,225.76,False
SHP000849,ORD000849,CAR002,2025-01-24,2025-01-29,2025-01-27,701,142.89,False
SHP000850,ORD000850,CAR004,2025-01-13,2025-01-19,2025-01-20,1611,258.83,False
SHP000851,ORD000851,CAR006,2025-01-18,2025-01-24,2025-01-24,1683,277.25,False
SHP000852,ORD000852,CAR005,2025-01-23,2025-01-26,2025-01-25,76,34.81,False
SHP000853,ORD000853,CAR003,2025-01-26,2025-01-31,2025-01-30,687,337.42,False
SHP000854,ORD000854,CAR001,2025-02-24,2025-03-01,2025-03-02,1974,473.27,False
SHP000855,ORD000855,CAR004,2025-01-02,2025-01-08,2025-01-08,1715,202.83,False
SHP000856,ORD000856,CAR005,2025-02-28,2025-03-05,2025-03-05,1564,334.35,False
SHP000857,ORD000857,CAR002,2025-01-12,2025-01-17,2025-01-15,1933,335.86,False
SHP000858,ORD000858,CAR003,2025-01-08,2025-01-10,2025-01-10,1283,720.16,False
SHP000859,ORD000859,CAR001,2025-01-03,2025-01-09,2025-01-09,1692,272.45,False
SHP000860,ORD000860,CAR005,2025-02-26,2025-02-28,2025-02-28,1069,330.03,False
SHP000861,ORD000861,CAR006,2025-02-12,2025-02-17,2025-02-17,2169,292.76,True
SHP000862,ORD000862,CAR001,2025-02-02,2025-02-05,2025-02-04,854,206.5,False
SHP000863,ORD000863,CAR004,2025-01-07,2025-01-13,2025-01-13,830,148.28,False
SHP000864,ORD000864,CAR004,2025-02-04,2025-02-10,2025-02-12,601,77.03,False
SHP000865,ORD000865,CAR004,2025-02-12,2025-02-17,2025-02-15,1416,252.54,False
SHP000866,ORD000866,CAR006,2025-02-15,2025-02-17,2025-02-16,2113,354.77,False
SHP000867,ORD000867,CAR001,2025-03-16,2025-03-16,2025-03-17,1582,415.59,False
SHP000868,ORD000868,CAR004,2025-03-22,2025-03-27,2025-03-31,165,97.0,False
SHP000869,ORD000869,CAR002,2025-01-18,2025-01-23,2025-01-23,1255,165.84,False
SHP000870,ORD000870,CAR003,2025-01-29,2025-02-03,2025-02-04,2651,1396.25,False
SHP000871,ORD000871,CAR004,2025-02-21,2025-02-27,2025-03-01,1708,290.85,False
SHP000872,ORD000872,CAR002,2025-01-13,2025-01-19,2025-01-21,2676,406.68,False
SHP000873,ORD000873,CAR002,2025-02-23,2025-02-23,2025-02-23,442,133.88,False
SHP000874,ORD000874,CAR006,2025-01-25,2025-01-28,2025-01-27,1050,204.56,False
SHP000875,ORD000875,CAR006,2025-01-05,2025-01-10,2025-01-07,794,227.39,False
SHP000876,ORD000876,CAR001,2025-01-22,2025-01-27,2025-01-24,1734,341.78,False
SHP000877,ORD000877,CAR004,2025-03-11,2025-03-16,2025-03-16,1701,241.47,False
SHP000878,ORD000878,CAR001,2025-03-07,2025-03-10,2025-03-10,494,133.5,False
SHP000879,ORD000879,CAR003,2025-03-27,2025-04-01,2025-04-03,373,243.05,False
SHP000880,ORD000880,CAR003,2025-02-26,2025-03-04,2025-03-05,2504,1110.97,False
SHP000881,ORD000881,CAR006,2025-02-17,2025-02-23,2025-02-24,2016,395.88,False
SHP000882,ORD000882,CAR002,2025-02-20,2025-02-25,2025-02-27,2458,349.05,False
SHP000883,ORD000883,CAR005,2025-01-23,2025-01-23,2025-01-23,2057,551.44,False
SHP000884,ORD000884,CAR003,2025-01-02,2025-01-05,2025-01-06,915,487.1,False
SHP000885,ORD000885,CAR002,2025-02-28,2025-03-06,2025-03-06,204,32.93,False
SHP000886,ORD000886,CAR001,2025-03-10,2025-03-13,2025-03-12,1899,441.46,False
SHP000887,ORD000887,CAR001,2025-02-28,2025-03-06,2025-03-06,330,59.88,False
SHP000888,ORD000888,CAR005,2025-03-16,2025-03-19,2025-03-17,279,141.28,False
SHP000889,ORD000889,CAR005,2025-03-02,2025-03-08,2025-03-06,2452,567.11,False
SHP000890,ORD000890,CAR004,2025-03-24,2025-03-29,2025-03-29,2533,346.08,False
SHP000891,ORD000891,CAR003,2025-03-24,2025-03-30,2025-03-29,2633,1571.85,False
SHP000892,ORD000892,CAR004,2025-03-07,2025-03-13,2025-03-12,1317,217.34,False
SHP000893,ORD000893,CAR003,2025-01-14,2025-01-17,2025-01-16,491,390.53,False
SHP000894,ORD000894,CAR006,2025-01-26,2025-01-28,2025-01-30,713,109.5,False
SHP000895,ORD000895,CAR003,2025-02-05,2025-02-10,2025-02-09,1519,742.36,False
SHP000896,ORD000896,CAR004,2025-01-01,2025-01-04,2025-01-05,1518,295.04,False
SHP000897,ORD000897,CAR003,2025-01-27,2025-02-01,2025-02-02,1636,812.76,False
SHP000898,ORD000898,CAR004,2025-01-15,2025-01-20,2025-01-20,2498,393.21,False
SHP000899,ORD000899,CAR001,2025-03-04,2025-03-10,2025-03-09,1583,341.73,False
SHP000900,ORD000900,CAR005,2025-02-23,2025-02-25,2025-02-24,889,200.51,False
SHP000901,ORD000901,CAR006,2025-02-08,2025-02-10,2025-02-10,1549,248.58,False
SHP000902,ORD000902,CAR005,2025-03-01,2025-03-06,2025-03-05,164,74.94,False
SHP000903,ORD000903,CAR005,2025-03-10,2025-03-15,2025-03-15,2135,350.5,False
SHP000904,ORD000904,CAR005,2025-03-24,2025-03-29,2025-03-29,530,109.46,False
SHP000905,ORD000905,CAR004,2025-01-26,2025-01-28,2025-01-31,693,139.63,False
SHP000906,ORD000906,CAR005,2025-03-30,2025-04-02,2025-03-31,1273,268.14,False
SHP000907,ORD000907,CAR003,2025-01-20,2025-01-26,2025-01-24,890,487.27,False
SHP000908,ORD000908,CAR005,2025-01-20,2025-01-25,2025-01-25,2535,379.31,False
SHP000909,ORD000909,CAR003,2025-02-11,2025-02-14,2025-02-16,1024,542.25,False
SHP000910,ORD000910,CAR006,2025-02-26,2025-03-04,2025-03-08,924,127.63,False
SHP000911,ORD000911,CAR005,2025-03-18,2025-03-20,2025-03-20,928,193.55,False
SHP000912,ORD000912,CAR003,2025-01-28,2025-01-28,2025-01-28,2153,1395.25,False
SHP000913,ORD000913,CAR006,2025-01-14,2025-01-19,2025-01-17,415,98.13,False
SHP000914,ORD000914,CAR001,2025-02-11,2025-02-17,2025-02-22,594,165.74,False
SHP000915,ORD000915,CAR004,2025-01-27,2025-01-30,2025-01-31,785,145.05,False
SHP000916,ORD000916,CAR003,2025-01-04,2025-01-10,2025-01-09,1156,490.34,False
SHP000917,ORD000917,CAR005,2025-01-05,2025-01-08,2025-01-07,2221,397.11,False
SHP000918,ORD000918,CAR005,2025-01-10,2025-01-15,2025-01-16,1873,375.17,False
SHP000919,ORD000919,CAR005,2025-02-02,2025-02-08,2025-02-08,2088,393.58,False
SHP000920,ORD000920,CAR004,2025-01-19,2025-01-25,2025-01-24,1226,144.4,False
SHP000921,ORD000921,CAR005,2025-02-08,2025-02-14,2025-02-11,609,184.7,False
SHP000922,ORD000922,CAR002,2025-02-20,2025-02-22,2025-02-21,2669,510.34,True
SHP000923,ORD000923,CAR005,2025-03-04,2025-03-09,2025-03-05,1926,441.54,False
SHP000924,ORD000924,CAR006,2025-01-24,2025-01-30,2025-02-01,465,72.11,False
SHP000925,ORD000925,CAR002,2025-02-25,2025-02-27,2025-03-02,562,200.38,False
SHP000926,ORD000926,CAR005,2025-01-12,2025-01-12,2025-01-12,868,335.05,False
SHP000927,ORD000927,CAR005,2025-01-20,2025-01-26,2025-01-25,2244,434.88,False
SHP000928,ORD000928,CAR001,2025-01-21,2025-01-26,2025-01-27,1711,448.8,False
SHP000929,ORD000929,CAR003,2025-02-08,2025-02-14,2025-02-15,2502,1016.29,False
SHP000930,ORD000930,CAR002,2025-01-21,2025-01-24,2025-01-26,1786,283.26,False
SHP000931,ORD000931,CAR006,2025-02-05,2025-02-11,2025-02-09,913,174.75,False
SHP000932,ORD000932,CAR004,2025-03-09,2025-03-15,2025-03-14,1293,334.54,False
SHP000933,ORD000933,CAR003,2025-02-13,2025-02-16,2025-02-17,2466,1404.1,False
SHP000934,ORD000934,CAR006,2025-01-12,2025-01-13,2025-01-14,2095,611.58,False
SHP000935,ORD000935,CAR005,2025-02-05,2025-02-08,2025-02-07,1099,284.34,False
SHP000936,ORD000936,CAR006,2025-01-30,2025-02-04,2025-02-06,2068,325.79,False
SHP000937,ORD000937,CAR001,2025-01-14,2025-01-20,2025-01-21,2446,484.0,False
SHP000938,ORD000938,CAR004,2025-02-26,2025-03-01,2025-03-01,2642,420.43,True
SHP000939,ORD000939,CAR004,2025-02-12,2025-02-18,2025-02-19,1479,213.23,False
SHP000940,ORD000940,CAR005,2025-04-01,2025-04-01,2025-04-01,2311,557.54,False
SHP000941,ORD000941,CAR003,2025-02-12,2025-02-18,2025-02-20,2689,1418.93,False
SHP000942,ORD000942,CAR002,2025-03-05,2025-03-10,2025-03-11,760,108.66,False
SHP000943,ORD000943,CAR001,2025-03-11,2025-03-16,2025-03-15,1727,297.06,False
SHP000944,ORD000944,CAR001,2025-02-19,2025-02-25,2025-02-22,1396,293.45,False
SHP000945,ORD000945,CAR002,2025-02-06,2025-02-11,2025-02-09,665,124.11,False
SHP000946,ORD000946,CAR005,2025-02-24,2025-03-01,2025-03-02,2449,451.01,False
SHP000947,ORD000947,CAR005,2025-02-03,2025-02-09,2025-02-07,620,231.37,False
SHP000948,ORD000948,CAR005,2025-03-07,2025-03-09,2025-03-12,1003,399.42,False
SHP000949,ORD000949,CAR004,2025-01-08,2025-01-13,2025-01-17,160,51.79,False
SHP000950,ORD000950,CAR006,2025-01-20,2025-01-25,2025-01-27,1200,217.57,False
SHP000951,ORD000951,CAR005,2025-01-19,2025-01-19,2025-01-19,1022,345.49,False
SHP000952,ORD000952,CAR001,2025-03-20,2025-03-26,2025-03-25,2584,479.41,False
SHP000953,ORD000953,CAR001,2025-01-24,2025-01-26,2025-01-26,1722,384.37,False
SHP000954,ORD000954,CAR003,2025-01-18,2025-01-21,2025-01-22,796,504.16,False
SHP000955,ORD000955,CAR001,2025-01-26,2025-02-01,2025-02-01,2552,455.98,True
SHP000956,ORD000956,CAR001,2025-03-10,2025-03-15,2025-03-15,2396,451.63,False
SHP000957,ORD000957,CAR003,2025-01-28,2025-01-29,2025-01-29,797,593.39,False
SHP000958,ORD000958,CAR003,2025-01-16,2025-01-19,2025-01-18,808,463.32,False
SHP000959,ORD000959,CAR004,2025-03-21,2025-03-21,2025-03-22,2341,375.69,False
SHP000960,ORD000960,CAR006,2025-02-22,2025-02-27,2025-02-24,2491,325.07,False
SHP000961,ORD000961,CAR002,2025-03-24,2025-03-30,2025-03-29,1725,268.12,False
SHP000962,ORD000962,CAR003,2025-03-03,2025-03-09,2025-03-11,295,136.24,False
SHP000963,ORD000963,CAR002,2025-01-08,2025-01-13,2025-01-12,1846,277.77,False
SHP000964,ORD000964,CAR002,2025-01-06,2025-01-07,2025-01-08,977,192.22,False
SHP000965,ORD000965,CAR006,2025-03-21,2025-03-26,2025-03-27,1054,200.89,False
SHP000966,ORD000966,CAR002,2025-02-18,2025-02-18,2025-02-19,2522,539.37,False
SHP000967,ORD000967,CAR001,2025-03-25,2025-03-28,2025-03-27,1209,310.91,False
SHP000968,ORD000968,CAR006,2025-02-20,2025-02-26,2025-02-27,983,168.13,False
SHP000969,ORD000969,CAR005,2025-02-12,2025-02-17,2025-02-16,1141,178.62,False
SHP000970,ORD000970,CAR001,2025-03-08,2025-03-09,2025-03-12,1006,308.12,False
SHP000971,ORD000971,CAR001,2025-02-17,2025-02-23,2025-02-22,844,224.26,False
SHP000972,ORD000972,CAR004,2025-02-14,2025-02-16,2025-02-15,891,217.97,False
SHP000973,ORD000973,CAR006,2025-01-29,2025-02-04,2025-02-01,354,145.06,False
SHP000974,ORD000974,CAR005,2025-02-10,2025-02-16,2025-02-17,141,46.35,False
SHP000975,ORD000975,CAR005,2025-01-14,2025-01-17,2025-01-18,2392,412.29,True
SHP000976,ORD000976,CAR005,2025-03-03,2025-03-03,2025-03-03,1654,486.44,False
SHP000977,ORD000977,CAR003,2025-03-24,2025-03-29,2025-03-29,784,388.04,False
SHP000978,ORD000978,CAR004,2025-02-26,2025-02-28,2025-03-01,2287,382.87,False
SHP000979,ORD000979,CAR004,2025-02-21,2025-02-27,2025-02-26,1559,271.65,False
SHP000980,ORD000980,CAR004,2025-01-25,2025-01-31,2025-01-31,1605,251.88,False
SHP000981,ORD000981,CAR002,2025-02-27,2025-03-05,2025-03-03,1644,365.13,False
SHP000982,ORD000982,CAR002,2025-03-28,2025-04-02,2025-04-05,687,106.78,False
SHP000983,ORD000983,CAR001,2025-03-20,2025-03-26,2025-03-26,286,49.02,False
SHP000984,ORD000984,CAR003,2025-02-10,2025-02-12,2025-02-12,2459,1376.52,False
SHP000985,ORD000985,CAR001,2025-03-13,2025-03-19,2025-03-17,718,128.11,False
SHP000986,ORD000986,CAR004,2025-01-20,2025-01-20,2025-01-20,2006,317.27,False
SHP000987,ORD000987,CAR004,2025-03-16,2025-03-22,2025-03-24,1461,217.58,False
SHP000988,ORD000988,CAR006,2025-03-29,2025-04-03,2025-04-02,877,132.3,True
SHP000989,ORD000989,CAR003,2025-03-17,2025-03-23,2025-03-23,2201,885.25,False
SHP000990,ORD000990,CAR001,2025-03-31,2025-04-06,2025-04-07,1187,293.34,False
SHP000991,ORD000991,CAR003,2025-01-06,2025-01-11,2025-01-09,1626,786.5,False
SHP000992,ORD000992,CAR003,2025-03-08,2025-03-10,2025-03-12,612,524.12,False
SHP000993,ORD000993,CAR005,2025-01-12,2025-01-12,2025-01-12,596,149.35,False
SHP000994,ORD000994,CAR006,2025-03-15,2025-03-18,2025-03-18,125,29.45,False
SHP000995,ORD000995,CAR001,2025-03-01,2025-03-03,2025-03-04,402,120.21,False
SHP000996,ORD000996,CAR006,2025-01-30,2025-02-05,2025-02-05,2238,307.2,False
SHP000997,ORD000997,CAR005,2025-03-28,2025-04-03,2025-04-04,879,173.16,False
SHP000998,ORD000998,CAR004,2025-01-11,2025-01-16,2025-01-16,2672,415.86,False
SHP000999,ORD000999,CAR006,2025-02-03,2025-02-05,2025-02-07,1222,245.28,False
SHP001000,ORD001000,CAR006,2025-01-09,2025-01-14,2025-01-13,1896,300.68,False
SHP001001,ORD001001,CAR006,2025-03-19,2025-03-22,2025-03-23,2037,300.35,False
SHP001002,ORD001002,CAR004,2025-01-23,2025-01-28,2025-01-27,1398,334.43,False
SHP001003,ORD001003,CAR001,2025-01-19,2025-01-22,2025-01-24,1632,497.9,False
SHP001004,ORD001004,CAR002,2025-03-27,2025-03-27,2025-03-27,958,203.37,False
SHP001005,ORD001005,CAR002,2025-03-05,2025-03-11,2025-03-12,2114,331.35,False
SHP001006,ORD001006,CAR003,2025-01-15,2025-01-20,2025-01-22,649,406.65,True
SHP001007,ORD001007,CAR005,2025-02-10,2025-02-12,2025-02-11,600,221.95,False
SHP001008,ORD001008,CAR002,2025-03-03,2025-03-08,2025-03-08,927,162.41,False
SHP001009,ORD001009,CAR002,2025-03-13,2025-03-19,2025-03-21,2414,445.24,False
SHP001010,ORD001010,CAR005,2025-02-02,2025-02-07,2025-02-06,461,80.79,False
SHP001011,ORD001011,CAR003,2025-02-05,2025-02-10,2025-02-10,311,250.07,False
SHP001012,ORD001012,CAR003,2025-03-03,2025-03-09,2025-03-08,2547,1165.79,False
SHP001013,ORD001013,CAR005,2025-01-08,2025-01-11,2025-01-10,1802,456.24,False
SHP001014,ORD001014,CAR004,2025-01-05,2025-01-10,2025-01-12,674,144.31,False
SHP001015,ORD001015,CAR006,2025-01-15,2025-01-15,2025-01-15,2472,540.84,False
SHP001016,ORD001016,CAR006,2025-02-17,2025-02-23,2025-02-22,1848,238.7,False
SHP001017,ORD001017,CAR006,2025-02-11,2025-02-17,2025-02-17,331,51.95,False
SHP001018,ORD001018,CAR001,2025-01-31,2025-02-06,2025-02-05,1760,277.26,False
SHP001019,ORD001019,CAR001,2025-03-24,2025-03-27,2025-03-28,542,124.1,False
SHP001020,ORD001020,CAR001,2025-03-14,2025-03-19,2025-03-18,967,265.65,False
SHP001021,ORD001021,CAR003,2025-03-23,2025-03-26,2025-03-24,1769,839.98,False
SHP001022,ORD001022,CAR003,2025-03-04,2025-03-10,2025-03-10,2155,920.9,False
SHP001023,ORD001023,CAR004,2025-03-21,2025-03-27,2025-03-28,2558,297.25,False
SHP001024,ORD001024,CAR002,2025-02-28,2025-03-05,2025-03-06,531,114.23,False
SHP001025,ORD001025,CAR001,2025-03-28,2025-04-03,2025-04-02,1103,170.8,False
SHP001026,ORD001026,CAR004,2025-01-28,2025-02-02,2025-02-01,2535,491.57,False
SHP001027,ORD001027,CAR001,2025-03-28,2025-03-30,2025-04-01,2606,463.09,False
SHP001028,ORD001028,CAR002,2025-03-15,2025-03-15,2025-03-15,851,220.89,False
SHP001029,ORD001029,CAR002,2025-01-03,2025-01-09,2025-01-09,908,133.86,True
SHP001030,ORD001030,CAR005,2025-01-12,2025-01-15,2025-01-18,1188,327.94,False
SHP001031,ORD001031,CAR004,2025-02-21,2025-02-23,2025-02-24,124,17.91,False
SHP001032,ORD001032,CAR002,2025-01-27,2025-01-29,2025-01-28,1031,183.75,False
SHP001033,ORD001033,CAR003,2025-03-31,2025-04-06,2025-04-07,2005,946.7,False
SHP001034,ORD001034,CAR003,2025-03-24,2025-03-29,2025-03-30,1984,1036.09,False
SHP001035,ORD001035,CAR003,2025-02-22,2025-02-28,2025-03-01,1539,772.49,False
SHP001036,ORD001036,CAR005,2025-02-13,2025-02-19,2025-02-18,2661,428.85,False
SHP001037,ORD001037,CAR005,2025-02-21,2025-02-26,2025-02-27,86,61.85,False
SHP001038,ORD001038,CAR004,2025-02-12,2025-02-14,2025-02-14,2212,312.75,False
SHP001039,ORD001039,CAR006,2025-01-14,2025-01-20,2025-01-21,72,179.49,False
SHP001040,ORD001040,CAR002,2025-03-30,2025-03-31,2025-03-31,2289,525.78,False
SHP001041,ORD001041,CAR004,2025-01-17,2025-01-22,2025-01-23,1534,168.0,False
SHP001042,ORD001042,CAR001,2025-01-28,2025-02-02,2025-02-02,2082,450.17,False
SHP001043,ORD001043,CAR005,2025-02-20,2025-02-22,2025-02-21,2078,396.4,False
SHP001044,ORD001044,CAR006,2025-01-13,2025-01-18,2025-01-17,1451,228.11,False
SHP001045,ORD001045,CAR006,2025-02-28,2025-03-05,2025-03-07,185,99.66,False
SHP001046,ORD001046,CAR005,2025-03-14,2025-03-20,2025-03-22,551,250.48,False
SHP001047,ORD001047,CAR001,2025-03-18,2025-03-24,2025-03-25,93,46.19,False
SHP001048,ORD001048,CAR004,2025-01-29,2025-02-04,2025-02-06,545,145.17,False
SHP001049,ORD001049,CAR005,2025-02-17,2025-02-19,2025-02-20,2296,434.74,False
SHP001050,ORD001050,CAR005,2025-01-12,2025-01-18,2025-01-17,1066,320.58,False
SHP001051,ORD001051,CAR005,2025-01-24,2025-01-27,2025-01-27,829,236.92,False
SHP001052,ORD001052,CAR001,2025-01-18,2025-01-21,2025-01-22,2159,422.42,False
SHP001053,ORD001053,CAR002,2025-01-18,2025-01-24,2025-01-25,2030,294.79,False
SHP001054,ORD001054,CAR005,2025-01-18,2025-01-20,2025-01-21,367,80.42,False
SHP001055,ORD001055,CAR003,2025-02-04,2025-02-09,2025-02-09,1600,788.95,False
SHP001056,ORD001056,CAR005,2025-03-08,2025-03-10,2025-03-10,1248,264.71,False
SHP001057,ORD001057,CAR003,2025-01-12,2025-01-14,2025-01-13,1468,810.21,False
SHP001058,ORD001058,CAR006,2025-02-19,2025-02-22,2025-02-23,2421,445.09,False
SHP001059,ORD001059,CAR002,2025-02-05,2025-02-05,2025-02-05,1050,278.48,False
SHP001060,ORD001060,CAR005,2025-02-23,2025-02-28,2025-03-03,640,290.07,False
SHP001061,ORD001061,CAR002,2025-03-13,2025-03-18,2025-03-20,1263,270.74,False
SHP001062,ORD001062,CAR005,2025-02-21,2025-02-26,2025-02-28,1468,276.32,False
SHP001063,ORD001063,CAR004,2025-02-21,2025-02-26,2025-02-22,2460,374.54,False
SHP001064,ORD001064,CAR004,2025-02-25,2025-02-27,2025-02-28,1860,342.69,False
SHP001065,ORD001065,CAR005,2025-01-07,2025-01-13,2025-01-12,462,92.83,True
SHP001066,ORD001066,CAR002,2025-02-14,2025-02-14,2025-02-14,1014,250.34,False
SHP001067,ORD001067,CAR004,2025-01-20,2025-01-26,2025-01-27,726,161.19,False
SHP001068,ORD001068,CAR002,2025-02-23,2025-02-28,2025-03-02,972,163.18,False
SHP001069,ORD001069,CAR004,2025-01-31,2025-02-05,2025-02-03,1644,243.84,False
SHP001070,ORD001070,CAR001,2025-03-28,2025-04-03,2025-04-04,2114,523.63,False
SHP001071,ORD001071,CAR004,2025-01-11,2025-01-16,2025-01-16,1729,224.19,False
SHP001072,ORD001072,CAR006,2025-03-30,2025-03-30,2025-03-31,159,51.14,False
SHP001073,ORD001073,CAR003,2025-02-27,2025-02-28,2025-02-28,1134,680.41,False
SHP001074,ORD001074,CAR002,2025-02-19,2025-02-24,2025-02-25,448,107.39,False
SHP001075,ORD001075,CAR002,2025-02-07,2025-02-13,2025-02-13,2202,367.79,False
SHP001076,ORD001076,CAR002,2025-03-02,2025-03-03,2025-03-04,2538,501.45,False
SHP001077,ORD001077,CAR005,2025-03-01,2025-03-07,2025-03-08,105,112.34,False
SHP001078,ORD001078,CAR002,2025-01-09,2025-01-14,2025-01-14,611,123.96,False
SHP001079,ORD001079,CAR006,2025-03-01,2025-03-06,2025-03-06,1615,221.05,False
SHP001080,ORD001080,CAR005,2025-02-22,2025-02-24,2025-02-24,2435,672.09,False
SHP001081,ORD001081,CAR005,2025-03-06,2025-03-11,2025-03-14,543,90.51,True
SHP001082,ORD001082,CAR006,2025-03-05,2025-03-10,2025-03-10,672,89.69,False
SHP001083,ORD001083,CAR004,2025-01-19,2025-01-25,2025-01-23,1591,305.83,False
SHP001084,ORD001084,CAR003,2025-03-24,2025-03-24,2025-03-25,1975,1433.78,False
SHP001085,ORD001085,CAR003,2025-03-08,2025-03-13,2025-03-12,2145,1121.29,False
SHP001086,ORD001086,CAR004,2025-03-08,2025-03-13,2025-03-14,1722,231.85,False
SHP001087,ORD001087,CAR004,2025-01-08,2025-01-10,2025-01-08,2314,384.95,False
SHP001088,ORD001088,CAR002,2025-02-26,2025-03-01,2025-03-02,451,138.36,False
SHP001089,ORD001089,CAR002,2025-01-19,2025-01-24,2025-01-22,932,144.1,False
SHP001090,ORD001090,CAR001,2025-01-30,2025-02-04,2025-02-05,1952,328.11,False
SHP001091,ORD001091,CAR002,2025-03-12,2025-03-15,2025-03-14,2485,469.05,False
SHP001092,ORD001092,CAR004,2025-02-25,2025-03-03,2025-03-01,1727,252.78,False
SHP001093,ORD001093,CAR002,2025-01-30,2025-02-01,2025-02-03,2141,412.13,False
SHP001094,ORD001094,CAR003,2025-02-02,2025-02-07,2025-02-06,303,206.49,False
SHP001095,ORD001095,CAR004,2025-02-12,2025-02-13,2025-02-14,1693,322.36,False
SHP001096,ORD001096,CAR001,2025-01-23,2025-01-28,2025-01-27,482,145.46,False
SHP001097,ORD001097,CAR004,2025-01-12,2025-01-13,2025-01-13,1572,344.53,False
SHP001098,ORD001098,CAR001,2025-02-10,2025-02-15,2025-02-16,2586,492.85,False
SHP001099,ORD001099,CAR005,2025-03-18,2025-03-23,2025-03-23,2552,432.9,False
SHP001100,ORD001100,CAR002,2025-03-31,2025-04-05,2025-04-06,2006,431.13,False
SHP001101,ORD001101,CAR003,2025-02-21,2025-02-27,2025-02-27,705,330.89,False
SHP001102,ORD001102,CAR003,2025-01-17,2025-01-23,2025-01-25,1380,690.02,False
SHP001103,ORD001103,CAR006,2025-03-27,2025-03-28,2025-03-28,208,150.6,False
SHP001104,ORD001104,CAR004,2025-02-03,2025-02-08,2025-02-10,1395,282.34,False
SHP001105,ORD001105,CAR002,2025-03-14,2025-03-17,2025-03-18,2064,336.5,False
SHP001106,ORD001106,CAR001,2025-03-06,2025-03-06,2025-03-06,107,111.43,True
SHP001107,ORD001107,CAR002,2025-03-03,2025-03-06,2025-03-05,2138,468.49,False
SHP001108,ORD001108,CAR004,2025-01-06,2025-01-12,2025-01-14,252,115.27,False
SHP001109,ORD001109,CAR005,2025-02-24,2025-02-24,2025-02-24,228,147.82,False
SHP001110,ORD001110,CAR004,2025-03-10,2025-03-15,2025-03-16,79,108.19,True
SHP001111,ORD001111,CAR002,2025-03-24,2025-03-26,2025-03-24,544,102.93,False
SHP001112,ORD001112,CAR006,2025-03-25,2025-03-31,2025-03-31,1075,202.95,False
SHP001113,ORD001113,CAR006,2025-03-27,2025-04-02,2025-04-02,1252,180.48,False
SHP001114,ORD001114,CAR003,2025-01-21,2025-01-23,2025-01-24,803,434.31,False
SHP001115,ORD001115,CAR001,2025-03-03,2025-03-06,2025-03-05,845,200.85,False
SHP001116,ORD001116,CAR006,2025-01-22,2025-01-27,2025-01-28,2260,372.91,False
SHP001117,ORD001117,CAR002,2025-02-26,2025-03-03,2025-03-04,2471,352.25,False
SHP001118,ORD001118,CAR001,2025-03-01,2025-03-06,2025-03-08,219,132.67,False
SHP001119,ORD001119,CAR004,2025-02-24,2025-02-26,2025-02-28,2505,385.38,False
SHP001120,ORD001120,CAR001,2025-03-12,2025-03-15,2025-03-16,2683,541.67,False
SHP001121,ORD001121,CAR004,2025-01-09,2025-01-09,2025-01-10,1757,406.23,False
SHP001122,ORD001122,CAR002,2025-02-08,2025-02-14,2025-02-14,451,78.28,False
SHP001123,ORD001123,CAR001,2025-01-13,2025-01-14,2025-01-14,392,160.91,False
SHP001124,ORD001124,CAR005,2025-03-13,2025-03-13,2025-03-14,1288,408.15,False
SHP001125,ORD001125,CAR001,2025-02-12,2025-02-18,2025-02-20,507,89.56,False
SHP001126,ORD001126,CAR002,2025-03-17,2025-03-18,2025-03-18,828,209.57,False
SHP001127,ORD001127,CAR001,2025-01-17,2025-01-23,2025-01-22,2432,690.32,False
SHP001128,ORD001128,CAR005,2025-01-29,2025-02-03,2025-01-31,1268,306.41,False
SHP001129,ORD001129,CAR006,2025-03-20,2025-03-23,2025-03-23,539,102.81,False
SHP001130,ORD001130,CAR001,2025-03-17,2025-03-22,2025-03-22,1015,259.15,False
SHP001131,ORD001131,CAR006,2025-01-28,2025-02-03,2025-02-03,126,35.78,False
SHP001132,ORD001132,CAR006,2025-01-16,2025-01-19,2025-01-20,2195,428.44,False
SHP001133,ORD001133,CAR003,2025-02-16,2025-02-21,2025-02-20,1844,756.01,False
SHP001134,ORD001134,CAR002,2025-01-16,2025-01-18,2025-01-18,1815,330.12,False
SHP001135,ORD001135,CAR004,2025-03-25,2025-03-30,2025-03-31,2037,291.2,False
SHP001136,ORD001136,CAR006,2025-03-13,2025-03-18,2025-03-18,1588,232.18,False
SHP001137,ORD001137,CAR003,2025-01-04,2025-01-09,2025-01-09,2347,1150.95,False
SHP001138,ORD001138,CAR006,2025-01-01,2025-01-07,2025-01-08,2338,289.14,False
SHP001139,ORD001139,CAR003,2025-02-09,2025-02-12,2025-02-10,2534,1443.44,False
SHP001140,ORD001140,CAR002,2025-02-11,2025-02-17,2025-02-16,2251,298.63,False
SHP001141,ORD001141,CAR004,2025-01-18,2025-01-24,2025-01-22,490,74.05,False
SHP001142,ORD001142,CAR005,2025-01-28,2025-02-03,2025-02-02,1745,270.86,False
SHP001143,ORD001143,CAR005,2025-01-31,2025-02-06,2025-02-04,1057,193.63,False
SHP001144,ORD001144,CAR003,2025-03-04,2025-03-07,2025-03-07,479,305.55,False
SHP001145,ORD001145,CAR002,2025-02-14,2025-02-15,2025-02-16,2639,546.95,False
SHP001146,ORD001146,CAR002,2025-01-06,2025-01-09,2025-01-09,1278,236.91,False
SHP001147,ORD001147,CAR006,2025-01-27,2025-02-02,2025-02-05,2010,264.41,False
SHP001148,ORD001148,CAR002,2025-02-24,2025-03-01,2025-03-02,1770,235.31,False
SHP001149,ORD001149,CAR004,2025-01-21,2025-01-24,2025-01-22,1893,327.99,False
SHP001150,ORD001150,CAR005,2025-02-18,2025-02-21,2025-02-22,542,176.76,False
SHP001151,ORD001151,CAR002,2025-02-20,2025-02-21,2025-02-21,587,126.88,False
SHP001152,ORD001152,CAR003,2025-03-13,2025-03-18,2025-03-18,1139,560.27,False
SHP001153,ORD001153,CAR002,2025-01-27,2025-02-02,2025-02-02,2666,430.54,False
SHP001154,ORD001154,CAR006,2025-02-13,2025-02-19,2025-02-19,169,24.06,False
SHP001155,ORD001155,CAR001,2025-03-23,2025-03-29,2025-03-26,1591,296.43,False
SHP001156,ORD001156,CAR003,2025-02-11,2025-02-16,2025-02-17,1266,530.22,False
SHP001157,ORD001157,CAR003,2025-03-08,2025-03-09,2025-03-09,1356,788.0,False
SHP001158,ORD001158,CAR003,2025-01-07,2025-01-13,2025-01-13,2677,1260.48,False
SHP001159,ORD001159,CAR003,2025-03-15,2025-03-20,2025-03-16,1583,812.46,False
SHP001160,ORD001160,CAR002,2025-03-13,2025-03-15,2025-03-15,1054,313.17,False
SHP001161,ORD001161,CAR001,2025-01-03,2025-01-06,2025-01-08,571,317.37,False
SHP001162,ORD001162,CAR004,2025-02-03,2025-02-04,2025-02-05,2111,338.18,False
SHP001163,ORD001163,CAR001,2025-01-10,2025-01-15,2025-01-16,1278,288.01,False
SHP001164,ORD001164,CAR006,2025-02-02,2025-02-04,2025-02-05,2234,301.73,False
SHP001165,ORD001165,CAR003,2025-02-19,2025-02-25,2025-02-25,243,126.33,False
SHP001166,ORD001166,CAR004,2025-01-03,2025-01-06,2025-01-04,1216,188.6,False
SHP001167,ORD001167,CAR002,2025-01-15,2025-01-20,2025-01-21,619,204.91,False
SHP001168,ORD001168,CAR002,2025-03-30,2025-04-01,2025-03-31,925,328.16,False
SHP001169,ORD001169,CAR001,2025-01-16,2025-01-22,2025-01-24,1932,409.27,False
SHP001170,ORD001170,CAR002,2025-01-27,2025-02-01,2025-02-02,621,106.88,False
SHP001171,ORD001171,CAR003,2025-01-10,2025-01-11,2025-01-12,2120,1524.68,False
SHP001172,ORD001172,CAR003,2025-01-27,2025-01-30,2025-01-30,1769,861.64,False
SHP001173,ORD001173,CAR003,2025-02-19,2025-02-24,2025-02-25,1771,1109.95,False
SHP001174,ORD001174,CAR005,2025-02-14,2025-02-20,2025-02-18,360,71.8,False
SHP001175,ORD001175,CAR001,2025-01-29,2025-02-04,2025-02-02,1738,424.13,False
SHP001176,ORD001176,CAR001,2025-02-28,2025-03-05,2025-03-04,1115,332.88,False
SHP001177,ORD001177,CAR004,2025-01-06,2025-01-09,2025-01-10,259,42.1,False
SHP001178,ORD001178,CAR002,2025-01-26,2025-01-28,2025-01-27,1549,294.0,False
SHP001179,ORD001179,CAR002,2025-02-28,2025-03-06,2025-03-06,1464,243.43,False
SHP001180,ORD001180,CAR005,2025-01-14,2025-01-20,2025-01-19,654,199.24,False
SHP001181,ORD001181,CAR002,2025-02-08,2025-02-11,2025-02-10,2323,386.94,False
SHP001182,ORD001182,CAR006,2025-02-18,2025-02-23,2025-02-24,1587,241.57,False
SHP001183,ORD001183,CAR002,2025-03-17,2025-03-19,2025-03-21,1925,413.28,False
SHP001184,ORD001184,CAR005,2025-03-16,2025-03-18,2025-03-17,2528,503.95,False
SHP001185,ORD001185,CAR005,2025-02-16,2025-02-22,2025-02-22,2119,421.49,False
SHP001186,ORD001186,CAR005,2025-01-30,2025-02-04,2025-02-04,2363,352.81,False
SHP001187,ORD001187,CAR004,2025-03-23,2025-03-29,2025-03-29,2370,320.97,False
SHP001188,ORD001188,CAR005,2025-03-26,2025-04-01,2025-04-02,637,255.43,False
SHP001189,ORD001189,CAR006,2025-02-23,2025-02-25,2025-02-24,192,65.8,False
SHP001190,ORD001190,CAR005,2025-01-19,2025-01-25,2025-01-24,1636,294.07,False
SHP001191,ORD001191,CAR005,2025-02-24,2025-03-02,2025-03-02,562,118.25,False
SHP001192,ORD001192,CAR001,2025-02-10,2025-02-12,2025-02-13,742,159.55,False
SHP001193,ORD001193,CAR004,2025-02-19,2025-02-25,2025-02-24,861,107.63,False
SHP001194,ORD001194,CAR006,2025-01-09,2025-01-14,2025-01-14,2554,373.79,False
SHP001195,ORD001195,CAR002,2025-03-23,2025-03-28,2025-03-29,2681,410.31,False
SHP001196,ORD001196,CAR004,2025-02-20,2025-02-26,2025-02-26,1756,327.62,False
SHP001197,ORD001197,CAR001,2025-03-05,2025-03-07,2025-03-09,2534,548.64,False
SHP001198,ORD001198,CAR002,2025-01-26,2025-01-31,2025-01-31,1356,336.27,False
SHP001199,ORD001199,CAR002,2025-03-12,2025-03-12,2025-03-12,739,149.93,False
SHP001200,ORD001200,CAR002,2025-03-06,2025-03-11,2025-03-10,963,155.44,False
SHP001201,ORD001201,CAR001,2025-01-08,2025-01-10,2025-01-11,2160,494.37,False
SHP001202,ORD001202,CAR004,2025-01-31,2025-02-06,2025-02-07,2258,264.94,False
SHP001203,ORD001203,CAR004,2025-01-10,2025-01-16,2025-01-17,817,108.23,False
SHP001204,ORD001204,CAR002,2025-02-13,2025-02-16,2025-02-15,1814,429.92,False
SHP001205,ORD001205,CAR003,2025-01-24,2025-01-29,2025-01-29,163,179.06,False
SHP001206,ORD001206,CAR004,2025-01-17,2025-01-22,2025-01-24,1036,131.69,False
SHP001207,ORD001207,CAR002,2025-02-19,2025-02-24,2025-02-23,722,96.45,False
SHP001208,ORD001208,CAR002,2025-02-27,2025-02-28,2025-02-28,368,106.67,False
SHP001209,ORD001209,CAR005,2025-02-20,2025-02-21,2025-02-21,1831,416.35,False
SHP001210,ORD001210,CAR006,2025-01-06,2025-01-08,2025-01-07,1011,170.62,False
SHP001211,ORD001211,CAR005,2025-02-08,2025-02-11,2025-02-10,1231,282.24,False
SHP001212,ORD001212,CAR005,2025-02-26,2025-03-04,2025-03-03,1715,332.42,False
SHP001213,ORD001213,CAR005,2025-03-20,2025-03-26,2025-03-28,1959,356.15,False
SHP001214,ORD001214,CAR002,2025-03-16,2025-03-16,2025-03-17,600,148.27,False
SHP001215,ORD001215,CAR001,2025-01-02,2025-01-07,2025-01-06,1546,329.94,False
SHP001216,ORD001216,CAR005,2025-01-05,2025-01-07,2025-01-05,790,167.89,False
SHP001217,ORD001217,CAR003,2025-03-10,2025-03-15,2025-03-16,830,543.17,False
SHP001218,ORD001218,CAR005,2025-01-30,2025-02-01,2025-01-30,492,121.47,False
SHP001219,ORD001219,CAR003,2025-02-14,2025-02-16,2025-02-14,773,582.45,False
SHP001220,ORD001220,CAR001,2025-03-06,2025-03-12,2025-03-14,2075,411.68,False
SHP001221,ORD001221,CAR001,2025-03-04,2025-03-07,2025-03-08,561,256.64,False
SHP001222,ORD001222,CAR006,2025-03-19,2025-03-24,2025-03-26,1436,189.27,False
SHP001223,ORD001223,CAR003,2025-02-10,2025-02-15,2025-02-15,957,491.37,False
SHP001224,ORD001224,CAR003,2025-03-09,2025-03-15,2025-03-14,257,223.05,False
SHP001225,ORD001225,CAR004,2025-01-12,2025-01-18,2025-01-15,569,212.26,False
SHP001226,ORD001226,CAR005,2025-01-01,2025-01-07,2025-01-05,2227,438.75,False
SHP001227,ORD001227,CAR003,2025-03-14,2025-03-16,2025-03-17,1771,1089.32,False
SHP001228,ORD001228,CAR006,2025-01-19,2025-01-24,2025-01-23,1215,210.65,False
SHP001229,ORD001229,CAR002,2025-02-10,2025-02-13,2025-02-12,556,250.47,False
SHP001230,ORD001230,CAR003,2025-01-01,2025-01-04,2025-01-06,1595,896.1,False
SHP001231,ORD001231,CAR001,2025-01-15,2025-01-18,2025-01-17,2207,482.22,False
SHP001232,ORD001232,CAR004,2025-02-06,2025-02-09,2025-02-10,2472,456.12,False
SHP001233,ORD001233,CAR006,2025-03-23,2025-03-26,2025-03-27,2180,468.46,False
SHP001234,ORD001234,CAR001,2025-01-09,2025-01-15,2025-01-15,617,118.73,False
SHP001235,ORD001235,CAR001,2025-03-24,2025-03-30,2025-03-30,438,117.14,False
SHP001236,ORD001236,CAR004,2025-03-01,2025-03-07,2025-03-07,1724,192.25,False
SHP001237,ORD001237,CAR006,2025-03-03,2025-03-09,2025-03-09,703,117.17,False
SHP001238,ORD001238,CAR006,2025-03-27,2025-03-30,2025-03-31,488,84.49,False
SHP001239,ORD001239,CAR006,2025-01-23,2025-01-29,2025-01-29,2456,455.16,False
SHP001240,ORD001240,CAR002,2025-03-16,2025-03-16,2025-03-16,482,178.66,False
SHP001241,ORD001241,CAR003,2025-03-13,2025-03-18,2025-03-18,2435,1193.34,False
SHP001242,ORD001242,CAR002,2025-01-17,2025-01-22,2025-01-21,1680,283.57,False
SHP001243,ORD001243,CAR006,2025-03-15,2025-03-18,2025-03-20,2542,514.32,False
SHP001244,ORD001244,CAR006,2025-02-26,2025-03-04,2025-03-06,2510,338.79,False
SHP001245,ORD001245,CAR002,2025-02-11,2025-02-17,2025-02-19,473,185.22,False
SHP001246,ORD001246,CAR006,2025-01-07,2025-01-12,2025-01-14,1977,285.93,False
SHP001247,ORD001247,CAR002,2025-03-30,2025-04-02,2025-04-02,319,155.37,False
SHP001248,ORD001248,CAR005,2025-02-08,2025-02-14,2025-02-16,2420,434.04,False
SHP001249,ORD001249,CAR002,2025-03-15,2025-03-18,2025-03-17,2473,417.84,False
SHP001250,ORD001250,CAR005,2025-03-25,2025-03-28,2025-03-27,874,398.32,False
SHP001251,ORD001251,CAR001,2025-03-06,2025-03-11,2025-03-09,543,102.65,False
SHP001252,ORD001252,CAR004,2025-01-18,2025-01-24,2025-01-22,1719,236.1,False
SHP001253,ORD001253,CAR002,2025-02-14,2025-02-16,2025-02-17,946,280.02,False
SHP001254,ORD001254,CAR005,2025-01-02,2025-01-05,2025-01-07,494,223.09,False
SHP001255,ORD001255,CAR003,2025-03-13,2025-03-16,2025-03-17,1407,825.26,True
SHP001256,ORD001256,CAR004,2025-03-18,2025-03-23,2025-03-22,340,70.87,False
SHP001257,ORD001257,CAR004,2025-03-31,2025-04-05,2025-04-06,1806,222.62,False
SHP001258,ORD001258,CAR001,2025-01-17,2025-01-23,2025-01-24,709,141.12,False
SHP001259,ORD001259,CAR001,2025-01-21,2025-01-27,2025-01-28,1884,403.87,False
SHP001260,ORD001260,CAR001,2025-01-17,2025-01-23,2025-01-25,1472,373.43,False
SHP001261,ORD001261,CAR005,2025-02-07,2025-02-12,2025-02-10,2103,364.81,False
SHP001262,ORD001262,CAR006,2025-02-10,2025-02-12,2025-02-14,1495,338.56,False
SHP001263,ORD001263,CAR001,2025-01-14,2025-01-20,2025-01-21,555,162.49,False
SHP001264,ORD001264,CAR003,2025-02-22,2025-02-28,2025-03-01,438,240.46,False
SHP001265,ORD001265,CAR001,2025-03-27,2025-04-02,2025-04-02,1473,279.72,False
SHP001266,ORD001266,CAR001,2025-01-15,2025-01-20,2025-01-20,265,197.93,False
SHP001267,ORD001267,CAR005,2025-02-22,2025-02-27,2025-02-26,2233,355.8,False
SHP001268,ORD001268,CAR006,2025-01-28,2025-02-02,2025-02-03,890,112.11,False
SHP001269,ORD001269,CAR001,2025-02-26,2025-02-28,2025-02-26,2015,354.1,False
SHP001270,ORD001270,CAR001,2025-02-10,2025-02-10,2025-02-10,277,68.98,False
SHP001271,ORD001271,CAR005,2025-03-25,2025-03-31,2025-04-02,2654,491.56,False
SHP001272,ORD001272,CAR005,2025-01-24,2025-01-29,2025-01-30,1289,264.73,False
SHP001273,ORD001273,CAR006,2025-03-24,2025-03-30,2025-03-31,2539,409.98,False
SHP001274,ORD001274,CAR005,2025-03-04,2025-03-10,2025-03-11,1160,202.6,False
SHP001275,ORD001275,CAR001,2025-03-31,2025-03-31,2025-04-02,130,85.92,False
SHP001276,ORD001276,CAR005,2025-03-26,2025-04-01,2025-04-01,1957,366.59,False
SHP001277,ORD001277,CAR005,2025-01-22,2025-01-24,2025-01-26,1033,211.27,False
SHP001278,ORD001278,CAR005,2025-01-15,2025-01-21,2025-01-20,2132,399.19,False
SHP001279,ORD001279,CAR002,2025-02-22,2025-02-24,2025-02-24,1528,334.93,False
SHP001280,ORD001280,CAR001,2025-02-18,2025-02-23,2025-02-21,175,30.65,False
SHP001281,ORD001281,CAR003,2025-01-25,2025-01-27,2025-01-26,414,325.25,False
SHP001282,ORD001282,CAR004,2025-03-18,2025-03-21,2025-03-21,1676,395.03,False
SHP001283,ORD001283,CAR001,2025-03-17,2025-03-23,2025-03-23,1522,289.81,False
SHP001284,ORD001284,CAR003,2025-02-07,2025-02-09,2025-02-08,1615,950.82,False
SHP001285,ORD001285,CAR005,2025-03-24,2025-03-29,2025-03-28,1154,305.9,False
SHP001286,ORD001286,CAR004,2025-02-27,2025-03-04,2025-03-05,653,245.06,False
SHP001287,ORD001287,CAR002,2025-03-12,2025-03-17,2025-03-17,2125,320.25,False
SHP001288,ORD001288,CAR005,2025-01-21,2025-01-21,2025-01-22,349,270.7,False
SHP001289,ORD001289,CAR005,2025-01-16,2025-01-21,2025-01-20,907,142.56,False
SHP001290,ORD001290,CAR003,2025-02-13,2025-02-19,2025-02-18,1385,584.46,False
SHP001291,ORD001291,CAR001,2025-02-06,2025-02-08,2025-02-07,199,208.24,False
SHP001292,ORD001292,CAR005,2025-01-09,2025-01-15,2025-01-14,589,160.49,False
SHP001293,ORD001293,CAR001,2025-01-01,2025-01-04,2025-01-04,1764,411.67,False
SHP001294,ORD001294,CAR005,2025-03-23,2025-03-28,2025-03-30,2275,473.92,False
SHP001295,ORD001295,CAR003,2025-03-06,2025-03-12,2025-03-09,271,164.05,False
SHP001296,ORD001296,CAR004,2025-03-29,2025-04-01,2025-03-30,252,135.62,False
SHP001297,ORD001297,CAR004,2025-03-18,2025-03-24,2025-03-23,585,109.74,False
SHP001298,ORD001298,CAR005,2025-01-02,2025-01-07,2025-01-08,2447,384.31,False
SHP001299,ORD001299,CAR001,2025-03-14,2025-03-19,2025-03-18,732,151.15,False
SHP001300,ORD001300,CAR001,2025-03-04,2025-03-07,2025-03-08,2409,616.51,False
SHP001301,ORD001301,CAR003,2025-03-20,2025-03-25,2025-03-25,1631,890.27,False
SHP001302,ORD001302,CAR003,2025-01-07,2025-01-13,2025-01-14,1007,505.68,False
SHP001303,ORD001303,CAR004,2025-01-20,2025-01-26,2025-01-25,1713,235.12,False
SHP001304,ORD001304,CAR005,2025-01-23,2025-01-29,2025-01-28,1098,195.08,False
SHP001305,ORD001305,CAR004,2025-03-11,2025-03-16,2025-03-14,2358,398.79,False
SHP001306,ORD001306,CAR006,2025-01-02,2025-01-03,2025-01-03,1743,480.32,False
SHP001307,ORD001307,CAR006,2025-01-22,2025-01-28,2025-01-28,1003,289.66,False
SHP001308,ORD001308,CAR005,2025-02-15,2025-02-15,2025-02-15,786,164.49,False
SHP001309,ORD001309,CAR006,2025-02-16,2025-02-19,2025-02-20,1574,289.38,False
SHP001310,ORD001310,CAR005,2025-01-25,2025-01-31,2025-01-31,2588,566.14,False
SHP001311,ORD001311,CAR006,2025-02-21,2025-02-23,2025-02-23,765,162.4,False
SHP001312,ORD001312,CAR005,2025-01-10,2025-01-13,2025-01-12,318,88.71,False
SHP001313,ORD001313,CAR002,2025-03-24,2025-03-29,2025-03-28,663,197.24,True
SHP001314,ORD001314,CAR006,2025-04-01,2025-04-03,2025-04-05,1693,273.91,False
SHP001315,ORD001315,CAR003,2025-01-23,2025-01-29,2025-01-27,931,485.78,False
SHP001316,ORD001316,CAR005,2025-03-13,2025-03-18,2025-03-19,575,176.7,False
SHP001317,ORD001317,CAR005,2025-02-19,2025-02-22,2025-02-22,2522,606.87,False
SHP001318,ORD001318,CAR004,2025-01-15,2025-01-20,2025-01-17,1022,162.48,False
SHP001319,ORD001319,CAR002,2025-01-24,2025-01-29,2025-01-28,1034,156.94,False
SHP001320,ORD001320,CAR005,2025-01-21,2025-01-22,2025-01-22,272,147.67,False
SHP001321,ORD001321,CAR001,2025-01-16,2025-01-21,2025-01-23,1650,345.23,False
SHP001322,ORD001322,CAR003,2025-01-17,2025-01-22,2025-01-22,1641,730.32,False
SHP001323,ORD001323,CAR001,2025-03-26,2025-03-31,2025-03-31,2324,380.29,False
SHP001324,ORD001324,CAR004,2025-01-14,2025-01-19,2025-01-18,817,110.38,False
SHP001325,ORD001325,CAR006,2025-01-10,2025-01-16,2025-01-15,372,53.86,False
SHP001326,ORD001326,CAR003,2025-01-30,2025-01-30,2025-01-31,481,349.83,False
SHP001327,ORD001327,CAR004,2025-03-21,2025-03-26,2025-03-25,646,254.9,False
SHP001328,ORD001328,CAR005,2025-03-20,2025-03-25,2025-03-25,1845,302.84,False
SHP001329,ORD001329,CAR003,2025-03-30,2025-04-01,2025-04-03,1826,1024.63,False
SHP001330,ORD001330,CAR001,2025-01-03,2025-01-06,2025-01-06,613,179.84,False
SHP001331,ORD001331,CAR005,2025-02-08,2025-02-09,2025-02-09,368,138.21,False
SHP001332,ORD001332,CAR003,2025-02-28,2025-03-06,2025-03-07,1647,831.77,False
SHP001333,ORD001333,CAR003,2025-03-20,2025-03-22,2025-03-22,2025,1191.27,False
SHP001334,ORD001334,CAR005,2025-02-17,2025-02-22,2025-02-23,1489,249.4,False
SHP001335,ORD001335,CAR003,2025-01-18,2025-01-23,2025-01-23,2423,1196.65,False
SHP001336,ORD001336,CAR002,2025-02-13,2025-02-19,2025-02-19,627,104.61,False
SHP001337,ORD001337,CAR001,2025-03-20,2025-03-26,2025-03-24,2186,404.8,False
SHP001338,ORD001338,CAR004,2025-02-23,2025-03-01,2025-03-01,339,54.4,False
SHP001339,ORD001339,CAR004,2025-03-15,2025-03-21,2025-03-22,422,52.87,False
SHP001340,ORD001340,CAR001,2025-02-26,2025-03-04,2025-03-04,1963,355.48,True
SHP001341,ORD001341,CAR003,2025-03-04,2025-03-09,2025-03-08,1270,616.75,False
SHP001342,ORD001342,CAR005,2025-03-13,2025-03-19,2025-03-19,1123,195.72,False
SHP001343,ORD001343,CAR003,2025-03-08,2025-03-08,2025-03-08,359,318.88,False
SHP001344,ORD001344,CAR006,2025-01-24,2025-01-30,2025-01-29,1544,226.68,False
SHP001345,ORD001345,CAR001,2025-01-08,2025-01-14,2025-01-14,2479,543.41,False
SHP001346,ORD001346,CAR006,2025-01-24,2025-01-29,2025-01-27,1290,151.97,False
SHP001347,ORD001347,CAR004,2025-02-26,2025-02-27,2025-02-27,1561,246.44,False
SHP001348,ORD001348,CAR004,2025-03-11,2025-03-12,2025-03-12,2646,529.08,False
SHP001349,ORD001349,CAR004,2025-01-12,2025-01-12,2025-01-15,148,95.88,False
SHP001350,ORD001350,CAR005,2025-03-31,2025-04-06,2025-04-08,1589,241.85,False
SHP001351,ORD001351,CAR003,2025-01-11,2025-01-14,2025-01-15,1533,806.52,False
SHP001352,ORD001352,CAR006,2025-01-15,2025-01-21,2025-01-18,2479,331.34,False
SHP001353,ORD001353,CAR004,2025-01-07,2025-01-07,2025-01-07,1969,353.75,False
SHP001354,ORD001354,CAR004,2025-01-30,2025-02-02,2025-01-31,1249,213.82,False
SHP001355,ORD001355,CAR001,2025-03-16,2025-03-22,2025-03-23,2144,424.69,False
SHP001356,ORD001356,CAR003,2025-03-23,2025-03-28,2025-03-27,2590,1113.38,False
SHP001357,ORD001357,CAR003,2025-02-01,2025-02-02,2025-02-02,1739,1264.94,False
SHP001358,ORD001358,CAR005,2025-02-25,2025-02-25,2025-02-25,1654,533.22,False
SHP001359,ORD001359,CAR003,2025-03-31,2025-04-02,2025-04-01,1605,831.87,False
SHP001360,ORD001360,CAR006,2025-01-22,2025-01-27,2025-01-29,1495,169.84,False
SHP001361,ORD001361,CAR003,2025-02-20,2025-02-26,2025-02-26,835,416.91,False
SHP001362,ORD001362,CAR006,2025-01-14,2025-01-19,2025-01-19,1797,211.03,False
SHP001363,ORD001363,CAR004,2025-02-02,2025-02-07,2025-02-05,2594,315.52,False
SHP001364,ORD001364,CAR005,2025-03-15,2025-03-20,2025-03-21,832,276.74,False
SHP001365,ORD001365,CAR002,2025-01-07,2025-01-12,2025-01-13,649,149.38,False
SHP001366,ORD001366,CAR004,2025-03-01,2025-03-04,2025-03-02,539,81.18,False
SHP001367,ORD001367,CAR005,2025-02-26,2025-02-28,2025-02-28,1514,316.39,False
SHP001368,ORD001368,CAR001,2025-03-29,2025-04-04,2025-04-03,2130,376.61,False
SHP001369,ORD001369,CAR006,2025-02-11,2025-02-16,2025-02-16,2186,306.19,False
SHP001370,ORD001370,CAR004,2025-03-31,2025-04-06,2025-04-05,2563,337.17,False
SHP001371,ORD001371,CAR001,2025-02-06,2025-02-11,2025-02-12,2022,348.97,False
SHP001372,ORD001372,CAR002,2025-03-22,2025-03-23,2025-03-23,312,95.81,False
SHP001373,ORD001373,CAR003,2025-03-09,2025-03-12,2025-03-10,111,95.25,False
SHP001374,ORD001374,CAR002,2025-01-07,2025-01-13,2025-01-12,604,133.68,False
SHP001375,ORD001375,CAR004,2025-01-25,2025-01-31,2025-01-31,1108,137.39,False
SHP001376,ORD001376,CAR005,2025-02-26,2025-03-04,2025-03-04,463,105.17,False
SHP001377,ORD001377,CAR004,2025-03-18,2025-03-24,2025-03-24,721,123.77,False
SHP001378,ORD001378,CAR004,2025-03-12,2025-03-14,2025-03-14,734,99.87,False
SHP001379,ORD001379,CAR003,2025-03-06,2025-03-12,2025-03-13,1680,831.36,False
SHP001380,ORD001380,CAR003,2025-01-20,2025-01-26,2025-01-26,317,178.36,False
SHP001381,ORD001381,CAR002,2025-02-26,2025-03-03,2025-03-03,1478,255.73,False
SHP001382,ORD001382,CAR003,2025-01-23,2025-01-28,2025-01-26,671,380.91,False
SHP001383,ORD001383,CAR001,2025-01-20,2025-01-26,2025-01-24,2503,574.93,False
SHP001384,ORD001384,CAR006,2025-02-09,2025-02-10,2025-02-10,1627,285.47,False
SHP001385,ORD001385,CAR001,2025-02-06,2025-02-07,2025-02-07,1075,241.79,False
SHP001386,ORD001386,CAR001,2025-02-17,2025-02-19,2025-02-20,1601,341.86,False
SHP001387,ORD001387,CAR002,2025-03-01,2025-03-06,2025-03-05,1588,360.18,False
SHP001388,ORD001388,CAR002,2025-03-18,2025-03-21,2025-03-22,1218,206.67,False
SHP001389,ORD001389,CAR003,2025-01-03,2025-01-08,2025-01-09,654,390.87,False
SHP001390,ORD001390,CAR003,2025-02-28,2025-03-05,2025-03-06,629,327.28,False
SHP001391,ORD001391,CAR003,2025-01-17,2025-01-17,2025-01-17,1085,726.42,False
SHP001392,ORD001392,CAR004,2025-02-09,2025-02-15,2025-02-13,971,139.45,False
SHP001393,ORD001393,CAR005,2025-03-24,2025-03-27,2025-03-28,651,117.05,False
SHP001394,ORD001394,CAR006,2025-03-14,2025-03-19,2025-03-16,1214,160.68,False
SHP001395,ORD001395,CAR004,2025-03-29,2025-04-01,2025-04-02,173,165.48,False
SHP001396,ORD001396,CAR003,2025-03-01,2025-03-07,2025-03-10,1735,817.29,False
SHP001397,ORD001397,CAR004,2025-01-06,2025-01-07,2025-01-07,1575,345.64,False
SHP001398,ORD001398,CAR003,2025-03-04,2025-03-06,2025-03-06,833,503.07,False
SHP001399,ORD001399,CAR004,2025-02-08,2025-02-14,2025-02-12,425,57.78,False
SHP001400,ORD001400,CAR004,2025-03-22,2025-03-27,2025-03-27,790,139.84,False
SHP001401,ORD001401,CAR006,2025-02-14,2025-02-20,2025-02-19,677,130.05,False
SHP001402,ORD001402,CAR004,2025-03-20,2025-03-25,2025-03-22,979,115.31,False
SHP001403,ORD001403,CAR001,2025-02-14,2025-02-15,2025-02-15,2164,568.6,False
SHP001404,ORD001404,CAR001,2025-01-26,2025-02-01,2025-02-01,708,123.84,False
SHP001405,ORD001405,CAR003,2025-03-05,2025-03-08,2025-03-08,1398,820.83,False
SHP001406,ORD001406,CAR006,2025-01-20,2025-01-26,2025-01-24,504,100.29,False
SHP001407,ORD001407,CAR003,2025-03-27,2025-03-28,2025-03-28,2601,1694.26,False
SHP001408,ORD001408,CAR006,2025-02-01,2025-02-04,2025-02-05,539,246.95,False
SHP001409,ORD001409,CAR005,2025-01-02,2025-01-07,2025-01-09,2370,396.98,False
SHP001410,ORD001410,CAR005,2025-03-27,2025-04-01,2025-03-31,2009,340.78,False
SHP001411,ORD001411,CAR006,2025-02-11,2025-02-16,2025-02-15,1823,254.77,False
SHP001412,ORD001412,CAR004,2025-02-05,2025-02-10,2025-02-09,2496,327.86,False
SHP001413,ORD001413,CAR003,2025-01-24,2025-01-30,2025-02-01,131,70.38,False
SHP001414,ORD001414,CAR002,2025-01-13,2025-01-18,2025-01-21,1831,297.91,False
SHP001415,ORD001415,CAR002,2025-03-15,2025-03-15,2025-03-15,1017,237.36,False
SHP001416,ORD001416,CAR005,2025-03-29,2025-03-31,2025-04-01,2242,580.07,False
SHP001417,ORD001417,CAR005,2025-03-24,2025-03-24,2025-03-26,1416,351.39,False
SHP001418,ORD001418,CAR001,2025-01-17,2025-01-22,2025-01-23,1511,306.75,False
SHP001419,ORD001419,CAR006,2025-03-15,2025-03-17,2025-03-18,2368,403.91,False
SHP001420,ORD001420,CAR001,2025-02-08,2025-02-14,2025-02-14,1789,485.42,False
SHP001421,ORD001421,CAR003,2025-02-13,2025-02-18,2025-02-18,224,261.46,False
SHP001422,ORD001422,CAR003,2025-03-01,2025-03-07,2025-03-06,632,302.73,False
SHP001423,ORD001423,CAR003,2025-03-17,2025-03-23,2025-03-24,1965,834.61,False
SHP001424,ORD001424,CAR005,2025-03-21,2025-03-26,2025-03-27,2404,487.06,False
SHP001425,ORD001425,CAR003,2025-02-01,2025-02-07,2025-02-07,1124,688.61,False
SHP001426,ORD001426,CAR005,2025-03-20,2025-03-25,2025-03-24,1916,370.78,True
SHP001427,ORD001427,CAR002,2025-03-29,2025-03-31,2025-04-01,1790,312.6,False
SHP001428,ORD001428,CAR002,2025-01-22,2025-01-27,2025-01-27,320,44.91,False
SHP001429,ORD001429,CAR003,2025-03-09,2025-03-14,2025-03-12,584,279.03,False
SHP001430,ORD001430,CAR005,2025-02-18,2025-02-19,2025-02-19,293,85.2,False
SHP001431,ORD001431,CAR004,2025-01-28,2025-01-30,2025-01-31,2506,476.36,False
SHP001432,ORD001432,CAR002,2025-03-14,2025-03-14,2025-03-14,351,78.62,False
SHP001433,ORD001433,CAR005,2025-02-20,2025-02-26,2025-02-26,908,138.76,False
SHP001434,ORD001434,CAR003,2025-02-02,2025-02-07,2025-02-07,1735,778.89,False
SHP001435,ORD001435,CAR001,2025-02-24,2025-03-01,2025-03-03,1355,367.38,False
SHP001436,ORD001436,CAR003,2025-01-07,2025-01-13,2025-01-14,333,144.64,False
SHP001437,ORD001437,CAR001,2025-01-09,2025-01-14,2025-01-15,2566,455.08,False
SHP001438,ORD001438,CAR005,2025-01-21,2025-01-27,2025-01-29,1027,167.29,False
SHP001439,ORD001439,CAR004,2025-01-02,2025-01-08,2025-01-07,573,156.46,False
SHP001440,ORD001440,CAR003,2025-02-25,2025-03-02,2025-03-02,1361,724.91,False
SHP001441,ORD001441,CAR005,2025-01-11,2025-01-12,2025-01-12,2067,437.87,False
SHP001442,ORD001442,CAR006,2025-02-07,2025-02-13,2025-02-13,737,103.94,False
SHP001443,ORD001443,CAR005,2025-01-09,2025-01-14,2025-01-12,486,239.67,False
SHP001444,ORD001444,CAR004,2025-03-22,2025-03-24,2025-03-25,1543,257.47,False
SHP001445,ORD001445,CAR003,2025-02-14,2025-02-19,2025-02-17,2465,1113.7,False
SHP001446,ORD001446,CAR002,2025-03-06,2025-03-09,2025-03-08,2639,473.71,False
SHP001447,ORD001447,CAR005,2025-01-12,2025-01-13,2025-01-15,2334,622.72,False
SHP001448,ORD001448,CAR001,2025-01-08,2025-01-10,2025-01-11,2647,689.9,False
SHP001449,ORD001449,CAR002,2025-01-23,2025-01-29,2025-01-30,1658,218.97,False
SHP001450,ORD001450,CAR004,2025-02-17,2025-02-19,2025-02-22,791,138.01,False
SHP001451,ORD001451,CAR002,2025-01-26,2025-01-26,2025-01-26,1307,286.63,False
SHP001452,ORD001452,CAR001,2025-03-17,2025-03-17,2025-03-18,750,174.83,False
SHP001453,ORD001453,CAR005,2025-02-11,2025-02-16,2025-02-16,1819,295.35,False
SHP001454,ORD001454,CAR002,2025-01-24,2025-01-30,2025-01-29,725,267.95,False
SHP001455,ORD001455,CAR001,2025-02-15,2025-02-20,2025-02-19,715,141.37,False
SHP001456,ORD001456,CAR002,2025-01-21,2025-01-26,2025-01-24,1855,330.49,False
SHP001457,ORD001457,CAR004,2025-03-21,2025-03-24,2025-03-26,2623,399.63,False
SHP001458,ORD001458,CAR003,2025-01-14,2025-01-20,2025-01-21,2420,1267.04,False
SHP001459,ORD001459,CAR006,2025-01-21,2025-01-26,2025-01-25,531,91.69,False
SHP001460,ORD001460,CAR005,2025-02-22,2025-02-27,2025-03-01,519,80.5,False
SHP001461,ORD001461,CAR004,2025-02-10,2025-02-12,2025-02-13,2109,299.76,False
SHP001462,ORD001462,CAR003,2025-02-19,2025-02-22,2025-02-25,556,352.97,False
SHP001463,ORD001463,CAR001,2025-01-19,2025-01-22,2025-01-22,331,121.32,False
SHP001464,ORD001464,CAR005,2025-01-16,2025-01-21,2025-01-21,528,161.5,False
SHP001465,ORD001465,CAR005,2025-03-19,2025-03-19,2025-03-20,885,237.01,False
SHP001466,ORD001466,CAR001,2025-01-03,2025-01-06,2025-01-06,1494,339.32,False
SHP001467,ORD001467,CAR001,2025-01-26,2025-01-28,2025-01-28,1070,247.56,False
SHP001468,ORD001468,CAR005,2025-01-22,2025-01-22,2025-01-23,325,92.6,False
SHP001469,ORD001469,CAR002,2025-02-02,2025-02-04,2025-02-05,1648,298.15,False
SHP001470,ORD001470,CAR004,2025-01-12,2025-01-17,2025-01-16,795,106.83,False
SHP001471,ORD001471,CAR006,2025-01-14,2025-01-20,2025-01-19,994,145.31,False
SHP001472,ORD001472,CAR003,2025-01-24,2025-01-30,2025-01-30,151,107.1,False
SHP001473,ORD001473,CAR001,2025-02-24,2025-02-27,2025-02-25,2210,518.06,False
SHP001474,ORD001474,CAR005,2025-03-01,2025-03-07,2025-03-05,523,137.87,False
SHP001475,ORD001475,CAR006,2025-02-09,2025-02-14,2025-02-16,687,269.04,False
SHP001476,ORD001476,CAR004,2025-03-21,2025-03-23,2025-03-23,906,149.1,False
SHP001477,ORD001477,CAR004,2025-03-20,2025-03-25,2025-03-25,2442,295.91,False
SHP001478,ORD001478,CAR004,2025-03-22,2025-03-27,2025-03-24,2421,323.25,False
SHP001479,ORD001479,CAR005,2025-03-30,2025-04-04,2025-04-05,1199,210.31,False
SHP001480,ORD001480,CAR006,2025-03-01,2025-03-07,2025-03-06,1476,319.56,False
SHP001481,ORD001481,CAR003,2025-02-08,2025-02-10,2025-02-09,752,429.88,False
SHP001482,ORD001482,CAR002,2025-01-16,2025-01-19,2025-01-21,1948,304.39,True
SHP001483,ORD001483,CAR005,2025-03-11,2025-03-17,2025-03-18,2348,599.29,False
SHP001484,ORD001484,CAR005,2025-02-10,2025-02-12,2025-02-13,2507,454.9,False
SHP001485,ORD001485,CAR001,2025-02-01,2025-02-06,2025-02-07,1482,292.61,False
SHP001486,ORD001486,CAR001,2025-01-04,2025-01-04,2025-01-04,2355,579.2,False
SHP001487,ORD001487,CAR001,2025-03-15,2025-03-20,2025-03-19,213,48.82,False
SHP001488,ORD001488,CAR003,2025-01-17,2025-01-22,2025-01-22,608,385.07,False
SHP001489,ORD001489,CAR003,2025-02-25,2025-03-02,2025-03-03,586,311.08,False
SHP001490,ORD001490,CAR002,2025-01-19,2025-01-24,2025-01-23,581,225.44,False
SHP001491,ORD001491,CAR004,2025-01-04,2025-01-10,2025-01-10,1403,218.29,False
SHP001492,ORD001492,CAR001,2025-01-30,2025-02-05,2025-02-06,631,139.2,False
SHP001493,ORD001493,CAR006,2025-03-18,2025-03-24,2025-03-24,348,82.94,False
SHP001494,ORD001494,CAR006,2025-03-02,2025-03-07,2025-03-08,2304,364.86,False
SHP001495,ORD001495,CAR003,2025-01-23,2025-01-28,2025-01-30,485,256.55,False
SHP001496,ORD001496,CAR006,2025-02-28,2025-03-05,2025-03-07,263,113.14,False
SHP001497,ORD001497,CAR002,2025-03-03,2025-03-08,2025-03-07,1281,216.82,False
SHP001498,ORD001498,CAR003,2025-03-31,2025-04-03,2025-04-06,2540,1416.39,False
SHP001499,ORD001499,CAR001,2025-01-17,2025-01-22,2025-01-22,2204,526.28,False
SHP001500,ORD001500,CAR002,2025-01-24,2025-01-26,2025-01-25,2035,357.95,False
SHP001501,ORD001501,CAR006,2025-03-29,2025-04-04,2025-04-04,941,161.49,False
SHP001502,ORD001502,CAR004,2025-03-15,2025-03-17,2025-03-18,840,175.12,False
SHP001503,ORD001503,CAR001,2025-02-19,2025-02-19,2025-02-20,1692,484.03,False
SHP001504,ORD001504,CAR001,2025-02-13,2025-02-19,2025-02-19,2250,364.07,False
SHP001505,ORD001505,CAR006,2025-01-31,2025-02-02,2025-02-04,2208,314.09,False
SHP001506,ORD001506,CAR006,2025-03-08,2025-03-10,2025-03-11,2589,447.3,False
SHP001507,ORD001507,CAR005,2025-03-04,2025-03-10,2025-03-10,280,118.33,False
SHP001508,ORD001508,CAR004,2025-02-09,2025-02-14,2025-02-11,405,116.75,False
SHP001509,ORD001509,CAR002,2025-02-03,2025-02-04,2025-02-04,724,150.78,False
SHP001510,ORD001510,CAR003,2025-01-28,2025-01-31,2025-02-01,1849,972.76,False
SHP001511,ORD001511,CAR003,2025-03-04,2025-03-07,2025-03-05,162,104.26,False
SHP001512,ORD001512,CAR002,2025-02-26,2025-03-04,2025-03-03,2364,361.58,False
SHP001513,ORD001513,CAR001,2025-02-18,2025-02-23,2025-02-23,118,103.78,True
SHP001514,ORD001514,CAR001,2025-01-17,2025-01-22,2025-01-20,1088,265.24,False
SHP001515,ORD001515,CAR005,2025-02-11,2025-02-16,2025-02-18,2261,435.63,False
SHP001516,ORD001516,CAR001,2025-01-18,2025-01-24,2025-01-25,1475,338.87,False
SHP001517,ORD001517,CAR006,2025-02-21,2025-02-27,2025-02-26,1712,273.36,False
SHP001518,ORD001518,CAR003,2025-03-23,2025-03-28,2025-03-30,2662,1260.23,False
SHP001519,ORD001519,CAR003,2025-02-18,2025-02-24,2025-02-22,484,283.74,False
SHP001520,ORD001520,CAR002,2025-01-31,2025-02-06,2025-02-08,2301,399.24,False
SHP001521,ORD001521,CAR003,2025-02-02,2025-02-07,2025-02-07,1758,951.24,False
SHP001522,ORD001522,CAR003,2025-01-27,2025-02-02,2025-02-05,245,261.17,False
SHP001523,ORD001523,CAR002,2025-01-29,2025-02-03,2025-01-31,2155,286.21,False
SHP001524,ORD001524,CAR002,2025-03-10,2025-03-12,2025-03-14,158,89.5,False
SHP001525,ORD001525,CAR002,2025-03-31,2025-04-02,2025-03-31,1209,201.94,False
SHP001526,ORD001526,CAR004,2025-01-31,2025-02-03,2025-02-03,626,165.63,False
SHP001527,ORD001527,CAR001,2025-02-25,2025-02-27,2025-02-27,1179,349.3,False
SHP001528,ORD001528,CAR004,2025-03-17,2025-03-23,2025-03-20,911,166.03,False
SHP001529,ORD001529,CAR003,2025-01-29,2025-02-03,2025-02-05,2548,1416.81,False
SHP001530,ORD001530,CAR003,2025-01-24,2025-01-30,2025-01-31,753,512.66,False
SHP001531,ORD001531,CAR004,2025-01-31,2025-02-02,2025-02-03,1214,151.59,False
SHP001532,ORD001532,CAR005,2025-01-28,2025-02-03,2025-02-04,378,145.69,False
SHP001533,ORD001533,CAR004,2025-01-20,2025-01-25,2025-01-27,2355,362.32,False
SHP001534,ORD001534,CAR002,2025-01-24,2025-01-29,2025-01-29,829,238.58,False
SHP001535,ORD001535,CAR003,2025-03-11,2025-03-13,2025-03-12,1632,877.21,False
SHP001536,ORD001536,CAR005,2025-03-25,2025-03-31,2025-04-01,1443,227.64,False
SHP001537,ORD001537,CAR001,2025-01-27,2025-02-01,2025-01-31,1352,275.72,False
SHP001538,ORD001538,CAR005,2025-03-15,2025-03-15,2025-03-16,1960,472.78,False
SHP001539,ORD001539,CAR001,2025-01-12,2025-01-18,2025-01-18,379,80.93,False
SHP001540,ORD001540,CAR001,2025-02-02,2025-02-08,2025-02-06,2101,370.0,False
SHP001541,ORD001541,CAR002,2025-02-09,2025-02-15,2025-02-15,609,85.03,False
SHP001542,ORD001542,CAR006,2025-01-28,2025-01-29,2025-01-29,139,70.41,False
SHP001543,ORD001543,CAR006,2025-01-04,2025-01-09,2025-01-09,604,112.56,False
SHP001544,ORD001544,CAR003,2025-01-04,2025-01-05,2025-01-05,1540,977.6,False
SHP001545,ORD001545,CAR001,2025-03-16,2025-03-18,2025-03-19,1727,471.91,False
SHP001546,ORD001546,CAR002,2025-03-14,2025-03-19,2025-03-20,1968,353.44,False
SHP001547,ORD001547,CAR006,2025-02-03,2025-02-09,2025-02-08,2382,316.83,False
SHP001548,ORD001548,CAR006,2025-02-08,2025-02-14,2025-02-14,2237,409.9,False
SHP001549,ORD001549,CAR005,2025-02-12,2025-02-12,2025-02-12,230,101.95,False
SHP001550,ORD001550,CAR002,2025-02-26,2025-03-03,2025-03-04,886,120.75,False
SHP001551,ORD001551,CAR001,2025-01-01,2025-01-04,2025-01-06,1088,254.97,False
SHP001552,ORD001552,CAR005,2025-03-20,2025-03-26,2025-03-26,438,168.82,False
SHP001553,ORD001553,CAR004,2025-03-22,2025-03-28,2025-03-28,2453,392.15,False
SHP001554,ORD001554,CAR001,2025-03-11,2025-03-14,2025-03-15,2313,644.7,False
SHP001555,ORD001555,CAR002,2025-03-18,2025-03-21,2025-03-21,466,141.82,False
SHP001556,ORD001556,CAR003,2025-01-11,2025-01-17,2025-01-18,1420,720.43,False
SHP001557,ORD001557,CAR002,2025-02-04,2025-02-06,2025-02-06,1761,281.1,False
SHP001558,ORD001558,CAR006,2025-02-04,2025-02-07,2025-02-08,289,153.89,False
SHP001559,ORD001559,CAR002,2025-03-12,2025-03-12,2025-03-12,2513,620.34,False
SHP001560,ORD001560,CAR006,2025-03-09,2025-03-15,2025-03-14,1400,182.29,False
SHP001561,ORD001561,CAR001,2025-01-22,2025-01-22,2025-01-23,2608,676.66,False
SHP001562,ORD001562,CAR006,2025-01-15,2025-01-18,2025-01-18,1410,205.47,False
SHP001563,ORD001563,CAR004,2025-03-19,2025-03-25,2025-03-26,2370,267.34,False
SHP001564,ORD001564,CAR006,2025-01-24,2025-01-29,2025-01-29,1819,220.05,False
SHP001565,ORD001565,CAR003,2025-02-17,2025-02-23,2025-02-23,1129,599.07,False
SHP001566,ORD001566,CAR001,2025-02-27,2025-03-04,2025-03-07,508,170.96,False
SHP001567,ORD001567,CAR002,2025-03-22,2025-03-23,2025-03-23,1797,408.26,False
SHP001568,ORD001568,CAR002,2025-01-14,2025-01-16,2025-01-17,1684,259.41,False
SHP001569,ORD001569,CAR001,2025-04-01,2025-04-03,2025-04-05,1880,404.43,False
SHP001570,ORD001570,CAR001,2025-02-08,2025-02-13,2025-02-12,2687,393.08,False
SHP001571,ORD001571,CAR003,2025-03-03,2025-03-04,2025-03-06,1329,935.75,False
SHP001572,ORD001572,CAR006,2025-01-21,2025-01-26,2025-01-24,1529,268.31,False
SHP001573,ORD001573,CAR006,2025-02-05,2025-02-08,2025-02-08,871,126.13,True
SHP001574,ORD001574,CAR006,2025-03-27,2025-04-02,2025-03-31,2473,419.24,False
SHP001575,ORD001575,CAR004,2025-02-05,2025-02-11,2025-02-09,144,90.74,False
SHP001576,ORD001576,CAR006,2025-02-18,2025-02-23,2025-02-25,833,123.69,False
SHP001577,ORD001577,CAR001,2025-03-09,2025-03-15,2025-03-15,2139,422.52,False
SHP001578,ORD001578,CAR005,2025-01-27,2025-02-01,2025-01-30,2621,480.9,False
SHP001579,ORD001579,CAR001,2025-01-02,2025-01-08,2025-01-08,475,150.63,False
SHP001580,ORD001580,CAR003,2025-01-14,2025-01-17,2025-01-15,2596,1737.48,False
SHP001581,ORD001581,CAR003,2025-02-06,2025-02-09,2025-02-11,385,317.18,False
SHP001582,ORD001582,CAR006,2025-01-03,2025-01-09,2025-01-08,1887,210.22,False
SHP001583,ORD001583,CAR001,2025-03-02,2025-03-07,2025-03-05,2591,535.18,False
SHP001584,ORD001584,CAR003,2025-03-04,2025-03-07,2025-03-06,998,718.48,False
SHP001585,ORD001585,CAR003,2025-02-06,2025-02-12,2025-02-08,198,110.24,False
SHP001586,ORD001586,CAR005,2025-02-21,2025-02-21,2025-02-22,225,78.97,False
SHP001587,ORD001587,CAR004,2025-02-03,2025-02-09,2025-02-08,1859,215.76,False
SHP001588,ORD001588,CAR002,2025-01-08,2025-01-11,2025-01-10,1660,362.37,False
SHP001589,ORD001589,CAR002,2025-03-26,2025-03-31,2025-03-30,2609,333.19,False
SHP001590,ORD001590,CAR004,2025-01-29,2025-02-04,2025-02-02,2530,311.21,False
SHP001591,ORD001591,CAR006,2025-01-13,2025-01-19,2025-01-17,2323,311.09,False
SHP001592,ORD001592,CAR001,2025-03-21,2025-03-23,2025-03-25,452,122.62,False
SHP001593,ORD001593,CAR004,2025-01-21,2025-01-26,2025-01-26,525,111.72,False
SHP001594,ORD001594,CAR005,2025-01-18,2025-01-24,2025-01-25,473,126.43,False
SHP001595,ORD001595,CAR002,2025-03-18,2025-03-24,2025-03-24,1584,218.75,False
SHP001596,ORD001596,CAR001,2025-01-10,2025-01-15,2025-01-16,2118,347.73,False
SHP001597,ORD001597,CAR001,2025-03-24,2025-03-27,2025-03-26,1004,352.12,False
SHP001598,ORD001598,CAR001,2025-03-07,2025-03-09,2025-03-09,733,293.92,False
SHP001599,ORD001599,CAR004,2025-02-28,2025-03-05,2025-03-04,112,206.73,False
SHP001600,ORD001600,CAR004,2025-01-27,2025-01-28,2025-01-29,2019,312.31,False
SHP001601,ORD001601,CAR004,2025-02-25,2025-02-28,2025-03-02,1148,330.88,False
SHP001602,ORD001602,CAR001,2025-03-31,2025-04-05,2025-04-04,1490,435.76,False
SHP001603,ORD001603,CAR004,2025-02-24,2025-02-26,2025-02-25,106,97.64,False
SHP001604,ORD001604,CAR003,2025-03-02,2025-03-08,2025-03-08,1480,687.88,False
SHP001605,ORD001605,CAR004,2025-03-09,2025-03-15,2025-03-15,914,150.89,False
SHP001606,ORD001606,CAR004,2025-01-14,2025-01-17,2025-01-16,1814,311.74,False
SHP001607,ORD001607,CAR003,2025-02-08,2025-02-13,2025-02-13,2433,993.62,False
SHP001608,ORD001608,CAR002,2025-01-02,2025-01-08,2025-01-10,1762,368.12,False
SHP001609,ORD001609,CAR001,2025-02-04,2025-02-10,2025-02-12,362,120.38,False
SHP001610,ORD001610,CAR001,2025-01-26,2025-01-31,2025-02-01,204,48.03,False
SHP001611,ORD001611,CAR004,2025-02-05,2025-02-11,2025-02-12,1886,237.77,False
SHP001612,ORD001612,CAR002,2025-01-05,2025-01-08,2025-01-09,1502,362.93,False
SHP001613,ORD001613,CAR006,2025-01-30,2025-02-01,2025-02-02,808,154.27,False
SHP001614,ORD001614,CAR004,2025-03-25,2025-03-31,2025-04-02,1789,330.69,False
SHP001615,ORD001615,CAR003,2025-02-09,2025-02-14,2025-02-13,1600,807.65,False
SHP001616,ORD001616,CAR004,2025-01-01,2025-01-07,2025-01-06,158,35.82,False
SHP001617,ORD001617,CAR003,2025-01-22,2025-01-28,2025-01-29,203,97.22,False
SHP001618,ORD001618,CAR002,2025-01-21,2025-01-27,2025-01-26,96,111.61,False
SHP001619,ORD001619,CAR005,2025-03-26,2025-03-28,2025-03-29,1452,375.89,False
SHP001620,ORD001620,CAR002,2025-03-12,2025-03-15,2025-03-14,1075,179.11,False
SHP001621,ORD001621,CAR005,2025-01-17,2025-01-23,2025-01-23,1014,189.69,False
SHP001622,ORD001622,CAR003,2025-03-16,2025-03-22,2025-03-20,2575,1148.71,False
SHP001623,ORD001623,CAR003,2025-03-05,2025-03-11,2025-03-10,338,179.24,False
SHP001624,ORD001624,CAR002,2025-02-28,2025-03-05,2025-03-04,1690,271.61,False
SHP001625,ORD001625,CAR003,2025-02-21,2025-02-27,2025-03-01,2648,1195.15,False
SHP001626,ORD001626,CAR005,2025-02-25,2025-03-02,2025-03-04,2499,426.46,False
SHP001627,ORD001627,CAR003,2025-02-04,2025-02-10,2025-02-09,1522,632.01,False
SHP001628,ORD001628,CAR004,2025-01-15,2025-01-20,2025-01-17,2057,267.85,False
SHP001629,ORD001629,CAR001,2025-01-17,2025-01-23,2025-01-22,1111,262.84,False
SHP001630,ORD001630,CAR001,2025-01-01,2025-01-07,2025-01-07,1837,432.51,False
SHP001631,ORD001631,CAR001,2025-01-23,2025-01-28,2025-01-27,304,105.08,False
SHP001632,ORD001632,CAR005,2025-02-06,2025-02-11,2025-02-13,1541,465.56,False
SHP001633,ORD001633,CAR005,2025-03-04,2025-03-09,2025-03-09,2464,381.93,False
SHP001634,ORD001634,CAR002,2025-01-11,2025-01-14,2025-01-16,777,125.49,False
SHP001635,ORD001635,CAR003,2025-03-26,2025-03-27,2025-03-27,842,517.6,False
SHP001636,ORD001636,CAR003,2025-01-23,2025-01-25,2025-01-26,2403,1360.28,False
SHP001637,ORD001637,CAR001,2025-03-31,2025-04-05,2025-04-05,1473,265.7,False
SHP001638,ORD001638,CAR006,2025-01-09,2025-01-15,2025-01-18,1018,140.05,False
SHP001639,ORD001639,CAR003,2025-01-26,2025-02-01,2025-02-01,2494,1279.21,False
SHP001640,ORD001640,CAR003,2025-01-20,2025-01-25,2025-01-24,1709,831.71,False
SHP001641,ORD001641,CAR003,2025-01-18,2025-01-23,2025-01-25,1004,483.87,False
SHP001642,ORD001642,CAR002,2025-03-27,2025-04-01,2025-04-01,1750,270.89,False
SHP001643,ORD001643,CAR003,2025-02-26,2025-03-03,2025-03-03,546,264.15,False
SHP001644,ORD001644,CAR001,2025-02-20,2025-02-25,2025-02-28,1798,443.38,False
SHP001645,ORD001645,CAR003,2025-01-06,2025-01-09,2025-01-09,2324,1471.03,False
SHP001646,ORD001646,CAR002,2025-03-31,2025-04-06,2025-04-06,1893,313.22,False
SHP001647,ORD001647,CAR004,2025-02-14,2025-02-20,2025-02-19,114,104.26,False
SHP001648,ORD001648,CAR004,2025-01-18,2025-01-24,2025-01-23,778,96.37,False
SHP001649,ORD001649,CAR003,2025-01-02,2025-01-07,2025-01-06,1167,551.0,False
SHP001650,ORD001650,CAR002,2025-03-20,2025-03-25,2025-03-24,2023,271.1,False
SHP001651,ORD001651,CAR004,2025-03-24,2025-03-27,2025-03-25,1142,180.26,False
SHP001652,ORD001652,CAR004,2025-02-27,2025-03-02,2025-03-02,1984,387.02,False
SHP001653,ORD001653,CAR005,2025-02-08,2025-02-11,2025-02-11,314,79.54,True
SHP001654,ORD001654,CAR005,2025-03-09,2025-03-14,2025-03-12,1647,301.37,False
SHP001655,ORD001655,CAR004,2025-01-06,2025-01-11,2025-01-10,180,109.91,False
SHP001656,ORD001656,CAR002,2025-01-17,2025-01-22,2025-01-21,1792,319.21,False
SHP001657,ORD001657,CAR006,2025-03-21,2025-03-26,2025-03-25,2127,527.37,False
SHP001658,ORD001658,CAR005,2025-03-15,2025-03-21,2025-03-21,2600,418.5,False
SHP001659,ORD001659,CAR006,2025-02-11,2025-02-13,2025-02-12,639,116.37,False
SHP001660,ORD001660,CAR004,2025-01-10,2025-01-16,2025-01-15,1670,340.94,False
SHP001661,ORD001661,CAR005,2025-03-28,2025-03-31,2025-03-29,2154,363.93,False
SHP001662,ORD001662,CAR002,2025-03-14,2025-03-19,2025-03-18,1969,310.26,False
SHP001663,ORD001663,CAR003,2025-02-09,2025-02-15,2025-02-16,2492,1297.54,False
SHP001664,ORD001664,CAR003,2025-02-08,2025-02-11,2025-02-12,2386,1261.02,False
SHP001665,ORD001665,CAR003,2025-02-14,2025-02-16,2025-02-16,735,565.36,False
SHP001666,ORD001666,CAR006,2025-02-02,2025-02-04,2025-02-06,2276,346.42,False
SHP001667,ORD001667,CAR006,2025-02-04,2025-02-07,2025-02-05,282,74.27,False
SHP001668,ORD001668,CAR004,2025-03-26,2025-03-31,2025-03-31,259,45.58,False
SHP001669,ORD001669,CAR005,2025-01-06,2025-01-12,2025-01-12,2693,486.74,False
SHP001670,ORD001670,CAR006,2025-03-09,2025-03-15,2025-03-15,1282,193.88,False
SHP001671,ORD001671,CAR006,2025-03-08,2025-03-14,2025-03-13,433,97.45,False
SHP001672,ORD001672,CAR004,2025-02-19,2025-02-22,2025-02-20,612,99.74,False
SHP001673,ORD001673,CAR006,2025-02-28,2025-03-06,2025-03-07,1173,203.18,False
SHP001674,ORD001674,CAR002,2025-02-12,2025-02-13,2025-02-13,114,70.58,False
SHP001675,ORD001675,CAR002,2025-02-18,2025-02-23,2025-02-24,1088,154.23,False
SHP001676,ORD001676,CAR002,2025-01-09,2025-01-14,2025-01-14,1272,277.16,False
SHP001677,ORD001677,CAR001,2025-04-01,2025-04-03,2025-04-02,1574,354.44,False
SHP001678,ORD001678,CAR001,2025-02-05,2025-02-07,2025-02-05,1512,459.88,False
SHP001679,ORD001679,CAR004,2025-02-22,2025-02-27,2025-02-28,1968,292.26,False
SHP001680,ORD001680,CAR004,2025-01-18,2025-01-23,2025-01-23,783,117.62,False
SHP001681,ORD001681,CAR004,2025-02-22,2025-02-28,2025-02-25,2401,273.4,False
SHP001682,ORD001682,CAR003,2025-03-20,2025-03-22,2025-03-24,2334,1642.6,False
SHP001683,ORD001683,CAR003,2025-02-27,2025-03-05,2025-03-06,777,433.12,False
SHP001684,ORD001684,CAR002,2025-01-27,2025-02-01,2025-02-02,586,116.54,False
SHP001685,ORD001685,CAR005,2025-03-26,2025-03-29,2025-03-28,1319,379.24,False
SHP001686,ORD001686,CAR003,2025-01-16,2025-01-22,2025-01-19,693,487.48,False
SHP001687,ORD001687,CAR002,2025-03-11,2025-03-17,2025-03-17,624,80.45,False
SHP001688,ORD001688,CAR004,2025-01-25,2025-01-30,2025-01-28,1817,250.74,False
SHP001689,ORD001689,CAR003,2025-03-21,2025-03-27,2025-03-26,87,77.6,False
SHP001690,ORD001690,CAR003,2025-02-23,2025-02-28,2025-02-28,2037,1050.55,False
SHP001691,ORD001691,CAR002,2025-02-09,2025-02-15,2025-02-17,2044,266.44,False
SHP001692,ORD001692,CAR003,2025-03-04,2025-03-10,2025-03-10,324,145.65,False
SHP001693,ORD001693,CAR005,2025-01-20,2025-01-22,2025-01-21,235,64.05,False
SHP001694,ORD001694,CAR004,2025-02-06,2025-02-12,2025-02-12,175,27.47,False
SHP001695,ORD001695,CAR003,2025-01-09,2025-01-10,2025-01-12,362,252.61,False
SHP001696,ORD001696,CAR003,2025-01-31,2025-02-01,2025-02-02,391,278.01,False
SHP001697,ORD001697,CAR006,2025-02-16,2025-02-21,2025-02-23,460,82.68,False
SHP001698,ORD001698,CAR006,2025-02-01,2025-02-07,2025-02-08,2084,240.22,False
SHP001699,ORD001699,CAR005,2025-01-02,2025-01-05,2025-01-05,1088,355.21,False
SHP001700,ORD001700,CAR004,2025-03-12,2025-03-17,2025-03-17,726,158.14,False
SHP001701,ORD001701,CAR004,2025-03-12,2025-03-17,2025-03-17,1674,213.33,False
SHP001702,ORD001702,CAR002,2025-02-26,2025-02-28,2025-02-28,1473,237.0,False
SHP001703,ORD001703,CAR004,2025-01-03,2025-01-09,2025-01-07,2548,500.88,False
SHP001704,ORD001704,CAR006,2025-03-28,2025-03-31,2025-03-31,2647,394.7,False
SHP001705,ORD001705,CAR003,2025-01-19,2025-01-22,2025-01-20,2367,1189.96,False
SHP001706,ORD001706,CAR004,2025-01-15,2025-01-21,2025-01-21,720,106.65,False
SHP001707,ORD001707,CAR006,2025-02-04,2025-02-10,2025-02-09,2248,370.17,False
SHP001708,ORD001708,CAR003,2025-01-10,2025-01-15,2025-01-13,1068,491.23,False
SHP001709,ORD001709,CAR001,2025-02-22,2025-02-28,2025-02-25,634,161.71,False
SHP001710,ORD001710,CAR004,2025-03-04,2025-03-07,2025-03-10,2187,328.57,False
SHP001711,ORD001711,CAR002,2025-02-20,2025-02-26,2025-02-26,429,58.66,True
SHP001712,ORD001712,CAR006,2025-01-29,2025-02-03,2025-01-31,1041,120.79,False
SHP001713,ORD001713,CAR004,2025-03-30,2025-04-05,2025-04-05,529,92.64,False
SHP001714,ORD001714,CAR004,2025-03-10,2025-03-16,2025-03-15,1279,174.35,False
SHP001715,ORD001715,CAR003,2025-02-07,2025-02-09,2025-02-09,2353,1330.68,False
SHP001716,ORD001716,CAR003,2025-02-15,2025-02-20,2025-02-21,1700,790.58,False
SHP001717,ORD001717,CAR004,2025-03-06,2025-03-11,2025-03-10,1742,214.12,False
SHP001718,ORD001718,CAR004,2025-01-03,2025-01-08,2025-01-09,135,44.9,False
SHP001719,ORD001719,CAR002,2025-02-17,2025-02-18,2025-02-18,439,95.13,False
SHP001720,ORD001720,CAR003,2025-02-27,2025-03-04,2025-03-02,1307,603.56,False
SHP001721,ORD001721,CAR001,2025-01-08,2025-01-11,2025-01-10,1985,386.62,False
SHP001722,ORD001722,CAR006,2025-03-10,2025-03-12,2025-03-11,1300,257.44,False
SHP001723,ORD001723,CAR005,2025-01-17,2025-01-22,2025-01-20,2361,438.56,False
SHP001724,ORD001724,CAR006,2025-01-24,2025-01-25,2025-01-25,433,191.19,False
SHP001725,ORD001725,CAR002,2025-01-21,2025-01-27,2025-01-28,658,151.1,False
SHP001726,ORD001726,CAR005,2025-02-22,2025-02-27,2025-03-02,616,122.91,False
SHP001727,ORD001727,CAR004,2025-03-17,2025-03-20,2025-03-22,723,106.71,False
SHP001728,ORD001728,CAR003,2025-02-01,2025-02-03,2025-02-02,70,42.77,False
SHP001729,ORD001729,CAR005,2025-01-29,2025-01-29,2025-01-29,107,91.6,False
SHP001730,ORD001730,CAR004,2025-03-30,2025-04-05,2025-04-05,1395,276.0,False
SHP001731,ORD001731,CAR003,2025-01-30,2025-02-04,2025-02-05,703,345.58,False
SHP001732,ORD001732,CAR006,2025-03-02,2025-03-07,2025-03-07,2143,261.88,False
SHP001733,ORD001733,CAR005,2025-01-05,2025-01-05,2025-01-05,211,79.12,False
SHP001734,ORD001734,CAR006,2025-02-06,2025-02-12,2025-02-13,1288,162.24,False
SHP001735,ORD001735,CAR004,2025-02-25,2025-03-03,2025-03-02,2401,415.35,False
SHP001736,ORD001736,CAR003,2025-02-02,2025-02-04,2025-02-04,2668,1613.89,False
SHP001737,ORD001737,CAR004,2025-02-07,2025-02-12,2025-02-11,2211,418.9,False
SHP001738,ORD001738,CAR006,2025-03-12,2025-03-14,2025-03-13,2142,351.93,True
SHP001739,ORD001739,CAR004,2025-02-07,2025-02-12,2025-02-12,956,160.77,False
SHP001740,ORD001740,CAR005,2025-01-14,2025-01-19,2025-01-18,375,231.59,False
SHP001741,ORD001741,CAR001,2025-02-14,2025-02-19,2025-02-20,739,115.5,False
SHP001742,ORD001742,CAR006,2025-02-08,2025-02-14,2025-02-15,1958,340.85,False
SHP001743,ORD001743,CAR004,2025-01-17,2025-01-23,2025-01-25,1258,227.08,False
SHP001744,ORD001744,CAR004,2025-02-02,2025-02-08,2025-02-09,2425,369.52,False
SHP001745,ORD001745,CAR005,2025-02-11,2025-02-17,2025-02-17,2288,359.43,False
SHP001746,ORD001746,CAR002,2025-01-17,2025-01-22,2025-01-21,1778,326.9,False
SHP001747,ORD001747,CAR003,2025-02-11,2025-02-13,2025-02-12,2211,1325.29,False
SHP001748,ORD001748,CAR001,2025-01-23,2025-01-29,2025-01-31,284,95.58,False
SHP001749,ORD001749,CAR003,2025-01-09,2025-01-14,2025-01-14,1121,493.04,False
SHP001750,ORD001750,CAR004,2025-01-02,2025-01-07,2025-01-08,2258,318.74,False
SHP001751,ORD001751,CAR001,2025-01-09,2025-01-15,2025-01-16,1166,226.94,False
SHP001752,ORD001752,CAR006,2025-03-30,2025-04-05,2025-04-04,2260,332.85,False
SHP001753,ORD001753,CAR005,2025-03-16,2025-03-22,2025-03-20,2428,401.37,False
SHP001754,ORD001754,CAR005,2025-01-16,2025-01-21,2025-01-21,123,76.95,False
SHP001755,ORD001755,CAR001,2025-02-18,2025-02-21,2025-02-20,2687,779.72,False
SHP001756,ORD001756,CAR006,2025-02-25,2025-03-03,2025-03-02,251,84.29,False
SHP001757,ORD001757,CAR003,2025-02-06,2025-02-11,2025-02-12,2378,1140.99,False
SHP001758,ORD001758,CAR005,2025-03-20,2025-03-26,2025-03-27,1812,381.06,True
SHP001759,ORD001759,CAR006,2025-03-08,2025-03-11,2025-03-10,2176,351.92,False
SHP001760,ORD001760,CAR006,2025-01-29,2025-02-04,2025-02-04,1546,205.95,False
SHP001761,ORD001761,CAR004,2025-03-03,2025-03-09,2025-03-09,1720,251.68,False
SHP001762,ORD001762,CAR005,2025-03-10,2025-03-10,2025-03-10,682,152.09,False
SHP001763,ORD001763,CAR002,2025-02-23,2025-02-26,2025-02-26,661,111.83,False
SHP001764,ORD001764,CAR004,2025-01-23,2025-01-28,2025-01-30,1365,186.08,False
SHP001765,ORD001765,CAR003,2025-03-12,2025-03-18,2025-03-18,1893,974.12,False
SHP001766,ORD001766,CAR002,2025-03-12,2025-03-17,2025-03-16,1965,278.48,False
SHP001767,ORD001767,CAR006,2025-03-14,2025-03-19,2025-03-18,2322,324.36,False
SHP001768,ORD001768,CAR001,2025-01-03,2025-01-06,2025-01-05,688,138.4,False
SHP001769,ORD001769,CAR005,2025-03-27,2025-04-02,2025-04-05,2281,404.48,False
SHP001770,ORD001770,CAR004,2025-01-04,2025-01-07,2025-01-09,1659,310.85,False
SHP001771,ORD001771,CAR005,2025-03-18,2025-03-23,2025-03-24,1016,282.95,False
SHP001772,ORD001772,CAR003,2025-03-20,2025-03-20,2025-03-21,251,175.06,False
SHP001773,ORD001773,CAR006,2025-01-29,2025-01-30,2025-01-30,1881,352.89,False
SHP001774,ORD001774,CAR006,2025-02-12,2025-02-18,2025-02-19,204,43.2,False
SHP001775,ORD001775,CAR005,2025-02-05,2025-02-11,2025-02-12,1345,244.21,False
SHP001776,ORD001776,CAR004,2025-01-30,2025-01-31,2025-02-04,2264,449.63,False
SHP001777,ORD001777,CAR005,2025-03-17,2025-03-19,2025-03-22,1020,251.67,False
SHP001778,ORD001778,CAR003,2025-02-04,2025-02-09,2025-02-10,171,227.94,False
SHP001779,ORD001779,CAR004,2025-01-10,2025-01-15,2025-01-15,923,133.59,False
SHP001780,ORD001780,CAR001,2025-01-21,2025-01-27,2025-01-29,2155,420.68,False
SHP001781,ORD001781,CAR002,2025-01-13,2025-01-18,2025-01-19,787,207.36,False
SHP001782,ORD001782,CAR004,2025-02-03,2025-02-08,2025-02-08,919,128.56,False
SHP001783,ORD001783,CAR006,2025-01-17,2025-01-22,2025-01-24,1166,272.94,False
SHP001784,ORD001784,CAR005,2025-01-01,2025-01-07,2025-01-08,455,76.35,False
SHP001785,ORD001785,CAR001,2025-02-08,2025-02-11,2025-02-11,2373,478.42,False
SHP001786,ORD001786,CAR003,2025-01-18,2025-01-23,2025-01-22,2678,1431.2,False
SHP001787,ORD001787,CAR006,2025-03-24,2025-03-29,2025-03-27,836,120.46,False
SHP001788,ORD001788,CAR001,2025-03-19,2025-03-21,2025-03-20,76,96.83,False
SHP001789,ORD001789,CAR006,2025-01-06,2025-01-11,2025-01-12,2480,305.43,False
SHP001790,ORD001790,CAR004,2025-02-24,2025-03-01,2025-03-01,2586,280.14,False
SHP001791,ORD001791,CAR003,2025-02-08,2025-02-13,2025-02-14,1689,782.83,False
SHP001792,ORD001792,CAR002,2025-01-16,2025-01-21,2025-01-21,1624,237.27,False
SHP001793,ORD001793,CAR006,2025-03-23,2025-03-29,2025-03-26,1146,209.38,False
SHP001794,ORD001794,CAR001,2025-03-13,2025-03-18,2025-03-19,923,255.08,False
SHP001795,ORD001795,CAR005,2025-02-22,2025-02-27,2025-02-27,1990,407.98,False
SHP001796,ORD001796,CAR002,2025-04-01,2025-04-06,2025-04-06,679,170.09,False
SHP001797,ORD001797,CAR001,2025-02-10,2025-02-16,2025-02-15,1875,322.55,False
SHP001798,ORD001798,CAR001,2025-03-09,2025-03-12,2025-03-11,2265,539.92,False
SHP001799,ORD001799,CAR004,2025-01-09,2025-01-15,2025-01-15,130,124.23,False
SHP001800,ORD001800,CAR003,2025-03-27,2025-04-02,2025-04-03,597,399.9,False
SHP001801,ORD001801,CAR006,2025-02-24,2025-02-27,2025-03-02,804,193.07,False
SHP001802,ORD001802,CAR003,2025-01-07,2025-01-13,2025-01-14,1442,654.75,False
SHP001803,ORD001803,CAR004,2025-01-13,2025-01-19,2025-01-18,378,52.59,False
SHP001804,ORD001804,CAR006,2025-02-21,2025-02-27,2025-02-27,2197,265.79,False
SHP001805,ORD001805,CAR002,2025-02-10,2025-02-16,2025-02-17,182,62.28,False
SHP001806,ORD001806,CAR005,2025-01-28,2025-02-02,2025-02-02,483,104.81,False
SHP001807,ORD001807,CAR005,2025-01-15,2025-01-18,2025-01-18,1756,385.02,False
SHP001808,ORD001808,CAR004,2025-02-08,2025-02-11,2025-02-14,90,47.39,False
SHP001809,ORD001809,CAR004,2025-01-08,2025-01-10,2025-01-09,1063,263.91,False
SHP001810,ORD001810,CAR002,2025-02-15,2025-02-21,2025-02-20,1641,260.88,False
SHP001811,ORD001811,CAR006,2025-02-19,2025-02-20,2025-02-20,1776,394.85,False
SHP001812,ORD001812,CAR004,2025-03-16,2025-03-19,2025-03-19,1179,213.98,False
SHP001813,ORD001813,CAR006,2025-03-14,2025-03-19,2025-03-20,1458,265.19,False
SHP001814,ORD001814,CAR002,2025-01-20,2025-01-26,2025-01-25,2695,465.56,False
SHP001815,ORD001815,CAR003,2025-01-28,2025-01-29,2025-01-29,2436,1757.74,False
SHP001816,ORD001816,CAR005,2025-03-02,2025-03-08,2025-03-08,386,91.18,False
SHP001817,ORD001817,CAR002,2025-03-07,2025-03-10,2025-03-13,2011,331.86,False
SHP001818,ORD001818,CAR006,2025-03-20,2025-03-26,2025-03-26,148,30.85,False
SHP001819,ORD001819,CAR003,2025-01-16,2025-01-17,2025-01-17,823,607.17,False
SHP001820,ORD001820,CAR002,2025-04-01,2025-04-06,2025-04-05,2518,335.08,True
SHP001821,ORD001821,CAR006,2025-02-21,2025-02-23,2025-02-25,813,189.89,False
SHP001822,ORD001822,CAR005,2025-02-22,2025-02-28,2025-03-01,988,150.21,False
SHP001823,ORD001823,CAR006,2025-01-14,2025-01-20,2025-01-20,2466,333.71,False
SHP001824,ORD001824,CAR002,2025-02-05,2025-02-10,2025-02-12,1190,243.5,False
SHP001825,ORD001825,CAR002,2025-01-08,2025-01-09,2025-01-13,2299,449.86,False
SHP001826,ORD001826,CAR005,2025-01-08,2025-01-10,2025-01-11,2371,452.41,False
SHP001827,ORD001827,CAR001,2025-01-06,2025-01-08,2025-01-08,891,207.31,False
SHP001828,ORD001828,CAR001,2025-01-08,2025-01-14,2025-01-15,2028,382.23,False
SHP001829,ORD001829,CAR004,2025-03-12,2025-03-17,2025-03-19,423,74.85,False
SHP001830,ORD001830,CAR001,2025-01-03,2025-01-04,2025-01-05,731,260.53,False
SHP001831,ORD001831,CAR004,2025-03-11,2025-03-16,2025-03-17,2558,366.33,False
SHP001832,ORD001832,CAR001,2025-02-25,2025-03-02,2025-03-02,223,82.1,False
SHP001833,ORD001833,CAR002,2025-03-16,2025-03-16,2025-03-17,266,88.81,False
SHP001834,ORD001834,CAR004,2025-03-18,2025-03-21,2025-03-22,2314,314.15,False
SHP001835,ORD001835,CAR006,2025-03-06,2025-03-08,2025-03-07,336,60.45,False
SHP001836,ORD001836,CAR005,2025-02-16,2025-02-21,2025-02-22,974,206.02,False
SHP001837,ORD001837,CAR003,2025-02-14,2025-02-15,2025-02-15,666,445.09,False
SHP001838,ORD001838,CAR001,2025-01-18,2025-01-21,2025-01-20,1130,223.35,False
SHP001839,ORD001839,CAR004,2025-03-25,2025-03-26,2025-03-26,1794,325.13,False
SHP001840,ORD001840,CAR005,2025-01-01,2025-01-02,2025-01-02,311,235.96,False
SHP001841,ORD001841,CAR006,2025-01-01,2025-01-07,2025-01-08,730,121.78,False
SHP001842,ORD001842,CAR002,2025-02-07,2025-02-12,2025-02-13,2224,402.11,False
SHP001843,ORD001843,CAR005,2025-02-04,2025-02-10,2025-02-10,486,176.3,False
SHP001844,ORD001844,CAR006,2025-02-11,2025-02-16,2025-02-15,2243,450.56,False
SHP001845,ORD001845,CAR001,2025-03-31,2025-04-01,2025-04-01,1054,296.81,False
SHP001846,ORD001846,CAR001,2025-01-15,2025-01-17,2025-01-16,2581,660.25,False
SHP001847,ORD001847,CAR006,2025-03-13,2025-03-19,2025-03-19,418,175.35,False
SHP001848,ORD001848,CAR002,2025-02-14,2025-02-20,2025-02-20,1973,310.6,False
SHP001849,ORD001849,CAR002,2025-03-22,2025-03-24,2025-03-25,2428,514.13,False
SHP001850,ORD001850,CAR003,2025-02-18,2025-02-23,2025-02-22,834,417.7,False
SHP001851,ORD001851,CAR005,2025-01-08,2025-01-10,2025-01-10,1615,316.26,False
SHP001852,ORD001852,CAR001,2025-02-27,2025-03-02,2025-03-01,409,187.98,False
SHP001853,ORD001853,CAR003,2025-03-13,2025-03-19,2025-03-19,1218,702.68,False
SHP001854,ORD001854,CAR004,2025-02-21,2025-02-26,2025-02-26,808,163.89,False
SHP001855,ORD001855,CAR003,2025-02-01,2025-02-03,2025-02-01,1191,742.67,False
SHP001856,ORD001856,CAR003,2025-02-20,2025-02-26,2025-02-26,1948,1068.4,False
SHP001857,ORD001857,CAR002,2025-03-15,2025-03-17,2025-03-17,942,136.88,False
SHP001858,ORD001858,CAR002,2025-01-30,2025-02-01,2025-02-01,2221,372.72,False
SHP001859,ORD001859,CAR001,2025-03-31,2025-04-05,2025-04-02,2528,403.95,False
SHP001860,ORD001860,CAR002,2025-01-23,2025-01-24,2025-01-24,1733,419.87,False
SHP001861,ORD001861,CAR002,2025-02-15,2025-02-18,2025-02-17,1307,267.82,False
SHP001862,ORD001862,CAR002,2025-02-24,2025-03-01,2025-02-28,1067,156.01,False
SHP001863,ORD001863,CAR005,2025-01-09,2025-01-14,2025-01-13,1613,285.61,False
SHP001864,ORD001864,CAR005,2025-01-09,2025-01-15,2025-01-14,1336,220.16,True
SHP001865,ORD001865,CAR002,2025-02-15,2025-02-17,2025-02-18,2640,519.61,False
SHP001866,ORD001866,CAR001,2025-02-07,2025-02-13,2025-02-14,554,240.64,False
SHP001867,ORD001867,CAR004,2025-03-27,2025-04-02,2025-04-02,1481,223.32,False
SHP001868,ORD001868,CAR005,2025-03-15,2025-03-21,2025-03-20,295,63.31,False
SHP001869,ORD001869,CAR005,2025-01-10,2025-01-12,2025-01-11,1652,415.75,False
SHP001870,ORD001870,CAR003,2025-01-21,2025-01-26,2025-01-25,2469,1292.27,False
SHP001871,ORD001871,CAR003,2025-02-18,2025-02-23,2025-02-24,858,386.33,False
SHP001872,ORD001872,CAR006,2025-02-01,2025-02-07,2025-02-05,678,232.54,False
SHP001873,ORD001873,CAR005,2025-02-15,2025-02-20,2025-02-21,2262,333.68,False
SHP001874,ORD001874,CAR005,2025-03-14,2025-03-20,2025-03-24,641,110.55,False
SHP001875,ORD001875,CAR002,2025-02-15,2025-02-21,2025-02-18,972,181.77,False
SHP001876,ORD001876,CAR003,2025-02-11,2025-02-11,2025-02-12,1676,1240.68,False
SHP001877,ORD001877,CAR003,2025-02-26,2025-03-04,2025-03-05,1575,636.16,False
SHP001878,ORD001878,CAR005,2025-02-22,2025-02-28,2025-02-26,1437,351.47,False
SHP001879,ORD001879,CAR002,2025-02-24,2025-02-26,2025-02-26,2584,496.09,False
SHP001880,ORD001880,CAR006,2025-01-11,2025-01-16,2025-01-14,1590,234.48,False
SHP001881,ORD001881,CAR003,2025-03-31,2025-03-31,2025-04-02,1969,1159.09,False
SHP001882,ORD001882,CAR005,2025-01-07,2025-01-13,2025-01-13,2239,374.32,False
SHP001883,ORD001883,CAR005,2025-01-25,2025-01-31,2025-01-31,332,95.76,False
SHP001884,ORD001884,CAR002,2025-02-22,2025-02-25,2025-02-24,87,55.01,False
SHP001885,ORD001885,CAR004,2025-03-29,2025-04-03,2025-04-04,2294,365.02,False
SHP001886,ORD001886,CAR006,2025-02-19,2025-02-24,2025-02-22,2282,298.47,True
SHP001887,ORD001887,CAR003,2025-02-13,2025-02-15,2025-02-17,2525,1436.36,False
SHP001888,ORD001888,CAR005,2025-01-08,2025-01-13,2025-01-11,1583,279.67,False
SHP001889,ORD001889,CAR003,2025-03-25,2025-03-26,2025-03-26,1483,973.07,False
SHP001890,ORD001890,CAR006,2025-03-10,2025-03-12,2025-03-13,349,53.49,False
SHP001891,ORD001891,CAR005,2025-03-08,2025-03-13,2025-03-13,2179,425.44,False
SHP001892,ORD001892,CAR004,2025-01-27,2025-02-01,2025-02-01,2184,256.05,False
SHP001893,ORD001893,CAR005,2025-02-27,2025-03-05,2025-03-08,490,89.22,False
SHP001894,ORD001894,CAR004,2025-01-14,2025-01-20,2025-01-21,1807,223.11,False
SHP001895,ORD001895,CAR005,2025-03-02,2025-03-05,2025-03-05,885,241.48,False
SHP001896,ORD001896,CAR006,2025-03-10,2025-03-16,2025-03-14,2278,315.12,False
SHP001897,ORD001897,CAR006,2025-02-02,2025-02-07,2025-02-05,738,161.46,False
SHP001898,ORD001898,CAR006,2025-04-01,2025-04-06,2025-04-05,1422,217.66,False
SHP001899,ORD001899,CAR005,2025-01-27,2025-02-02,2025-02-02,1962,345.68,False
SHP001900,ORD001900,CAR002,2025-01-09,2025-01-12,2025-01-13,2191,333.08,False
SHP001901,ORD001901,CAR005,2025-03-01,2025-03-04,2025-03-05,102,28.52,False
SHP001902,ORD001902,CAR005,2025-03-03,2025-03-08,2025-03-08,1268,190.61,False
SHP001903,ORD001903,CAR001,2025-03-19,2025-03-25,2025-03-26,1211,243.99,False
SHP001904,ORD001904,CAR001,2025-01-08,2025-01-13,2025-01-13,2605,721.47,False
SHP001905,ORD001905,CAR004,2025-02-16,2025-02-19,2025-02-18,1282,200.66,False
SHP001906,ORD001906,CAR003,2025-02-05,2025-02-10,2025-02-11,636,403.79,False
SHP001907,ORD001907,CAR003,2025-03-30,2025-04-05,2025-04-05,124,75.03,False
SHP001908,ORD001908,CAR003,2025-01-15,2025-01-21,2025-01-23,222,112.28,False
SHP001909,ORD001909,CAR005,2025-01-04,2025-01-10,2025-01-09,1141,221.65,False
SHP001910,ORD001910,CAR001,2025-02-06,2025-02-12,2025-02-12,2528,407.94,False
SHP001911,ORD001911,CAR004,2025-02-20,2025-02-25,2025-02-26,1053,270.36,False
SHP001912,ORD001912,CAR005,2025-03-26,2025-04-01,2025-03-30,651,182.05,False
SHP001913,ORD001913,CAR001,2025-03-06,2025-03-08,2025-03-07,648,141.07,False
SHP001914,ORD001914,CAR001,2025-02-18,2025-02-21,2025-02-19,2361,504.24,False
SHP001915,ORD001915,CAR003,2025-03-25,2025-03-31,2025-04-02,959,481.95,False
SHP001916,ORD001916,CAR005,2025-01-08,2025-01-11,2025-01-09,2481,483.92,False
SHP001917,ORD001917,CAR005,2025-02-09,2025-02-12,2025-02-10,1445,309.3,False
SHP001918,ORD001918,CAR003,2025-01-08,2025-01-10,2025-01-08,973,580.39,False
SHP001919,ORD001919,CAR001,2025-03-11,2025-03-11,2025-03-11,2671,566.82,False
SHP001920,ORD001920,CAR006,2025-02-03,2025-02-05,2025-02-06,972,158.02,False
SHP001921,ORD001921,CAR005,2025-01-28,2025-01-31,2025-01-29,2546,495.12,False
SHP001922,ORD001922,CAR006,2025-01-19,2025-01-21,2025-01-22,1528,316.21,False
SHP001923,ORD001923,CAR004,2025-03-31,2025-04-02,2025-04-02,2244,392.88,False
SHP001924,ORD001924,CAR006,2025-03-28,2025-03-30,2025-03-29,1694,277.34,False
SHP001925,ORD001925,CAR005,2025-01-22,2025-01-27,2025-01-28,2404,409.8,False
SHP001926,ORD001926,CAR006,2025-02-11,2025-02-17,2025-02-16,2272,425.82,False
SHP001927,ORD001927,CAR005,2025-03-15,2025-03-20,2025-03-18,1846,338.7,True
SHP001928,ORD001928,CAR003,2025-01-26,2025-01-26,2025-01-26,190,260.18,False
SHP001929,ORD001929,CAR005,2025-02-19,2025-02-25,2025-02-27,2487,628.74,False
SHP001930,ORD001930,CAR004,2025-02-26,2025-03-04,2025-03-05,231,57.19,False
SHP001931,ORD001931,CAR004,2025-03-18,2025-03-21,2025-03-19,1501,313.75,False
SHP001932,ORD001932,CAR002,2025-03-17,2025-03-23,2025-03-22,1462,191.25,False
SHP001933,ORD001933,CAR006,2025-01-22,2025-01-28,2025-01-27,812,114.09,False
SHP001934,ORD001934,CAR001,2025-03-23,2025-03-29,2025-03-29,125,31.33,False
SHP001935,ORD001935,CAR006,2025-01-24,2025-01-24,2025-01-25,1049,297.82,False
SHP001936,ORD001936,CAR006,2025-03-30,2025-04-05,2025-04-04,2517,392.1,False
SHP001937,ORD001937,CAR003,2025-03-12,2025-03-12,2025-03-12,1111,643.23,False
SHP001938,ORD001938,CAR005,2025-03-11,2025-03-13,2025-03-14,883,211.31,False
SHP001939,ORD001939,CAR004,2025-01-31,2025-02-02,2025-01-31,2095,340.61,False
SHP001940,ORD001940,CAR005,2025-01-04,2025-01-07,2025-01-05,1999,442.73,False
SHP001941,ORD001941,CAR006,2025-03-26,2025-03-31,2025-03-31,1833,329.18,True
SHP001942,ORD001942,CAR001,2025-02-09,2025-02-15,2025-02-16,2510,396.73,False
SHP001943,ORD001943,CAR006,2025-01-27,2025-02-01,2025-01-31,2077,343.72,False
SHP001944,ORD001944,CAR001,2025-02-15,2025-02-17,2025-02-17,329,72.22,False
SHP001945,ORD001945,CAR001,2025-01-18,2025-01-20,2025-01-18,455,94.93,False
SHP001946,ORD001946,CAR004,2025-03-29,2025-04-01,2025-03-30,2611,487.85,False
SHP001947,ORD001947,CAR002,2025-02-01,2025-02-03,2025-02-02,1957,288.2,False
SHP001948,ORD001948,CAR004,2025-03-28,2025-04-02,2025-04-03,985,139.34,False
SHP001949,ORD001949,CAR005,2025-01-12,2025-01-17,2025-01-18,2464,374.05,False
SHP001950,ORD001950,CAR001,2025-02-16,2025-02-21,2025-02-19,1781,305.51,False
SHP001951,ORD001951,CAR001,2025-02-27,2025-03-04,2025-03-03,1604,322.7,False
SHP001952,ORD001952,CAR005,2025-01-23,2025-01-26,2025-01-24,555,117.52,True
SHP001953,ORD001953,CAR001,2025-03-22,2025-03-22,2025-03-22,152,126.33,False
SHP001954,ORD001954,CAR001,2025-02-25,2025-02-28,2025-02-27,1421,332.86,False
SHP001955,ORD001955,CAR002,2025-02-24,2025-03-01,2025-03-01,2245,362.87,False
SHP001956,ORD001956,CAR003,2025-01-12,2025-01-15,2025-01-16,2559,1389.05,False
SHP001957,ORD001957,CAR003,2025-02-01,2025-02-06,2025-02-06,1981,975.77,False
SHP001958,ORD001958,CAR006,2025-02-06,2025-02-09,2025-02-07,901,162.1,False
SHP001959,ORD001959,CAR004,2025-01-12,2025-01-14,2025-01-15,1383,199.58,False
SHP001960,ORD001960,CAR004,2025-02-19,2025-02-20,2025-02-21,945,208.15,False
SHP001961,ORD001961,CAR005,2025-03-07,2025-03-12,2025-03-11,379,62.73,False
SHP001962,ORD001962,CAR001,2025-01-04,2025-01-10,2025-01-10,1880,511.34,False
SHP001963,ORD001963,CAR001,2025-01-27,2025-02-01,2025-02-01,606,194.05,False
SHP001964,ORD001964,CAR001,2025-01-05,2025-01-08,2025-01-07,766,170.62,False
SHP001965,ORD001965,CAR006,2025-01-08,2025-01-13,2025-01-12,1288,193.49,False
SHP001966,ORD001966,CAR002,2025-01-13,2025-01-19,2025-01-17,1898,231.11,False
SHP001967,ORD001967,CAR002,2025-02-18,2025-02-24,2025-02-25,2310,491.19,False
SHP001968,ORD001968,CAR006,2025-01-10,2025-01-13,2025-01-13,2679,506.53,False
SHP001969,ORD001969,CAR001,2025-03-31,2025-04-06,2025-04-04,1324,225.33,True
SHP001970,ORD001970,CAR004,2025-01-18,2025-01-23,2025-01-23,106,42.22,False
SHP001971,ORD001971,CAR001,2025-01-05,2025-01-07,2025-01-08,2237,618.75,False
SHP001972,ORD001972,CAR004,2025-02-08,2025-02-14,2025-02-15,650,183.49,False
SHP001973,ORD001973,CAR006,2025-03-06,2025-03-11,2025-03-12,2122,468.78,False
SHP001974,ORD001974,CAR002,2025-01-18,2025-01-21,2025-01-19,173,161.81,False
SHP001975,ORD001975,CAR006,2025-03-10,2025-03-15,2025-03-16,1252,213.56,False
SHP001976,ORD001976,CAR003,2025-01-24,2025-01-29,2025-01-31,522,250.43,False
SHP001977,ORD001977,CAR002,2025-03-28,2025-04-02,2025-04-03,2248,326.33,False
SHP001978,ORD001978,CAR004,2025-02-03,2025-02-08,2025-02-09,2499,384.83,False
SHP001979,ORD001979,CAR004,2025-01-30,2025-02-05,2025-02-04,1003,163.1,False
SHP001980,ORD001980,CAR001,2025-01-20,2025-01-22,2025-01-20,1640,302.42,False
SHP001981,ORD001981,CAR004,2025-03-29,2025-04-04,2025-04-05,1220,165.77,False
SHP001982,ORD001982,CAR004,2025-03-17,2025-03-19,2025-03-20,1440,320.58,False
SHP001983,ORD001983,CAR001,2025-03-04,2025-03-06,2025-03-05,622,152.85,False
SHP001984,ORD001984,CAR005,2025-02-23,2025-03-01,2025-03-04,487,90.57,False
SHP001985,ORD001985,CAR002,2025-03-23,2025-03-25,2025-03-26,455,141.85,False
SHP001986,ORD001986,CAR002,2025-02-23,2025-03-01,2025-03-02,2068,392.64,False
SHP001987,ORD001987,CAR002,2025-03-31,2025-04-02,2025-04-02,918,133.77,False
SHP001988,ORD001988,CAR006,2025-03-30,2025-04-01,2025-03-31,866,118.12,False
SHP001989,ORD001989,CAR006,2025-03-10,2025-03-15,2025-03-15,2020,267.35,False
SHP001990,ORD001990,CAR005,2025-02-13,2025-02-16,2025-02-16,2315,459.29,False
SHP001991,ORD001991,CAR004,2025-01-21,2025-01-26,2025-01-26,2528,400.86,False
SHP001992,ORD001992,CAR002,2025-02-23,2025-02-26,2025-02-26,1732,295.47,False
SHP001993,ORD001993,CAR005,2025-02-03,2025-02-09,2025-02-09,1355,242.27,False
SHP001994,ORD001994,CAR005,2025-03-03,2025-03-08,2025-03-09,258,242.4,False
SHP001995,ORD001995,CAR005,2025-02-05,2025-02-06,2025-02-06,510,120.16,False
SHP001996,ORD001996,CAR005,2025-03-07,2025-03-13,2025-03-12,1997,325.67,False
SHP001997,ORD001997,CAR002,2025-03-26,2025-04-01,2025-03-31,769,153.76,False
SHP001998,ORD001998,CAR002,2025-01-08,2025-01-14,2025-01-16,1847,355.67,False
SHP001999,ORD001999,CAR005,2025-02-10,2025-02-15,2025-02-16,196,57.26,False
SHP002000,ORD002000,CAR006,2025-02-15,2025-02-17,2025-02-16,2178,295.47,True
SHP002001,ORD002001,CAR002,2025-03-15,2025-03-21,2025-03-20,336,71.8,False
SHP002002,ORD002002,CAR002,2025-02-11,2025-02-12,2025-02-12,1649,348.13,False
SHP002003,ORD002003,CAR002,2025-02-11,2025-02-16,2025-02-19,1060,188.17,False
SHP002004,ORD002004,CAR004,2025-01-22,2025-01-28,2025-01-29,452,114.02,False
SHP002005,ORD002005,CAR003,2025-01-03,2025-01-06,2025-01-04,1274,722.44,False
SHP002006,ORD002006,CAR005,2025-01-25,2025-01-31,2025-01-29,1012,276.96,False
SHP002007,ORD002007,CAR004,2025-03-10,2025-03-15,2025-03-15,1249,156.02,False
SHP002008,ORD002008,CAR003,2025-01-18,2025-01-24,2025-01-23,906,462.41,False
SHP002009,ORD002009,CAR005,2025-03-14,2025-03-16,2025-03-15,2034,524.17,False
SHP002010,ORD002010,CAR002,2025-03-20,2025-03-22,2025-03-26,1391,356.86,False
SHP002011,ORD002011,CAR001,2025-02-28,2025-03-06,2025-03-08,2481,517.67,False
SHP002012,ORD002012,CAR004,2025-02-07,2025-02-09,2025-02-09,1830,269.58,True
SHP002013,ORD002013,CAR001,2025-04-01,2025-04-06,2025-04-07,1873,283.56,False
SHP002014,ORD002014,CAR003,2025-02-28,2025-03-05,2025-03-06,1785,867.06,False
SHP002015,ORD002015,CAR005,2025-03-30,2025-04-04,2025-04-06,907,215.63,False
SHP002016,ORD002016,CAR001,2025-02-12,2025-02-17,2025-02-16,1442,332.83,False
SHP002017,ORD002017,CAR005,2025-01-07,2025-01-12,2025-01-11,2269,506.2,False
SHP002018,ORD002018,CAR006,2025-01-17,2025-01-23,2025-01-24,2079,285.41,False
SHP002019,ORD002019,CAR006,2025-02-01,2025-02-07,2025-02-06,282,92.94,True
SHP002020,ORD002020,CAR005,2025-01-11,2025-01-17,2025-01-18,2437,386.46,True
SHP002021,ORD002021,CAR006,2025-02-08,2025-02-10,2025-02-09,1610,235.09,False
SHP002022,ORD002022,CAR003,2025-01-08,2025-01-08,2025-01-08,1222,848.47,False
SHP002023,ORD002023,CAR002,2025-02-01,2025-02-07,2025-02-07,1797,301.79,False
SHP002024,ORD002024,CAR004,2025-02-28,2025-03-05,2025-03-06,778,195.3,False
SHP002025,ORD002025,CAR005,2025-02-11,2025-02-13,2025-02-15,2101,453.18,False
SHP002026,ORD002026,CAR003,2025-03-26,2025-03-31,2025-03-30,636,387.03,False
SHP002027,ORD002027,CAR004,2025-01-05,2025-01-05,2025-01-05,172,71.82,False
SHP002028,ORD002028,CAR001,2025-02-09,2025-02-15,2025-02-16,381,165.85,False
SHP002029,ORD002029,CAR003,2025-03-18,2025-03-23,2025-03-23,1596,778.19,False
SHP002030,ORD002030,CAR002,2025-02-14,2025-02-19,2025-02-17,1470,291.27,False
SHP002031,ORD002031,CAR004,2025-03-23,2025-03-25,2025-03-30,392,60.33,False
SHP002032,ORD002032,CAR006,2025-01-10,2025-01-16,2025-01-17,1704,383.66,False
SHP002033,ORD002033,CAR004,2025-02-11,2025-02-16,2025-02-18,1996,325.74,False
SHP002034,ORD002034,CAR004,2025-03-28,2025-04-02,2025-04-03,1640,279.68,False
SHP002035,ORD002035,CAR006,2025-02-17,2025-02-23,2025-02-22,742,114.75,False
SHP002036,ORD002036,CAR004,2025-02-07,2025-02-09,2025-02-08,1061,191.2,False
SHP002037,ORD002037,CAR004,2025-01-10,2025-01-15,2025-01-17,1917,234.41,False
SHP002038,ORD002038,CAR003,2025-03-06,2025-03-12,2025-03-12,595,290.79,True
SHP002039,ORD002039,CAR006,2025-03-29,2025-04-03,2025-04-03,406,106.65,False
SHP002040,ORD002040,CAR002,2025-03-06,2025-03-11,2025-03-12,1571,232.35,False
SHP002041,ORD002041,CAR001,2025-01-27,2025-02-01,2025-01-30,2229,508.63,False
SHP002042,ORD002042,CAR003,2025-02-12,2025-02-17,2025-02-20,381,213.3,False
SHP002043,ORD002043,CAR003,2025-03-09,2025-03-11,2025-03-11,2273,1343.33,False
SHP002044,ORD002044,CAR005,2025-03-15,2025-03-21,2025-03-20,336,79.88,False
SHP002045,ORD002045,CAR005,2025-01-23,2025-01-29,2025-01-30,1061,220.24,False
SHP002046,ORD002046,CAR001,2025-02-11,2025-02-16,2025-02-15,1281,241.54,False
SHP002047,ORD002047,CAR002,2025-02-15,2025-02-21,2025-02-21,1328,183.47,False
SHP002048,ORD002048,CAR005,2025-03-21,2025-03-21,2025-03-21,1311,299.8,False
SHP002049,ORD002049,CAR005,2025-02-10,2025-02-15,2025-02-15,2490,410.37,False
SHP002050,ORD002050,CAR006,2025-01-09,2025-01-14,2025-01-13,491,79.04,False
SHP002051,ORD002051,CAR006,2025-01-12,2025-01-18,2025-01-18,575,157.68,False
SHP002052,ORD002052,CAR006,2025-03-23,2025-03-26,2025-03-29,1630,294.23,False
SHP002053,ORD002053,CAR003,2025-03-22,2025-03-28,2025-03-27,2667,1370.41,False
SHP002054,ORD002054,CAR002,2025-03-13,2025-03-15,2025-03-15,194,45.64,False
SHP002055,ORD002055,CAR001,2025-01-17,2025-01-23,2025-01-24,1279,243.91,False
SHP002056,ORD002056,CAR004,2025-01-19,2025-01-20,2025-01-21,249,74.96,False
SHP002057,ORD002057,CAR004,2025-02-16,2025-02-18,2025-02-17,1467,305.82,False
SHP002058,ORD002058,CAR004,2025-03-31,2025-04-05,2025-04-03,1418,170.27,False
SHP002059,ORD002059,CAR006,2025-03-07,2025-03-13,2025-03-17,2623,317.19,False
SHP002060,ORD002060,CAR001,2025-01-17,2025-01-20,2025-01-20,470,152.35,False
SHP002061,ORD002061,CAR001,2025-03-04,2025-03-06,2025-03-06,947,268.75,False
SHP002062,ORD002062,CAR005,2025-03-13,2025-03-19,2025-03-17,569,190.59,False
SHP002063,ORD002063,CAR006,2025-01-18,2025-01-23,2025-01-22,300,110.19,False
SHP002064,ORD002064,CAR006,2025-03-13,2025-03-19,2025-03-20,2235,474.2,False
SHP002065,ORD002065,CAR002,2025-01-22,2025-01-28,2025-01-27,2267,592.11,False
SHP002066,ORD002066,CAR003,2025-02-18,2025-02-23,2025-02-23,1819,865.82,False
SHP002067,ORD002067,CAR005,2025-03-06,2025-03-12,2025-03-13,1219,267.35,False
SHP002068,ORD002068,CAR003,2025-02-16,2025-02-18,2025-02-22,1420,717.09,False
SHP002069,ORD002069,CAR006,2025-02-28,2025-03-01,2025-03-01,710,129.83,False
SHP002070,ORD002070,CAR003,2025-03-22,2025-03-27,2025-03-29,2581,1365.98,False
SHP002071,ORD002071,CAR004,2025-01-15,2025-01-21,2025-01-21,274,176.07,False
SHP002072,ORD002072,CAR006,2025-02-21,2025-02-23,2025-02-25,1410,228.89,False
SHP002073,ORD002073,CAR006,2025-03-10,2025-03-15,2025-03-14,1750,286.77,False
SHP002074,ORD002074,CAR001,2025-01-08,2025-01-08,2025-01-08,905,239.07,False
SHP002075,ORD002075,CAR004,2025-02-26,2025-03-01,2025-03-03,1486,292.65,False
SHP002076,ORD002076,CAR003,2025-02-21,2025-02-26,2025-02-26,1720,736.77,False
SHP002077,ORD002077,CAR001,2025-02-20,2025-02-21,2025-02-23,2243,567.52,False
SHP002078,ORD002078,CAR003,2025-02-16,2025-02-19,2025-02-20,1384,855.27,False
SHP002079,ORD002079,CAR002,2025-03-29,2025-04-03,2025-04-04,817,187.97,False
SHP002080,ORD002080,CAR005,2025-03-07,2025-03-13,2025-03-13,2566,390.67,False
SHP002081,ORD002081,CAR001,2025-03-14,2025-03-17,2025-03-16,350,97.87,False
SHP002082,ORD002082,CAR001,2025-03-19,2025-03-22,2025-03-22,1829,423.56,False
SHP002083,ORD002083,CAR004,2025-03-25,2025-03-30,2025-03-29,1377,200.77,False
SHP002084,ORD002084,CAR004,2025-03-20,2025-03-26,2025-03-27,2269,341.38,False
SHP002085,ORD002085,CAR001,2025-01-02,2025-01-04,2025-01-02,1057,218.25,False
SHP002086,ORD002086,CAR003,2025-01-08,2025-01-10,2025-01-10,1103,669.21,False
SHP002087,ORD002087,CAR002,2025-01-10,2025-01-13,2025-01-15,1988,385.57,False
SHP002088,ORD002088,CAR004,2025-03-25,2025-03-25,2025-03-28,2257,548.64,False
SHP002089,ORD002089,CAR001,2025-01-20,2025-01-25,2025-01-26,2454,477.1,False
SHP002090,ORD002090,CAR001,2025-02-16,2025-02-17,2025-02-17,706,234.33,False
SHP002091,ORD002091,CAR001,2025-02-22,2025-02-28,2025-02-28,1100,259.64,False
SHP002092,ORD002092,CAR003,2025-03-05,2025-03-08,2025-03-09,579,527.18,False
SHP002093,ORD002093,CAR004,2025-01-29,2025-02-03,2025-02-05,852,112.88,False
SHP002094,ORD002094,CAR006,2025-03-28,2025-04-03,2025-04-03,214,37.63,False
SHP002095,ORD002095,CAR003,2025-02-26,2025-02-28,2025-02-27,709,457.2,False
SHP002096,ORD002096,CAR002,2025-03-29,2025-04-03,2025-04-02,1577,272.16,False
SHP002097,ORD002097,CAR002,2025-01-08,2025-01-14,2025-01-14,945,148.81,False
SHP002098,ORD002098,CAR004,2025-01-25,2025-01-31,2025-02-01,2671,466.5,False
SHP002099,ORD002099,CAR001,2025-03-15,2025-03-20,2025-03-21,115,36.06,False
SHP002100,ORD002100,CAR002,2025-03-14,2025-03-16,2025-03-18,1473,279.68,False
SHP002101,ORD002101,CAR005,2025-02-03,2025-02-06,2025-02-07,1827,331.04,False
SHP002102,ORD002102,CAR002,2025-01-22,2025-01-28,2025-01-27,1616,228.42,False
SHP002103,ORD002103,CAR003,2025-03-22,2025-03-24,2025-03-23,1594,908.79,False
SHP002104,ORD002104,CAR002,2025-01-16,2025-01-21,2025-01-20,1634,442.08,False
SHP002105,ORD002105,CAR005,2025-01-28,2025-02-02,2025-02-03,1826,390.18,False
SHP002106,ORD002106,CAR001,2025-02-04,2025-02-09,2025-02-12,1139,181.26,False
SHP002107,ORD002107,CAR002,2025-01-14,2025-01-19,2025-01-19,76,22.2,False
SHP002108,ORD002108,CAR006,2025-01-07,2025-01-09,2025-01-09,2049,351.48,False
SHP002109,ORD002109,CAR004,2025-03-20,2025-03-25,2025-03-25,1774,280.36,False
SHP002110,ORD002110,CAR005,2025-03-08,2025-03-14,2025-03-14,1667,267.76,False
SHP002111,ORD002111,CAR004,2025-02-08,2025-02-11,2025-02-10,2580,386.45,False
SHP002112,ORD002112,CAR006,2025-02-02,2025-02-05,2025-02-05,2062,295.28,False
SHP002113,ORD002113,CAR001,2025-03-19,2025-03-24,2025-03-24,2420,400.17,False
SHP002114,ORD002114,CAR003,2025-01-03,2025-01-08,2025-01-07,1080,474.92,False
SHP002115,ORD002115,CAR004,2025-02-21,2025-02-24,2025-02-22,172,78.02,False
SHP002116,ORD002116,CAR005,2025-03-20,2025-03-25,2025-03-24,1290,289.81,False
SHP002117,ORD002117,CAR003,2025-01-31,2025-02-03,2025-02-02,2420,1415.93,False
SHP002118,ORD002118,CAR005,2025-01-12,2025-01-17,2025-01-18,1071,189.51,False
SHP002119,ORD002119,CAR001,2025-01-03,2025-01-03,2025-01-03,2060,547.64,False
SHP002120,ORD002120,CAR006,2025-03-15,2025-03-21,2025-03-21,1634,207.71,False
SHP002121,ORD002121,CAR004,2025-03-23,2025-03-28,2025-03-27,2352,341.88,False
SHP002122,ORD002122,CAR006,2025-01-03,2025-01-08,2025-01-09,2474,411.57,False
SHP002123,ORD002123,CAR004,2025-01-07,2025-01-12,2025-01-12,1918,294.65,False
SHP002124,ORD002124,CAR001,2025-01-01,2025-01-07,2025-01-05,2472,513.72,False
SHP002125,ORD002125,CAR004,2025-02-15,2025-02-20,2025-02-22,2460,376.36,False
SHP002126,ORD002126,CAR005,2025-01-17,2025-01-22,2025-01-23,2006,364.1,False
SHP002127,ORD002127,CAR004,2025-03-01,2025-03-07,2025-03-07,2146,396.19,False
SHP002128,ORD002128,CAR003,2025-02-03,2025-02-04,2025-02-04,1777,1209.07,False
SHP002129,ORD002129,CAR005,2025-03-26,2025-03-28,2025-03-29,2314,493.4,False
SHP002130,ORD002130,CAR004,2025-02-18,2025-02-23,2025-02-24,661,114.78,False
SHP002131,ORD002131,CAR001,2025-01-11,2025-01-17,2025-01-18,776,275.98,False
SHP002132,ORD002132,CAR002,2025-01-22,2025-01-27,2025-01-28,953,221.15,True
SHP002133,ORD002133,CAR003,2025-02-22,2025-02-24,2025-02-23,79,41.51,False
SHP002134,ORD002134,CAR001,2025-02-21,2025-02-26,2025-02-24,629,137.23,False
SHP002135,ORD002135,CAR005,2025-02-04,2025-02-09,2025-02-06,1075,340.8,False
SHP002136,ORD002136,CAR001,2025-02-15,2025-02-15,2025-02-15,1397,367.16,False
SHP002137,ORD002137,CAR006,2025-01-04,2025-01-10,2025-01-12,182,33.11,False
SHP002138,ORD002138,CAR006,2025-01-10,2025-01-11,2025-01-11,1405,294.04,False
SHP002139,ORD002139,CAR005,2025-03-03,2025-03-08,2025-03-05,382,62.21,False
SHP002140,ORD002140,CAR006,2025-01-23,2025-01-29,2025-01-29,2435,316.15,False
SHP002141,ORD002141,CAR001,2025-01-24,2025-01-30,2025-01-31,239,74.85,False
SHP002142,ORD002142,CAR006,2025-01-04,2025-01-09,2025-01-09,2073,265.23,False
SHP002143,ORD002143,CAR003,2025-03-05,2025-03-11,2025-03-10,1980,983.31,False
SHP002144,ORD002144,CAR001,2025-03-30,2025-04-04,2025-04-04,1011,208.82,False
SHP002145,ORD002145,CAR005,2025-03-12,2025-03-12,2025-03-14,2091,481.6,False
SHP002146,ORD002146,CAR003,2025-03-25,2025-03-30,2025-03-30,1444,685.76,False
SHP002147,ORD002147,CAR006,2025-02-05,2025-02-07,2025-02-09,98,128.56,False
SHP002148,ORD002148,CAR003,2025-03-04,2025-03-06,2025-03-07,371,179.59,False
SHP002149,ORD002149,CAR003,2025-01-31,2025-02-02,2025-01-31,2022,1134.83,False
SHP002150,ORD002150,CAR004,2025-03-22,2025-03-23,2025-03-23,934,223.3,False
SHP002151,ORD002151,CAR001,2025-03-02,2025-03-07,2025-03-11,821,294.96,False
SHP002152,ORD002152,CAR005,2025-01-18,2025-01-23,2025-01-23,1043,181.87,False
SHP002153,ORD002153,CAR003,2025-03-25,2025-03-30,2025-03-29,879,506.9,False
SHP002154,ORD002154,CAR001,2025-01-22,2025-01-28,2025-01-30,1452,286.05,False
SHP002155,ORD002155,CAR005,2025-03-20,2025-03-21,2025-03-21,583,148.33,False
SHP002156,ORD002156,CAR003,2025-03-15,2025-03-20,2025-03-18,2048,933.18,False
SHP002157,ORD002157,CAR005,2025-03-31,2025-04-02,2025-04-02,1759,311.38,False
SHP002158,ORD002158,CAR004,2025-03-22,2025-03-23,2025-03-23,1060,220.06,False
SHP002159,ORD002159,CAR001,2025-01-10,2025-01-15,2025-01-16,2206,498.39,False
SHP002160,ORD002160,CAR005,2025-02-05,2025-02-10,2025-02-09,2276,398.74,False
SHP002161,ORD002161,CAR002,2025-03-31,2025-04-05,2025-04-05,761,175.64,False
SHP002162,ORD002162,CAR002,2025-01-31,2025-02-06,2025-02-06,656,80.15,False
SHP002163,ORD002163,CAR004,2025-02-28,2025-03-06,2025-03-05,1400,268.27,False
SHP002164,ORD002164,CAR006,2025-01-16,2025-01-22,2025-01-22,320,195.91,False
SHP002165,ORD002165,CAR003,2025-02-10,2025-02-10,2025-02-10,2486,1870.38,False
SHP002166,ORD002166,CAR005,2025-01-30,2025-02-04,2025-02-05,473,165.14,False
SHP002167,ORD002167,CAR002,2025-03-23,2025-03-25,2025-03-24,802,179.95,False
SHP002168,ORD002168,CAR001,2025-02-28,2025-03-06,2025-03-06,1397,319.49,False
SHP002169,ORD002169,CAR003,2025-01-04,2025-01-10,2025-01-09,291,155.01,False
SHP002170,ORD002170,CAR003,2025-01-20,2025-01-23,2025-01-25,361,274.89,False
SHP002171,ORD002171,CAR005,2025-01-31,2025-02-05,2025-02-06,1091,188.11,False
SHP002172,ORD002172,CAR003,2025-01-30,2025-02-01,2025-02-01,350,262.44,False
SHP002173,ORD002173,CAR002,2025-02-10,2025-02-16,2025-02-17,608,97.32,False
SHP002174,ORD002174,CAR003,2025-01-19,2025-01-21,2025-01-22,1841,907.6,False
SHP002175,ORD002175,CAR005,2025-02-10,2025-02-16,2025-02-15,1538,280.81,False
SHP002176,ORD002176,CAR005,2025-03-29,2025-04-04,2025-04-03,242,58.72,False
SHP002177,ORD002177,CAR002,2025-02-24,2025-02-26,2025-02-24,2121,350.11,False
SHP002178,ORD002178,CAR005,2025-02-20,2025-02-23,2025-02-23,536,234.67,False
SHP002179,ORD002179,CAR003,2025-03-29,2025-04-04,2025-04-03,1633,823.85,False
SHP002180,ORD002180,CAR002,2025-01-24,2025-01-29,2025-01-28,2069,248.0,False
SHP002181,ORD002181,CAR003,2025-03-23,2025-03-28,2025-03-30,187,94.51,False
SHP002182,ORD002182,CAR003,2025-03-09,2025-03-11,2025-03-11,1489,895.38,False
SHP002183,ORD002183,CAR004,2025-02-04,2025-02-09,2025-02-08,1781,230.8,False
SHP002184,ORD002184,CAR003,2025-01-11,2025-01-17,2025-01-18,2558,1335.36,False
SHP002185,ORD002185,CAR002,2025-01-12,2025-01-18,2025-01-18,1501,285.91,False
SHP002186,ORD002186,CAR006,2025-03-02,2025-03-05,2025-03-05,889,252.87,False
SHP002187,ORD002187,CAR005,2025-01-22,2025-01-24,2025-01-23,493,99.95,False
SHP002188,ORD002188,CAR001,2025-01-04,2025-01-07,2025-01-07,2147,561.94,False
SHP002189,ORD002189,CAR005,2025-03-05,2025-03-11,2025-03-10,468,197.07,False
SHP002190,ORD002190,CAR003,2025-01-09,2025-01-14,2025-01-14,714,359.47,False
SHP002191,ORD002191,CAR004,2025-02-06,2025-02-11,2025-02-11,2606,399.08,False
SHP002192,ORD002192,CAR001,2025-02-13,2025-02-19,2025-02-18,749,130.99,False
SHP002193,ORD002193,CAR001,2025-03-01,2025-03-07,2025-03-06,248,83.67,False
SHP002194,ORD002194,CAR004,2025-03-06,2025-03-09,2025-03-08,1718,264.74,False
SHP002195,ORD002195,CAR006,2025-03-05,2025-03-10,2025-03-09,1633,247.43,False
SHP002196,ORD002196,CAR002,2025-02-11,2025-02-14,2025-02-13,130,105.14,False
SHP002197,ORD002197,CAR004,2025-03-11,2025-03-14,2025-03-14,1573,263.34,False
SHP002198,ORD002198,CAR001,2025-02-19,2025-02-21,2025-02-22,2545,573.63,False
SHP002199,ORD002199,CAR006,2025-02-03,2025-02-09,2025-02-09,2446,339.6,False
SHP002200,ORD002200,CAR001,2025-03-04,2025-03-10,2025-03-10,255,78.75,False
SHP002201,ORD002201,CAR001,2025-01-15,2025-01-16,2025-01-17,421,172.84,False
SHP002202,ORD002202,CAR001,2025-03-18,2025-03-20,2025-03-20,2127,446.63,False
SHP002203,ORD002203,CAR002,2025-02-08,2025-02-10,2025-02-11,1145,301.95,False
SHP002204,ORD002204,CAR001,2025-01-21,2025-01-26,2025-01-26,1933,420.65,False
SHP002205,ORD002205,CAR005,2025-03-22,2025-03-28,2025-03-29,506,299.12,False
SHP002206,ORD002206,CAR004,2025-03-22,2025-03-28,2025-03-28,139,42.37,False
SHP002207,ORD002207,CAR004,2025-04-01,2025-04-03,2025-04-03,218,37.22,False
SHP002208,ORD002208,CAR004,2025-01-14,2025-01-19,2025-01-21,1252,154.14,False
SHP002209,ORD002209,CAR005,2025-02-08,2025-02-11,2025-02-10,2186,407.51,False
SHP002210,ORD002210,CAR001,2025-01-08,2025-01-08,2025-01-08,1890,608.16,False
SHP002211,ORD002211,CAR005,2025-02-09,2025-02-15,2025-02-18,372,79.44,False
SHP002212,ORD002212,CAR003,2025-01-05,2025-01-10,2025-01-12,422,225.73,False
SHP002213,ORD002213,CAR005,2025-01-31,2025-02-05,2025-02-05,1472,359.27,False
SHP002214,ORD002214,CAR001,2025-01-04,2025-01-07,2025-01-05,296,71.75,False
SHP002215,ORD002215,CAR001,2025-02-22,2025-02-22,2025-02-24,1939,528.61,False
SHP002216,ORD002216,CAR006,2025-03-31,2025-03-31,2025-03-31,693,179.48,False
SHP002217,ORD002217,CAR004,2025-03-26,2025-04-01,2025-03-30,1138,203.67,False
SHP002218,ORD002218,CAR001,2025-03-03,2025-03-04,2025-03-04,1833,507.67,False
SHP002219,ORD002219,CAR002,2025-03-02,2025-03-07,2025-03-06,2476,323.98,False
SHP002220,ORD002220,CAR001,2025-01-28,2025-01-30,2025-01-31,486,312.46,True
SHP002221,ORD002221,CAR002,2025-01-30,2025-02-05,2025-02-02,475,172.05,False
SHP002222,ORD002222,CAR005,2025-01-17,2025-01-23,2025-01-23,781,125.65,False
SHP002223,ORD002223,CAR003,2025-01-15,2025-01-18,2025-01-17,2467,1360.59,False
SHP002224,ORD002224,CAR006,2025-01-13,2025-01-15,2025-01-16,2347,370.6,False
SHP002225,ORD002225,CAR004,2025-02-18,2025-02-21,2025-02-20,963,127.3,False
SHP002226,ORD002226,CAR003,2025-03-01,2025-03-02,2025-03-02,1368,856.63,False
SHP002227,ORD002227,CAR002,2025-03-09,2025-03-15,2025-03-15,1698,213.43,False
SHP002228,ORD002228,CAR006,2025-01-20,2025-01-26,2025-01-24,1857,268.78,False
SHP002229,ORD002229,CAR002,2025-03-01,2025-03-07,2025-03-07,2411,355.02,False
SHP002230,ORD002230,CAR004,2025-03-24,2025-03-26,2025-03-24,2537,413.04,False
SHP002231,ORD002231,CAR005,2025-01-23,2025-01-23,2025-01-23,1304,396.95,False
SHP002232,ORD002232,CAR003,2025-03-11,2025-03-17,2025-03-18,981,451.57,False
SHP002233,ORD002233,CAR003,2025-03-06,2025-03-11,2025-03-09,298,284.95,False
SHP002234,ORD002234,CAR006,2025-01-08,2025-01-13,2025-01-12,692,137.47,False
SHP002235,ORD002235,CAR001,2025-02-23,2025-02-28,2025-02-28,2153,398.68,False
SHP002236,ORD002236,CAR002,2025-03-22,2025-03-27,2025-03-28,1935,430.43,False
SHP002237,ORD002237,CAR006,2025-03-16,2025-03-22,2025-03-22,1919,243.92,False
SHP002238,ORD002238,CAR003,2025-02-28,2025-03-06,2025-03-05,1679,854.45,False
SHP002239,ORD002239,CAR001,2025-03-13,2025-03-19,2025-03-20,1550,259.33,False
SHP002240,ORD002240,CAR002,2025-03-23,2025-03-29,2025-03-27,523,136.23,False
SHP002241,ORD002241,CAR003,2025-03-23,2025-03-29,2025-03-28,80,52.51,False
SHP002242,ORD002242,CAR006,2025-01-19,2025-01-24,2025-01-24,726,128.31,False
SHP002243,ORD002243,CAR001,2025-01-22,2025-01-24,2025-01-24,1558,291.59,False
SHP002244,ORD002244,CAR002,2025-02-03,2025-02-05,2025-02-05,921,149.04,False
SHP002245,ORD002245,CAR001,2025-02-01,2025-02-06,2025-02-06,1182,281.8,False
SHP002246,ORD002246,CAR005,2025-01-27,2025-02-02,2025-02-01,193,120.96,False
SHP002247,ORD002247,CAR006,2025-02-24,2025-03-02,2025-03-02,75,114.19,False
SHP002248,ORD002248,CAR006,2025-02-25,2025-03-03,2025-03-04,2308,349.57,False
SHP002249,ORD002249,CAR005,2025-03-25,2025-03-31,2025-04-02,766,278.49,False
SHP002250,ORD002250,CAR006,2025-02-11,2025-02-13,2025-02-12,1772,324.05,False
SHP002251,ORD002251,CAR006,2025-02-13,2025-02-18,2025-02-18,266,41.32,False
SHP002252,ORD002252,CAR006,2025-01-31,2025-02-06,2025-02-04,1323,230.78,False
SHP002253,ORD002253,CAR003,2025-01-07,2025-01-09,2025-01-09,1378,741.56,False
SHP002254,ORD002254,CAR001,2025-03-13,2025-03-18,2025-03-15,1893,356.48,False
SHP002255,ORD002255,CAR006,2025-02-15,2025-02-18,2025-02-18,2296,477.0,False
SHP002256,ORD002256,CAR006,2025-01-30,2025-02-04,2025-02-02,1562,253.89,False
SHP002257,ORD002257,CAR002,2025-02-27,2025-03-04,2025-03-05,2315,342.03,False
SHP002258,ORD002258,CAR004,2025-02-27,2025-03-01,2025-02-27,72,64.67,False
SHP002259,ORD002259,CAR002,2025-01-05,2025-01-08,2025-01-09,895,150.56,False
SHP002260,ORD002260,CAR006,2025-01-26,2025-02-01,2025-02-03,2149,356.9,True
SHP002261,ORD002261,CAR002,2025-03-06,2025-03-11,2025-03-11,2687,420.67,False
SHP002262,ORD002262,CAR005,2025-02-13,2025-02-15,2025-02-13,2059,445.5,False
SHP002263,ORD002263,CAR006,2025-03-13,2025-03-16,2025-03-18,1127,260.83,False
SHP002264,ORD002264,CAR004,2025-03-15,2025-03-20,2025-03-21,2475,306.5,False
SHP002265,ORD002265,CAR001,2025-02-11,2025-02-16,2025-02-16,1720,425.43,False
SHP002266,ORD002266,CAR004,2025-02-14,2025-02-19,2025-02-19,1522,268.14,False
SHP002267,ORD002267,CAR005,2025-03-17,2025-03-19,2025-03-17,2678,573.65,False
SHP002268,ORD002268,CAR004,2025-02-11,2025-02-16,2025-02-16,2331,285.3,False
SHP002269,ORD002269,CAR006,2025-03-04,2025-03-07,2025-03-06,1978,336.27,False
SHP002270,ORD002270,CAR005,2025-01-02,2025-01-07,2025-01-05,711,142.08,True
SHP002271,ORD002271,CAR005,2025-01-26,2025-01-31,2025-01-30,837,201.14,False
SHP002272,ORD002272,CAR001,2025-01-21,2025-01-27,2025-01-29,1236,306.93,False
SHP002273,ORD002273,CAR003,2025-01-18,2025-01-23,2025-01-21,206,136.09,False
SHP002274,ORD002274,CAR004,2025-01-07,2025-01-07,2025-01-08,535,92.21,False
SHP002275,ORD002275,CAR002,2025-02-16,2025-02-22,2025-02-23,2515,388.54,False
SHP002276,ORD002276,CAR002,2025-02-11,2025-02-17,2025-02-18,761,191.72,False
SHP002277,ORD002277,CAR004,2025-03-23,2025-03-28,2025-03-27,87,126.58,False
SHP002278,ORD002278,CAR004,2025-02-22,2025-02-28,2025-02-28,2111,298.81,False
SHP002279,ORD002279,CAR005,2025-03-05,2025-03-10,2025-03-12,1753,303.25,False
SHP002280,ORD002280,CAR002,2025-01-19,2025-01-20,2025-01-21,822,220.49,False
SHP002281,ORD002281,CAR004,2025-02-28,2025-03-03,2025-03-05,1465,195.59,False
SHP002282,ORD002282,CAR002,2025-03-20,2025-03-26,2025-03-26,539,190.12,False
SHP002283,ORD002283,CAR005,2025-03-29,2025-04-01,2025-04-03,2566,428.74,False
SHP002284,ORD002284,CAR001,2025-01-22,2025-01-27,2025-01-26,2360,383.6,False
SHP002285,ORD002285,CAR005,2025-02-05,2025-02-11,2025-02-09,2287,373.26,False
SHP002286,ORD002286,CAR001,2025-01-26,2025-01-31,2025-01-30,755,147.84,False
SHP002287,ORD002287,CAR003,2025-02-24,2025-03-01,2025-03-01,2395,1219.9,False
SHP002288,ORD002288,CAR003,2025-02-04,2025-02-09,2025-02-09,1958,982.03,False
SHP002289,ORD002289,CAR006,2025-03-10,2025-03-16,2025-03-16,1372,210.77,False
SHP002290,ORD002290,CAR003,2025-03-20,2025-03-26,2025-03-25,705,376.38,False
SHP002291,ORD002291,CAR004,2025-03-30,2025-04-01,2025-04-02,2088,373.4,False
SHP002292,ORD002292,CAR006,2025-02-21,2025-02-26,2025-02-26,2696,329.64,False
SHP002293,ORD002293,CAR001,2025-01-20,2025-01-25,2025-01-27,1145,328.71,False
SHP002294,ORD002294,CAR001,2025-02-22,2025-02-24,2025-02-22,2596,497.74,True
SHP002295,ORD002295,CAR006,2025-03-31,2025-04-06,2025-04-05,490,58.56,False
SHP002296,ORD002296,CAR002,2025-01-09,2025-01-14,2025-01-13,991,211.21,False
SHP002297,ORD002297,CAR006,2025-01-21,2025-01-23,2025-01-27,445,131.41,False
SHP002298,ORD002298,CAR002,2025-01-15,2025-01-20,2025-01-21,118,25.66,False
SHP002299,ORD002299,CAR001,2025-03-23,2025-03-28,2025-03-29,1997,362.07,False
SHP002300,ORD002300,CAR005,2025-03-29,2025-03-31,2025-03-31,1799,458.93,False
SHP002301,ORD002301,CAR006,2025-01-22,2025-01-28,2025-01-28,300,84.46,False
SHP002302,ORD002302,CAR002,2025-01-07,2025-01-07,2025-01-09,1046,281.21,False
SHP002303,ORD002303,CAR001,2025-02-21,2025-02-23,2025-02-23,89,32.41,False
SHP002304,ORD002304,CAR005,2025-03-26,2025-04-01,2025-03-29,1671,341.75,False
SHP002305,ORD002305,CAR002,2025-01-29,2025-01-29,2025-01-29,1526,334.08,False
SHP002306,ORD002306,CAR004,2025-02-04,2025-02-09,2025-02-09,2491,382.18,False
SHP002307,ORD002307,CAR004,2025-01-11,2025-01-11,2025-01-13,1386,345.17,False
SHP002308,ORD002308,CAR006,2025-02-22,2025-02-28,2025-02-27,1929,282.29,False
SHP002309,ORD002309,CAR002,2025-01-07,2025-01-09,2025-01-07,2098,347.35,False
SHP002310,ORD002310,CAR005,2025-01-22,2025-01-24,2025-01-27,487,221.51,False
SHP002311,ORD002311,CAR003,2025-02-03,2025-02-08,2025-02-07,2461,1164.6,False
SHP002312,ORD002312,CAR002,2025-01-24,2025-01-30,2025-01-31,2114,307.05,False
SHP002313,ORD002313,CAR005,2025-01-25,2025-01-30,2025-01-28,2485,483.96,False
SHP002314,ORD002314,CAR001,2025-03-07,2025-03-13,2025-03-13,1035,231.74,False
SHP002315,ORD002315,CAR004,2025-01-01,2025-01-04,2025-01-02,2451,438.82,False
SHP002316,ORD002316,CAR003,2025-02-05,2025-02-08,2025-02-12,2030,1194.2,False
SHP002317,ORD002317,CAR004,2025-01-10,2025-01-10,2025-01-10,1053,171.27,False
SHP002318,ORD002318,CAR004,2025-02-02,2025-02-08,2025-02-09,213,84.37,False
SHP002319,ORD002319,CAR005,2025-02-26,2025-02-27,2025-02-27,1234,315.03,False
SHP002320,ORD002320,CAR006,2025-01-14,2025-01-20,2025-01-21,128,28.32,False
SHP002321,ORD002321,CAR005,2025-02-23,2025-03-01,2025-02-28,1018,167.68,False
SHP002322,ORD002322,CAR001,2025-03-13,2025-03-15,2025-03-16,771,240.71,False
SHP002323,ORD002323,CAR006,2025-02-11,2025-02-13,2025-02-11,789,138.05,False
SHP002324,ORD002324,CAR002,2025-02-12,2025-02-18,2025-02-17,756,155.93,False
SHP002325,ORD002325,CAR004,2025-01-22,2025-01-22,2025-01-22,589,150.71,False
SHP002326,ORD002326,CAR002,2025-03-11,2025-03-14,2025-03-13,2237,453.24,True
SHP002327,ORD002327,CAR001,2025-03-04,2025-03-09,2025-03-09,815,159.21,False
SHP002328,ORD002328,CAR004,2025-03-23,2025-03-26,2025-03-26,780,253.83,False
SHP002329,ORD002329,CAR005,2025-02-13,2025-02-18,2025-02-18,585,118.97,False
SHP002330,ORD002330,CAR002,2025-02-28,2025-02-28,2025-02-28,1112,234.58,False
SHP002331,ORD002331,CAR004,2025-02-22,2025-02-28,2025-03-03,228,68.04,False
SHP002332,ORD002332,CAR006,2025-03-16,2025-03-22,2025-03-19,1955,262.05,False
SHP002333,ORD002333,CAR006,2025-02-06,2025-02-11,2025-02-11,800,125.34,False
SHP002334,ORD002334,CAR006,2025-03-02,2025-03-02,2025-03-03,1803,319.89,False
SHP002335,ORD002335,CAR003,2025-03-17,2025-03-20,2025-03-21,2675,1377.51,False
SHP002336,ORD002336,CAR001,2025-01-08,2025-01-13,2025-01-13,550,144.42,False
SHP002337,ORD002337,CAR001,2025-01-29,2025-02-04,2025-02-03,380,75.32,False
SHP002338,ORD002338,CAR004,2025-02-06,2025-02-08,2025-02-11,156,68.99,False
SHP002339,ORD002339,CAR006,2025-02-11,2025-02-11,2025-02-11,2451,520.52,False
SHP002340,ORD002340,CAR006,2025-02-17,2025-02-18,2025-02-18,1053,194.14,False
SHP002341,ORD002341,CAR002,2025-02-08,2025-02-14,2025-02-12,1351,227.28,False
SHP002342,ORD002342,CAR001,2025-03-27,2025-03-30,2025-03-28,1685,308.24,False
SHP002343,ORD002343,CAR001,2025-02-18,2025-02-23,2025-02-23,625,187.11,False
SHP002344,ORD002344,CAR001,2025-03-07,2025-03-10,2025-03-10,842,326.67,False
SHP002345,ORD002345,CAR006,2025-02-07,2025-02-09,2025-02-09,1857,308.51,False
SHP002346,ORD002346,CAR006,2025-01-12,2025-01-15,2025-01-16,744,114.92,False
SHP002347,ORD002347,CAR003,2025-02-06,2025-02-07,2025-02-09,1039,810.06,False
SHP002348,ORD002348,CAR003,2025-03-18,2025-03-24,2025-03-25,1025,478.69,False
SHP002349,ORD002349,CAR004,2025-03-18,2025-03-21,2025-03-20,830,245.36,False
SHP002350,ORD002350,CAR002,2025-01-22,2025-01-28,2025-01-29,231,60.87,False
SHP002351,ORD002351,CAR006,2025-03-09,2025-03-10,2025-03-10,1625,276.34,False
SHP002352,ORD002352,CAR001,2025-03-15,2025-03-21,2025-03-21,958,164.71,False
SHP002353,ORD002353,CAR001,2025-01-20,2025-01-26,2025-01-30,353,104.01,False
SHP002354,ORD002354,CAR003,2025-03-06,2025-03-09,2025-03-09,193,190.67,False
SHP002355,ORD002355,CAR004,2025-02-04,2025-02-09,2025-02-12,2014,247.47,False
SHP002356,ORD002356,CAR001,2025-01-20,2025-01-26,2025-01-27,1615,376.58,False
SHP002357,ORD002357,CAR006,2025-03-24,2025-03-30,2025-03-30,1362,199.58,False
SHP002358,ORD002358,CAR004,2025-03-16,2025-03-21,2025-03-19,1960,255.37,False
SHP002359,ORD002359,CAR002,2025-02-20,2025-02-26,2025-02-26,189,82.55,False
SHP002360,ORD002360,CAR001,2025-03-16,2025-03-22,2025-03-24,2361,379.41,False
SHP002361,ORD002361,CAR003,2025-02-22,2025-02-27,2025-02-28,2225,1088.35,False
SHP002362,ORD002362,CAR005,2025-01-02,2025-01-04,2025-01-03,1401,524.27,False
SHP002363,ORD002363,CAR001,2025-02-13,2025-02-16,2025-02-17,2429,675.85,False
SHP002364,ORD002364,CAR002,2025-01-31,2025-02-06,2025-02-08,2313,306.17,False
SHP002365,ORD002365,CAR002,2025-02-01,2025-02-06,2025-02-05,2195,307.02,False
SHP002366,ORD002366,CAR001,2025-02-05,2025-02-10,2025-02-11,603,103.24,False
SHP002367,ORD002367,CAR003,2025-03-15,2025-03-21,2025-03-20,2170,1083.97,False
SHP002368,ORD002368,CAR004,2025-01-24,2025-01-29,2025-01-30,350,63.86,False
SHP002369,ORD002369,CAR005,2025-01-05,2025-01-07,2025-01-06,160,80.85,False
SHP002370,ORD002370,CAR005,2025-01-24,2025-01-26,2025-01-25,1116,517.07,False
SHP002371,ORD002371,CAR006,2025-02-05,2025-02-07,2025-02-07,1220,271.17,False
SHP002372,ORD002372,CAR005,2025-01-04,2025-01-10,2025-01-12,1764,256.01,False
SHP002373,ORD002373,CAR002,2025-02-18,2025-02-21,2025-02-20,1892,407.89,False
SHP002374,ORD002374,CAR006,2025-03-27,2025-03-29,2025-03-27,2654,460.06,False
SHP002375,ORD002375,CAR005,2025-03-20,2025-03-25,2025-03-26,1133,217.89,False
SHP002376,ORD002376,CAR006,2025-03-23,2025-03-28,2025-03-29,2010,319.94,False
SHP002377,ORD002377,CAR002,2025-02-13,2025-02-15,2025-02-14,1237,241.15,False
SHP002378,ORD002378,CAR004,2025-01-11,2025-01-12,2025-01-12,604,117.71,False
SHP002379,ORD002379,CAR003,2025-01-10,2025-01-12,2025-01-10,1235,687.01,False
SHP002380,ORD002380,CAR002,2025-02-22,2025-02-25,2025-02-26,1800,445.15,False
SHP002381,ORD002381,CAR001,2025-03-30,2025-04-01,2025-03-30,493,110.77,False
SHP002382,ORD002382,CAR003,2025-01-10,2025-01-13,2025-01-14,2389,1229.06,False
SHP002383,ORD002383,CAR002,2025-02-14,2025-02-17,2025-02-15,2002,584.54,False
SHP002384,ORD002384,CAR003,2025-01-08,2025-01-08,2025-01-08,2680,1963.85,False
SHP002385,ORD002385,CAR004,2025-01-17,2025-01-20,2025-01-22,2207,325.2,False
SHP002386,ORD002386,CAR003,2025-02-23,2025-03-01,2025-02-28,1633,693.53,False
SHP002387,ORD002387,CAR003,2025-03-15,2025-03-21,2025-03-22,2184,1243.72,False
SHP002388,ORD002388,CAR006,2025-03-27,2025-04-02,2025-04-01,2099,240.05,False
SHP002389,ORD002389,CAR001,2025-02-14,2025-02-19,2025-02-19,2342,456.23,False
SHP002390,ORD002390,CAR006,2025-03-16,2025-03-22,2025-03-20,149,49.08,False
SHP002391,ORD002391,CAR003,2025-03-24,2025-03-25,2025-03-25,2239,1330.36,False
SHP002392,ORD002392,CAR002,2025-03-03,2025-03-08,2025-03-10,2066,257.55,False
SHP002393,ORD002393,CAR006,2025-03-17,2025-03-22,2025-03-26,2178,277.06,False
SHP002394,ORD002394,CAR004,2025-02-09,2025-02-14,2025-02-15,1493,268.83,False
SHP002395,ORD002395,CAR004,2025-02-21,2025-02-26,2025-02-25,2519,319.86,False
SHP002396,ORD002396,CAR003,2025-03-16,2025-03-21,2025-03-22,612,267.65,False
SHP002397,ORD002397,CAR003,2025-01-29,2025-02-04,2025-02-02,1590,676.79,False
SHP002398,ORD002398,CAR004,2025-03-01,2025-03-04,2025-03-07,1000,159.51,False
SHP002399,ORD002399,CAR003,2025-02-21,2025-02-24,2025-02-24,2662,1680.5,False
SHP002400,ORD002400,CAR004,2025-02-23,2025-02-28,2025-02-27,1849,311.0,False
SHP002401,ORD002401,CAR002,2025-01-21,2025-01-24,2025-01-26,967,278.03,False
SHP002402,ORD002402,CAR005,2025-01-30,2025-02-02,2025-01-31,2462,588.4,False
SHP002403,ORD002403,CAR002,2025-01-03,2025-01-08,2025-01-07,2271,390.65,False
SHP002404,ORD002404,CAR001,2025-01-12,2025-01-17,2025-01-15,1173,207.78,False
SHP002405,ORD002405,CAR006,2025-03-30,2025-04-01,2025-04-01,2641,500.02,False
SHP002406,ORD002406,CAR006,2025-03-31,2025-04-05,2025-04-05,2279,313.23,False
SHP002407,ORD002407,CAR005,2025-01-27,2025-01-30,2025-01-28,2596,634.43,False
SHP002408,ORD002408,CAR005,2025-03-15,2025-03-21,2025-03-22,1989,423.89,False
SHP002409,ORD002409,CAR005,2025-02-17,2025-02-23,2025-02-22,1792,341.68,False
SHP002410,ORD002410,CAR006,2025-01-03,2025-01-08,2025-01-09,220,155.66,False
SHP002411,ORD002411,CAR002,2025-02-09,2025-02-11,2025-02-10,2591,494.27,False
SHP002412,ORD002412,CAR001,2025-01-20,2025-01-22,2025-01-22,1402,304.8,False
SHP002413,ORD002413,CAR005,2025-03-16,2025-03-18,2025-03-18,2513,524.03,False
SHP002414,ORD002414,CAR001,2025-02-06,2025-02-12,2025-02-13,1994,346.32,False
SHP002415,ORD002415,CAR002,2025-01-12,2025-01-18,2025-01-17,757,126.11,False
SHP002416,ORD002416,CAR005,2025-01-27,2025-02-02,2025-02-03,945,317.85,False
SHP002417,ORD002417,CAR004,2025-01-06,2025-01-11,2025-01-08,163,28.09,False
SHP002418,ORD002418,CAR006,2025-02-28,2025-03-02,2025-03-04,879,249.1,False
SHP002419,ORD002419,CAR004,2025-02-26,2025-02-28,2025-03-01,1568,232.29,False
SHP002420,ORD002420,CAR005,2025-02-02,2025-02-04,2025-02-05,1299,287.99,False
SHP002421,ORD002421,CAR005,2025-01-09,2025-01-11,2025-01-12,1858,461.79,False
SHP002422,ORD002422,CAR005,2025-02-09,2025-02-11,2025-02-11,2280,565.78,False
SHP002423,ORD002423,CAR002,2025-03-20,2025-03-22,2025-03-21,1394,299.7,False
SHP002424,ORD002424,CAR002,2025-03-20,2025-03-20,2025-03-20,1291,293.97,False
SHP002425,ORD002425,CAR003,2025-01-23,2025-01-24,2025-01-24,2136,1220.25,False
SHP002426,ORD002426,CAR001,2025-02-10,2025-02-15,2025-02-17,1297,199.8,False
SHP002427,ORD002427,CAR001,2025-03-01,2025-03-06,2025-03-06,1454,274.56,False
SHP002428,ORD002428,CAR006,2025-02-15,2025-02-20,2025-02-21,357,152.2,False
SHP002429,ORD002429,CAR002,2025-03-09,2025-03-14,2025-03-15,1712,267.1,False
SHP002430,ORD002430,CAR005,2025-01-04,2025-01-10,2025-01-09,117,84.55,False
SHP002431,ORD002431,CAR003,2025-02-15,2025-02-18,2025-02-17,441,274.9,False
SHP002432,ORD002432,CAR003,2025-03-23,2025-03-25,2025-03-25,1446,715.16,False
SHP002433,ORD002433,CAR001,2025-01-12,2025-01-17,2025-01-15,2569,518.67,True
SHP002434,ORD002434,CAR005,2025-04-01,2025-04-06,2025-04-06,971,188.15,False
SHP002435,ORD002435,CAR001,2025-01-19,2025-01-24,2025-01-26,2027,330.71,False
SHP002436,ORD002436,CAR001,2025-02-14,2025-02-20,2025-02-19,1661,359.46,False
SHP002437,ORD002437,CAR003,2025-03-26,2025-03-31,2025-04-01,2078,865.23,False
SHP002438,ORD002438,CAR006,2025-03-24,2025-03-30,2025-03-29,609,98.07,False
SHP002439,ORD002439,CAR006,2025-01-25,2025-01-30,2025-01-30,687,122.03,False
SHP002440,ORD002440,CAR005,2025-03-30,2025-04-05,2025-04-05,1654,270.73,False
SHP002441,ORD002441,CAR002,2025-02-15,2025-02-21,2025-02-21,1799,236.16,False
SHP002442,ORD002442,CAR005,2025-02-23,2025-02-25,2025-02-23,2116,444.16,False
SHP002443,ORD002443,CAR004,2025-02-11,2025-02-17,2025-02-19,1431,207.72,False
SHP002444,ORD002444,CAR005,2025-02-28,2025-03-06,2025-03-06,972,223.37,False
SHP002445,ORD002445,CAR002,2025-01-19,2025-01-25,2025-01-24,1259,219.04,False
SHP002446,ORD002446,CAR004,2025-01-25,2025-01-28,2025-01-26,1669,405.3,False
SHP002447,ORD002447,CAR004,2025-02-07,2025-02-12,2025-02-14,1607,247.35,False
SHP002448,ORD002448,CAR004,2025-02-27,2025-02-28,2025-02-28,1654,304.4,False
SHP002449,ORD002449,CAR004,2025-02-09,2025-02-15,2025-02-16,2655,358.0,False
SHP002450,ORD002450,CAR006,2025-02-17,2025-02-23,2025-02-22,1279,159.99,False
SHP002451,ORD002451,CAR002,2025-01-20,2025-01-25,2025-01-24,1668,297.77,False
SHP002452,ORD002452,CAR001,2025-01-10,2025-01-15,2025-01-16,1460,218.41,False
SHP002453,ORD002453,CAR003,2025-01-12,2025-01-18,2025-01-18,2579,1249.62,False
SHP002454,ORD002454,CAR001,2025-01-17,2025-01-20,2025-01-20,671,150.74,False
SHP002455,ORD002455,CAR001,2025-02-06,2025-02-06,2025-02-07,2058,470.11,False
SHP002456,ORD002456,CAR003,2025-03-03,2025-03-09,2025-03-07,254,250.71,False
SHP002457,ORD002457,CAR001,2025-01-29,2025-02-03,2025-02-01,2391,527.21,False
SHP002458,ORD002458,CAR003,2025-03-08,2025-03-11,2025-03-09,1551,869.94,False
SHP002459,ORD002459,CAR002,2025-04-01,2025-04-06,2025-04-06,2636,419.48,False
SHP002460,ORD002460,CAR005,2025-01-16,2025-01-21,2025-01-17,834,275.5,False
SHP002461,ORD002461,CAR004,2025-03-12,2025-03-15,2025-03-17,1877,290.17,False
SHP002462,ORD002462,CAR006,2025-03-05,2025-03-11,2025-03-14,599,199.85,False
SHP002463,ORD002463,CAR006,2025-02-20,2025-02-25,2025-02-25,211,51.93,False
SHP002464,ORD002464,CAR003,2025-03-24,2025-03-26,2025-03-27,1242,685.88,False
SHP002465,ORD002465,CAR005,2025-03-01,2025-03-07,2025-03-08,466,107.29,False
SHP002466,ORD002466,CAR004,2025-02-06,2025-02-08,2025-02-06,2590,331.03,False
SHP002467,ORD002467,CAR006,2025-02-08,2025-02-14,2025-02-13,2329,329.93,False
SHP002468,ORD002468,CAR003,2025-03-03,2025-03-08,2025-03-08,2415,1115.69,False
SHP002469,ORD002469,CAR001,2025-01-30,2025-02-04,2025-02-05,551,158.05,False
SHP002470,ORD002470,CAR001,2025-02-27,2025-03-04,2025-03-04,1348,313.68,False
SHP002471,ORD002471,CAR004,2025-02-09,2025-02-15,2025-02-16,1753,451.13,True
SHP002472,ORD002472,CAR005,2025-02-27,2025-03-05,2025-03-05,703,127.24,False
SHP002473,ORD002473,CAR005,2025-01-28,2025-01-31,2025-02-01,1141,352.96,False
SHP002474,ORD002474,CAR004,2025-01-03,2025-01-03,2025-01-05,2404,502.37,False
SHP002475,ORD002475,CAR002,2025-02-04,2025-02-10,2025-02-10,912,170.94,False
SHP002476,ORD002476,CAR002,2025-03-09,2025-03-11,2025-03-14,1140,175.43,False
SHP002477,ORD002477,CAR006,2025-01-13,2025-01-18,2025-01-18,1611,236.41,False
SHP002478,ORD002478,CAR006,2025-03-16,2025-03-22,2025-03-21,1594,198.19,False
SHP002479,ORD002479,CAR006,2025-01-27,2025-01-27,2025-01-27,796,200.35,False
SHP002480,ORD002480,CAR002,2025-03-15,2025-03-20,2025-03-21,1334,216.32,False
SHP002481,ORD002481,CAR003,2025-03-14,2025-03-19,2025-03-20,603,379.29,False
SHP002482,ORD002482,CAR001,2025-01-15,2025-01-21,2025-01-23,405,62.73,False
SHP002483,ORD002483,CAR005,2025-01-24,2025-01-27,2025-01-27,2466,532.74,False
SHP002484,ORD002484,CAR005,2025-02-19,2025-02-22,2025-02-22,145,76.75,False
SHP002485,ORD002485,CAR005,2025-03-04,2025-03-09,2025-03-10,1016,147.07,False
SHP002486,ORD002486,CAR003,2025-01-25,2025-01-27,2025-01-26,986,623.19,False
SHP002487,ORD002487,CAR006,2025-02-04,2025-02-05,2025-02-05,1888,371.2,False
SHP002488,ORD002488,CAR004,2025-03-30,2025-04-04,2025-04-06,912,123.75,False
SHP002489,ORD002489,CAR001,2025-02-23,2025-02-28,2025-03-02,1475,264.61,False
SHP002490,ORD002490,CAR006,2025-03-03,2025-03-06,2025-03-07,866,170.11,False
SHP002491,ORD002491,CAR004,2025-01-27,2025-02-01,2025-02-03,1506,224.22,False
SHP002492,ORD002492,CAR003,2025-02-20,2025-02-25,2025-02-23,1882,899.78,False
SHP002493,ORD002493,CAR003,2025-02-11,2025-02-13,2025-02-13,2529,1436.16,False
SHP002494,ORD002494,CAR001,2025-01-30,2025-02-02,2025-02-04,1040,324.08,False
SHP002495,ORD002495,CAR002,2025-03-03,2025-03-09,2025-03-10,1720,316.91,False
SHP002496,ORD002496,CAR003,2025-02-18,2025-02-24,2025-02-26,189,132.83,False
SHP002497,ORD002497,CAR001,2025-02-20,2025-02-25,2025-02-27,648,118.73,False
SHP002498,ORD002498,CAR004,2025-02-07,2025-02-08,2025-02-09,1161,297.72,False
SHP002499,ORD002499,CAR004,2025-01-18,2025-01-19,2025-01-19,670,171.61,False
SHP002500,ORD002500,CAR004,2025-01-13,2025-01-18,2025-01-19,2254,344.7,False
